# Blender 5.0.1
# www.blender.org
mtllib mountain_hill.mtl
o mountain_hill
v -150.000000 3.000000 150.000000
v -145.000000 3.000000 150.000000
v -140.000000 3.000000 150.000000
v -135.000000 3.000000 150.000000
v -130.000000 3.000000 150.000000
v -125.000000 3.000000 150.000000
v -120.000000 3.000000 150.000000
v -115.000000 3.000000 150.000000
v -110.000000 3.000000 150.000000
v -105.000000 3.000000 150.000000
v -100.000000 3.000000 150.000000
v -95.000000 3.000000 150.000000
v -90.000000 3.000000 150.000000
v -85.000000 3.000000 150.000000
v -80.000000 3.000000 150.000000
v -75.000000 3.000000 150.000000
v -70.000000 3.000000 150.000000
v -65.000000 3.000000 150.000000
v -60.000000 3.000000 150.000000
v -55.000000 3.000000 150.000000
v -50.000000 3.000000 150.000000
v -45.000000 3.000000 150.000000
v -40.000000 3.000000 150.000000
v -35.000000 3.000000 150.000000
v -30.000000 3.000000 150.000000
v -25.000000 3.000000 150.000000
v -20.000000 3.000000 150.000000
v -15.000000 3.000000 150.000000
v -10.000000 3.000000 150.000000
v -5.000000 3.000000 150.000000
v 0.000000 3.000000 150.000000
v 5.000000 3.000000 150.000000
v 10.000000 3.000000 150.000000
v 15.000000 3.000000 150.000000
v 20.000000 3.000000 150.000000
v 25.000000 3.000000 150.000000
v 30.000000 3.000000 150.000000
v 35.000000 3.000000 150.000000
v 40.000000 3.000000 150.000000
v 45.000000 3.000000 150.000000
v 50.000000 3.000000 150.000000
v 55.000000 3.000000 150.000000
v 60.000000 3.000000 150.000000
v 65.000000 3.000000 150.000000
v 70.000000 3.000000 150.000000
v 75.000000 3.000000 150.000000
v 80.000000 3.000000 150.000000
v 85.000000 3.000000 150.000000
v 90.000000 3.000000 150.000000
v 95.000000 3.000000 150.000000
v 100.000000 3.000000 150.000000
v 105.000000 3.000000 150.000000
v 110.000000 3.000000 150.000000
v 115.000000 3.000000 150.000000
v 120.000000 3.000000 150.000000
v 125.000000 3.000000 150.000000
v 130.000000 3.000000 150.000000
v 135.000000 3.000000 150.000000
v 140.000000 3.000000 150.000000
v 145.000000 3.000000 150.000000
v 150.000000 3.000000 150.000000
v -150.000000 3.000000 145.000000
v -145.000000 3.000000 145.000000
v -140.000000 3.000000 145.000000
v -135.000000 3.000000 145.000000
v -130.000000 3.000000 145.000000
v -125.000000 3.000000 145.000000
v -120.000000 3.000000 145.000000
v -115.000000 3.000000 145.000000
v -110.000000 3.000000 145.000000
v -105.000000 3.000000 145.000000
v -100.000000 3.000000 145.000000
v -95.000000 3.000000 145.000000
v -90.000000 3.000000 145.000000
v -85.000000 3.000000 145.000000
v -80.000000 3.000000 145.000000
v -75.000000 3.041915 145.000000
v -70.000000 3.126047 145.000000
v -65.000000 3.220831 145.000000
v -60.000000 3.307836 145.000000
v -55.000000 3.414684 145.000000
v -50.000000 3.494174 145.000000
v -45.000000 3.570696 145.000000
v -40.000000 3.644648 145.000000
v -35.000000 3.715824 145.000000
v -30.000000 3.729400 145.000000
v -25.000000 3.729562 145.000000
v -20.000000 3.801961 145.000000
v -15.000000 3.862000 145.000000
v -10.000000 3.879812 145.000000
v -5.000000 3.934071 145.000000
v 0.000000 3.996896 145.000000
v 5.000000 4.071150 145.000000
v 10.000000 4.082958 145.000000
v 15.000000 4.087116 145.000000
v 20.000000 3.907322 145.000000
v 25.000000 3.824291 145.000000
v 30.000000 3.712375 145.000000
v 35.000000 3.630926 145.000000
v 40.000000 3.597580 145.000000
v 45.000000 3.549730 145.000000
v 50.000000 3.499860 145.000000
v 55.000000 3.386247 145.000000
v 60.000000 3.302540 145.000000
v 65.000000 3.219258 145.000000
v 70.000000 3.123758 145.000000
v 75.000000 3.040077 145.000000
v 80.000000 3.000000 145.000000
v 85.000000 3.000000 145.000000
v 90.000000 3.000000 145.000000
v 95.000000 3.000000 145.000000
v 100.000000 3.000000 145.000000
v 105.000000 3.000000 145.000000
v 110.000000 3.000000 145.000000
v 115.000000 3.000000 145.000000
v 120.000000 3.000000 145.000000
v 125.000000 3.000000 145.000000
v 130.000000 3.000000 145.000000
v 135.000000 3.000000 145.000000
v 140.000000 3.000000 145.000000
v 145.000000 3.000000 145.000000
v 150.000000 3.000000 145.000000
v -150.000000 3.000000 140.000000
v -145.000000 3.000000 140.000000
v -140.000000 3.000000 140.000000
v -135.000000 3.000000 140.000000
v -130.000000 3.000000 140.000000
v -125.000000 3.000000 140.000000
v -120.000000 3.000000 140.000000
v -115.000000 3.000000 140.000000
v -110.000000 3.000000 140.000000
v -105.000000 3.000000 140.000000
v -100.000000 3.000000 140.000000
v -95.000000 3.000000 140.000000
v -90.000000 3.000000 140.000000
v -85.000000 3.048994 140.000000
v -80.000000 3.232388 140.000000
v -75.000000 3.460491 140.000000
v -70.000000 3.725704 140.000000
v -65.000000 3.967843 140.000000
v -60.000000 4.158532 140.000000
v -55.000000 4.406451 140.000000
v -50.000000 4.523362 140.000000
v -45.000000 4.627365 140.000000
v -40.000000 4.830890 140.000000
v -35.000000 4.919099 140.000000
v -30.000000 4.973977 140.000000
v -25.000000 5.092919 140.000000
v -20.000000 5.259246 140.000000
v -15.000000 5.340643 140.000000
v -10.000000 5.383466 140.000000
v -5.000000 5.452538 140.000000
v 0.000000 5.642492 140.000000
v 5.000000 5.752953 140.000000
v 10.000000 5.844276 140.000000
v 15.000000 5.830563 140.000000
v 20.000000 5.726389 140.000000
v 25.000000 5.409582 140.000000
v 30.000000 5.170370 140.000000
v 35.000000 4.921315 140.000000
v 40.000000 4.821035 140.000000
v 45.000000 4.624599 140.000000
v 50.000000 4.590410 140.000000
v 55.000000 4.400415 140.000000
v 60.000000 4.161898 140.000000
v 65.000000 3.961575 140.000000
v 70.000000 3.733122 140.000000
v 75.000000 3.466045 140.000000
v 80.000000 3.251667 140.000000
v 85.000000 3.059018 140.000000
v 90.000000 3.000000 140.000000
v 95.000000 3.000000 140.000000
v 100.000000 3.000000 140.000000
v 105.000000 3.000000 140.000000
v 110.000000 3.000000 140.000000
v 115.000000 3.000000 140.000000
v 120.000000 3.000000 140.000000
v 125.000000 3.000000 140.000000
v 130.000000 3.000000 140.000000
v 135.000000 3.000000 140.000000
v 140.000000 3.000000 140.000000
v 145.000000 3.000000 140.000000
v 150.000000 3.000000 140.000000
v -150.000000 3.000000 135.000000
v -145.000000 3.000000 135.000000
v -140.000000 3.000000 135.000000
v -135.000000 3.000000 135.000000
v -130.000000 3.000000 135.000000
v -125.000000 3.000000 135.000000
v -120.000000 3.000000 135.000000
v -115.000000 3.000000 135.000000
v -110.000000 3.000000 135.000000
v -105.000000 3.000000 135.000000
v -100.000000 3.000000 135.000000
v -95.000000 3.000000 135.000000
v -90.000000 3.211767 135.000000
v -85.000000 3.528470 135.000000
v -80.000000 3.949093 135.000000
v -75.000000 4.474464 135.000000
v -70.000000 4.913091 135.000000
v -65.000000 5.308687 135.000000
v -60.000000 5.760287 135.000000
v -55.000000 6.131129 135.000000
v -50.000000 6.277616 135.000000
v -45.000000 6.421767 135.000000
v -40.000000 6.490575 135.000000
v -35.000000 6.680321 135.000000
v -30.000000 6.928464 135.000000
v -25.000000 6.956325 135.000000
v -20.000000 7.216543 135.000000
v -15.000000 7.610997 135.000000
v -10.000000 7.850784 135.000000
v -5.000000 7.926771 135.000000
v 0.000000 8.199652 135.000000
v 5.000000 8.396652 135.000000
v 10.000000 8.393393 135.000000
v 15.000000 8.554960 135.000000
v 20.000000 8.482279 135.000000
v 25.000000 7.882658 135.000000
v 30.000000 7.571557 135.000000
v 35.000000 7.027944 135.000000
v 40.000000 6.987349 135.000000
v 45.000000 6.670956 135.000000
v 50.000000 6.589545 135.000000
v 55.000000 6.119722 135.000000
v 60.000000 5.653692 135.000000
v 65.000000 5.339495 135.000000
v 70.000000 5.071105 135.000000
v 75.000000 4.558798 135.000000
v 80.000000 4.062084 135.000000
v 85.000000 3.621762 135.000000
v 90.000000 3.234851 135.000000
v 95.000000 3.000000 135.000000
v 100.000000 3.000000 135.000000
v 105.000000 3.000000 135.000000
v 110.000000 3.000000 135.000000
v 115.000000 3.000000 135.000000
v 120.000000 3.000000 135.000000
v 125.000000 3.000000 135.000000
v 130.000000 3.000000 135.000000
v 135.000000 3.000000 135.000000
v 140.000000 3.000000 135.000000
v 145.000000 3.000000 135.000000
v 150.000000 3.000000 135.000000
v -150.000000 3.000000 130.000000
v -145.000000 3.000000 130.000000
v -140.000000 3.000000 130.000000
v -135.000000 3.000000 130.000000
v -130.000000 3.000000 130.000000
v -125.000000 3.000000 130.000000
v -120.000000 3.000000 130.000000
v -115.000000 3.000000 130.000000
v -110.000000 3.000000 130.000000
v -105.000000 3.000000 130.000000
v -100.000000 3.078351 130.000000
v -95.000000 3.487120 130.000000
v -90.000000 3.965804 130.000000
v -85.000000 4.532347 130.000000
v -80.000000 5.290771 130.000000
v -75.000000 6.066799 130.000000
v -70.000000 6.524475 130.000000
v -65.000000 7.010240 130.000000
v -60.000000 7.565043 130.000000
v -55.000000 8.371111 130.000000
v -50.000000 8.863176 130.000000
v -45.000000 8.779783 130.000000
v -40.000000 8.836903 130.000000
v -35.000000 9.238648 130.000000
v -30.000000 9.647938 130.000000
v -25.000000 9.496958 130.000000
v -20.000000 9.611365 130.000000
v -15.000000 10.296452 130.000000
v -10.000000 11.314428 130.000000
v -5.000000 11.539961 130.000000
v 0.000000 11.992251 130.000000
v 5.000000 12.219406 130.000000
v 10.000000 12.459863 130.000000
v 15.000000 12.527058 130.000000
v 20.000000 12.656281 130.000000
v 25.000000 12.023380 130.000000
v 30.000000 11.142836 130.000000
v 35.000000 10.421745 130.000000
v 40.000000 10.141071 130.000000
v 45.000000 9.923801 130.000000
v 50.000000 9.528913 130.000000
v 55.000000 8.812677 130.000000
v 60.000000 8.238264 130.000000
v 65.000000 7.664838 130.000000
v 70.000000 7.158957 130.000000
v 75.000000 6.226589 130.000000
v 80.000000 5.326179 130.000000
v 85.000000 4.615151 130.000000
v 90.000000 4.047839 130.000000
v 95.000000 3.494982 130.000000
v 100.000000 3.072953 130.000000
v 105.000000 3.000000 130.000000
v 110.000000 3.000000 130.000000
v 115.000000 3.000000 130.000000
v 120.000000 3.000000 130.000000
v 125.000000 3.000000 130.000000
v 130.000000 3.000000 130.000000
v 135.000000 3.000000 130.000000
v 140.000000 3.000000 130.000000
v 145.000000 3.000000 130.000000
v 150.000000 3.000000 130.000000
v -150.000000 3.000000 125.000000
v -145.000000 3.000000 125.000000
v -140.000000 3.000000 125.000000
v -135.000000 3.000000 125.000000
v -130.000000 3.000000 125.000000
v -125.000000 3.000000 125.000000
v -120.000000 3.000000 125.000000
v -115.000000 3.000000 125.000000
v -110.000000 3.000000 125.000000
v -105.000000 3.211905 125.000000
v -100.000000 3.897861 125.000000
v -95.000000 4.665935 125.000000
v -90.000000 5.491297 125.000000
v -85.000000 6.445624 125.000000
v -80.000000 7.526222 125.000000
v -75.000000 8.170116 125.000000
v -70.000000 8.842855 125.000000
v -65.000000 9.433313 125.000000
v -60.000000 10.176739 125.000000
v -55.000000 11.404878 125.000000
v -50.000000 12.329254 125.000000
v -45.000000 12.159348 125.000000
v -40.000000 12.198331 125.000000
v -35.000000 12.884976 125.000000
v -30.000000 12.998732 125.000000
v -25.000000 13.209012 125.000000
v -20.000000 13.633067 125.000000
v -15.000000 14.018379 125.000000
v -10.000000 14.841449 125.000000
v -5.000000 15.303829 125.000000
v 0.000000 16.187828 125.000000
v 5.000000 17.046442 125.000000
v 10.000000 17.131090 125.000000
v 15.000000 17.970419 125.000000
v 20.000000 17.517372 125.000000
v 25.000000 16.887985 125.000000
v 30.000000 16.424583 125.000000
v 35.000000 15.923658 125.000000
v 40.000000 15.451731 125.000000
v 45.000000 14.673048 125.000000
v 50.000000 13.669970 125.000000
v 55.000000 12.478373 125.000000
v 60.000000 11.652082 125.000000
v 65.000000 11.222170 125.000000
v 70.000000 9.653557 125.000000
v 75.000000 8.213400 125.000000
v 80.000000 6.862981 125.000000
v 85.000000 5.952528 125.000000
v 90.000000 5.211745 125.000000
v 95.000000 4.487581 125.000000
v 100.000000 3.801273 125.000000
v 105.000000 3.179386 125.000000
v 110.000000 3.000000 125.000000
v 115.000000 3.000000 125.000000
v 120.000000 3.000000 125.000000
v 125.000000 3.000000 125.000000
v 130.000000 3.000000 125.000000
v 135.000000 3.000000 125.000000
v 140.000000 3.000000 125.000000
v 145.000000 3.000000 125.000000
v 150.000000 3.000000 125.000000
v -150.000000 3.000000 120.000000
v -145.000000 3.000000 120.000000
v -140.000000 3.000000 120.000000
v -135.000000 3.000000 120.000000
v -130.000000 3.000000 120.000000
v -125.000000 3.000000 120.000000
v -120.000000 3.000000 120.000000
v -115.000000 3.000000 120.000000
v -110.000000 3.268113 120.000000
v -105.000000 3.983459 120.000000
v -100.000000 4.953159 120.000000
v -95.000000 6.045283 120.000000
v -90.000000 7.124700 120.000000
v -85.000000 8.084595 120.000000
v -80.000000 8.856709 120.000000
v -75.000000 9.401194 120.000000
v -70.000000 10.481063 120.000000
v -65.000000 11.266077 120.000000
v -60.000000 12.576388 120.000000
v -55.000000 13.741958 120.000000
v -50.000000 13.668877 120.000000
v -45.000000 13.750974 120.000000
v -40.000000 14.518366 120.000000
v -35.000000 14.751402 120.000000
v -30.000000 14.971541 120.000000
v -25.000000 15.190155 120.000000
v -20.000000 15.242700 120.000000
v -15.000000 15.750342 120.000000
v -10.000000 16.139385 120.000000
v -5.000000 16.505741 120.000000
v 0.000000 17.119490 120.000000
v 5.000000 18.289631 120.000000
v 10.000000 19.248524 120.000000
v 15.000000 19.835230 120.000000
v 20.000000 19.946217 120.000000
v 25.000000 19.471455 120.000000
v 30.000000 19.326536 120.000000
v 35.000000 19.345802 120.000000
v 40.000000 18.146461 120.000000
v 45.000000 16.758343 120.000000
v 50.000000 15.876557 120.000000
v 55.000000 15.013389 120.000000
v 60.000000 14.111832 120.000000
v 65.000000 12.876196 120.000000
v 70.000000 11.188965 120.000000
v 75.000000 9.160670 120.000000
v 80.000000 7.774902 120.000000
v 85.000000 6.745918 120.000000
v 90.000000 5.944987 120.000000
v 95.000000 5.209897 120.000000
v 100.000000 4.556827 120.000000
v 105.000000 3.864045 120.000000
v 110.000000 3.244175 120.000000
v 115.000000 3.000000 120.000000
v 120.000000 3.000000 120.000000
v 125.000000 3.000000 120.000000
v 130.000000 3.000000 120.000000
v 135.000000 3.000000 120.000000
v 140.000000 3.000000 120.000000
v 145.000000 3.000000 120.000000
v 150.000000 3.000000 120.000000
v -150.000000 3.000000 115.000000
v -145.000000 3.000000 115.000000
v -140.000000 3.000000 115.000000
v -135.000000 3.000000 115.000000
v -130.000000 3.000000 115.000000
v -125.000000 3.000000 115.000000
v -120.000000 3.000000 115.000000
v -115.000000 3.282574 115.000000
v -110.000000 4.003958 115.000000
v -105.000000 5.010889 115.000000
v -100.000000 6.266303 115.000000
v -95.000000 7.545674 115.000000
v -90.000000 8.688290 115.000000
v -85.000000 9.521162 115.000000
v -80.000000 10.134586 115.000000
v -75.000000 11.565738 115.000000
v -70.000000 12.309546 115.000000
v -65.000000 13.730654 115.000000
v -60.000000 14.787689 115.000000
v -55.000000 15.521022 115.000000
v -50.000000 15.985662 115.000000
v -45.000000 16.249260 115.000000
v -40.000000 17.303156 115.000000
v -35.000000 16.471632 115.000000
v -30.000000 17.412647 115.000000
v -25.000000 17.050529 115.000000
v -20.000000 17.635784 115.000000
v -15.000000 18.847603 115.000000
v -10.000000 19.073900 115.000000
v -5.000000 18.953407 115.000000
v 0.000000 18.493244 115.000000
v 5.000000 19.873323 115.000000
v 10.000000 20.472809 115.000000
v 15.000000 21.505470 115.000000
v 20.000000 21.572243 115.000000
v 25.000000 21.748203 115.000000
v 30.000000 21.545511 115.000000
v 35.000000 20.835125 115.000000
v 40.000000 19.812878 115.000000
v 45.000000 18.699713 115.000000
v 50.000000 17.732504 115.000000
v 55.000000 16.647255 115.000000
v 60.000000 16.051937 115.000000
v 65.000000 14.797899 115.000000
v 70.000000 12.495157 115.000000
v 75.000000 10.735460 115.000000
v 80.000000 8.978278 115.000000
v 85.000000 7.808345 115.000000
v 90.000000 6.859348 115.000000
v 95.000000 6.088346 115.000000
v 100.000000 5.542422 115.000000
v 105.000000 4.734499 115.000000
v 110.000000 3.880069 115.000000
v 115.000000 3.251379 115.000000
v 120.000000 3.000000 115.000000
v 125.000000 3.000000 115.000000
v 130.000000 3.000000 115.000000
v 135.000000 3.000000 115.000000
v 140.000000 3.000000 115.000000
v 145.000000 3.000000 115.000000
v 150.000000 3.000000 115.000000
v -150.000000 3.000000 110.000000
v -145.000000 3.000000 110.000000
v -140.000000 3.000000 110.000000
v -135.000000 3.000000 110.000000
v -130.000000 3.000000 110.000000
v -125.000000 3.000000 110.000000
v -120.000000 3.258303 110.000000
v -115.000000 3.996870 110.000000
v -110.000000 5.022232 110.000000
v -105.000000 6.208956 110.000000
v -100.000000 7.528348 110.000000
v -95.000000 9.109262 110.000000
v -90.000000 9.954493 110.000000
v -85.000000 11.395881 110.000000
v -80.000000 12.166844 110.000000
v -75.000000 13.370305 110.000000
v -70.000000 14.914972 110.000000
v -65.000000 15.876226 110.000000
v -60.000000 16.680092 110.000000
v -55.000000 17.256687 110.000000
v -50.000000 17.815468 110.000000
v -45.000000 19.227123 110.000000
v -40.000000 18.962372 110.000000
v -35.000000 18.101875 110.000000
v -30.000000 19.199251 110.000000
v -25.000000 20.079782 110.000000
v -20.000000 19.756744 110.000000
v -15.000000 20.049950 110.000000
v -10.000000 21.383862 110.000000
v -5.000000 21.275625 110.000000
v 0.000000 20.708876 110.000000
v 5.000000 21.991148 110.000000
v 10.000000 22.101715 110.000000
v 15.000000 23.523235 110.000000
v 20.000000 23.153139 110.000000
v 25.000000 23.564133 110.000000
v 30.000000 23.049992 110.000000
v 35.000000 22.773401 110.000000
v 40.000000 22.153162 110.000000
v 45.000000 20.643675 110.000000
v 50.000000 20.171028 110.000000
v 55.000000 19.036598 110.000000
v 60.000000 18.489016 110.000000
v 65.000000 16.404762 110.000000
v 70.000000 14.361213 110.000000
v 75.000000 12.154693 110.000000
v 80.000000 10.701723 110.000000
v 85.000000 9.388355 110.000000
v 90.000000 7.869220 110.000000
v 95.000000 7.016407 110.000000
v 100.000000 6.420671 110.000000
v 105.000000 5.544933 110.000000
v 110.000000 4.635078 110.000000
v 115.000000 3.891540 110.000000
v 120.000000 3.254050 110.000000
v 125.000000 3.000000 110.000000
v 130.000000 3.000000 110.000000
v 135.000000 3.000000 110.000000
v 140.000000 3.000000 110.000000
v 145.000000 3.000000 110.000000
v 150.000000 3.000000 110.000000
v -150.000000 3.000000 105.000000
v -145.000000 3.000000 105.000000
v -140.000000 3.000000 105.000000
v -135.000000 3.000000 105.000000
v -130.000000 3.000000 105.000000
v -125.000000 3.195671 105.000000
v -120.000000 3.964118 105.000000
v -115.000000 4.873996 105.000000
v -110.000000 6.142716 105.000000
v -105.000000 7.506150 105.000000
v -100.000000 8.902676 105.000000
v -95.000000 10.313730 105.000000
v -90.000000 11.515639 105.000000
v -85.000000 12.872376 105.000000
v -80.000000 14.389077 105.000000
v -75.000000 15.382091 105.000000
v -70.000000 16.655115 105.000000
v -65.000000 17.876146 105.000000
v -60.000000 18.571926 105.000000
v -55.000000 20.527512 105.000000
v -50.000000 20.630653 105.000000
v -45.000000 21.081032 105.000000
v -40.000000 20.783472 105.000000
v -35.000000 20.614328 105.000000
v -30.000000 22.228827 105.000000
v -25.000000 22.322500 105.000000
v -20.000000 21.809633 105.000000
v -15.000000 21.496727 105.000000
v -10.000000 23.253462 105.000000
v -5.000000 25.352139 105.000000
v 0.000000 24.265629 105.000000
v 5.000000 25.080755 105.000000
v 10.000000 24.613314 105.000000
v 15.000000 26.244770 105.000000
v 20.000000 25.829172 105.000000
v 25.000000 25.918425 105.000000
v 30.000000 25.298714 105.000000
v 35.000000 24.968855 105.000000
v 40.000000 24.682890 105.000000
v 45.000000 23.722691 105.000000
v 50.000000 23.209249 105.000000
v 55.000000 21.481743 105.000000
v 60.000000 20.481085 105.000000
v 65.000000 18.305483 105.000000
v 70.000000 15.810383 105.000000
v 75.000000 14.199473 105.000000
v 80.000000 11.744339 105.000000
v 85.000000 10.602581 105.000000
v 90.000000 9.314839 105.000000
v 95.000000 8.339012 105.000000
v 100.000000 7.629301 105.000000
v 105.000000 6.567098 105.000000
v 110.000000 5.517718 105.000000
v 115.000000 4.704996 105.000000
v 120.000000 3.862089 105.000000
v 125.000000 3.174303 105.000000
v 130.000000 3.000000 105.000000
v 135.000000 3.000000 105.000000
v 140.000000 3.000000 105.000000
v 145.000000 3.000000 105.000000
v 150.000000 3.000000 105.000000
v -150.000000 3.000000 100.000000
v -145.000000 3.000000 100.000000
v -140.000000 3.000000 100.000000
v -135.000000 3.000000 100.000000
v -130.000000 3.073185 100.000000
v -125.000000 3.786771 100.000000
v -120.000000 4.706041 100.000000
v -115.000000 5.803264 100.000000
v -110.000000 7.394674 100.000000
v -105.000000 8.795561 100.000000
v -100.000000 10.204028 100.000000
v -95.000000 11.499253 100.000000
v -90.000000 13.009690 100.000000
v -85.000000 14.347679 100.000000
v -80.000000 15.893220 100.000000
v -75.000000 17.222046 100.000000
v -70.000000 18.616283 100.000000
v -65.000000 19.962481 100.000000
v -60.000000 21.212841 100.000000
v -55.000000 21.666725 100.000000
v -50.000000 22.601660 100.000000
v -45.000000 22.882399 100.000000
v -40.000000 23.538071 100.000000
v -35.000000 24.501820 100.000000
v -30.000000 25.944988 100.000000
v -25.000000 25.491165 100.000000
v -20.000000 24.073795 100.000000
v -15.000000 24.512074 100.000000
v -10.000000 25.880116 100.000000
v -5.000000 28.359833 100.000000
v 0.000000 29.225292 100.000000
v 5.000000 28.506788 100.000000
v 10.000000 27.918797 100.000000
v 15.000000 29.154869 100.000000
v 20.000000 29.254650 100.000000
v 25.000000 28.611155 100.000000
v 30.000000 27.621477 100.000000
v 35.000000 27.079266 100.000000
v 40.000000 26.430510 100.000000
v 45.000000 25.607393 100.000000
v 50.000000 25.454096 100.000000
v 55.000000 23.875261 100.000000
v 60.000000 22.614710 100.000000
v 65.000000 20.114212 100.000000
v 70.000000 16.758936 100.000000
v 75.000000 15.103969 100.000000
v 80.000000 12.744350 100.000000
v 85.000000 12.081549 100.000000
v 90.000000 10.311903 100.000000
v 95.000000 9.613321 100.000000
v 100.000000 8.861107 100.000000
v 105.000000 7.832766 100.000000
v 110.000000 6.544886 100.000000
v 115.000000 5.524882 100.000000
v 120.000000 4.611169 100.000000
v 125.000000 3.703067 100.000000
v 130.000000 3.065172 100.000000
v 135.000000 3.000000 100.000000
v 140.000000 3.000000 100.000000
v 145.000000 3.000000 100.000000
v 150.000000 3.000000 100.000000
v -150.000000 3.000000 95.000000
v -145.000000 3.000000 95.000000
v -140.000000 3.000000 95.000000
v -135.000000 3.000000 95.000000
v -130.000000 3.482707 95.000000
v -125.000000 4.537315 95.000000
v -120.000000 5.587543 95.000000
v -115.000000 6.784827 95.000000
v -110.000000 8.405373 95.000000
v -105.000000 9.584793 95.000000
v -100.000000 10.941235 95.000000
v -95.000000 12.502676 95.000000
v -90.000000 13.684460 95.000000
v -85.000000 15.186225 95.000000
v -80.000000 16.617496 95.000000
v -75.000000 18.330111 95.000000
v -70.000000 20.234835 95.000000
v -65.000000 22.032230 95.000000
v -60.000000 23.233139 95.000000
v -55.000000 23.740149 95.000000
v -50.000000 25.087234 95.000000
v -45.000000 25.144302 95.000000
v -40.000000 25.525707 95.000000
v -35.000000 27.105190 95.000000
v -30.000000 28.386229 95.000000
v -25.000000 28.658077 95.000000
v -20.000000 27.802446 95.000000
v -15.000000 27.980679 95.000000
v -10.000000 28.681458 95.000000
v -5.000000 30.494192 95.000000
v 0.000000 31.708355 95.000000
v 5.000000 32.432243 95.000000
v 10.000000 32.539188 95.000000
v 15.000000 32.874207 95.000000
v 20.000000 31.827610 95.000000
v 25.000000 31.427179 95.000000
v 30.000000 31.078888 95.000000
v 35.000000 30.092710 95.000000
v 40.000000 29.614861 95.000000
v 45.000000 28.192978 95.000000
v 50.000000 27.550301 95.000000
v 55.000000 26.679476 95.000000
v 60.000000 24.957457 95.000000
v 65.000000 21.598034 95.000000
v 70.000000 18.109560 95.000000
v 75.000000 16.031054 95.000000
v 80.000000 14.360633 95.000000
v 85.000000 13.216047 95.000000
v 90.000000 11.818182 95.000000
v 95.000000 10.941897 95.000000
v 100.000000 10.149574 95.000000
v 105.000000 9.084379 95.000000
v 110.000000 7.858132 95.000000
v 115.000000 6.584319 95.000000
v 120.000000 5.402366 95.000000
v 125.000000 4.401362 95.000000
v 130.000000 3.435750 95.000000
v 135.000000 3.000000 95.000000
v 140.000000 3.000000 95.000000
v 145.000000 3.000000 95.000000
v 150.000000 3.000000 95.000000
v -150.000000 3.000000 90.000000
v -145.000000 3.000000 90.000000
v -140.000000 3.000000 90.000000
v -135.000000 3.236904 90.000000
v -130.000000 4.027964 90.000000
v -125.000000 5.407878 90.000000
v -120.000000 6.800106 90.000000
v -115.000000 7.966533 90.000000
v -110.000000 9.678057 90.000000
v -105.000000 10.811499 90.000000
v -100.000000 12.420094 90.000000
v -95.000000 13.777822 90.000000
v -90.000000 15.002646 90.000000
v -85.000000 16.335270 90.000000
v -80.000000 18.228949 90.000000
v -75.000000 20.596224 90.000000
v -70.000000 21.910460 90.000000
v -65.000000 23.457489 90.000000
v -60.000000 25.117556 90.000000
v -55.000000 26.639168 90.000000
v -50.000000 27.074387 90.000000
v -45.000000 26.891483 90.000000
v -40.000000 27.204983 90.000000
v -35.000000 28.812571 90.000000
v -30.000000 31.412544 90.000000
v -25.000000 31.570734 90.000000
v -20.000000 32.215034 90.000000
v -15.000000 31.932917 90.000000
v -10.000000 31.286499 90.000000
v -5.000000 33.290131 90.000000
v 0.000000 33.884102 90.000000
v 5.000000 34.924259 90.000000
v 10.000000 35.828922 90.000000
v 15.000000 35.083786 90.000000
v 20.000000 35.277077 90.000000
v 25.000000 34.277748 90.000000
v 30.000000 34.252655 90.000000
v 35.000000 33.007332 90.000000
v 40.000000 32.360977 90.000000
v 45.000000 31.195309 90.000000
v 50.000000 30.740936 90.000000
v 55.000000 28.392319 90.000000
v 60.000000 27.116341 90.000000
v 65.000000 23.841137 90.000000
v 70.000000 20.126436 90.000000
v 75.000000 17.779549 90.000000
v 80.000000 16.095343 90.000000
v 85.000000 15.149340 90.000000
v 90.000000 13.577465 90.000000
v 95.000000 12.234213 90.000000
v 100.000000 11.562884 90.000000
v 105.000000 9.996025 90.000000
v 110.000000 8.500496 90.000000
v 115.000000 7.412389 90.000000
v 120.000000 6.281003 90.000000
v 125.000000 5.116045 90.000000
v 130.000000 3.936883 90.000000
v 135.000000 3.209567 90.000000
v 140.000000 3.000000 90.000000
v 145.000000 3.000000 90.000000
v 150.000000 3.000000 90.000000
v -150.000000 3.000000 85.000000
v -145.000000 3.000000 85.000000
v -140.000000 3.051065 85.000000
v -135.000000 3.587129 85.000000
v -130.000000 4.711713 85.000000
v -125.000000 6.446325 85.000000
v -120.000000 7.947575 85.000000
v -115.000000 9.493601 85.000000
v -110.000000 11.082150 85.000000
v -105.000000 12.975649 85.000000
v -100.000000 14.582678 85.000000
v -95.000000 15.917819 85.000000
v -90.000000 16.642265 85.000000
v -85.000000 18.024019 85.000000
v -80.000000 20.436708 85.000000
v -75.000000 22.115843 85.000000
v -70.000000 23.525234 85.000000
v -65.000000 24.895012 85.000000
v -60.000000 25.778551 85.000000
v -55.000000 27.520123 85.000000
v -50.000000 29.473017 85.000000
v -45.000000 29.239799 85.000000
v -40.000000 28.972633 85.000000
v -35.000000 31.225554 85.000000
v -30.000000 34.059189 85.000000
v -25.000000 35.201302 85.000000
v -20.000000 36.706589 85.000000
v -15.000000 38.084209 85.000000
v -10.000000 37.747868 85.000000
v -5.000000 37.946342 85.000000
v 0.000000 36.903790 85.000000
v 5.000000 36.855934 85.000000
v 10.000000 38.548191 85.000000
v 15.000000 38.373413 85.000000
v 20.000000 37.666290 85.000000
v 25.000000 38.713181 85.000000
v 30.000000 36.979492 85.000000
v 35.000000 36.296494 85.000000
v 40.000000 35.418793 85.000000
v 45.000000 33.778679 85.000000
v 50.000000 33.291267 85.000000
v 55.000000 30.190107 85.000000
v 60.000000 27.652966 85.000000
v 65.000000 26.364956 85.000000
v 70.000000 22.968237 85.000000
v 75.000000 19.951839 85.000000
v 80.000000 17.950163 85.000000
v 85.000000 17.186680 85.000000
v 90.000000 15.672050 85.000000
v 95.000000 14.336387 85.000000
v 100.000000 13.015775 85.000000
v 105.000000 11.217798 85.000000
v 110.000000 9.457931 85.000000
v 115.000000 8.014598 85.000000
v 120.000000 6.839509 85.000000
v 125.000000 5.765049 85.000000
v 130.000000 4.534126 85.000000
v 135.000000 3.549888 85.000000
v 140.000000 3.050229 85.000000
v 145.000000 3.000000 85.000000
v 150.000000 3.000000 85.000000
v -150.000000 3.000000 80.000000
v -145.000000 3.000000 80.000000
v -140.000000 3.216551 80.000000
v -135.000000 3.924329 80.000000
v -130.000000 5.334955 80.000000
v -125.000000 7.700426 80.000000
v -120.000000 9.382406 80.000000
v -115.000000 10.879641 80.000000
v -110.000000 12.654819 80.000000
v -105.000000 14.289673 80.000000
v -100.000000 16.649223 80.000000
v -95.000000 17.767918 80.000000
v -90.000000 19.148930 80.000000
v -85.000000 20.943773 80.000000
v -80.000000 23.436066 80.000000
v -75.000000 25.066681 80.000000
v -70.000000 26.406090 80.000000
v -65.000000 28.668066 80.000000
v -60.000000 28.500256 80.000000
v -55.000000 30.208639 80.000000
v -50.000000 31.577999 80.000000
v -45.000000 31.097675 80.000000
v -40.000000 31.810465 80.000000
v -35.000000 34.732544 80.000000
v -30.000000 37.058201 80.000000
v -25.000000 39.454052 80.000000
v -20.000000 40.658684 80.000000
v -15.000000 42.242207 80.000000
v -10.000000 42.073780 80.000000
v -5.000000 42.876476 80.000000
v 0.000000 42.896969 80.000000
v 5.000000 44.260723 80.000000
v 10.000000 43.014980 80.000000
v 15.000000 42.829926 80.000000
v 20.000000 42.992420 80.000000
v 25.000000 42.018787 80.000000
v 30.000000 40.543541 80.000000
v 35.000000 39.285355 80.000000
v 40.000000 38.802773 80.000000
v 45.000000 37.498180 80.000000
v 50.000000 34.652710 80.000000
v 55.000000 31.017775 80.000000
v 60.000000 28.885981 80.000000
v 65.000000 27.070848 80.000000
v 70.000000 25.279619 80.000000
v 75.000000 21.884058 80.000000
v 80.000000 19.545858 80.000000
v 85.000000 19.018919 80.000000
v 90.000000 17.441322 80.000000
v 95.000000 16.303703 80.000000
v 100.000000 15.047557 80.000000
v 105.000000 12.460484 80.000000
v 110.000000 10.586306 80.000000
v 115.000000 9.184238 80.000000
v 120.000000 7.750292 80.000000
v 125.000000 6.497496 80.000000
v 130.000000 4.933649 80.000000
v 135.000000 3.927137 80.000000
v 140.000000 3.234181 80.000000
v 145.000000 3.000000 80.000000
v 150.000000 3.000000 80.000000
v -150.000000 3.000000 75.000000
v -145.000000 3.037694 75.000000
v -140.000000 3.402257 75.000000
v -135.000000 4.285831 75.000000
v -130.000000 5.758934 75.000000
v -125.000000 8.120007 75.000000
v -120.000000 10.087023 75.000000
v -115.000000 11.902694 75.000000
v -110.000000 13.180137 75.000000
v -105.000000 14.745673 75.000000
v -100.000000 16.527428 75.000000
v -95.000000 18.555401 75.000000
v -90.000000 21.096418 75.000000
v -85.000000 22.876646 75.000000
v -80.000000 24.719034 75.000000
v -75.000000 25.570269 75.000000
v -70.000000 26.807314 75.000000
v -65.000000 29.655624 75.000000
v -60.000000 30.458773 75.000000
v -55.000000 32.691235 75.000000
v -50.000000 31.537291 75.000000
v -45.000000 32.869957 75.000000
v -40.000000 34.022556 75.000000
v -35.000000 38.382481 75.000000
v -30.000000 38.461056 75.000000
v -25.000000 39.615692 75.000000
v -20.000000 42.671421 75.000000
v -15.000000 46.147411 75.000000
v -10.000000 45.486584 75.000000
v -5.000000 46.493561 75.000000
v 0.000000 46.112434 75.000000
v 5.000000 47.096943 75.000000
v 10.000000 47.156860 75.000000
v 15.000000 46.343201 75.000000
v 20.000000 44.871796 75.000000
v 25.000000 43.976063 75.000000
v 30.000000 43.319908 75.000000
v 35.000000 43.029224 75.000000
v 40.000000 42.221886 75.000000
v 45.000000 38.650036 75.000000
v 50.000000 35.748478 75.000000
v 55.000000 31.732756 75.000000
v 60.000000 30.646564 75.000000
v 65.000000 29.614376 75.000000
v 70.000000 27.082426 75.000000
v 75.000000 24.110003 75.000000
v 80.000000 21.912731 75.000000
v 85.000000 20.320700 75.000000
v 90.000000 18.911236 75.000000
v 95.000000 18.004726 75.000000
v 100.000000 16.182404 75.000000
v 105.000000 14.042635 75.000000
v 110.000000 11.909900 75.000000
v 115.000000 9.979103 75.000000
v 120.000000 8.256722 75.000000
v 125.000000 6.968882 75.000000
v 130.000000 5.387917 75.000000
v 135.000000 4.225180 75.000000
v 140.000000 3.445331 75.000000
v 145.000000 3.042344 75.000000
v 150.000000 3.000000 75.000000
v -150.000000 3.000000 70.000000
v -145.000000 3.118854 70.000000
v -140.000000 3.614641 70.000000
v -135.000000 4.661171 70.000000
v -130.000000 6.357024 70.000000
v -125.000000 8.995180 70.000000
v -120.000000 10.661434 70.000000
v -115.000000 13.034669 70.000000
v -110.000000 14.478897 70.000000
v -105.000000 15.950566 70.000000
v -100.000000 17.528748 70.000000
v -95.000000 19.216291 70.000000
v -90.000000 21.366919 70.000000
v -85.000000 23.739864 70.000000
v -80.000000 25.342829 70.000000
v -75.000000 26.257288 70.000000
v -70.000000 27.323797 70.000000
v -65.000000 29.457029 70.000000
v -60.000000 31.334461 70.000000
v -55.000000 34.415710 70.000000
v -50.000000 33.809731 70.000000
v -45.000000 35.528885 70.000000
v -40.000000 39.153435 70.000000
v -35.000000 41.698143 70.000000
v -30.000000 40.750492 70.000000
v -25.000000 42.002342 70.000000
v -20.000000 44.576015 70.000000
v -15.000000 48.226986 70.000000
v -10.000000 49.556450 70.000000
v -5.000000 47.337788 70.000000
v 0.000000 46.995461 70.000000
v 5.000000 47.486084 70.000000
v 10.000000 47.911053 70.000000
v 15.000000 47.967686 70.000000
v 20.000000 48.816349 70.000000
v 25.000000 48.705570 70.000000
v 30.000000 47.897736 70.000000
v 35.000000 47.403343 70.000000
v 40.000000 44.876804 70.000000
v 45.000000 41.033604 70.000000
v 50.000000 39.400841 70.000000
v 55.000000 36.380981 70.000000
v 60.000000 34.730328 70.000000
v 65.000000 32.899559 70.000000
v 70.000000 29.218012 70.000000
v 75.000000 25.872698 70.000000
v 80.000000 23.327312 70.000000
v 85.000000 22.506025 70.000000
v 90.000000 20.613214 70.000000
v 95.000000 20.178459 70.000000
v 100.000000 17.792122 70.000000
v 105.000000 15.475227 70.000000
v 110.000000 13.134168 70.000000
v 115.000000 10.797024 70.000000
v 120.000000 9.038039 70.000000
v 125.000000 7.649883 70.000000
v 130.000000 5.904714 70.000000
v 135.000000 4.582891 70.000000
v 140.000000 3.637092 70.000000
v 145.000000 3.122854 70.000000
v 150.000000 3.000000 70.000000
v -150.000000 3.000000 65.000000
v -145.000000 3.203949 65.000000
v -140.000000 3.880446 65.000000
v -135.000000 5.055028 65.000000
v -130.000000 6.784361 65.000000
v -125.000000 9.401676 65.000000
v -120.000000 11.351254 65.000000
v -115.000000 13.332137 65.000000
v -110.000000 15.763997 65.000000
v -105.000000 17.606661 65.000000
v -100.000000 19.182322 65.000000
v -95.000000 20.596994 65.000000
v -90.000000 22.661190 65.000000
v -85.000000 24.741154 65.000000
v -80.000000 27.454239 65.000000
v -75.000000 28.369762 65.000000
v -70.000000 29.634140 65.000000
v -65.000000 31.245377 65.000000
v -60.000000 34.156712 65.000000
v -55.000000 36.634235 65.000000
v -50.000000 38.713375 65.000000
v -45.000000 39.611031 65.000000
v -40.000000 44.381836 65.000000
v -35.000000 44.082939 65.000000
v -30.000000 43.784821 65.000000
v -25.000000 44.099293 65.000000
v -20.000000 46.164818 65.000000
v -15.000000 50.812008 65.000000
v -10.000000 53.935966 65.000000
v -5.000000 52.222965 65.000000
v 0.000000 49.712990 65.000000
v 5.000000 48.561134 65.000000
v 10.000000 50.201405 65.000000
v 15.000000 51.787151 65.000000
v 20.000000 53.133148 65.000000
v 25.000000 50.853191 65.000000
v 30.000000 50.531887 65.000000
v 35.000000 48.964317 65.000000
v 40.000000 47.150822 65.000000
v 45.000000 42.782852 65.000000
v 50.000000 41.286049 65.000000
v 55.000000 40.132580 65.000000
v 60.000000 37.983021 65.000000
v 65.000000 34.571434 65.000000
v 70.000000 31.467096 65.000000
v 75.000000 28.016277 65.000000
v 80.000000 25.495068 65.000000
v 85.000000 24.874495 65.000000
v 90.000000 23.104570 65.000000
v 95.000000 22.721304 65.000000
v 100.000000 19.566059 65.000000
v 105.000000 17.101978 65.000000
v 110.000000 14.734601 65.000000
v 115.000000 12.046924 65.000000
v 120.000000 10.032509 65.000000
v 125.000000 8.564794 65.000000
v 130.000000 6.492100 65.000000
v 135.000000 5.011188 65.000000
v 140.000000 3.836556 65.000000
v 145.000000 3.210777 65.000000
v 150.000000 3.000000 65.000000
v -150.000000 3.000000 60.000000
v -145.000000 3.299137 60.000000
v -140.000000 4.096856 60.000000
v -135.000000 5.403920 60.000000
v -130.000000 7.304368 60.000000
v -125.000000 10.187746 60.000000
v -120.000000 11.662111 60.000000
v -115.000000 13.506842 60.000000
v -110.000000 16.010239 60.000000
v -105.000000 18.356163 60.000000
v -100.000000 21.070406 60.000000
v -95.000000 21.912689 60.000000
v -90.000000 24.104681 60.000000
v -85.000000 27.829700 60.000000
v -80.000000 30.516020 60.000000
v -75.000000 31.872131 60.000000
v -70.000000 32.428532 60.000000
v -65.000000 35.044659 60.000000
v -60.000000 37.048794 60.000000
v -55.000000 41.140430 60.000000
v -50.000000 42.849590 60.000000
v -45.000000 46.212109 60.000000
v -40.000000 47.398949 60.000000
v -35.000000 49.059216 60.000000
v -30.000000 50.195953 60.000000
v -25.000000 49.972710 60.000000
v -20.000000 50.780884 60.000000
v -15.000000 52.592289 60.000000
v -10.000000 55.595798 60.000000
v -5.000000 57.068951 60.000000
v 0.000000 54.561825 60.000000
v 5.000000 52.016689 60.000000
v 10.000000 50.978050 60.000000
v 15.000000 55.217499 60.000000
v 20.000000 56.035084 60.000000
v 25.000000 53.869614 60.000000
v 30.000000 52.972885 60.000000
v 35.000000 51.871552 60.000000
v 40.000000 49.791874 60.000000
v 45.000000 46.690876 60.000000
v 50.000000 44.732601 60.000000
v 55.000000 42.986240 60.000000
v 60.000000 39.906876 60.000000
v 65.000000 37.295944 60.000000
v 70.000000 34.961182 60.000000
v 75.000000 31.707535 60.000000
v 80.000000 29.248678 60.000000
v 85.000000 27.314613 60.000000
v 90.000000 26.479790 60.000000
v 95.000000 25.219137 60.000000
v 100.000000 21.477844 60.000000
v 105.000000 17.974098 60.000000
v 110.000000 16.367531 60.000000
v 115.000000 14.355781 60.000000
v 120.000000 11.709114 60.000000
v 125.000000 9.754141 60.000000
v 130.000000 7.209157 60.000000
v 135.000000 5.468817 60.000000
v 140.000000 4.103424 60.000000
v 145.000000 3.307875 60.000000
v 150.000000 3.000000 60.000000
v -150.000000 3.000000 55.000000
v -145.000000 3.425267 55.000000
v -140.000000 4.345967 55.000000
v -135.000000 5.814057 55.000000
v -130.000000 7.818870 55.000000
v -125.000000 10.544613 55.000000
v -120.000000 12.393082 55.000000
v -115.000000 13.698002 55.000000
v -110.000000 16.070004 55.000000
v -105.000000 18.646530 55.000000
v -100.000000 22.398363 55.000000
v -95.000000 23.929560 55.000000
v -90.000000 26.966433 55.000000
v -85.000000 30.101624 55.000000
v -80.000000 31.041967 55.000000
v -75.000000 34.802238 55.000000
v -70.000000 34.309814 55.000000
v -65.000000 37.835213 55.000000
v -60.000000 41.641174 55.000000
v -55.000000 45.614101 55.000000
v -50.000000 48.318840 55.000000
v -45.000000 49.277649 55.000000
v -40.000000 53.085388 55.000000
v -35.000000 53.169163 55.000000
v -30.000000 55.896305 55.000000
v -25.000000 58.105789 55.000000
v -20.000000 57.779110 55.000000
v -15.000000 57.056553 55.000000
v -10.000000 59.199398 55.000000
v -5.000000 63.187702 55.000000
v 0.000000 59.872604 55.000000
v 5.000000 55.800259 55.000000
v 10.000000 53.794342 55.000000
v 15.000000 55.510323 55.000000
v 20.000000 59.532413 55.000000
v 25.000000 59.337105 55.000000
v 30.000000 56.167542 55.000000
v 35.000000 57.150833 55.000000
v 40.000000 54.224693 55.000000
v 45.000000 51.853607 55.000000
v 50.000000 48.817032 55.000000
v 55.000000 46.744450 55.000000
v 60.000000 44.194775 55.000000
v 65.000000 41.504604 55.000000
v 70.000000 37.752979 55.000000
v 75.000000 36.470558 55.000000
v 80.000000 33.069801 55.000000
v 85.000000 30.451464 55.000000
v 90.000000 28.207500 55.000000
v 95.000000 26.858496 55.000000
v 100.000000 23.832394 55.000000
v 105.000000 19.987753 55.000000
v 110.000000 17.640030 55.000000
v 115.000000 15.997873 55.000000
v 120.000000 13.662529 55.000000
v 125.000000 11.090023 55.000000
v 130.000000 7.953973 55.000000
v 135.000000 5.840424 55.000000
v 140.000000 4.381801 55.000000
v 145.000000 3.433194 55.000000
v 150.000000 3.000000 55.000000
v -150.000000 3.000000 50.000000
v -145.000000 3.517153 50.000000
v -140.000000 4.531318 50.000000
v -135.000000 6.146839 50.000000
v -130.000000 8.226734 50.000000
v -125.000000 10.801329 50.000000
v -120.000000 12.767669 50.000000
v -115.000000 14.143845 50.000000
v -110.000000 16.364689 50.000000
v -105.000000 19.260824 50.000000
v -100.000000 23.066057 50.000000
v -95.000000 25.840284 50.000000
v -90.000000 28.577478 50.000000
v -85.000000 29.361431 50.000000
v -80.000000 30.269020 50.000000
v -75.000000 33.714279 50.000000
v -70.000000 38.217419 50.000000
v -65.000000 40.140087 50.000000
v -60.000000 42.954998 50.000000
v -55.000000 45.366638 50.000000
v -50.000000 50.086868 50.000000
v -45.000000 55.203548 50.000000
v -40.000000 55.371319 50.000000
v -35.000000 56.286774 50.000000
v -30.000000 57.695217 50.000000
v -25.000000 59.983067 50.000000
v -20.000000 64.548477 50.000000
v -15.000000 64.956909 50.000000
v -10.000000 66.200165 50.000000
v -5.000000 68.620926 50.000000
v 0.000000 65.309052 50.000000
v 5.000000 61.345802 50.000000
v 10.000000 58.511051 50.000000
v 15.000000 58.837902 50.000000
v 20.000000 61.339516 50.000000
v 25.000000 61.427494 50.000000
v 30.000000 59.604893 50.000000
v 35.000000 59.470963 50.000000
v 40.000000 54.881817 50.000000
v 45.000000 54.096363 50.000000
v 50.000000 50.907013 50.000000
v 55.000000 50.144550 50.000000
v 60.000000 46.852921 50.000000
v 65.000000 43.905350 50.000000
v 70.000000 41.442120 50.000000
v 75.000000 39.130161 50.000000
v 80.000000 34.764027 50.000000
v 85.000000 31.818766 50.000000
v 90.000000 28.411732 50.000000
v 95.000000 27.104975 50.000000
v 100.000000 24.796749 50.000000
v 105.000000 21.631611 50.000000
v 110.000000 18.837280 50.000000
v 115.000000 16.813053 50.000000
v 120.000000 14.606906 50.000000
v 125.000000 12.706151 50.000000
v 130.000000 9.048193 50.000000
v 135.000000 6.378255 50.000000
v 140.000000 4.636052 50.000000
v 145.000000 3.543007 50.000000
v 150.000000 3.000000 50.000000
v -150.000000 3.000000 45.000000
v -145.000000 3.611016 45.000000
v -140.000000 4.726349 45.000000
v -135.000000 6.414856 45.000000
v -130.000000 8.666271 45.000000
v -125.000000 11.418972 45.000000
v -120.000000 13.515914 45.000000
v -115.000000 14.813340 45.000000
v -110.000000 17.401167 45.000000
v -105.000000 20.156446 45.000000
v -100.000000 24.028307 45.000000
v -95.000000 27.398359 45.000000
v -90.000000 30.441273 45.000000
v -85.000000 31.394045 45.000000
v -80.000000 31.462957 45.000000
v -75.000000 34.825737 45.000000
v -70.000000 38.660324 45.000000
v -65.000000 40.866100 45.000000
v -60.000000 42.453060 45.000000
v -55.000000 46.901398 45.000000
v -50.000000 51.875443 45.000000
v -45.000000 55.588432 45.000000
v -40.000000 58.314026 45.000000
v -35.000000 60.002575 45.000000
v -30.000000 60.607525 45.000000
v -25.000000 62.702717 45.000000
v -20.000000 68.271286 45.000000
v -15.000000 71.846199 45.000000
v -10.000000 72.119736 45.000000
v -5.000000 71.846741 45.000000
v 0.000000 69.915375 45.000000
v 5.000000 69.422623 45.000000
v 10.000000 67.263535 45.000000
v 15.000000 68.786118 45.000000
v 20.000000 66.212769 45.000000
v 25.000000 65.169647 45.000000
v 30.000000 64.109154 45.000000
v 35.000000 61.958927 45.000000
v 40.000000 59.102512 45.000000
v 45.000000 54.139011 45.000000
v 50.000000 51.837795 45.000000
v 55.000000 49.746048 45.000000
v 60.000000 48.796867 45.000000
v 65.000000 48.692112 45.000000
v 70.000000 44.331844 45.000000
v 75.000000 40.119320 45.000000
v 80.000000 35.425793 45.000000
v 85.000000 32.255825 45.000000
v 90.000000 28.401165 45.000000
v 95.000000 25.930254 45.000000
v 100.000000 25.297846 45.000000
v 105.000000 22.629536 45.000000
v 110.000000 19.954576 45.000000
v 115.000000 17.246471 45.000000
v 120.000000 15.299945 45.000000
v 125.000000 13.400493 45.000000
v 130.000000 9.487246 45.000000
v 135.000000 6.821709 45.000000
v 140.000000 4.912101 45.000000
v 145.000000 3.694887 45.000000
v 150.000000 3.000000 45.000000
v -150.000000 3.000000 40.000000
v -145.000000 3.705705 40.000000
v -140.000000 4.938978 40.000000
v -135.000000 6.778216 40.000000
v -130.000000 9.160112 40.000000
v -125.000000 12.261656 40.000000
v -120.000000 13.755672 40.000000
v -115.000000 15.693007 40.000000
v -110.000000 18.499218 40.000000
v -105.000000 21.362263 40.000000
v -100.000000 24.943407 40.000000
v -95.000000 28.934649 40.000000
v -90.000000 31.229530 40.000000
v -85.000000 31.884253 40.000000
v -80.000000 33.519981 40.000000
v -75.000000 35.517719 40.000000
v -70.000000 39.174919 40.000000
v -65.000000 40.339966 40.000000
v -60.000000 43.220509 40.000000
v -55.000000 48.677605 40.000000
v -50.000000 52.775429 40.000000
v -45.000000 56.986137 40.000000
v -40.000000 57.402424 40.000000
v -35.000000 61.308392 40.000000
v -30.000000 62.069012 40.000000
v -25.000000 64.512329 40.000000
v -20.000000 67.458656 40.000000
v -15.000000 68.280167 40.000000
v -10.000000 72.085976 40.000000
v -5.000000 73.653252 40.000000
v 0.000000 72.486664 40.000000
v 5.000000 73.497017 40.000000
v 10.000000 71.676498 40.000000
v 15.000000 71.367401 40.000000
v 20.000000 67.996674 40.000000
v 25.000000 68.872986 40.000000
v 30.000000 67.505043 40.000000
v 35.000000 64.078629 40.000000
v 40.000000 59.486099 40.000000
v 45.000000 54.392887 40.000000
v 50.000000 51.460724 40.000000
v 55.000000 51.499588 40.000000
v 60.000000 50.930054 40.000000
v 65.000000 47.925072 40.000000
v 70.000000 46.697498 40.000000
v 75.000000 40.103062 40.000000
v 80.000000 35.895012 40.000000
v 85.000000 32.256912 40.000000
v 90.000000 28.274193 40.000000
v 95.000000 26.029055 40.000000
v 100.000000 23.944729 40.000000
v 105.000000 22.952980 40.000000
v 110.000000 21.627281 40.000000
v 115.000000 17.816303 40.000000
v 120.000000 15.704152 40.000000
v 125.000000 13.872330 40.000000
v 130.000000 10.165366 40.000000
v 135.000000 7.259093 40.000000
v 140.000000 5.169831 40.000000
v 145.000000 3.818563 40.000000
v 150.000000 3.000000 40.000000
v -150.000000 3.000000 35.000000
v -145.000000 3.797014 35.000000
v -140.000000 5.259672 35.000000
v -135.000000 7.216861 35.000000
v -130.000000 9.746326 35.000000
v -125.000000 13.279121 35.000000
v -120.000000 15.319640 35.000000
v -115.000000 17.794380 35.000000
v -110.000000 20.105967 35.000000
v -105.000000 22.204807 35.000000
v -100.000000 26.346605 35.000000
v -95.000000 28.630867 35.000000
v -90.000000 31.116253 35.000000
v -85.000000 34.112068 35.000000
v -80.000000 35.210426 35.000000
v -75.000000 37.956268 35.000000
v -70.000000 39.377491 35.000000
v -65.000000 41.063267 35.000000
v -60.000000 44.230728 35.000000
v -55.000000 48.942818 35.000000
v -50.000000 52.258942 35.000000
v -45.000000 57.052536 35.000000
v -40.000000 60.434914 35.000000
v -35.000000 63.896896 35.000000
v -30.000000 65.860931 35.000000
v -25.000000 67.049248 35.000000
v -20.000000 70.424065 35.000000
v -15.000000 70.108353 35.000000
v -10.000000 72.958542 35.000000
v -5.000000 74.213051 35.000000
v 0.000000 74.145500 35.000000
v 5.000000 72.622711 35.000000
v 10.000000 70.239189 35.000000
v 15.000000 71.595604 35.000000
v 20.000000 73.297768 35.000000
v 25.000000 70.965462 35.000000
v 30.000000 71.635757 35.000000
v 35.000000 63.194515 35.000000
v 40.000000 60.472546 35.000000
v 45.000000 59.626587 35.000000
v 50.000000 55.115761 35.000000
v 55.000000 54.078339 35.000000
v 60.000000 52.581692 35.000000
v 65.000000 47.641117 35.000000
v 70.000000 45.205177 35.000000
v 75.000000 41.086151 35.000000
v 80.000000 35.628384 35.000000
v 85.000000 32.072197 35.000000
v 90.000000 30.199675 35.000000
v 95.000000 26.959677 35.000000
v 100.000000 24.097328 35.000000
v 105.000000 22.011200 35.000000
v 110.000000 21.822414 35.000000
v 115.000000 19.077240 35.000000
v 120.000000 16.646030 35.000000
v 125.000000 14.933574 35.000000
v 130.000000 10.624944 35.000000
v 135.000000 7.733208 35.000000
v 140.000000 5.496770 35.000000
v 145.000000 3.873211 35.000000
v 150.000000 3.000000 35.000000
v -150.000000 3.000000 30.000000
v -145.000000 3.887538 30.000000
v -140.000000 5.418004 30.000000
v -135.000000 7.468855 30.000000
v -130.000000 10.325905 30.000000
v -125.000000 13.967508 30.000000
v -120.000000 15.720807 30.000000
v -115.000000 18.038330 30.000000
v -110.000000 21.342550 30.000000
v -105.000000 24.225588 30.000000
v -100.000000 25.431135 30.000000
v -95.000000 27.726652 30.000000
v -90.000000 30.064417 30.000000
v -85.000000 32.622265 30.000000
v -80.000000 36.647736 30.000000
v -75.000000 38.028183 30.000000
v -70.000000 39.841869 30.000000
v -65.000000 42.278103 30.000000
v -60.000000 45.572540 30.000000
v -55.000000 50.335812 30.000000
v -50.000000 53.612686 30.000000
v -45.000000 57.174469 30.000000
v -40.000000 60.215954 30.000000
v -35.000000 64.111374 30.000000
v -30.000000 66.113960 30.000000
v -25.000000 65.520020 30.000000
v -20.000000 68.975403 30.000000
v -15.000000 72.777863 30.000000
v -10.000000 72.633751 30.000000
v -5.000000 73.194458 30.000000
v 0.000000 72.823578 30.000000
v 5.000000 71.483932 30.000000
v 10.000000 69.537315 30.000000
v 15.000000 70.958862 30.000000
v 20.000000 72.031006 30.000000
v 25.000000 71.007416 30.000000
v 30.000000 73.205727 30.000000
v 35.000000 67.053741 30.000000
v 40.000000 63.153687 30.000000
v 45.000000 59.353962 30.000000
v 50.000000 55.060711 30.000000
v 55.000000 53.664284 30.000000
v 60.000000 50.943871 30.000000
v 65.000000 49.354992 30.000000
v 70.000000 46.155064 30.000000
v 75.000000 39.976528 30.000000
v 80.000000 35.228073 30.000000
v 85.000000 31.747122 30.000000
v 90.000000 29.383808 30.000000
v 95.000000 28.013617 30.000000
v 100.000000 25.568663 30.000000
v 105.000000 22.013557 30.000000
v 110.000000 21.269484 30.000000
v 115.000000 19.818920 30.000000
v 120.000000 17.112221 30.000000
v 125.000000 14.726356 30.000000
v 130.000000 10.697155 30.000000
v 135.000000 7.815870 30.000000
v 140.000000 5.523422 30.000000
v 145.000000 3.877251 30.000000
v 150.000000 3.000000 30.000000
v -150.000000 3.000000 25.000000
v -145.000000 3.874681 25.000000
v -140.000000 5.524857 25.000000
v -135.000000 7.824329 25.000000
v -130.000000 10.711365 25.000000
v -125.000000 14.413706 25.000000
v -120.000000 16.182896 25.000000
v -115.000000 18.328667 25.000000
v -110.000000 21.330498 25.000000
v -105.000000 23.001804 25.000000
v -100.000000 23.917799 25.000000
v -95.000000 25.717634 25.000000
v -90.000000 29.055580 25.000000
v -85.000000 32.816246 25.000000
v -80.000000 35.285675 25.000000
v -75.000000 39.484509 25.000000
v -70.000000 41.365116 25.000000
v -65.000000 43.518116 25.000000
v -60.000000 47.298878 25.000000
v -55.000000 50.658703 25.000000
v -50.000000 52.541363 25.000000
v -45.000000 55.659748 25.000000
v -40.000000 60.169300 25.000000
v -35.000000 59.853985 25.000000
v -30.000000 62.474289 25.000000
v -25.000000 65.315720 25.000000
v -20.000000 68.895729 25.000000
v -15.000000 70.384682 25.000000
v -10.000000 73.822510 25.000000
v -5.000000 73.512100 25.000000
v 0.000000 73.640144 25.000000
v 5.000000 69.951408 25.000000
v 10.000000 69.670067 25.000000
v 15.000000 70.644852 25.000000
v 20.000000 73.150452 25.000000
v 25.000000 73.716873 25.000000
v 30.000000 73.681961 25.000000
v 35.000000 69.688469 25.000000
v 40.000000 65.612030 25.000000
v 45.000000 61.170490 25.000000
v 50.000000 55.169167 25.000000
v 55.000000 53.279133 25.000000
v 60.000000 51.167477 25.000000
v 65.000000 48.448708 25.000000
v 70.000000 44.870628 25.000000
v 75.000000 39.145096 25.000000
v 80.000000 35.174358 25.000000
v 85.000000 33.700043 25.000000
v 90.000000 31.925526 25.000000
v 95.000000 28.718658 25.000000
v 100.000000 26.046539 25.000000
v 105.000000 22.836117 25.000000
v 110.000000 21.131512 25.000000
v 115.000000 19.359751 25.000000
v 120.000000 16.766979 25.000000
v 125.000000 14.554986 25.000000
v 130.000000 10.533281 25.000000
v 135.000000 7.759667 25.000000
v 140.000000 5.398778 25.000000
v 145.000000 3.911242 25.000000
v 150.000000 3.000000 25.000000
v -150.000000 3.000000 20.000000
v -145.000000 3.902299 20.000000
v -140.000000 5.576559 20.000000
v -135.000000 7.773133 20.000000
v -130.000000 10.718616 20.000000
v -125.000000 14.391006 20.000000
v -120.000000 16.530611 20.000000
v -115.000000 18.387613 20.000000
v -110.000000 20.251173 20.000000
v -105.000000 20.866093 20.000000
v -100.000000 22.494097 20.000000
v -95.000000 24.926273 20.000000
v -90.000000 28.255449 20.000000
v -85.000000 32.010559 20.000000
v -80.000000 35.359474 20.000000
v -75.000000 40.328220 20.000000
v -70.000000 43.661831 20.000000
v -65.000000 46.934044 20.000000
v -60.000000 47.786762 20.000000
v -55.000000 50.504894 20.000000
v -50.000000 53.473114 20.000000
v -45.000000 55.197327 20.000000
v -40.000000 58.107082 20.000000
v -35.000000 57.583450 20.000000
v -30.000000 63.238556 20.000000
v -25.000000 64.781136 20.000000
v -20.000000 66.528137 20.000000
v -15.000000 71.053093 20.000000
v -10.000000 74.798668 20.000000
v -5.000000 76.667336 20.000000
v 0.000000 74.261337 20.000000
v 5.000000 71.258064 20.000000
v 10.000000 69.312111 20.000000
v 15.000000 70.987000 20.000000
v 20.000000 74.381668 20.000000
v 25.000000 76.979202 20.000000
v 30.000000 74.680527 20.000000
v 35.000000 69.707962 20.000000
v 40.000000 65.331345 20.000000
v 45.000000 61.200729 20.000000
v 50.000000 58.474842 20.000000
v 55.000000 55.938541 20.000000
v 60.000000 52.187504 20.000000
v 65.000000 48.278458 20.000000
v 70.000000 43.971806 20.000000
v 75.000000 41.189632 20.000000
v 80.000000 36.549156 20.000000
v 85.000000 34.996323 20.000000
v 90.000000 33.415417 20.000000
v 95.000000 29.892448 20.000000
v 100.000000 26.247042 20.000000
v 105.000000 23.384129 20.000000
v 110.000000 20.553436 20.000000
v 115.000000 17.438587 20.000000
v 120.000000 15.661621 20.000000
v 125.000000 14.533480 20.000000
v 130.000000 10.640887 20.000000
v 135.000000 7.419808 20.000000
v 140.000000 5.431335 20.000000
v 145.000000 3.950193 20.000000
v 150.000000 3.000000 20.000000
v -150.000000 3.000000 15.000000
v -145.000000 3.923599 15.000000
v -140.000000 5.557520 15.000000
v -135.000000 7.550026 15.000000
v -130.000000 10.303572 15.000000
v -125.000000 14.371829 15.000000
v -120.000000 16.513065 15.000000
v -115.000000 18.704189 15.000000
v -110.000000 19.954670 15.000000
v -105.000000 20.725122 15.000000
v -100.000000 22.154999 15.000000
v -95.000000 24.658480 15.000000
v -90.000000 27.783010 15.000000
v -85.000000 32.427513 15.000000
v -80.000000 36.985611 15.000000
v -75.000000 39.662708 15.000000
v -70.000000 40.400471 15.000000
v -65.000000 44.791134 15.000000
v -60.000000 48.789261 15.000000
v -55.000000 51.232479 15.000000
v -50.000000 52.766571 15.000000
v -45.000000 57.172348 15.000000
v -40.000000 55.719246 15.000000
v -35.000000 57.105122 15.000000
v -30.000000 59.363411 15.000000
v -25.000000 63.625656 15.000000
v -20.000000 64.949890 15.000000
v -15.000000 69.168297 15.000000
v -10.000000 73.335899 15.000000
v -5.000000 77.801758 15.000000
v 0.000000 78.544395 15.000000
v 5.000000 75.407066 15.000000
v 10.000000 72.043663 15.000000
v 15.000000 74.224098 15.000000
v 20.000000 75.172089 15.000000
v 25.000000 75.603889 15.000000
v 30.000000 74.145958 15.000000
v 35.000000 68.980156 15.000000
v 40.000000 65.616928 15.000000
v 45.000000 63.602139 15.000000
v 50.000000 61.906616 15.000000
v 55.000000 58.579063 15.000000
v 60.000000 53.880821 15.000000
v 65.000000 49.099697 15.000000
v 70.000000 44.768291 15.000000
v 75.000000 43.600327 15.000000
v 80.000000 38.646679 15.000000
v 85.000000 34.596951 15.000000
v 90.000000 31.336988 15.000000
v 95.000000 29.484455 15.000000
v 100.000000 24.756250 15.000000
v 105.000000 21.758846 15.000000
v 110.000000 19.437889 15.000000
v 115.000000 17.059774 15.000000
v 120.000000 14.924240 15.000000
v 125.000000 13.094875 15.000000
v 130.000000 10.004378 15.000000
v 135.000000 7.225976 15.000000
v 140.000000 5.367655 15.000000
v 145.000000 3.962070 15.000000
v 150.000000 3.000000 15.000000
v -150.000000 3.000000 10.000000
v -145.000000 3.937927 10.000000
v -140.000000 5.455885 10.000000
v -135.000000 7.430065 10.000000
v -130.000000 10.455219 10.000000
v -125.000000 14.481155 10.000000
v -120.000000 16.487423 10.000000
v -115.000000 18.184113 10.000000
v -110.000000 20.139065 10.000000
v -105.000000 21.982347 10.000000
v -100.000000 23.353958 10.000000
v -95.000000 26.364429 10.000000
v -90.000000 28.453211 10.000000
v -85.000000 31.703428 10.000000
v -80.000000 34.926910 10.000000
v -75.000000 37.096748 10.000000
v -70.000000 37.013840 10.000000
v -65.000000 40.606441 10.000000
v -60.000000 47.346916 10.000000
v -55.000000 55.378021 10.000000
v -50.000000 57.618958 10.000000
v -45.000000 56.087250 10.000000
v -40.000000 58.040131 10.000000
v -35.000000 57.828358 10.000000
v -30.000000 61.693321 10.000000
v -25.000000 65.601814 10.000000
v -20.000000 67.462296 10.000000
v -15.000000 70.419144 10.000000
v -10.000000 75.181099 10.000000
v -5.000000 83.425522 10.000000
v 0.000000 83.197586 10.000000
v 5.000000 78.896111 10.000000
v 10.000000 73.943596 10.000000
v 15.000000 75.792671 10.000000
v 20.000000 79.594025 10.000000
v 25.000000 78.496429 10.000000
v 30.000000 74.318314 10.000000
v 35.000000 70.026581 10.000000
v 40.000000 70.689705 10.000000
v 45.000000 68.728348 10.000000
v 50.000000 67.129280 10.000000
v 55.000000 63.534435 10.000000
v 60.000000 59.924858 10.000000
v 65.000000 53.972202 10.000000
v 70.000000 47.681774 10.000000
v 75.000000 43.900803 10.000000
v 80.000000 36.918255 10.000000
v 85.000000 33.609493 10.000000
v 90.000000 30.563211 10.000000
v 95.000000 28.155716 10.000000
v 100.000000 25.007814 10.000000
v 105.000000 22.123323 10.000000
v 110.000000 20.411053 10.000000
v 115.000000 17.126579 10.000000
v 120.000000 15.070498 10.000000
v 125.000000 12.880356 10.000000
v 130.000000 9.889971 10.000000
v 135.000000 7.286269 10.000000
v 140.000000 5.402053 10.000000
v 145.000000 3.950819 10.000000
v 150.000000 3.000000 10.000000
v -150.000000 3.000000 5.000000
v -145.000000 3.900170 5.000000
v -140.000000 5.302009 5.000000
v -135.000000 7.389831 5.000000
v -130.000000 10.433071 5.000000
v -125.000000 14.186707 5.000000
v -120.000000 15.542399 5.000000
v -115.000000 17.886351 5.000000
v -110.000000 19.136990 5.000000
v -105.000000 21.254570 5.000000
v -100.000000 22.406084 5.000000
v -95.000000 25.775000 5.000000
v -90.000000 29.407213 5.000000
v -85.000000 28.880943 5.000000
v -80.000000 30.228060 5.000000
v -75.000000 33.743767 5.000000
v -70.000000 34.532440 5.000000
v -65.000000 37.579674 5.000000
v -60.000000 43.354248 5.000000
v -55.000000 50.128948 5.000000
v -50.000000 57.760937 5.000000
v -45.000000 57.652054 5.000000
v -40.000000 59.288101 5.000000
v -35.000000 60.470985 5.000000
v -30.000000 61.734070 5.000000
v -25.000000 63.283813 5.000000
v -20.000000 68.748901 5.000000
v -15.000000 72.813560 5.000000
v -10.000000 80.131783 5.000000
v -5.000000 82.422157 5.000000
v 0.000000 87.563889 5.000000
v 5.000000 80.412872 5.000000
v 10.000000 76.915451 5.000000
v 15.000000 79.459938 5.000000
v 20.000000 83.586914 5.000000
v 25.000000 77.281036 5.000000
v 30.000000 73.175667 5.000000
v 35.000000 72.274559 5.000000
v 40.000000 74.256310 5.000000
v 45.000000 71.058746 5.000000
v 50.000000 68.471786 5.000000
v 55.000000 65.700089 5.000000
v 60.000000 63.259232 5.000000
v 65.000000 56.876743 5.000000
v 70.000000 50.859760 5.000000
v 75.000000 43.370514 5.000000
v 80.000000 37.517426 5.000000
v 85.000000 32.930935 5.000000
v 90.000000 31.645092 5.000000
v 95.000000 27.268587 5.000000
v 100.000000 24.465231 5.000000
v 105.000000 23.138920 5.000000
v 110.000000 20.710077 5.000000
v 115.000000 16.837185 5.000000
v 120.000000 14.565430 5.000000
v 125.000000 12.971330 5.000000
v 130.000000 9.465680 5.000000
v 135.000000 6.975325 5.000000
v 140.000000 5.122007 5.000000
v 145.000000 3.873076 5.000000
v 150.000000 3.000000 5.000000
v -150.000000 3.000000 0.000000
v -145.000000 3.920370 0.000000
v -140.000000 5.237576 0.000000
v -135.000000 7.395211 0.000000
v -130.000000 10.487673 0.000000
v -125.000000 13.525301 0.000000
v -120.000000 14.689651 0.000000
v -115.000000 16.561256 0.000000
v -110.000000 18.087967 0.000000
v -105.000000 19.943670 0.000000
v -100.000000 21.309834 0.000000
v -95.000000 24.935198 0.000000
v -90.000000 27.508030 0.000000
v -85.000000 26.946993 0.000000
v -80.000000 27.104202 0.000000
v -75.000000 30.210770 0.000000
v -70.000000 34.100929 0.000000
v -65.000000 36.950363 0.000000
v -60.000000 41.340260 0.000000
v -55.000000 49.035461 0.000000
v -50.000000 56.146141 0.000000
v -45.000000 59.304085 0.000000
v -40.000000 61.117241 0.000000
v -35.000000 57.637302 0.000000
v -30.000000 59.241795 0.000000
v -25.000000 61.872807 0.000000
v -20.000000 67.532845 0.000000
v -15.000000 71.948090 0.000000
v -10.000000 78.562271 0.000000
v -5.000000 85.919914 0.000000
v 0.000000 85.695000 0.000000
v 5.000000 81.062111 0.000000
v 10.000000 78.300514 0.000000
v 15.000000 79.729210 0.000000
v 20.000000 83.268898 0.000000
v 25.000000 77.363045 0.000000
v 30.000000 76.517929 0.000000
v 35.000000 73.382988 0.000000
v 40.000000 73.434708 0.000000
v 45.000000 67.962799 0.000000
v 50.000000 64.689980 0.000000
v 55.000000 63.850716 0.000000
v 60.000000 61.939335 0.000000
v 65.000000 58.402927 0.000000
v 70.000000 52.147736 0.000000
v 75.000000 44.824402 0.000000
v 80.000000 37.405235 0.000000
v 85.000000 35.253994 0.000000
v 90.000000 32.699108 0.000000
v 95.000000 28.914679 0.000000
v 100.000000 26.286343 0.000000
v 105.000000 24.293139 0.000000
v 110.000000 20.615925 0.000000
v 115.000000 16.888447 0.000000
v 120.000000 14.060352 0.000000
v 125.000000 12.091810 0.000000
v 130.000000 8.810130 0.000000
v 135.000000 6.690798 0.000000
v 140.000000 4.977774 0.000000
v 145.000000 3.867298 0.000000
v 150.000000 3.000000 0.000000
v -150.000000 3.000000 -5.000000
v -145.000000 3.943821 -5.000000
v -140.000000 5.318315 -5.000000
v -135.000000 7.544859 -5.000000
v -130.000000 9.827779 -5.000000
v -125.000000 13.107415 -5.000000
v -120.000000 13.911217 -5.000000
v -115.000000 15.380650 -5.000000
v -110.000000 17.031134 -5.000000
v -105.000000 18.752697 -5.000000
v -100.000000 20.252310 -5.000000
v -95.000000 22.038174 -5.000000
v -90.000000 24.648952 -5.000000
v -85.000000 25.338800 -5.000000
v -80.000000 25.541597 -5.000000
v -75.000000 27.362566 -5.000000
v -70.000000 30.769619 -5.000000
v -65.000000 36.398739 -5.000000
v -60.000000 40.592407 -5.000000
v -55.000000 46.369198 -5.000000
v -50.000000 54.342762 -5.000000
v -45.000000 56.039497 -5.000000
v -40.000000 56.248817 -5.000000
v -35.000000 55.598885 -5.000000
v -30.000000 58.082989 -5.000000
v -25.000000 60.188530 -5.000000
v -20.000000 64.631668 -5.000000
v -15.000000 65.850906 -5.000000
v -10.000000 73.570854 -5.000000
v -5.000000 83.425964 -5.000000
v 0.000000 79.288887 -5.000000
v 5.000000 76.176178 -5.000000
v 10.000000 74.652084 -5.000000
v 15.000000 75.992081 -5.000000
v 20.000000 79.301346 -5.000000
v 25.000000 78.868492 -5.000000
v 30.000000 72.393097 -5.000000
v 35.000000 69.272064 -5.000000
v 40.000000 71.906189 -5.000000
v 45.000000 65.719757 -5.000000
v 50.000000 62.404026 -5.000000
v 55.000000 60.316437 -5.000000
v 60.000000 60.167080 -5.000000
v 65.000000 57.932293 -5.000000
v 70.000000 51.909447 -5.000000
v 75.000000 46.379501 -5.000000
v 80.000000 40.263187 -5.000000
v 85.000000 36.189323 -5.000000
v 90.000000 35.200081 -5.000000
v 95.000000 31.785692 -5.000000
v 100.000000 28.228592 -5.000000
v 105.000000 24.762594 -5.000000
v 110.000000 20.202770 -5.000000
v 115.000000 17.070772 -5.000000
v 120.000000 14.807360 -5.000000
v 125.000000 12.148029 -5.000000
v 130.000000 8.906158 -5.000000
v 135.000000 6.651638 -5.000000
v 140.000000 4.947749 -5.000000
v 145.000000 3.810278 -5.000000
v 150.000000 3.000000 -5.000000
v -150.000000 3.000000 -10.000000
v -145.000000 3.904117 -10.000000
v -140.000000 5.150347 -10.000000
v -135.000000 6.970206 -10.000000
v -130.000000 9.763708 -10.000000
v -125.000000 12.574730 -10.000000
v -120.000000 14.127704 -10.000000
v -115.000000 15.679069 -10.000000
v -110.000000 17.005161 -10.000000
v -105.000000 18.436497 -10.000000
v -100.000000 20.041216 -10.000000
v -95.000000 21.989517 -10.000000
v -90.000000 24.388960 -10.000000
v -85.000000 24.185289 -10.000000
v -80.000000 24.814985 -10.000000
v -75.000000 26.978453 -10.000000
v -70.000000 30.296204 -10.000000
v -65.000000 34.923664 -10.000000
v -60.000000 39.654160 -10.000000
v -55.000000 45.893402 -10.000000
v -50.000000 51.809460 -10.000000
v -45.000000 54.121552 -10.000000
v -40.000000 55.487549 -10.000000
v -35.000000 54.149639 -10.000000
v -30.000000 56.020836 -10.000000
v -25.000000 58.071438 -10.000000
v -20.000000 57.769733 -10.000000
v -15.000000 61.419411 -10.000000
v -10.000000 68.943291 -10.000000
v -5.000000 79.702675 -10.000000
v 0.000000 75.196098 -10.000000
v 5.000000 72.131096 -10.000000
v 10.000000 70.060478 -10.000000
v 15.000000 73.073013 -10.000000
v 20.000000 76.155800 -10.000000
v 25.000000 73.950394 -10.000000
v 30.000000 71.396049 -10.000000
v 35.000000 67.796143 -10.000000
v 40.000000 68.423729 -10.000000
v 45.000000 64.734077 -10.000000
v 50.000000 62.696049 -10.000000
v 55.000000 58.171844 -10.000000
v 60.000000 58.899513 -10.000000
v 65.000000 59.362419 -10.000000
v 70.000000 54.189770 -10.000000
v 75.000000 51.173462 -10.000000
v 80.000000 45.419720 -10.000000
v 85.000000 40.086052 -10.000000
v 90.000000 38.300735 -10.000000
v 95.000000 34.457806 -10.000000
v 100.000000 28.979656 -10.000000
v 105.000000 24.370356 -10.000000
v 110.000000 20.361300 -10.000000
v 115.000000 16.997107 -10.000000
v 120.000000 14.809156 -10.000000
v 125.000000 12.346831 -10.000000
v 130.000000 9.134701 -10.000000
v 135.000000 6.796378 -10.000000
v 140.000000 5.109649 -10.000000
v 145.000000 3.865458 -10.000000
v 150.000000 3.000000 -10.000000
v -150.000000 3.000000 -15.000000
v -145.000000 3.845103 -15.000000
v -140.000000 5.099587 -15.000000
v -135.000000 7.068105 -15.000000
v -130.000000 9.361219 -15.000000
v -125.000000 12.458336 -15.000000
v -120.000000 14.477246 -15.000000
v -115.000000 16.545235 -15.000000
v -110.000000 18.533054 -15.000000
v -105.000000 19.992212 -15.000000
v -100.000000 22.349634 -15.000000
v -95.000000 23.344061 -15.000000
v -90.000000 24.395245 -15.000000
v -85.000000 24.617393 -15.000000
v -80.000000 26.137033 -15.000000
v -75.000000 28.149488 -15.000000
v -70.000000 31.062544 -15.000000
v -65.000000 33.388874 -15.000000
v -60.000000 38.888741 -15.000000
v -55.000000 43.470921 -15.000000
v -50.000000 50.405159 -15.000000
v -45.000000 53.447956 -15.000000
v -40.000000 51.732239 -15.000000
v -35.000000 51.571739 -15.000000
v -30.000000 57.575588 -15.000000
v -25.000000 56.053566 -15.000000
v -20.000000 55.068882 -15.000000
v -15.000000 57.329372 -15.000000
v -10.000000 64.466431 -15.000000
v -5.000000 71.378868 -15.000000
v 0.000000 68.948944 -15.000000
v 5.000000 68.912994 -15.000000
v 10.000000 67.322884 -15.000000
v 15.000000 70.670769 -15.000000
v 20.000000 72.832260 -15.000000
v 25.000000 71.587502 -15.000000
v 30.000000 66.150360 -15.000000
v 35.000000 63.434315 -15.000000
v 40.000000 64.015999 -15.000000
v 45.000000 63.747383 -15.000000
v 50.000000 60.482964 -15.000000
v 55.000000 56.899860 -15.000000
v 60.000000 59.200851 -15.000000
v 65.000000 64.312965 -15.000000
v 70.000000 59.256279 -15.000000
v 75.000000 55.461376 -15.000000
v 80.000000 49.360512 -15.000000
v 85.000000 45.199364 -15.000000
v 90.000000 41.164837 -15.000000
v 95.000000 36.738129 -15.000000
v 100.000000 30.538437 -15.000000
v 105.000000 24.776852 -15.000000
v 110.000000 21.304495 -15.000000
v 115.000000 17.684992 -15.000000
v 120.000000 15.157296 -15.000000
v 125.000000 12.634471 -15.000000
v 130.000000 9.418012 -15.000000
v 135.000000 6.993043 -15.000000
v 140.000000 5.165876 -15.000000
v 145.000000 3.881711 -15.000000
v 150.000000 3.000000 -15.000000
v -150.000000 3.000000 -20.000000
v -145.000000 3.861755 -20.000000
v -140.000000 5.250884 -20.000000
v -135.000000 7.199425 -20.000000
v -130.000000 9.414553 -20.000000
v -125.000000 12.631357 -20.000000
v -120.000000 14.912746 -20.000000
v -115.000000 16.837440 -20.000000
v -110.000000 18.624386 -20.000000
v -105.000000 19.780098 -20.000000
v -100.000000 21.462685 -20.000000
v -95.000000 23.155746 -20.000000
v -90.000000 24.136900 -20.000000
v -85.000000 24.521530 -20.000000
v -80.000000 25.902668 -20.000000
v -75.000000 27.853285 -20.000000
v -70.000000 28.880888 -20.000000
v -65.000000 31.318329 -20.000000
v -60.000000 36.565212 -20.000000
v -55.000000 40.020348 -20.000000
v -50.000000 46.238628 -20.000000
v -45.000000 47.379139 -20.000000
v -40.000000 50.743889 -20.000000
v -35.000000 52.216770 -20.000000
v -30.000000 55.787811 -20.000000
v -25.000000 56.847401 -20.000000
v -20.000000 55.651649 -20.000000
v -15.000000 54.361423 -20.000000
v -10.000000 57.270786 -20.000000
v -5.000000 63.917839 -20.000000
v 0.000000 68.450706 -20.000000
v 5.000000 66.410690 -20.000000
v 10.000000 67.480614 -20.000000
v 15.000000 67.948860 -20.000000
v 20.000000 69.280960 -20.000000
v 25.000000 64.421646 -20.000000
v 30.000000 61.196087 -20.000000
v 35.000000 60.772667 -20.000000
v 40.000000 62.157112 -20.000000
v 45.000000 61.327633 -20.000000
v 50.000000 56.921116 -20.000000
v 55.000000 60.892597 -20.000000
v 60.000000 63.841412 -20.000000
v 65.000000 68.146019 -20.000000
v 70.000000 64.468414 -20.000000
v 75.000000 58.996120 -20.000000
v 80.000000 53.138065 -20.000000
v 85.000000 48.735996 -20.000000
v 90.000000 42.560993 -20.000000
v 95.000000 38.548317 -20.000000
v 100.000000 31.509386 -20.000000
v 105.000000 26.048195 -20.000000
v 110.000000 21.422041 -20.000000
v 115.000000 17.988064 -20.000000
v 120.000000 15.319129 -20.000000
v 125.000000 13.113247 -20.000000
v 130.000000 9.749798 -20.000000
v 135.000000 7.161845 -20.000000
v 140.000000 5.244222 -20.000000
v 145.000000 3.881516 -20.000000
v 150.000000 3.000000 -20.000000
v -150.000000 3.000000 -25.000000
v -145.000000 3.863735 -25.000000
v -140.000000 5.180535 -25.000000
v -135.000000 7.227130 -25.000000
v -130.000000 9.550458 -25.000000
v -125.000000 12.946857 -25.000000
v -120.000000 14.906127 -25.000000
v -115.000000 17.163595 -25.000000
v -110.000000 18.722836 -25.000000
v -105.000000 19.827896 -25.000000
v -100.000000 20.824493 -25.000000
v -95.000000 22.099934 -25.000000
v -90.000000 23.361977 -25.000000
v -85.000000 25.996883 -25.000000
v -80.000000 25.671707 -25.000000
v -75.000000 28.279404 -25.000000
v -70.000000 29.555229 -25.000000
v -65.000000 31.380831 -25.000000
v -60.000000 33.507278 -25.000000
v -55.000000 36.784801 -25.000000
v -50.000000 41.298019 -25.000000
v -45.000000 43.249176 -25.000000
v -40.000000 49.828735 -25.000000
v -35.000000 51.848457 -25.000000
v -30.000000 54.555351 -25.000000
v -25.000000 57.369759 -25.000000
v -20.000000 58.599613 -25.000000
v -15.000000 54.225773 -25.000000
v -10.000000 54.439262 -25.000000
v -5.000000 60.220512 -25.000000
v 0.000000 62.139938 -25.000000
v 5.000000 65.921478 -25.000000
v 10.000000 65.772202 -25.000000
v 15.000000 63.045444 -25.000000
v 20.000000 62.536446 -25.000000
v 25.000000 60.962994 -25.000000
v 30.000000 62.246181 -25.000000
v 35.000000 62.612843 -25.000000
v 40.000000 61.229439 -25.000000
v 45.000000 56.364017 -25.000000
v 50.000000 56.453941 -25.000000
v 55.000000 62.643818 -25.000000
v 60.000000 68.180641 -25.000000
v 65.000000 70.520447 -25.000000
v 70.000000 65.561142 -25.000000
v 75.000000 60.493824 -25.000000
v 80.000000 57.145996 -25.000000
v 85.000000 50.210804 -25.000000
v 90.000000 44.073219 -25.000000
v 95.000000 39.497284 -25.000000
v 100.000000 33.100822 -25.000000
v 105.000000 27.340349 -25.000000
v 110.000000 22.191072 -25.000000
v 115.000000 18.411289 -25.000000
v 120.000000 15.910534 -25.000000
v 125.000000 13.534264 -25.000000
v 130.000000 10.011110 -25.000000
v 135.000000 7.307807 -25.000000
v 140.000000 5.303731 -25.000000
v 145.000000 3.905804 -25.000000
v 150.000000 3.000000 -25.000000
v -150.000000 3.000000 -30.000000
v -145.000000 3.774050 -30.000000
v -140.000000 5.033245 -30.000000
v -135.000000 6.985579 -30.000000
v -130.000000 9.851270 -30.000000
v -125.000000 13.413944 -30.000000
v -120.000000 15.160807 -30.000000
v -115.000000 17.320591 -30.000000
v -110.000000 19.229263 -30.000000
v -105.000000 20.556660 -30.000000
v -100.000000 20.715054 -30.000000
v -95.000000 22.298220 -30.000000
v -90.000000 24.899326 -30.000000
v -85.000000 27.651449 -30.000000
v -80.000000 27.232841 -30.000000
v -75.000000 29.761032 -30.000000
v -70.000000 30.709154 -30.000000
v -65.000000 32.370525 -30.000000
v -60.000000 33.902718 -30.000000
v -55.000000 36.394409 -30.000000
v -50.000000 39.022720 -30.000000
v -45.000000 42.633675 -30.000000
v -40.000000 49.455917 -30.000000
v -35.000000 51.087849 -30.000000
v -30.000000 53.247520 -30.000000
v -25.000000 53.597702 -30.000000
v -20.000000 55.666424 -30.000000
v -15.000000 55.642826 -30.000000
v -10.000000 56.603558 -30.000000
v -5.000000 53.104736 -30.000000
v 0.000000 53.353329 -30.000000
v 5.000000 54.515858 -30.000000
v 10.000000 56.373707 -30.000000
v 15.000000 60.637497 -30.000000
v 20.000000 57.970665 -30.000000
v 25.000000 57.560612 -30.000000
v 30.000000 58.425915 -30.000000
v 35.000000 58.655605 -30.000000
v 40.000000 55.743801 -30.000000
v 45.000000 54.406738 -30.000000
v 50.000000 58.868427 -30.000000
v 55.000000 64.650452 -30.000000
v 60.000000 71.814964 -30.000000
v 65.000000 71.578072 -30.000000
v 70.000000 67.655251 -30.000000
v 75.000000 62.776321 -30.000000
v 80.000000 57.211956 -30.000000
v 85.000000 49.908386 -30.000000
v 90.000000 44.584396 -30.000000
v 95.000000 39.671352 -30.000000
v 100.000000 33.406685 -30.000000
v 105.000000 29.253876 -30.000000
v 110.000000 23.225685 -30.000000
v 115.000000 19.459946 -30.000000
v 120.000000 16.326328 -30.000000
v 125.000000 13.867974 -30.000000
v 130.000000 10.190945 -30.000000
v 135.000000 7.408246 -30.000000
v 140.000000 5.346608 -30.000000
v 145.000000 3.921675 -30.000000
v 150.000000 3.000000 -30.000000
v -150.000000 3.000000 -35.000000
v -145.000000 3.757037 -35.000000
v -140.000000 5.029639 -35.000000
v -135.000000 6.913789 -35.000000
v -130.000000 9.742144 -35.000000
v -125.000000 13.676514 -35.000000
v -120.000000 15.537707 -35.000000
v -115.000000 16.391893 -35.000000
v -110.000000 19.282795 -35.000000
v -105.000000 21.918642 -35.000000
v -100.000000 23.363777 -35.000000
v -95.000000 23.663586 -35.000000
v -90.000000 26.709984 -35.000000
v -85.000000 28.729721 -35.000000
v -80.000000 30.985371 -35.000000
v -75.000000 33.754135 -35.000000
v -70.000000 33.968704 -35.000000
v -65.000000 35.780956 -35.000000
v -60.000000 35.628342 -35.000000
v -55.000000 38.604923 -35.000000
v -50.000000 41.297825 -35.000000
v -45.000000 43.577644 -35.000000
v -40.000000 45.058559 -35.000000
v -35.000000 47.077686 -35.000000
v -30.000000 51.365238 -35.000000
v -25.000000 53.321983 -35.000000
v -20.000000 52.214542 -35.000000
v -15.000000 55.102085 -35.000000
v -10.000000 57.903214 -35.000000
v -5.000000 54.310551 -35.000000
v 0.000000 51.830235 -35.000000
v 5.000000 51.133137 -35.000000
v 10.000000 50.804161 -35.000000
v 15.000000 54.347752 -35.000000
v 20.000000 52.422375 -35.000000
v 25.000000 50.838593 -35.000000
v 30.000000 51.612804 -35.000000
v 35.000000 53.143917 -35.000000
v 40.000000 53.974812 -35.000000
v 45.000000 53.195488 -35.000000
v 50.000000 58.692554 -35.000000
v 55.000000 62.595116 -35.000000
v 60.000000 67.118790 -35.000000
v 65.000000 70.361832 -35.000000
v 70.000000 66.923492 -35.000000
v 75.000000 62.617458 -35.000000
v 80.000000 57.372467 -35.000000
v 85.000000 49.392868 -35.000000
v 90.000000 44.807308 -35.000000
v 95.000000 40.335781 -35.000000
v 100.000000 34.993668 -35.000000
v 105.000000 29.984737 -35.000000
v 110.000000 25.739679 -35.000000
v 115.000000 20.304886 -35.000000
v 120.000000 16.729885 -35.000000
v 125.000000 14.175273 -35.000000
v 130.000000 10.316351 -35.000000
v 135.000000 7.465675 -35.000000
v 140.000000 5.379375 -35.000000
v 145.000000 3.935014 -35.000000
v 150.000000 3.000000 -35.000000
v -150.000000 3.000000 -40.000000
v -145.000000 3.730568 -40.000000
v -140.000000 5.020998 -40.000000
v -135.000000 6.932705 -40.000000
v -130.000000 9.960205 -40.000000
v -125.000000 14.005839 -40.000000
v -120.000000 14.906241 -40.000000
v -115.000000 16.007744 -40.000000
v -110.000000 18.365265 -40.000000
v -105.000000 21.011293 -40.000000
v -100.000000 24.465996 -40.000000
v -95.000000 25.921793 -40.000000
v -90.000000 27.449230 -40.000000
v -85.000000 31.192652 -40.000000
v -80.000000 33.740410 -40.000000
v -75.000000 35.265213 -40.000000
v -70.000000 35.645203 -40.000000
v -65.000000 37.024712 -40.000000
v -60.000000 38.693134 -40.000000
v -55.000000 39.674694 -40.000000
v -50.000000 41.219147 -40.000000
v -45.000000 40.133896 -40.000000
v -40.000000 39.546242 -40.000000
v -35.000000 42.175636 -40.000000
v -30.000000 49.457035 -40.000000
v -25.000000 49.396290 -40.000000
v -20.000000 49.360584 -40.000000
v -15.000000 49.156712 -40.000000
v -10.000000 53.423534 -40.000000
v -5.000000 56.188461 -40.000000
v 0.000000 52.502659 -40.000000
v 5.000000 48.600136 -40.000000
v 10.000000 45.991116 -40.000000
v 15.000000 47.404648 -40.000000
v 20.000000 48.625080 -40.000000
v 25.000000 47.147949 -40.000000
v 30.000000 47.614452 -40.000000
v 35.000000 48.177212 -40.000000
v 40.000000 50.101974 -40.000000
v 45.000000 50.260025 -40.000000
v 50.000000 55.154125 -40.000000
v 55.000000 58.342819 -40.000000
v 60.000000 65.001869 -40.000000
v 65.000000 68.513527 -40.000000
v 70.000000 66.907623 -40.000000
v 75.000000 61.945477 -40.000000
v 80.000000 53.837433 -40.000000
v 85.000000 48.435398 -40.000000
v 90.000000 42.436333 -40.000000
v 95.000000 41.304878 -40.000000
v 100.000000 37.610092 -40.000000
v 105.000000 31.491444 -40.000000
v 110.000000 26.752119 -40.000000
v 115.000000 22.166750 -40.000000
v 120.000000 17.304852 -40.000000
v 125.000000 14.415511 -40.000000
v 130.000000 10.378642 -40.000000
v 135.000000 7.493581 -40.000000
v 140.000000 5.402170 -40.000000
v 145.000000 3.947243 -40.000000
v 150.000000 3.000000 -40.000000
v -150.000000 3.000000 -45.000000
v -145.000000 3.671123 -45.000000
v -140.000000 4.969388 -45.000000
v -135.000000 6.917173 -45.000000
v -130.000000 9.982834 -45.000000
v -125.000000 13.955806 -45.000000
v -120.000000 14.927992 -45.000000
v -115.000000 16.137730 -45.000000
v -110.000000 18.521141 -45.000000
v -105.000000 21.882685 -45.000000
v -100.000000 25.764774 -45.000000
v -95.000000 26.277905 -45.000000
v -90.000000 27.986063 -45.000000
v -85.000000 30.864767 -45.000000
v -80.000000 32.449150 -45.000000
v -75.000000 34.067535 -45.000000
v -70.000000 35.392056 -45.000000
v -65.000000 38.275795 -45.000000
v -60.000000 41.239052 -45.000000
v -55.000000 42.384403 -45.000000
v -50.000000 40.946995 -45.000000
v -45.000000 38.221405 -45.000000
v -40.000000 38.513248 -45.000000
v -35.000000 41.024597 -45.000000
v -30.000000 47.391541 -45.000000
v -25.000000 48.204388 -45.000000
v -20.000000 46.768070 -45.000000
v -15.000000 46.207611 -45.000000
v -10.000000 48.954449 -45.000000
v -5.000000 50.697479 -45.000000
v 0.000000 52.090000 -45.000000
v 5.000000 46.199814 -45.000000
v 10.000000 42.713741 -45.000000
v 15.000000 42.428326 -45.000000
v 20.000000 45.629395 -45.000000
v 25.000000 46.913979 -45.000000
v 30.000000 46.410645 -45.000000
v 35.000000 47.412350 -45.000000
v 40.000000 49.533382 -45.000000
v 45.000000 48.266022 -45.000000
v 50.000000 52.021408 -45.000000
v 55.000000 54.327816 -45.000000
v 60.000000 59.949646 -45.000000
v 65.000000 63.436031 -45.000000
v 70.000000 62.257599 -45.000000
v 75.000000 57.098278 -45.000000
v 80.000000 51.554310 -45.000000
v 85.000000 46.764946 -45.000000
v 90.000000 42.047726 -45.000000
v 95.000000 38.690620 -45.000000
v 100.000000 35.452335 -45.000000
v 105.000000 31.280993 -45.000000
v 110.000000 26.338314 -45.000000
v 115.000000 21.470299 -45.000000
v 120.000000 17.769705 -45.000000
v 125.000000 14.683762 -45.000000
v 130.000000 10.571384 -45.000000
v 135.000000 7.525329 -45.000000
v 140.000000 5.429711 -45.000000
v 145.000000 3.993437 -45.000000
v 150.000000 3.000000 -45.000000
v -150.000000 3.000000 -50.000000
v -145.000000 3.575400 -50.000000
v -140.000000 4.845196 -50.000000
v -135.000000 6.807058 -50.000000
v -130.000000 9.532830 -50.000000
v -125.000000 13.504674 -50.000000
v -120.000000 15.089586 -50.000000
v -115.000000 16.710697 -50.000000
v -110.000000 18.470720 -50.000000
v -105.000000 21.252708 -50.000000
v -100.000000 23.932161 -50.000000
v -95.000000 25.710062 -50.000000
v -90.000000 27.687622 -50.000000
v -85.000000 28.915779 -50.000000
v -80.000000 30.359694 -50.000000
v -75.000000 32.649872 -50.000000
v -70.000000 34.807121 -50.000000
v -65.000000 37.978027 -50.000000
v -60.000000 40.306145 -50.000000
v -55.000000 41.502033 -50.000000
v -50.000000 40.524796 -50.000000
v -45.000000 39.182140 -50.000000
v -40.000000 40.024395 -50.000000
v -35.000000 43.439713 -50.000000
v -30.000000 46.584393 -50.000000
v -25.000000 49.417461 -50.000000
v -20.000000 47.106380 -50.000000
v -15.000000 45.198444 -50.000000
v -10.000000 43.890617 -50.000000
v -5.000000 46.279739 -50.000000
v 0.000000 48.657551 -50.000000
v 5.000000 44.531551 -50.000000
v 10.000000 40.054588 -50.000000
v 15.000000 40.085732 -50.000000
v 20.000000 41.695457 -50.000000
v 25.000000 44.764179 -50.000000
v 30.000000 45.011021 -50.000000
v 35.000000 46.998558 -50.000000
v 40.000000 49.504387 -50.000000
v 45.000000 47.335819 -50.000000
v 50.000000 47.020092 -50.000000
v 55.000000 51.734974 -50.000000
v 60.000000 56.053688 -50.000000
v 65.000000 60.390694 -50.000000
v 70.000000 58.207653 -50.000000
v 75.000000 52.088146 -50.000000
v 80.000000 47.228825 -50.000000
v 85.000000 43.357700 -50.000000
v 90.000000 38.805119 -50.000000
v 95.000000 36.352104 -50.000000
v 100.000000 32.895294 -50.000000
v 105.000000 30.688576 -50.000000
v 110.000000 26.124563 -50.000000
v 115.000000 20.984316 -50.000000
v 120.000000 17.862404 -50.000000
v 125.000000 14.860109 -50.000000
v 130.000000 10.537772 -50.000000
v 135.000000 7.637048 -50.000000
v 140.000000 5.514923 -50.000000
v 145.000000 4.008424 -50.000000
v 150.000000 3.000000 -50.000000
v -150.000000 3.000000 -55.000000
v -145.000000 3.475597 -55.000000
v -140.000000 4.698172 -55.000000
v -135.000000 6.508069 -55.000000
v -130.000000 9.099304 -55.000000
v -125.000000 12.561345 -55.000000
v -120.000000 15.277259 -55.000000
v -115.000000 16.785975 -55.000000
v -110.000000 18.267902 -55.000000
v -105.000000 20.754328 -55.000000
v -100.000000 22.892784 -55.000000
v -95.000000 24.667688 -55.000000
v -90.000000 27.203882 -55.000000
v -85.000000 27.349464 -55.000000
v -80.000000 29.989607 -55.000000
v -75.000000 32.021210 -55.000000
v -70.000000 34.404121 -55.000000
v -65.000000 36.260166 -55.000000
v -60.000000 37.713192 -55.000000
v -55.000000 39.897049 -55.000000
v -50.000000 41.363338 -55.000000
v -45.000000 41.366371 -55.000000
v -40.000000 44.365780 -55.000000
v -35.000000 46.619736 -55.000000
v -30.000000 47.766262 -55.000000
v -25.000000 47.630688 -55.000000
v -20.000000 46.832352 -55.000000
v -15.000000 45.173786 -55.000000
v -10.000000 42.506157 -55.000000
v -5.000000 42.813011 -55.000000
v 0.000000 46.098560 -55.000000
v 5.000000 40.819492 -55.000000
v 10.000000 38.649506 -55.000000
v 15.000000 37.809303 -55.000000
v 20.000000 37.773689 -55.000000
v 25.000000 40.264473 -55.000000
v 30.000000 43.249554 -55.000000
v 35.000000 42.816601 -55.000000
v 40.000000 46.072750 -55.000000
v 45.000000 46.949558 -55.000000
v 50.000000 43.852962 -55.000000
v 55.000000 48.087029 -55.000000
v 60.000000 52.553116 -55.000000
v 65.000000 54.300915 -55.000000
v 70.000000 53.138683 -55.000000
v 75.000000 46.459152 -55.000000
v 80.000000 42.161991 -55.000000
v 85.000000 39.095772 -55.000000
v 90.000000 35.834930 -55.000000
v 95.000000 34.659206 -55.000000
v 100.000000 31.513922 -55.000000
v 105.000000 28.507093 -55.000000
v 110.000000 24.916842 -55.000000
v 115.000000 20.628597 -55.000000
v 120.000000 17.438686 -55.000000
v 125.000000 15.412675 -55.000000
v 130.000000 10.760609 -55.000000
v 135.000000 7.612570 -55.000000
v 140.000000 5.567445 -55.000000
v 145.000000 3.952640 -55.000000
v 150.000000 3.000000 -55.000000
v -150.000000 3.000000 -60.000000
v -145.000000 3.372529 -60.000000
v -140.000000 4.357159 -60.000000
v -135.000000 5.966794 -60.000000
v -130.000000 8.458151 -60.000000
v -125.000000 11.845464 -60.000000
v -120.000000 14.040734 -60.000000
v -115.000000 16.244797 -60.000000
v -110.000000 19.057262 -60.000000
v -105.000000 20.180653 -60.000000
v -100.000000 22.664787 -60.000000
v -95.000000 24.164103 -60.000000
v -90.000000 26.227921 -60.000000
v -85.000000 28.630970 -60.000000
v -80.000000 30.228193 -60.000000
v -75.000000 31.167099 -60.000000
v -70.000000 33.870392 -60.000000
v -65.000000 35.322834 -60.000000
v -60.000000 37.513657 -60.000000
v -55.000000 39.200493 -60.000000
v -50.000000 41.938885 -60.000000
v -45.000000 44.915379 -60.000000
v -40.000000 45.108932 -60.000000
v -35.000000 46.475113 -60.000000
v -30.000000 48.200920 -60.000000
v -25.000000 47.716713 -60.000000
v -20.000000 46.963367 -60.000000
v -15.000000 44.667461 -60.000000
v -10.000000 43.402569 -60.000000
v -5.000000 44.244087 -60.000000
v 0.000000 44.309948 -60.000000
v 5.000000 40.975914 -60.000000
v 10.000000 37.563301 -60.000000
v 15.000000 37.623409 -60.000000
v 20.000000 38.716366 -60.000000
v 25.000000 39.420128 -60.000000
v 30.000000 40.067764 -60.000000
v 35.000000 38.351173 -60.000000
v 40.000000 42.872353 -60.000000
v 45.000000 44.417469 -60.000000
v 50.000000 43.316780 -60.000000
v 55.000000 43.470497 -60.000000
v 60.000000 47.167244 -60.000000
v 65.000000 48.328308 -60.000000
v 70.000000 48.187851 -60.000000
v 75.000000 42.723923 -60.000000
v 80.000000 37.938061 -60.000000
v 85.000000 34.625153 -60.000000
v 90.000000 33.061806 -60.000000
v 95.000000 30.890825 -60.000000
v 100.000000 29.190500 -60.000000
v 105.000000 27.667789 -60.000000
v 110.000000 24.932199 -60.000000
v 115.000000 21.108080 -60.000000
v 120.000000 17.830767 -60.000000
v 125.000000 14.737066 -60.000000
v 130.000000 10.450837 -60.000000
v 135.000000 7.669477 -60.000000
v 140.000000 5.433485 -60.000000
v 145.000000 3.938963 -60.000000
v 150.000000 3.000000 -60.000000
v -150.000000 3.000000 -65.000000
v -145.000000 3.245682 -65.000000
v -140.000000 4.001003 -65.000000
v -135.000000 5.381678 -65.000000
v -130.000000 7.729675 -65.000000
v -125.000000 10.988388 -65.000000
v -120.000000 12.865372 -65.000000
v -115.000000 14.763572 -65.000000
v -110.000000 17.019464 -65.000000
v -105.000000 18.751682 -65.000000
v -100.000000 21.472708 -65.000000
v -95.000000 23.785648 -65.000000
v -90.000000 25.866638 -65.000000
v -85.000000 28.036175 -65.000000
v -80.000000 29.727829 -65.000000
v -75.000000 31.112564 -65.000000
v -70.000000 33.238800 -65.000000
v -65.000000 34.649475 -65.000000
v -60.000000 35.560402 -65.000000
v -55.000000 37.958904 -65.000000
v -50.000000 40.627514 -65.000000
v -45.000000 41.376900 -65.000000
v -40.000000 42.026867 -65.000000
v -35.000000 43.791374 -65.000000
v -30.000000 44.384624 -65.000000
v -25.000000 43.604618 -65.000000
v -20.000000 45.309616 -65.000000
v -15.000000 44.385674 -65.000000
v -10.000000 42.893059 -65.000000
v -5.000000 42.552505 -65.000000
v 0.000000 41.392818 -65.000000
v 5.000000 38.486591 -65.000000
v 10.000000 37.674328 -65.000000
v 15.000000 36.649292 -65.000000
v 20.000000 35.974339 -65.000000
v 25.000000 38.200443 -65.000000
v 30.000000 36.543076 -65.000000
v 35.000000 34.842628 -65.000000
v 40.000000 37.158604 -65.000000
v 45.000000 41.234806 -65.000000
v 50.000000 37.981174 -65.000000
v 55.000000 38.691864 -65.000000
v 60.000000 42.828983 -65.000000
v 65.000000 43.911465 -65.000000
v 70.000000 41.600849 -65.000000
v 75.000000 36.949280 -65.000000
v 80.000000 34.093857 -65.000000
v 85.000000 31.504602 -65.000000
v 90.000000 29.417234 -65.000000
v 95.000000 28.612017 -65.000000
v 100.000000 27.156261 -65.000000
v 105.000000 25.657417 -65.000000
v 110.000000 23.007109 -65.000000
v 115.000000 19.171593 -65.000000
v 120.000000 16.776382 -65.000000
v 125.000000 14.219959 -65.000000
v 130.000000 10.214890 -65.000000
v 135.000000 7.342329 -65.000000
v 140.000000 5.345071 -65.000000
v 145.000000 3.839484 -65.000000
v 150.000000 3.000000 -65.000000
v -150.000000 3.000000 -70.000000
v -145.000000 3.132357 -70.000000
v -140.000000 3.739804 -70.000000
v -135.000000 5.028268 -70.000000
v -130.000000 6.838262 -70.000000
v -125.000000 9.478477 -70.000000
v -120.000000 11.580832 -70.000000
v -115.000000 13.411197 -70.000000
v -110.000000 15.087484 -70.000000
v -105.000000 16.649490 -70.000000
v -100.000000 18.777988 -70.000000
v -95.000000 20.354710 -70.000000
v -90.000000 22.865803 -70.000000
v -85.000000 25.078495 -70.000000
v -80.000000 26.612366 -70.000000
v -75.000000 28.261408 -70.000000
v -70.000000 29.826059 -70.000000
v -65.000000 32.027367 -70.000000
v -60.000000 34.132259 -70.000000
v -55.000000 35.108299 -70.000000
v -50.000000 38.122925 -70.000000
v -45.000000 39.571671 -70.000000
v -40.000000 39.464764 -70.000000
v -35.000000 41.162357 -70.000000
v -30.000000 43.091087 -70.000000
v -25.000000 41.286636 -70.000000
v -20.000000 43.256710 -70.000000
v -15.000000 43.252102 -70.000000
v -10.000000 42.593864 -70.000000
v -5.000000 41.524830 -70.000000
v 0.000000 39.653820 -70.000000
v 5.000000 39.197975 -70.000000
v 10.000000 38.258068 -70.000000
v 15.000000 37.340282 -70.000000
v 20.000000 34.843952 -70.000000
v 25.000000 35.251156 -70.000000
v 30.000000 34.132828 -70.000000
v 35.000000 32.907066 -70.000000
v 40.000000 36.226570 -70.000000
v 45.000000 35.860928 -70.000000
v 50.000000 34.864025 -70.000000
v 55.000000 36.178421 -70.000000
v 60.000000 38.454693 -70.000000
v 65.000000 38.178543 -70.000000
v 70.000000 36.113674 -70.000000
v 75.000000 34.575615 -70.000000
v 80.000000 30.775175 -70.000000
v 85.000000 27.244734 -70.000000
v 90.000000 25.432499 -70.000000
v 95.000000 24.842243 -70.000000
v 100.000000 24.284943 -70.000000
v 105.000000 23.360256 -70.000000
v 110.000000 21.665882 -70.000000
v 115.000000 18.415016 -70.000000
v 120.000000 16.257893 -70.000000
v 125.000000 13.267912 -70.000000
v 130.000000 9.493635 -70.000000
v 135.000000 7.066391 -70.000000
v 140.000000 5.099772 -70.000000
v 145.000000 3.686487 -70.000000
v 150.000000 3.000000 -70.000000
v -150.000000 3.000000 -75.000000
v -145.000000 3.043271 -75.000000
v -140.000000 3.491146 -75.000000
v -135.000000 4.493449 -75.000000
v -130.000000 6.024565 -75.000000
v -125.000000 8.454123 -75.000000
v -120.000000 10.134951 -75.000000
v -115.000000 11.795463 -75.000000
v -110.000000 12.971784 -75.000000
v -105.000000 14.366466 -75.000000
v -100.000000 16.035961 -75.000000
v -95.000000 17.753984 -75.000000
v -90.000000 20.096935 -75.000000
v -85.000000 22.050076 -75.000000
v -80.000000 23.296587 -75.000000
v -75.000000 25.003071 -75.000000
v -70.000000 27.004122 -75.000000
v -65.000000 29.040529 -75.000000
v -60.000000 29.446199 -75.000000
v -55.000000 32.586998 -75.000000
v -50.000000 34.841858 -75.000000
v -45.000000 37.522869 -75.000000
v -40.000000 38.633362 -75.000000
v -35.000000 38.529846 -75.000000
v -30.000000 39.917236 -75.000000
v -25.000000 40.123455 -75.000000
v -20.000000 40.428864 -75.000000
v -15.000000 40.607475 -75.000000
v -10.000000 41.101460 -75.000000
v -5.000000 40.761246 -75.000000
v 0.000000 39.030655 -75.000000
v 5.000000 39.696121 -75.000000
v 10.000000 38.548141 -75.000000
v 15.000000 34.495266 -75.000000
v 20.000000 32.361626 -75.000000
v 25.000000 30.938591 -75.000000
v 30.000000 30.238010 -75.000000
v 35.000000 30.737143 -75.000000
v 40.000000 33.475258 -75.000000
v 45.000000 31.067116 -75.000000
v 50.000000 31.821371 -75.000000
v 55.000000 32.647148 -75.000000
v 60.000000 34.504196 -75.000000
v 65.000000 32.820076 -75.000000
v 70.000000 31.297661 -75.000000
v 75.000000 30.372068 -75.000000
v 80.000000 28.129133 -75.000000
v 85.000000 25.100481 -75.000000
v 90.000000 22.886292 -75.000000
v 95.000000 21.850836 -75.000000
v 100.000000 21.706497 -75.000000
v 105.000000 20.636620 -75.000000
v 110.000000 19.665808 -75.000000
v 115.000000 17.511478 -75.000000
v 120.000000 15.209389 -75.000000
v 125.000000 12.522334 -75.000000
v 130.000000 9.119274 -75.000000
v 135.000000 6.493950 -75.000000
v 140.000000 4.643005 -75.000000
v 145.000000 3.506340 -75.000000
v 150.000000 3.000000 -75.000000
v -150.000000 3.000000 -80.000000
v -145.000000 3.000000 -80.000000
v -140.000000 3.251251 -80.000000
v -135.000000 4.006243 -80.000000
v -130.000000 5.315075 -80.000000
v -125.000000 7.518994 -80.000000
v -120.000000 8.941769 -80.000000
v -115.000000 10.270770 -80.000000
v -110.000000 11.631336 -80.000000
v -105.000000 13.295316 -80.000000
v -100.000000 14.224328 -80.000000
v -95.000000 16.111828 -80.000000
v -90.000000 18.185276 -80.000000
v -85.000000 19.462553 -80.000000
v -80.000000 20.211634 -80.000000
v -75.000000 23.014492 -80.000000
v -70.000000 24.480391 -80.000000
v -65.000000 25.552189 -80.000000
v -60.000000 26.731457 -80.000000
v -55.000000 28.010878 -80.000000
v -50.000000 31.237734 -80.000000
v -45.000000 33.919510 -80.000000
v -40.000000 35.861580 -80.000000
v -35.000000 37.663620 -80.000000
v -30.000000 37.232231 -80.000000
v -25.000000 37.697113 -80.000000
v -20.000000 37.466347 -80.000000
v -15.000000 38.718658 -80.000000
v -10.000000 39.136189 -80.000000
v -5.000000 39.566010 -80.000000
v 0.000000 39.657684 -80.000000
v 5.000000 38.646408 -80.000000
v 10.000000 36.237968 -80.000000
v 15.000000 33.223061 -80.000000
v 20.000000 30.723097 -80.000000
v 25.000000 29.227013 -80.000000
v 30.000000 28.738798 -80.000000
v 35.000000 29.479883 -80.000000
v 40.000000 30.298895 -80.000000
v 45.000000 27.707659 -80.000000
v 50.000000 28.984779 -80.000000
v 55.000000 31.131382 -80.000000
v 60.000000 29.967594 -80.000000
v 65.000000 29.039591 -80.000000
v 70.000000 29.082573 -80.000000
v 75.000000 27.235275 -80.000000
v 80.000000 25.963037 -80.000000
v 85.000000 23.465445 -80.000000
v 90.000000 21.069221 -80.000000
v 95.000000 19.481583 -80.000000
v 100.000000 19.175911 -80.000000
v 105.000000 18.352823 -80.000000
v 110.000000 17.448305 -80.000000
v 115.000000 15.860173 -80.000000
v 120.000000 13.666397 -80.000000
v 125.000000 11.383695 -80.000000
v 130.000000 8.050294 -80.000000
v 135.000000 5.907011 -80.000000
v 140.000000 4.220158 -80.000000
v 145.000000 3.322200 -80.000000
v 150.000000 3.000000 -80.000000
v -150.000000 3.000000 -85.000000
v -145.000000 3.000000 -85.000000
v -140.000000 3.049184 -85.000000
v -135.000000 3.576222 -85.000000
v -130.000000 4.703997 -85.000000
v -125.000000 6.430533 -85.000000
v -120.000000 7.812572 -85.000000
v -115.000000 9.339181 -85.000000
v -110.000000 10.805670 -85.000000
v -105.000000 11.981283 -85.000000
v -100.000000 13.245120 -85.000000
v -95.000000 14.600028 -85.000000
v -90.000000 16.437460 -85.000000
v -85.000000 17.733299 -85.000000
v -80.000000 18.227493 -85.000000
v -75.000000 21.173822 -85.000000
v -70.000000 22.675879 -85.000000
v -65.000000 23.149677 -85.000000
v -60.000000 24.647299 -85.000000
v -55.000000 26.221632 -85.000000
v -50.000000 27.811489 -85.000000
v -45.000000 28.672571 -85.000000
v -40.000000 30.622248 -85.000000
v -35.000000 32.689575 -85.000000
v -30.000000 34.654816 -85.000000
v -25.000000 36.889931 -85.000000
v -20.000000 37.051880 -85.000000
v -15.000000 35.450592 -85.000000
v -10.000000 35.398628 -85.000000
v -5.000000 36.435223 -85.000000
v 0.000000 38.053780 -85.000000
v 5.000000 36.918278 -85.000000
v 10.000000 34.945389 -85.000000
v 15.000000 32.874420 -85.000000
v 20.000000 30.142403 -85.000000
v 25.000000 28.882259 -85.000000
v 30.000000 28.638365 -85.000000
v 35.000000 28.680698 -85.000000
v 40.000000 27.034966 -85.000000
v 45.000000 26.046110 -85.000000
v 50.000000 28.069338 -85.000000
v 55.000000 27.664686 -85.000000
v 60.000000 26.444582 -85.000000
v 65.000000 27.135962 -85.000000
v 70.000000 26.095497 -85.000000
v 75.000000 25.631899 -85.000000
v 80.000000 23.211250 -85.000000
v 85.000000 21.142786 -85.000000
v 90.000000 20.015711 -85.000000
v 95.000000 18.308170 -85.000000
v 100.000000 16.656946 -85.000000
v 105.000000 15.893385 -85.000000
v 110.000000 15.066153 -85.000000
v 115.000000 14.032187 -85.000000
v 120.000000 11.683189 -85.000000
v 125.000000 9.483971 -85.000000
v 130.000000 7.006369 -85.000000
v 135.000000 5.077430 -85.000000
v 140.000000 3.842512 -85.000000
v 145.000000 3.155760 -85.000000
v 150.000000 3.000000 -85.000000
v -150.000000 3.000000 -90.000000
v -145.000000 3.000000 -90.000000
v -140.000000 3.000000 -90.000000
v -135.000000 3.218008 -90.000000
v -130.000000 4.049589 -90.000000
v -125.000000 5.571565 -90.000000
v -120.000000 6.810706 -90.000000
v -115.000000 7.943206 -90.000000
v -110.000000 9.064391 -90.000000
v -105.000000 10.613308 -90.000000
v -100.000000 12.386426 -90.000000
v -95.000000 13.122206 -90.000000
v -90.000000 14.795546 -90.000000
v -85.000000 16.429327 -90.000000
v -80.000000 17.412384 -90.000000
v -75.000000 19.137535 -90.000000
v -70.000000 20.891993 -90.000000
v -65.000000 22.160490 -90.000000
v -60.000000 22.930471 -90.000000
v -55.000000 23.913103 -90.000000
v -50.000000 25.241386 -90.000000
v -45.000000 25.473070 -90.000000
v -40.000000 26.715382 -90.000000
v -35.000000 28.015575 -90.000000
v -30.000000 30.134132 -90.000000
v -25.000000 33.468788 -90.000000
v -20.000000 35.069927 -90.000000
v -15.000000 33.271637 -90.000000
v -10.000000 33.190109 -90.000000
v -5.000000 34.249496 -90.000000
v 0.000000 35.258724 -90.000000
v 5.000000 34.887314 -90.000000
v 10.000000 34.197990 -90.000000
v 15.000000 31.909031 -90.000000
v 20.000000 30.517935 -90.000000
v 25.000000 28.737541 -90.000000
v 30.000000 28.136034 -90.000000
v 35.000000 25.771442 -90.000000
v 40.000000 25.198511 -90.000000
v 45.000000 25.625101 -90.000000
v 50.000000 26.021336 -90.000000
v 55.000000 25.806602 -90.000000
v 60.000000 25.880199 -90.000000
v 65.000000 24.949348 -90.000000
v 70.000000 24.459524 -90.000000
v 75.000000 22.803167 -90.000000
v 80.000000 20.495342 -90.000000
v 85.000000 18.952885 -90.000000
v 90.000000 17.862259 -90.000000
v 95.000000 16.438915 -90.000000
v 100.000000 14.931694 -90.000000
v 105.000000 13.711609 -90.000000
v 110.000000 12.980907 -90.000000
v 115.000000 11.958030 -90.000000
v 120.000000 9.804539 -90.000000
v 125.000000 8.020784 -90.000000
v 130.000000 5.826427 -90.000000
v 135.000000 4.354652 -90.000000
v 140.000000 3.451612 -90.000000
v 145.000000 3.024939 -90.000000
v 150.000000 3.000000 -90.000000
v -150.000000 3.000000 -95.000000
v -145.000000 3.000000 -95.000000
v -140.000000 3.000000 -95.000000
v -135.000000 3.000000 -95.000000
v -130.000000 3.476903 -95.000000
v -125.000000 4.624601 -95.000000
v -120.000000 5.737061 -95.000000
v -115.000000 6.987570 -95.000000
v -110.000000 8.228983 -95.000000
v -105.000000 9.662182 -95.000000
v -100.000000 11.072453 -95.000000
v -95.000000 11.913240 -95.000000
v -90.000000 13.243348 -95.000000
v -85.000000 14.760744 -95.000000
v -80.000000 16.246471 -95.000000
v -75.000000 17.269115 -95.000000
v -70.000000 19.127542 -95.000000
v -65.000000 20.796419 -95.000000
v -60.000000 21.123371 -95.000000
v -55.000000 21.617109 -95.000000
v -50.000000 23.357628 -95.000000
v -45.000000 23.464676 -95.000000
v -40.000000 25.075994 -95.000000
v -35.000000 26.331739 -95.000000
v -30.000000 28.958054 -95.000000
v -25.000000 30.484701 -95.000000
v -20.000000 32.361019 -95.000000
v -15.000000 32.257019 -95.000000
v -10.000000 32.698174 -95.000000
v -5.000000 33.641609 -95.000000
v 0.000000 33.946564 -95.000000
v 5.000000 33.354790 -95.000000
v 10.000000 31.821873 -95.000000
v 15.000000 29.986216 -95.000000
v 20.000000 28.231287 -95.000000
v 25.000000 27.530567 -95.000000
v 30.000000 25.894871 -95.000000
v 35.000000 24.249670 -95.000000
v 40.000000 24.051964 -95.000000
v 45.000000 23.473740 -95.000000
v 50.000000 23.411903 -95.000000
v 55.000000 23.966566 -95.000000
v 60.000000 24.446440 -95.000000
v 65.000000 24.419065 -95.000000
v 70.000000 21.889957 -95.000000
v 75.000000 20.517900 -95.000000
v 80.000000 18.871347 -95.000000
v 85.000000 17.742867 -95.000000
v 90.000000 15.483159 -95.000000
v 95.000000 14.561791 -95.000000
v 100.000000 13.834744 -95.000000
v 105.000000 12.236820 -95.000000
v 110.000000 11.325200 -95.000000
v 115.000000 9.834244 -95.000000
v 120.000000 8.503302 -95.000000
v 125.000000 6.700264 -95.000000
v 130.000000 4.845195 -95.000000
v 135.000000 3.735793 -95.000000
v 140.000000 3.120751 -95.000000
v 145.000000 3.000000 -95.000000
v 150.000000 3.000000 -95.000000
v -150.000000 3.000000 -100.000000
v -145.000000 3.000000 -100.000000
v -140.000000 3.000000 -100.000000
v -135.000000 3.000000 -100.000000
v -130.000000 3.072717 -100.000000
v -125.000000 3.814636 -100.000000
v -120.000000 4.839913 -100.000000
v -115.000000 6.041495 -100.000000
v -110.000000 7.235450 -100.000000
v -105.000000 8.496115 -100.000000
v -100.000000 9.785019 -100.000000
v -95.000000 10.805075 -100.000000
v -90.000000 12.114817 -100.000000
v -85.000000 13.109445 -100.000000
v -80.000000 14.384221 -100.000000
v -75.000000 15.140568 -100.000000
v -70.000000 16.794346 -100.000000
v -65.000000 18.380768 -100.000000
v -60.000000 19.041986 -100.000000
v -55.000000 19.915489 -100.000000
v -50.000000 21.114225 -100.000000
v -45.000000 22.472553 -100.000000
v -40.000000 23.911995 -100.000000
v -35.000000 24.469423 -100.000000
v -30.000000 26.109455 -100.000000
v -25.000000 27.960453 -100.000000
v -20.000000 28.550690 -100.000000
v -15.000000 29.903278 -100.000000
v -10.000000 30.407967 -100.000000
v -5.000000 31.628212 -100.000000
v 0.000000 30.998846 -100.000000
v 5.000000 30.704439 -100.000000
v 10.000000 29.154263 -100.000000
v 15.000000 27.635174 -100.000000
v 20.000000 25.209080 -100.000000
v 25.000000 25.171507 -100.000000
v 30.000000 23.999317 -100.000000
v 35.000000 23.149601 -100.000000
v 40.000000 22.228756 -100.000000
v 45.000000 21.305737 -100.000000
v 50.000000 21.560791 -100.000000
v 55.000000 21.986061 -100.000000
v 60.000000 22.562323 -100.000000
v 65.000000 22.904202 -100.000000
v 70.000000 20.096273 -100.000000
v 75.000000 18.077917 -100.000000
v 80.000000 17.154327 -100.000000
v 85.000000 15.011616 -100.000000
v 90.000000 13.207210 -100.000000
v 95.000000 12.394076 -100.000000
v 100.000000 11.793625 -100.000000
v 105.000000 10.606787 -100.000000
v 110.000000 9.478249 -100.000000
v 115.000000 7.866782 -100.000000
v 120.000000 6.552429 -100.000000
v 125.000000 5.372581 -100.000000
v 130.000000 4.016433 -100.000000
v 135.000000 3.227657 -100.000000
v 140.000000 3.000000 -100.000000
v 145.000000 3.000000 -100.000000
v 150.000000 3.000000 -100.000000
v -150.000000 3.000000 -105.000000
v -145.000000 3.000000 -105.000000
v -140.000000 3.000000 -105.000000
v -135.000000 3.000000 -105.000000
v -130.000000 3.000000 -105.000000
v -125.000000 3.197739 -105.000000
v -120.000000 4.009246 -105.000000
v -115.000000 5.130057 -105.000000
v -110.000000 6.338672 -105.000000
v -105.000000 7.495682 -105.000000
v -100.000000 8.649920 -105.000000
v -95.000000 9.704996 -105.000000
v -90.000000 10.727991 -105.000000
v -85.000000 11.679386 -105.000000
v -80.000000 12.496389 -105.000000
v -75.000000 13.487806 -105.000000
v -70.000000 14.957914 -105.000000
v -65.000000 15.423819 -105.000000
v -60.000000 15.695873 -105.000000
v -55.000000 17.505219 -105.000000
v -50.000000 19.529610 -105.000000
v -45.000000 20.983246 -105.000000
v -40.000000 21.699551 -105.000000
v -35.000000 22.288393 -105.000000
v -30.000000 23.453920 -105.000000
v -25.000000 25.781763 -105.000000
v -20.000000 26.955021 -105.000000
v -15.000000 27.464960 -105.000000
v -10.000000 28.398918 -105.000000
v -5.000000 28.780870 -105.000000
v 0.000000 28.456285 -105.000000
v 5.000000 27.127071 -105.000000
v 10.000000 25.552980 -105.000000
v 15.000000 24.728432 -105.000000
v 20.000000 23.321781 -105.000000
v 25.000000 22.724957 -105.000000
v 30.000000 22.180979 -105.000000
v 35.000000 22.271917 -105.000000
v 40.000000 21.833570 -105.000000
v 45.000000 20.024626 -105.000000
v 50.000000 20.555872 -105.000000
v 55.000000 20.360483 -105.000000
v 60.000000 19.854212 -105.000000
v 65.000000 19.573870 -105.000000
v 70.000000 17.633320 -105.000000
v 75.000000 16.408329 -105.000000
v 80.000000 14.215790 -105.000000
v 85.000000 13.242854 -105.000000
v 90.000000 11.798302 -105.000000
v 95.000000 11.009832 -105.000000
v 100.000000 9.974529 -105.000000
v 105.000000 8.841231 -105.000000
v 110.000000 7.656864 -105.000000
v 115.000000 6.165873 -105.000000
v 120.000000 5.159860 -105.000000
v 125.000000 4.221662 -105.000000
v 130.000000 3.300339 -105.000000
v 135.000000 3.000000 -105.000000
v 140.000000 3.000000 -105.000000
v 145.000000 3.000000 -105.000000
v 150.000000 3.000000 -105.000000
v -150.000000 3.000000 -110.000000
v -145.000000 3.000000 -110.000000
v -140.000000 3.000000 -110.000000
v -135.000000 3.000000 -110.000000
v -130.000000 3.000000 -110.000000
v -125.000000 3.000000 -110.000000
v -120.000000 3.293394 -110.000000
v -115.000000 4.164481 -110.000000
v -110.000000 5.214434 -110.000000
v -105.000000 6.481419 -110.000000
v -100.000000 7.694281 -110.000000
v -95.000000 8.727365 -110.000000
v -90.000000 9.410292 -110.000000
v -85.000000 10.139853 -110.000000
v -80.000000 11.010964 -110.000000
v -75.000000 12.092857 -110.000000
v -70.000000 12.673564 -110.000000
v -65.000000 12.811266 -110.000000
v -60.000000 13.894890 -110.000000
v -55.000000 15.366150 -110.000000
v -50.000000 17.370899 -110.000000
v -45.000000 18.878733 -110.000000
v -40.000000 20.040918 -110.000000
v -35.000000 20.793497 -110.000000
v -30.000000 21.596088 -110.000000
v -25.000000 23.113443 -110.000000
v -20.000000 24.101149 -110.000000
v -15.000000 24.780983 -110.000000
v -10.000000 26.513842 -110.000000
v -5.000000 26.096962 -110.000000
v 0.000000 25.520617 -110.000000
v 5.000000 23.091591 -110.000000
v 10.000000 21.587765 -110.000000
v 15.000000 21.808458 -110.000000
v 20.000000 21.093901 -110.000000
v 25.000000 20.324688 -110.000000
v 30.000000 19.642185 -110.000000
v 35.000000 19.697723 -110.000000
v 40.000000 19.454790 -110.000000
v 45.000000 18.947168 -110.000000
v 50.000000 19.290071 -110.000000
v 55.000000 18.256680 -110.000000
v 60.000000 17.546921 -110.000000
v 65.000000 16.789913 -110.000000
v 70.000000 15.711812 -110.000000
v 75.000000 14.228786 -110.000000
v 80.000000 12.136404 -110.000000
v 85.000000 10.778878 -110.000000
v 90.000000 10.015214 -110.000000
v 95.000000 9.306059 -110.000000
v 100.000000 7.995972 -110.000000
v 105.000000 6.873308 -110.000000
v 110.000000 5.760658 -110.000000
v 115.000000 4.788583 -110.000000
v 120.000000 3.975158 -110.000000
v 125.000000 3.263289 -110.000000
v 130.000000 3.000000 -110.000000
v 135.000000 3.000000 -110.000000
v 140.000000 3.000000 -110.000000
v 145.000000 3.000000 -110.000000
v 150.000000 3.000000 -110.000000
v -150.000000 3.000000 -115.000000
v -145.000000 3.000000 -115.000000
v -140.000000 3.000000 -115.000000
v -135.000000 3.000000 -115.000000
v -130.000000 3.000000 -115.000000
v -125.000000 3.000000 -115.000000
v -120.000000 3.000000 -115.000000
v -115.000000 3.330403 -115.000000
v -110.000000 4.175896 -115.000000
v -105.000000 5.209586 -115.000000
v -100.000000 6.360876 -115.000000
v -95.000000 7.338833 -115.000000
v -90.000000 8.087290 -115.000000
v -85.000000 9.021578 -115.000000
v -80.000000 9.923921 -115.000000
v -75.000000 10.650474 -115.000000
v -70.000000 10.923201 -115.000000
v -65.000000 11.458935 -115.000000
v -60.000000 12.778260 -115.000000
v -55.000000 14.060161 -115.000000
v -50.000000 15.343823 -115.000000
v -45.000000 17.161037 -115.000000
v -40.000000 18.021481 -115.000000
v -35.000000 19.024647 -115.000000
v -30.000000 20.382154 -115.000000
v -25.000000 20.187075 -115.000000
v -20.000000 21.327188 -115.000000
v -15.000000 21.948757 -115.000000
v -10.000000 23.947895 -115.000000
v -5.000000 24.635708 -115.000000
v 0.000000 22.918922 -115.000000
v 5.000000 21.235004 -115.000000
v 10.000000 20.199215 -115.000000
v 15.000000 20.498077 -115.000000
v 20.000000 19.586611 -115.000000
v 25.000000 18.346460 -115.000000
v 30.000000 17.259911 -115.000000
v 35.000000 17.079472 -115.000000
v 40.000000 17.077667 -115.000000
v 45.000000 18.330650 -115.000000
v 50.000000 17.190914 -115.000000
v 55.000000 15.756805 -115.000000
v 60.000000 14.837520 -115.000000
v 65.000000 14.475341 -115.000000
v 70.000000 13.678904 -115.000000
v 75.000000 12.052781 -115.000000
v 80.000000 10.539474 -115.000000
v 85.000000 9.243130 -115.000000
v 90.000000 8.357193 -115.000000
v 95.000000 7.265448 -115.000000
v 100.000000 6.165927 -115.000000
v 105.000000 5.142281 -115.000000
v 110.000000 4.359964 -115.000000
v 115.000000 3.689238 -115.000000
v 120.000000 3.106476 -115.000000
v 125.000000 3.000000 -115.000000
v 130.000000 3.000000 -115.000000
v 135.000000 3.000000 -115.000000
v 140.000000 3.000000 -115.000000
v 145.000000 3.000000 -115.000000
v 150.000000 3.000000 -115.000000
v -150.000000 3.000000 -120.000000
v -145.000000 3.000000 -120.000000
v -140.000000 3.000000 -120.000000
v -135.000000 3.000000 -120.000000
v -130.000000 3.000000 -120.000000
v -125.000000 3.000000 -120.000000
v -120.000000 3.000000 -120.000000
v -115.000000 3.000000 -120.000000
v -110.000000 3.291844 -120.000000
v -105.000000 3.993694 -120.000000
v -100.000000 4.913755 -120.000000
v -95.000000 6.006005 -120.000000
v -90.000000 7.060280 -120.000000
v -85.000000 7.694745 -120.000000
v -80.000000 8.450502 -120.000000
v -75.000000 9.040039 -120.000000
v -70.000000 9.564800 -120.000000
v -65.000000 10.750759 -120.000000
v -60.000000 11.619469 -120.000000
v -55.000000 12.198132 -120.000000
v -50.000000 13.371281 -120.000000
v -45.000000 14.262626 -120.000000
v -40.000000 15.795220 -120.000000
v -35.000000 17.043568 -120.000000
v -30.000000 17.735886 -120.000000
v -25.000000 17.597836 -120.000000
v -20.000000 18.334099 -120.000000
v -15.000000 19.581699 -120.000000
v -10.000000 20.802593 -120.000000
v -5.000000 21.362284 -120.000000
v 0.000000 20.090858 -120.000000
v 5.000000 19.414019 -120.000000
v 10.000000 19.102915 -120.000000
v 15.000000 18.596241 -120.000000
v 20.000000 17.775677 -120.000000
v 25.000000 16.409054 -120.000000
v 30.000000 15.659263 -120.000000
v 35.000000 15.656411 -120.000000
v 40.000000 15.697669 -120.000000
v 45.000000 15.819354 -120.000000
v 50.000000 14.425302 -120.000000
v 55.000000 13.230938 -120.000000
v 60.000000 12.796976 -120.000000
v 65.000000 11.899916 -120.000000
v 70.000000 11.266868 -120.000000
v 75.000000 10.319664 -120.000000
v 80.000000 9.174615 -120.000000
v 85.000000 8.036726 -120.000000
v 90.000000 7.020026 -120.000000
v 95.000000 5.975091 -120.000000
v 100.000000 4.834516 -120.000000
v 105.000000 3.936224 -120.000000
v 110.000000 3.303909 -120.000000
v 115.000000 3.000000 -120.000000
v 120.000000 3.000000 -120.000000
v 125.000000 3.000000 -120.000000
v 130.000000 3.000000 -120.000000
v 135.000000 3.000000 -120.000000
v 140.000000 3.000000 -120.000000
v 145.000000 3.000000 -120.000000
v 150.000000 3.000000 -120.000000
v -150.000000 3.000000 -125.000000
v -145.000000 3.000000 -125.000000
v -140.000000 3.000000 -125.000000
v -135.000000 3.000000 -125.000000
v -130.000000 3.000000 -125.000000
v -125.000000 3.000000 -125.000000
v -120.000000 3.000000 -125.000000
v -115.000000 3.000000 -125.000000
v -110.000000 3.000000 -125.000000
v -105.000000 3.197670 -125.000000
v -100.000000 3.827737 -125.000000
v -95.000000 4.614796 -125.000000
v -90.000000 5.524259 -125.000000
v -85.000000 6.425812 -125.000000
v -80.000000 7.161529 -125.000000
v -75.000000 7.775676 -125.000000
v -70.000000 8.551891 -125.000000
v -65.000000 9.737043 -125.000000
v -60.000000 10.069514 -125.000000
v -55.000000 10.500918 -125.000000
v -50.000000 11.358253 -125.000000
v -45.000000 12.467822 -125.000000
v -40.000000 13.499624 -125.000000
v -35.000000 14.934826 -125.000000
v -30.000000 15.607648 -125.000000
v -25.000000 16.167431 -125.000000
v -20.000000 16.623901 -125.000000
v -15.000000 16.924923 -125.000000
v -10.000000 17.474863 -125.000000
v -5.000000 18.290863 -125.000000
v 0.000000 17.333611 -125.000000
v 5.000000 17.010738 -125.000000
v 10.000000 16.702457 -125.000000
v 15.000000 16.337978 -125.000000
v 20.000000 16.123596 -125.000000
v 25.000000 15.139008 -125.000000
v 30.000000 14.564425 -125.000000
v 35.000000 14.504807 -125.000000
v 40.000000 13.990877 -125.000000
v 45.000000 13.287949 -125.000000
v 50.000000 12.276557 -125.000000
v 55.000000 11.054625 -125.000000
v 60.000000 10.619977 -125.000000
v 65.000000 9.890933 -125.000000
v 70.000000 9.475718 -125.000000
v 75.000000 8.658643 -125.000000
v 80.000000 7.828216 -125.000000
v 85.000000 6.742043 -125.000000
v 90.000000 5.721706 -125.000000
v 95.000000 4.812364 -125.000000
v 100.000000 3.872320 -125.000000
v 105.000000 3.207103 -125.000000
v 110.000000 3.000000 -125.000000
v 115.000000 3.000000 -125.000000
v 120.000000 3.000000 -125.000000
v 125.000000 3.000000 -125.000000
v 130.000000 3.000000 -125.000000
v 135.000000 3.000000 -125.000000
v 140.000000 3.000000 -125.000000
v 145.000000 3.000000 -125.000000
v 150.000000 3.000000 -125.000000
v -150.000000 3.000000 -130.000000
v -145.000000 3.000000 -130.000000
v -140.000000 3.000000 -130.000000
v -135.000000 3.000000 -130.000000
v -130.000000 3.000000 -130.000000
v -125.000000 3.000000 -130.000000
v -120.000000 3.000000 -130.000000
v -115.000000 3.000000 -130.000000
v -110.000000 3.000000 -130.000000
v -105.000000 3.000000 -130.000000
v -100.000000 3.069414 -130.000000
v -95.000000 3.478106 -130.000000
v -90.000000 4.045113 -130.000000
v -85.000000 4.692493 -130.000000
v -80.000000 5.476929 -130.000000
v -75.000000 6.114038 -130.000000
v -70.000000 6.733117 -130.000000
v -65.000000 7.412433 -130.000000
v -60.000000 7.837038 -130.000000
v -55.000000 8.332142 -130.000000
v -50.000000 8.823218 -130.000000
v -45.000000 9.264345 -130.000000
v -40.000000 10.210824 -130.000000
v -35.000000 10.867524 -130.000000
v -30.000000 11.744992 -130.000000
v -25.000000 11.899059 -130.000000
v -20.000000 12.388719 -130.000000
v -15.000000 12.409228 -130.000000
v -10.000000 12.603329 -130.000000
v -5.000000 12.809308 -130.000000
v 0.000000 12.660708 -130.000000
v 5.000000 12.258893 -130.000000
v 10.000000 11.886189 -130.000000
v 15.000000 11.809976 -130.000000
v 20.000000 11.737285 -130.000000
v 25.000000 11.497860 -130.000000
v 30.000000 11.155013 -130.000000
v 35.000000 10.865032 -130.000000
v 40.000000 10.208277 -130.000000
v 45.000000 9.626668 -130.000000
v 50.000000 8.963649 -130.000000
v 55.000000 8.159882 -130.000000
v 60.000000 7.649129 -130.000000
v 65.000000 7.402662 -130.000000
v 70.000000 6.946994 -130.000000
v 75.000000 6.349481 -130.000000
v 80.000000 5.605683 -130.000000
v 85.000000 4.870203 -130.000000
v 90.000000 4.178129 -130.000000
v 95.000000 3.559325 -130.000000
v 100.000000 3.085066 -130.000000
v 105.000000 3.000000 -130.000000
v 110.000000 3.000000 -130.000000
v 115.000000 3.000000 -130.000000
v 120.000000 3.000000 -130.000000
v 125.000000 3.000000 -130.000000
v 130.000000 3.000000 -130.000000
v 135.000000 3.000000 -130.000000
v 140.000000 3.000000 -130.000000
v 145.000000 3.000000 -130.000000
v 150.000000 3.000000 -130.000000
v -150.000000 3.000000 -135.000000
v -145.000000 3.000000 -135.000000
v -140.000000 3.000000 -135.000000
v -135.000000 3.000000 -135.000000
v -130.000000 3.000000 -135.000000
v -125.000000 3.000000 -135.000000
v -120.000000 3.000000 -135.000000
v -115.000000 3.000000 -135.000000
v -110.000000 3.000000 -135.000000
v -105.000000 3.000000 -135.000000
v -100.000000 3.000000 -135.000000
v -95.000000 3.000000 -135.000000
v -90.000000 3.216530 -135.000000
v -85.000000 3.564736 -135.000000
v -80.000000 4.004634 -135.000000
v -75.000000 4.535972 -135.000000
v -70.000000 5.128415 -135.000000
v -65.000000 5.569331 -135.000000
v -60.000000 5.856346 -135.000000
v -55.000000 6.209405 -135.000000
v -50.000000 6.671383 -135.000000
v -45.000000 7.068051 -135.000000
v -40.000000 7.368035 -135.000000
v -35.000000 7.717440 -135.000000
v -30.000000 8.279426 -135.000000
v -25.000000 8.374866 -135.000000
v -20.000000 8.469157 -135.000000
v -15.000000 8.922522 -135.000000
v -10.000000 8.996465 -135.000000
v -5.000000 8.700761 -135.000000
v 0.000000 8.751287 -135.000000
v 5.000000 8.656583 -135.000000
v 10.000000 8.278986 -135.000000
v 15.000000 8.200811 -135.000000
v 20.000000 8.083525 -135.000000
v 25.000000 7.924601 -135.000000
v 30.000000 7.705970 -135.000000
v 35.000000 7.500064 -135.000000
v 40.000000 7.156177 -135.000000
v 45.000000 6.983383 -135.000000
v 50.000000 6.536539 -135.000000
v 55.000000 5.981465 -135.000000
v 60.000000 5.646481 -135.000000
v 65.000000 5.309872 -135.000000
v 70.000000 4.916951 -135.000000
v 75.000000 4.438922 -135.000000
v 80.000000 4.000616 -135.000000
v 85.000000 3.636498 -135.000000
v 90.000000 3.249356 -135.000000
v 95.000000 3.000000 -135.000000
v 100.000000 3.000000 -135.000000
v 105.000000 3.000000 -135.000000
v 110.000000 3.000000 -135.000000
v 115.000000 3.000000 -135.000000
v 120.000000 3.000000 -135.000000
v 125.000000 3.000000 -135.000000
v 130.000000 3.000000 -135.000000
v 135.000000 3.000000 -135.000000
v 140.000000 3.000000 -135.000000
v 145.000000 3.000000 -135.000000
v 150.000000 3.000000 -135.000000
v -150.000000 3.000000 -140.000000
v -145.000000 3.000000 -140.000000
v -140.000000 3.000000 -140.000000
v -135.000000 3.000000 -140.000000
v -130.000000 3.000000 -140.000000
v -125.000000 3.000000 -140.000000
v -120.000000 3.000000 -140.000000
v -115.000000 3.000000 -140.000000
v -110.000000 3.000000 -140.000000
v -105.000000 3.000000 -140.000000
v -100.000000 3.000000 -140.000000
v -95.000000 3.000000 -140.000000
v -90.000000 3.000000 -140.000000
v -85.000000 3.048306 -140.000000
v -80.000000 3.237879 -140.000000
v -75.000000 3.487220 -140.000000
v -70.000000 3.744304 -140.000000
v -65.000000 4.054523 -140.000000
v -60.000000 4.371673 -140.000000
v -55.000000 4.624833 -140.000000
v -50.000000 4.834641 -140.000000
v -45.000000 5.015361 -140.000000
v -40.000000 5.253225 -140.000000
v -35.000000 5.369824 -140.000000
v -30.000000 5.643437 -140.000000
v -25.000000 5.849332 -140.000000
v -20.000000 5.994007 -140.000000
v -15.000000 6.098223 -140.000000
v -10.000000 6.074086 -140.000000
v -5.000000 6.115333 -140.000000
v 0.000000 5.992565 -140.000000
v 5.000000 5.874249 -140.000000
v 10.000000 5.871004 -140.000000
v 15.000000 5.839114 -140.000000
v 20.000000 5.672674 -140.000000
v 25.000000 5.497489 -140.000000
v 30.000000 5.378396 -140.000000
v 35.000000 5.218320 -140.000000
v 40.000000 5.094350 -140.000000
v 45.000000 4.897816 -140.000000
v 50.000000 4.722224 -140.000000
v 55.000000 4.407354 -140.000000
v 60.000000 4.115353 -140.000000
v 65.000000 3.897081 -140.000000
v 70.000000 3.658657 -140.000000
v 75.000000 3.436376 -140.000000
v 80.000000 3.219455 -140.000000
v 85.000000 3.052303 -140.000000
v 90.000000 3.000000 -140.000000
v 95.000000 3.000000 -140.000000
v 100.000000 3.000000 -140.000000
v 105.000000 3.000000 -140.000000
v 110.000000 3.000000 -140.000000
v 115.000000 3.000000 -140.000000
v 120.000000 3.000000 -140.000000
v 125.000000 3.000000 -140.000000
v 130.000000 3.000000 -140.000000
v 135.000000 3.000000 -140.000000
v 140.000000 3.000000 -140.000000
v 145.000000 3.000000 -140.000000
v 150.000000 3.000000 -140.000000
v -150.000000 3.000000 -145.000000
v -145.000000 3.000000 -145.000000
v -140.000000 3.000000 -145.000000
v -135.000000 3.000000 -145.000000
v -130.000000 3.000000 -145.000000
v -125.000000 3.000000 -145.000000
v -120.000000 3.000000 -145.000000
v -115.000000 3.000000 -145.000000
v -110.000000 3.000000 -145.000000
v -105.000000 3.000000 -145.000000
v -100.000000 3.000000 -145.000000
v -95.000000 3.000000 -145.000000
v -90.000000 3.000000 -145.000000
v -85.000000 3.000000 -145.000000
v -80.000000 3.000000 -145.000000
v -75.000000 3.038532 -145.000000
v -70.000000 3.121306 -145.000000
v -65.000000 3.226778 -145.000000
v -60.000000 3.354948 -145.000000
v -55.000000 3.502802 -145.000000
v -50.000000 3.604514 -145.000000
v -45.000000 3.706080 -145.000000
v -40.000000 3.780669 -145.000000
v -35.000000 3.848977 -145.000000
v -30.000000 3.924786 -145.000000
v -25.000000 4.019734 -145.000000
v -20.000000 4.076375 -145.000000
v -15.000000 4.083551 -145.000000
v -10.000000 4.091164 -145.000000
v -5.000000 4.128836 -145.000000
v 0.000000 4.123837 -145.000000
v 5.000000 4.089406 -145.000000
v 10.000000 4.059970 -145.000000
v 15.000000 4.037443 -145.000000
v 20.000000 3.934662 -145.000000
v 25.000000 3.876508 -145.000000
v 30.000000 3.812152 -145.000000
v 35.000000 3.767894 -145.000000
v 40.000000 3.689705 -145.000000
v 45.000000 3.616554 -145.000000
v 50.000000 3.520416 -145.000000
v 55.000000 3.409971 -145.000000
v 60.000000 3.284169 -145.000000
v 65.000000 3.192544 -145.000000
v 70.000000 3.113857 -145.000000
v 75.000000 3.038557 -145.000000
v 80.000000 3.000000 -145.000000
v 85.000000 3.000000 -145.000000
v 90.000000 3.000000 -145.000000
v 95.000000 3.000000 -145.000000
v 100.000000 3.000000 -145.000000
v 105.000000 3.000000 -145.000000
v 110.000000 3.000000 -145.000000
v 115.000000 3.000000 -145.000000
v 120.000000 3.000000 -145.000000
v 125.000000 3.000000 -145.000000
v 130.000000 3.000000 -145.000000
v 135.000000 3.000000 -145.000000
v 140.000000 3.000000 -145.000000
v 145.000000 3.000000 -145.000000
v 150.000000 3.000000 -145.000000
v -150.000000 3.000000 -150.000000
v -145.000000 3.000000 -150.000000
v -140.000000 3.000000 -150.000000
v -135.000000 3.000000 -150.000000
v -130.000000 3.000000 -150.000000
v -125.000000 3.000000 -150.000000
v -120.000000 3.000000 -150.000000
v -115.000000 3.000000 -150.000000
v -110.000000 3.000000 -150.000000
v -105.000000 3.000000 -150.000000
v -100.000000 3.000000 -150.000000
v -95.000000 3.000000 -150.000000
v -90.000000 3.000000 -150.000000
v -85.000000 3.000000 -150.000000
v -80.000000 3.000000 -150.000000
v -75.000000 3.000000 -150.000000
v -70.000000 3.000000 -150.000000
v -65.000000 3.000000 -150.000000
v -60.000000 3.000000 -150.000000
v -55.000000 3.000000 -150.000000
v -50.000000 3.000000 -150.000000
v -45.000000 3.000000 -150.000000
v -40.000000 3.000000 -150.000000
v -35.000000 3.000000 -150.000000
v -30.000000 3.000000 -150.000000
v -25.000000 3.000000 -150.000000
v -20.000000 3.000000 -150.000000
v -15.000000 3.000000 -150.000000
v -10.000000 3.000000 -150.000000
v -5.000000 3.000000 -150.000000
v 0.000000 3.000000 -150.000000
v 5.000000 3.000000 -150.000000
v 10.000000 3.000000 -150.000000
v 15.000000 3.000000 -150.000000
v 20.000000 3.000000 -150.000000
v 25.000000 3.000000 -150.000000
v 30.000000 3.000000 -150.000000
v 35.000000 3.000000 -150.000000
v 40.000000 3.000000 -150.000000
v 45.000000 3.000000 -150.000000
v 50.000000 3.000000 -150.000000
v 55.000000 3.000000 -150.000000
v 60.000000 3.000000 -150.000000
v 65.000000 3.000000 -150.000000
v 70.000000 3.000000 -150.000000
v 75.000000 3.000000 -150.000000
v 80.000000 3.000000 -150.000000
v 85.000000 3.000000 -150.000000
v 90.000000 3.000000 -150.000000
v 95.000000 3.000000 -150.000000
v 100.000000 3.000000 -150.000000
v 105.000000 3.000000 -150.000000
v 110.000000 3.000000 -150.000000
v 115.000000 3.000000 -150.000000
v 120.000000 3.000000 -150.000000
v 125.000000 3.000000 -150.000000
v 130.000000 3.000000 -150.000000
v 135.000000 3.000000 -150.000000
v 140.000000 3.000000 -150.000000
v 145.000000 3.000000 -150.000000
v 150.000000 3.000000 -150.000000
v -150.000000 0.000000 150.000000
v -145.000000 0.000000 150.000000
v -140.000000 0.000000 150.000000
v -135.000000 0.000000 150.000000
v -130.000000 0.000000 150.000000
v -125.000000 0.000000 150.000000
v -120.000000 0.000000 150.000000
v -115.000000 0.000000 150.000000
v -110.000000 0.000000 150.000000
v -105.000000 0.000000 150.000000
v -100.000000 0.000000 150.000000
v -95.000000 0.000000 150.000000
v -90.000000 0.000000 150.000000
v -85.000000 0.000000 150.000000
v -80.000000 0.000000 150.000000
v -75.000000 0.000000 150.000000
v -70.000000 0.000000 150.000000
v -65.000000 0.000000 150.000000
v -60.000000 0.000000 150.000000
v -55.000000 0.000000 150.000000
v -50.000000 0.000000 150.000000
v -45.000000 0.000000 150.000000
v -40.000000 0.000000 150.000000
v -35.000000 0.000000 150.000000
v -30.000000 0.000000 150.000000
v -25.000000 0.000000 150.000000
v -20.000000 0.000000 150.000000
v -15.000000 0.000000 150.000000
v -10.000000 0.000000 150.000000
v -5.000000 0.000000 150.000000
v 0.000000 0.000000 150.000000
v 5.000000 0.000000 150.000000
v 10.000000 0.000000 150.000000
v 15.000000 0.000000 150.000000
v 20.000000 0.000000 150.000000
v 25.000000 0.000000 150.000000
v 30.000000 0.000000 150.000000
v 35.000000 0.000000 150.000000
v 40.000000 0.000000 150.000000
v 45.000000 0.000000 150.000000
v 50.000000 0.000000 150.000000
v 55.000000 0.000000 150.000000
v 60.000000 0.000000 150.000000
v 65.000000 0.000000 150.000000
v 70.000000 0.000000 150.000000
v 75.000000 0.000000 150.000000
v 80.000000 0.000000 150.000000
v 85.000000 0.000000 150.000000
v 90.000000 0.000000 150.000000
v 95.000000 0.000000 150.000000
v 100.000000 0.000000 150.000000
v 105.000000 0.000000 150.000000
v 110.000000 0.000000 150.000000
v 115.000000 0.000000 150.000000
v 120.000000 0.000000 150.000000
v 125.000000 0.000000 150.000000
v 130.000000 0.000000 150.000000
v 135.000000 0.000000 150.000000
v 140.000000 0.000000 150.000000
v 145.000000 0.000000 150.000000
v 150.000000 0.000000 150.000000
v 150.000000 0.000000 145.000000
v 150.000000 0.000000 140.000000
v 150.000000 0.000000 135.000000
v 150.000000 0.000000 130.000000
v 150.000000 0.000000 125.000000
v 150.000000 0.000000 120.000000
v 150.000000 0.000000 115.000000
v 150.000000 0.000000 110.000000
v 150.000000 0.000000 105.000000
v 150.000000 0.000000 100.000000
v 150.000000 0.000000 95.000000
v 150.000000 0.000000 90.000000
v 150.000000 0.000000 85.000000
v 150.000000 0.000000 80.000000
v 150.000000 0.000000 75.000000
v 150.000000 0.000000 70.000000
v 150.000000 0.000000 65.000000
v 150.000000 0.000000 60.000000
v 150.000000 0.000000 55.000000
v 150.000000 0.000000 50.000000
v 150.000000 0.000000 45.000000
v 150.000000 0.000000 40.000000
v 150.000000 0.000000 35.000000
v 150.000000 0.000000 30.000000
v 150.000000 0.000000 25.000000
v 150.000000 0.000000 20.000000
v 150.000000 0.000000 15.000000
v 150.000000 0.000000 10.000000
v 150.000000 0.000000 5.000000
v 150.000000 0.000000 0.000000
v 150.000000 0.000000 -5.000000
v 150.000000 0.000000 -10.000000
v 150.000000 0.000000 -15.000000
v 150.000000 0.000000 -20.000000
v 150.000000 0.000000 -25.000000
v 150.000000 0.000000 -30.000000
v 150.000000 0.000000 -35.000000
v 150.000000 0.000000 -40.000000
v 150.000000 0.000000 -45.000000
v 150.000000 0.000000 -50.000000
v 150.000000 0.000000 -55.000000
v 150.000000 0.000000 -60.000000
v 150.000000 0.000000 -65.000000
v 150.000000 0.000000 -70.000000
v 150.000000 0.000000 -75.000000
v 150.000000 0.000000 -80.000000
v 150.000000 0.000000 -85.000000
v 150.000000 0.000000 -90.000000
v 150.000000 0.000000 -95.000000
v 150.000000 0.000000 -100.000000
v 150.000000 0.000000 -105.000000
v 150.000000 0.000000 -110.000000
v 150.000000 0.000000 -115.000000
v 150.000000 0.000000 -120.000000
v 150.000000 0.000000 -125.000000
v 150.000000 0.000000 -130.000000
v 150.000000 0.000000 -135.000000
v 150.000000 0.000000 -140.000000
v 150.000000 0.000000 -145.000000
v 150.000000 0.000000 -150.000000
v 145.000000 0.000000 -150.000000
v 140.000000 0.000000 -150.000000
v 135.000000 0.000000 -150.000000
v 130.000000 0.000000 -150.000000
v 125.000000 0.000000 -150.000000
v 120.000000 0.000000 -150.000000
v 115.000000 0.000000 -150.000000
v 110.000000 0.000000 -150.000000
v 105.000000 0.000000 -150.000000
v 100.000000 0.000000 -150.000000
v 95.000000 0.000000 -150.000000
v 90.000000 0.000000 -150.000000
v 85.000000 0.000000 -150.000000
v 80.000000 0.000000 -150.000000
v 75.000000 0.000000 -150.000000
v 70.000000 0.000000 -150.000000
v 65.000000 0.000000 -150.000000
v 60.000000 0.000000 -150.000000
v 55.000000 0.000000 -150.000000
v 50.000000 0.000000 -150.000000
v 45.000000 0.000000 -150.000000
v 40.000000 0.000000 -150.000000
v 35.000000 0.000000 -150.000000
v 30.000000 0.000000 -150.000000
v 25.000000 0.000000 -150.000000
v 20.000000 0.000000 -150.000000
v 15.000000 0.000000 -150.000000
v 10.000000 0.000000 -150.000000
v 5.000000 0.000000 -150.000000
v 0.000000 0.000000 -150.000000
v -5.000000 0.000000 -150.000000
v -10.000000 0.000000 -150.000000
v -15.000000 0.000000 -150.000000
v -20.000000 0.000000 -150.000000
v -25.000000 0.000000 -150.000000
v -30.000000 0.000000 -150.000000
v -35.000000 0.000000 -150.000000
v -40.000000 0.000000 -150.000000
v -45.000000 0.000000 -150.000000
v -50.000000 0.000000 -150.000000
v -55.000000 0.000000 -150.000000
v -60.000000 0.000000 -150.000000
v -65.000000 0.000000 -150.000000
v -70.000000 0.000000 -150.000000
v -75.000000 0.000000 -150.000000
v -80.000000 0.000000 -150.000000
v -85.000000 0.000000 -150.000000
v -90.000000 0.000000 -150.000000
v -95.000000 0.000000 -150.000000
v -100.000000 0.000000 -150.000000
v -105.000000 0.000000 -150.000000
v -110.000000 0.000000 -150.000000
v -115.000000 0.000000 -150.000000
v -120.000000 0.000000 -150.000000
v -125.000000 0.000000 -150.000000
v -130.000000 0.000000 -150.000000
v -135.000000 0.000000 -150.000000
v -140.000000 0.000000 -150.000000
v -145.000000 0.000000 -150.000000
v -150.000000 0.000000 -150.000000
v -150.000000 0.000000 -145.000000
v -150.000000 0.000000 -140.000000
v -150.000000 0.000000 -135.000000
v -150.000000 0.000000 -130.000000
v -150.000000 0.000000 -125.000000
v -150.000000 0.000000 -120.000000
v -150.000000 0.000000 -115.000000
v -150.000000 0.000000 -110.000000
v -150.000000 0.000000 -105.000000
v -150.000000 0.000000 -100.000000
v -150.000000 0.000000 -95.000000
v -150.000000 0.000000 -90.000000
v -150.000000 0.000000 -85.000000
v -150.000000 0.000000 -80.000000
v -150.000000 0.000000 -75.000000
v -150.000000 0.000000 -70.000000
v -150.000000 0.000000 -65.000000
v -150.000000 0.000000 -60.000000
v -150.000000 0.000000 -55.000000
v -150.000000 0.000000 -50.000000
v -150.000000 0.000000 -45.000000
v -150.000000 0.000000 -40.000000
v -150.000000 0.000000 -35.000000
v -150.000000 0.000000 -30.000000
v -150.000000 0.000000 -25.000000
v -150.000000 0.000000 -20.000000
v -150.000000 0.000000 -15.000000
v -150.000000 0.000000 -10.000000
v -150.000000 0.000000 -5.000000
v -150.000000 0.000000 0.000000
v -150.000000 0.000000 5.000000
v -150.000000 0.000000 10.000000
v -150.000000 0.000000 15.000000
v -150.000000 0.000000 20.000000
v -150.000000 0.000000 25.000000
v -150.000000 0.000000 30.000000
v -150.000000 0.000000 35.000000
v -150.000000 0.000000 40.000000
v -150.000000 0.000000 45.000000
v -150.000000 0.000000 50.000000
v -150.000000 0.000000 55.000000
v -150.000000 0.000000 60.000000
v -150.000000 0.000000 65.000000
v -150.000000 0.000000 70.000000
v -150.000000 0.000000 75.000000
v -150.000000 0.000000 80.000000
v -150.000000 0.000000 85.000000
v -150.000000 0.000000 90.000000
v -150.000000 0.000000 95.000000
v -150.000000 0.000000 100.000000
v -150.000000 0.000000 105.000000
v -150.000000 0.000000 110.000000
v -150.000000 0.000000 115.000000
v -150.000000 0.000000 120.000000
v -150.000000 0.000000 125.000000
v -150.000000 0.000000 130.000000
v -150.000000 0.000000 135.000000
v -150.000000 0.000000 140.000000
v -150.000000 0.000000 145.000000
vn -0.0000 1.0000 -0.0000
vn -0.0084 0.9999 0.0084
vn -0.0000 0.9997 0.0252
vn -0.0168 0.9998 0.0084
vn -0.0189 0.9988 0.0441
vn -0.0000 0.9981 0.0615
vn -0.0174 0.9989 0.0441
vn -0.0213 0.9964 0.0826
vn -0.0000 0.9952 0.0984
vn -0.0158 0.9965 0.0826
vn -0.0152 0.9934 0.1134
vn -0.0000 0.9918 0.1279
vn -0.0147 0.9934 0.1134
vn -0.0141 0.9898 0.1417
vn -0.0000 0.9895 0.1444
vn -0.0027 0.9899 0.1417
vn -0.0000 0.9874 0.1584
vn -0.0143 0.9894 0.1444
vn -0.0118 0.9854 0.1699
vn -0.0000 0.9849 0.1733
vn -0.0035 0.9855 0.1699
vn -0.0107 0.9829 0.1836
vn -0.0000 0.9807 0.1955
vn -0.0124 0.9829 0.1836
vn -0.0145 0.9777 0.2095
vn -0.0000 0.9773 0.2117
vn -0.0023 0.9778 0.2095
vn -0.0008 0.9772 0.2125
vn -0.0000 0.9839 0.1785
vn 0.0351 0.9766 0.2123
vn 0.0164 0.9865 0.1626
vn -0.0000 0.9900 0.1411
vn 0.0221 0.9864 0.1626
vn 0.0162 0.9920 0.1252
vn -0.0000 0.9929 0.1187
vn 0.0066 0.9921 0.1252
vn 0.0095 0.9940 0.1093
vn -0.0000 0.9950 0.0995
vn 0.0099 0.9940 0.1093
vn 0.0226 0.9968 0.0770
vn -0.0000 0.9982 0.0604
vn 0.0167 0.9969 0.0770
vn 0.0166 0.9989 0.0438
vn -0.0000 0.9997 0.0247
vn 0.0191 0.9989 0.0438
vn 0.0167 0.9998 0.0080
vn 0.0080 0.9999 0.0080
vn -0.0000 1.0000 0.0098
vn -0.0098 1.0000 -0.0000
vn -0.0366 0.9983 0.0464
vn -0.0084 0.9965 0.0834
vn -0.0455 0.9979 0.0464
vn -0.0168 0.9964 0.0834
vn -0.0526 0.9915 0.1189
vn -0.0187 0.9888 0.1477
vn -0.0480 0.9917 0.1189
vn -0.0172 0.9889 0.1477
vn -0.0376 0.9851 0.1676
vn -0.0210 0.9807 0.1945
vn -0.0488 0.9847 0.1675
vn -0.0156 0.9808 0.1945
vn -0.0229 0.9792 0.2016
vn -0.0150 0.9783 0.2067
vn -0.0204 0.9793 0.2016
vn -0.0145 0.9783 0.2067
vn -0.0396 0.9722 0.2307
vn -0.0138 0.9721 0.2340
vn -0.0172 0.9728 0.2308
vn -0.0026 0.9722 0.2340
vn -0.0107 0.9703 0.2415
vn -0.0000 0.9648 0.2631
vn -0.0231 0.9701 0.2415
vn -0.0140 0.9647 0.2630
vn -0.0319 0.9596 0.2797
vn -0.0115 0.9589 0.2836
vn -0.0156 0.9599 0.2798
vn -0.0034 0.9589 0.2836
vn -0.0082 0.9576 0.2880
vn -0.0104 0.9568 0.2906
vn -0.0132 0.9575 0.2880
vn -0.0120 0.9568 0.2906
vn -0.0361 0.9493 0.3124
vn -0.0141 0.9477 0.3188
vn -0.0210 0.9497 0.3126
vn -0.0022 0.9478 0.3188
vn -0.0172 0.9431 0.3322
vn -0.0008 0.9442 0.3292
vn 0.0026 0.9432 0.3323
vn 0.0339 0.9437 0.3291
vn 0.0196 0.9396 0.3418
vn 0.0158 0.9531 0.3022
vn 0.0594 0.9381 0.3413
vn 0.0213 0.9530 0.3022
vn 0.0459 0.9590 0.2796
vn 0.0158 0.9682 0.2499
vn 0.0478 0.9589 0.2796
vn 0.0065 0.9683 0.2499
vn 0.0195 0.9712 0.2376
vn 0.0094 0.9776 0.2102
vn 0.0381 0.9706 0.2375
vn 0.0098 0.9776 0.2102
vn 0.0067 0.9770 0.2131
vn 0.0223 0.9798 0.1987
vn 0.0371 0.9764 0.2130
vn 0.0164 0.9799 0.1988
vn 0.0470 0.9845 0.1692
vn 0.0165 0.9890 0.1468
vn 0.0395 0.9848 0.1693
vn 0.0189 0.9890 0.1468
vn 0.0453 0.9916 0.1209
vn 0.0167 0.9963 0.0849
vn 0.0529 0.9913 0.1208
vn 0.0080 0.9964 0.0849
vn 0.0428 0.9978 0.0502
vn -0.0000 0.9999 0.0118
vn 0.0385 0.9980 0.0502
vn 0.0118 0.9999 -0.0000
vn -0.0000 0.9991 0.0423
vn -0.0423 0.9991 -0.0000
vn -0.0098 0.9991 0.0423
vn -0.0629 0.9935 0.0953
vn -0.0363 0.9892 0.1418
vn -0.0834 0.9920 0.0951
vn -0.0451 0.9889 0.1417
vn -0.1024 0.9749 0.1977
vn -0.0515 0.9716 0.2307
vn -0.0857 0.9764 0.1980
vn -0.0471 0.9719 0.2308
vn -0.0762 0.9631 0.2583
vn -0.0363 0.9517 0.3049
vn -0.0869 0.9622 0.2580
vn -0.0472 0.9513 0.3047
vn -0.0699 0.9430 0.3253
vn -0.0221 0.9434 0.3310
vn -0.0277 0.9450 0.3260
vn -0.0196 0.9434 0.3310
vn -0.0271 0.9409 0.3377
vn -0.0386 0.9484 0.3148
vn -0.0130 0.9411 0.3378
vn -0.0167 0.9489 0.3150
vn -0.0358 0.9426 0.3320
vn -0.0102 0.9313 0.3641
vn -0.0468 0.9422 0.3319
vn -0.0222 0.9311 0.3640
vn -0.0052 0.9370 0.3492
vn -0.0310 0.9307 0.3643
vn -0.0487 0.9359 0.3488
vn -0.0152 0.9311 0.3645
vn -0.0716 0.9082 0.4124
vn -0.0077 0.8967 0.4425
vn -0.0436 0.9097 0.4131
vn -0.0124 0.8967 0.4425
vn -0.0136 0.8962 0.4435
vn -0.0338 0.8898 0.4551
vn -0.0489 0.8952 0.4430
vn -0.0197 0.8901 0.4552
vn -0.0348 0.8835 0.4671
vn -0.0163 0.8908 0.4541
vn 0.0006 0.8840 0.4674
vn 0.0024 0.8909 0.4542
vn -0.0284 0.8778 0.4783
vn 0.0182 0.8756 0.4826
vn 0.0128 0.8780 0.4784
vn 0.0554 0.8744 0.4820
vn 0.1069 0.8912 0.4408
vn 0.0431 0.9006 0.4325
vn 0.0557 0.8950 0.4427
vn 0.0449 0.9005 0.4325
vn 0.0997 0.9170 0.3863
vn 0.0184 0.9174 0.3975
vn 0.0075 0.9215 0.3883
vn 0.0360 0.9170 0.3973
vn 0.0585 0.9239 0.3781
vn 0.0063 0.9285 0.3712
vn 0.0151 0.9254 0.3787
vn 0.0353 0.9280 0.3710
vn 0.0885 0.9419 0.3239
vn 0.0457 0.9573 0.2856
vn 0.0878 0.9420 0.3239
vn 0.0384 0.9576 0.2857
vn 0.0605 0.9623 0.2652
vn 0.0441 0.9651 0.2583
vn 0.0517 0.9628 0.2653
vn 0.0515 0.9647 0.2582
vn 0.0996 0.9721 0.2124
vn 0.0423 0.9862 0.1599
vn 0.0966 0.9724 0.2125
vn 0.0380 0.9864 0.1599
vn 0.0872 0.9899 0.1114
vn 0.0118 0.9988 0.0469
vn 0.0767 0.9908 0.1115
vn -0.0000 0.9989 0.0469
vn 0.0469 0.9989 -0.0000
vn -0.0157 0.9998 0.0157
vn -0.0000 0.9953 0.0970
vn -0.0815 0.9966 0.0156
vn -0.0421 0.9944 0.0969
vn -0.0942 0.9844 0.1485
vn -0.0620 0.9785 0.1965
vn -0.1113 0.9827 0.1482
vn -0.0822 0.9771 0.1962
vn -0.1450 0.9556 0.2564
vn -0.0996 0.9481 0.3019
vn -0.1482 0.9552 0.2563
vn -0.0833 0.9495 0.3024
vn -0.0868 0.9482 0.3056
vn -0.0747 0.9440 0.3213
vn -0.0921 0.9477 0.3054
vn -0.0852 0.9432 0.3210
vn -0.1038 0.9355 0.3377
vn -0.0675 0.9105 0.4079
vn -0.1499 0.9300 0.3357
vn -0.0267 0.9123 0.4087
vn -0.0871 0.8849 0.4576
vn -0.0261 0.9042 0.4264
vn 0.0148 0.8882 0.4593
vn -0.0124 0.9044 0.4265
vn -0.0103 0.9052 0.4248
vn -0.0338 0.8897 0.4552
vn -0.0725 0.9029 0.4237
vn -0.0441 0.8894 0.4551
vn -0.0717 0.8762 0.4766
vn -0.0050 0.8915 0.4530
vn 0.0265 0.8782 0.4776
vn -0.0463 0.8906 0.4525
vn -0.0206 0.9017 0.4319
vn -0.0693 0.8789 0.4720
vn -0.1226 0.8951 0.4287
vn -0.0422 0.8802 0.4727
vn -0.1651 0.8108 0.5616
vn -0.0123 0.8105 0.5857
vn -0.0371 0.8215 0.5691
vn -0.0442 0.8097 0.5851
vn -0.0719 0.7947 0.6028
vn -0.0313 0.7940 0.6071
vn -0.0362 0.7962 0.6039
vn 0.0005 0.7944 0.6074
vn -0.0373 0.7753 0.6305
vn -0.0253 0.7827 0.6218
vn -0.0104 0.7758 0.6309
vn 0.0114 0.7829 0.6220
vn -0.0198 0.7675 0.6407
vn 0.0920 0.7669 0.6351
vn 0.0967 0.7641 0.6378
vn 0.0479 0.7693 0.6371
vn 0.1419 0.8055 0.5753
vn 0.0896 0.8241 0.5593
vn 0.1166 0.8082 0.5773
vn 0.0067 0.8274 0.5616
vn 0.0474 0.8449 0.5329
vn 0.0530 0.8370 0.5446
vn 0.0367 0.8452 0.5331
vn 0.0136 0.8381 0.5453
vn 0.0679 0.8601 0.5056
vn 0.0824 0.8774 0.4726
vn 0.1226 0.8556 0.5030
vn 0.0818 0.8775 0.4726
vn 0.1015 0.8837 0.4568
vn 0.0569 0.9053 0.4210
vn 0.1014 0.8838 0.4568
vn 0.0486 0.9057 0.4212
vn 0.0930 0.9188 0.3837
vn 0.0967 0.9442 0.3149
vn 0.1696 0.9094 0.3797
vn 0.0938 0.9444 0.3150
vn 0.1720 0.9550 0.2415
vn 0.0861 0.9772 0.1941
vn 0.1366 0.9604 0.2428
vn 0.0757 0.9780 0.1943
vn 0.1113 0.9809 0.1595
vn 0.0467 0.9941 0.0984
vn 0.1085 0.9812 0.1595
vn -0.0000 0.9951 0.0985
vn 0.0841 0.9964 0.0145
vn 0.0146 0.9998 0.0146
vn -0.0423 0.9982 0.0423
vn -0.0155 0.9867 0.1617
vn -0.1358 0.9898 0.0420
vn -0.0804 0.9836 0.1612
vn -0.1479 0.9626 0.2269
vn -0.0912 0.9525 0.2906
vn -0.1586 0.9610 0.2266
vn -0.1077 0.9509 0.2901
vn -0.1755 0.9195 0.3518
vn -0.1372 0.9043 0.4043
vn -0.1979 0.9155 0.3503
vn -0.1403 0.9039 0.4041
vn -0.1179 0.9153 0.3850
vn -0.0828 0.9041 0.4192
vn -0.1231 0.9148 0.3848
vn -0.0878 0.9037 0.4190
vn -0.1057 0.8949 0.4337
vn -0.0979 0.8821 0.4608
vn -0.1326 0.8919 0.4323
vn -0.1415 0.8775 0.4583
vn -0.2055 0.8367 0.5077
vn -0.0806 0.8192 0.5679
vn -0.1561 0.8445 0.5124
vn 0.0137 0.8218 0.5697
vn 0.0281 0.8282 0.5598
vn -0.0095 0.8299 0.5579
vn -0.0065 0.8285 0.5600
vn -0.0665 0.8281 0.5567
vn -0.1103 0.8030 0.5856
vn -0.0678 0.8288 0.5554
vn -0.0184 0.8078 0.5891
vn 0.0251 0.8304 0.5565
vn -0.0337 0.8025 0.5958
vn -0.0178 0.7791 0.6267
vn -0.0679 0.8011 0.5947
vn -0.1062 0.7748 0.6232
vn -0.0617 0.8006 0.5960
vn -0.1641 0.8061 0.5686
vn -0.1309 0.7953 0.5920
vn -0.0368 0.8166 0.5760
vn -0.0737 0.7968 0.5998
vn -0.0691 0.7642 0.6413
vn -0.1399 0.7911 0.5955
vn -0.0348 0.7656 0.6424
vn -0.1226 0.7140 0.6893
vn -0.0351 0.7303 0.6823
vn -0.0122 0.7194 0.6945
vn -0.0098 0.7307 0.6826
vn -0.1128 0.6722 0.7318
vn -0.0185 0.7169 0.6970
vn 0.0612 0.6752 0.7351
vn 0.0904 0.7141 0.6942
vn 0.0899 0.7138 0.6945
vn 0.1202 0.6825 0.7209
vn 0.0663 0.7152 0.6958
vn 0.0987 0.6841 0.7227
vn 0.0672 0.6710 0.7384
vn 0.0385 0.6850 0.7275
vn 0.0634 0.6712 0.7386
vn 0.0298 0.6852 0.7278
vn 0.1122 0.7205 0.6843
vn 0.0607 0.7687 0.6367
vn 0.1439 0.7175 0.6815
vn 0.1097 0.7655 0.6340
vn 0.1887 0.7920 0.5806
vn 0.0945 0.8222 0.5613
vn 0.1321 0.7994 0.5861
vn 0.0943 0.8222 0.5614
vn 0.0699 0.8128 0.5783
vn 0.0902 0.8912 0.4446
vn 0.2477 0.7894 0.5617
vn 0.1646 0.8826 0.4404
vn 0.2586 0.8977 0.3567
vn 0.1696 0.9420 0.2895
vn 0.2434 0.9014 0.3582
vn 0.1347 0.9472 0.2911
vn 0.1732 0.9514 0.2545
vn 0.1098 0.9681 0.2253
vn 0.1417 0.9563 0.2558
vn 0.1071 0.9684 0.2254
vn 0.1406 0.9711 0.1928
vn 0.0832 0.9861 0.1436
vn 0.1334 0.9721 0.1930
vn 0.0144 0.9895 0.1441
vn 0.1233 0.9917 0.0356
vn 0.0358 0.9987 0.0358
vn -0.0535 0.9971 0.0535
vn -0.0418 0.9874 0.1524
vn -0.1414 0.9885 0.0530
vn -0.1344 0.9793 0.1511
vn -0.1864 0.9613 0.2029
vn -0.1465 0.9536 0.2631
vn -0.2090 0.9568 0.2019
vn -0.1572 0.9520 0.2626
vn -0.2010 0.9312 0.3042
vn -0.1785 0.9350 0.3065
vn -0.1795 0.9351 0.3055
vn -0.2012 0.9308 0.3051
vn -0.1476 0.9558 0.2543
vn -0.1241 0.9635 0.2372
vn -0.1047 0.9611 0.2557
vn -0.1295 0.9628 0.2371
vn -0.2010 0.9309 0.3050
vn -0.1102 0.9332 0.3421
vn -0.1476 0.9399 0.3079
vn -0.1383 0.9299 0.3409
vn -0.2299 0.8774 0.4211
vn -0.2172 0.8843 0.4133
vn -0.2057 0.8823 0.4234
vn -0.1652 0.8935 0.4176
vn 0.0141 0.9658 0.2588
vn 0.0324 0.9524 0.3032
vn -0.0159 0.9658 0.2588
vn -0.0074 0.9529 0.3033
vn -0.1379 0.8984 0.4169
vn -0.1276 0.9292 0.3469
vn -0.0422 0.9063 0.4205
vn -0.0213 0.9366 0.3496
vn -0.0409 0.9294 0.3667
vn -0.0391 0.9290 0.3681
vn -0.0406 0.9294 0.3667
vn -0.0786 0.9268 0.3672
vn -0.0100 0.9518 0.3064
vn -0.0726 0.9424 0.3264
vn -0.0962 0.9475 0.3050
vn -0.1537 0.9337 0.3234
vn -0.0751 0.9652 0.2506
vn -0.0896 0.9684 0.2328
vn -0.0707 0.9655 0.2506
vn -0.1694 0.9582 0.2303
vn -0.1198 0.9760 0.1819
vn -0.1644 0.9573 0.2380
vn -0.2242 0.9581 0.1785
vn -0.0164 0.9703 0.2413
vn -0.1739 0.9068 0.3840
vn -0.1554 0.9256 0.3452
vn -0.1074 0.9155 0.3877
vn 0.0846 0.9336 0.3482
vn -0.0200 0.8993 0.4369
vn 0.1111 0.8829 0.4562
vn 0.0851 0.8962 0.4354
vn 0.0821 0.8854 0.4575
vn 0.0251 0.8646 0.5018
vn 0.0824 0.8224 0.5629
vn -0.0033 0.8649 0.5020
vn 0.0777 0.8227 0.5631
vn 0.2066 0.8613 0.4642
vn 0.1423 0.9136 0.3810
vn 0.2374 0.8551 0.4609
vn 0.1821 0.9075 0.3785
vn 0.1593 0.9032 0.3986
vn 0.2079 0.8724 0.4423
vn 0.1560 0.9037 0.3988
vn 0.1458 0.8824 0.4474
vn 0.1597 0.8858 0.4358
vn 0.0814 0.9463 0.3130
vn 0.2165 0.8760 0.4310
vn 0.2855 0.9099 0.3010
vn 0.3070 0.9098 0.2794
vn 0.2723 0.9454 0.1791
vn 0.3616 0.8913 0.2737
vn 0.2565 0.9497 0.1799
vn 0.2631 0.9491 0.1731
vn 0.1770 0.9720 0.1542
vn 0.1984 0.9642 0.1759
vn 0.1448 0.9772 0.1551
vn 0.1565 0.9772 0.1433
vn 0.1419 0.9797 0.1415
vn 0.1439 0.9791 0.1436
vn 0.1346 0.9807 0.1417
vn 0.1281 0.9806 0.1482
vn 0.1223 0.9833 0.1346
vn 0.1357 0.9796 0.1480
vn 0.0355 0.9901 0.1356
vn 0.1229 0.9912 0.0484
vn 0.0487 0.9976 0.0487
vn -0.0563 0.9968 0.0563
vn -0.0530 0.9880 0.1454
vn -0.1426 0.9882 0.0558
vn -0.1401 0.9796 0.1442
vn -0.1935 0.9610 0.1975
vn -0.1844 0.9506 0.2497
vn -0.2388 0.9512 0.1955
vn -0.2067 0.9463 0.2485
vn -0.2380 0.9303 0.2792
vn -0.2018 0.9348 0.2923
vn -0.2138 0.9357 0.2808
vn -0.1802 0.9388 0.2936
vn -0.1581 0.9490 0.2727
vn -0.1480 0.9582 0.2449
vn -0.1171 0.9545 0.2742
vn -0.1049 0.9635 0.2462
vn -0.2541 0.8876 0.3842
vn -0.1988 0.9204 0.3366
vn -0.1353 0.9093 0.3936
vn -0.1459 0.9291 0.3398
vn -0.2470 0.8692 0.4284
vn -0.2331 0.8894 0.3933
vn -0.1863 0.8813 0.4344
vn -0.2085 0.8944 0.3956
vn -0.1369 0.9333 0.3321
vn 0.0133 0.9073 0.4204
vn -0.0872 0.9385 0.3339
vn -0.0149 0.9072 0.4204
vn -0.0471 0.8936 0.4465
vn -0.1329 0.8659 0.4823
vn -0.1853 0.8791 0.4392
vn -0.0407 0.8729 0.4862
vn 0.1553 0.9341 0.3214
vn -0.0395 0.8979 0.4384
vn -0.1752 0.9310 0.3203
vn -0.0393 0.8979 0.4384
vn 0.0677 0.9351 0.3479
vn -0.0095 0.9020 0.4317
vn -0.1090 0.9316 0.3466
vn -0.0912 0.8983 0.4299
vn -0.2018 0.8326 0.5158
vn -0.0670 0.8605 0.5050
vn -0.0384 0.8495 0.5262
vn -0.0631 0.8607 0.5052
vn 0.0216 0.8979 0.4396
vn -0.1175 0.9576 0.2631
vn 0.0824 0.8951 0.4382
vn -0.2201 0.9406 0.2584
vn -0.2545 0.9219 0.2920
vn -0.1831 0.9549 0.2338
vn -0.1136 0.9472 0.3000
vn -0.1132 0.9651 0.2363
vn -0.1922 0.9308 0.3109
vn -0.0211 0.9508 0.3092
vn -0.0127 0.9484 0.3168
vn 0.0899 0.9471 0.3080
vn -0.0320 0.9096 0.4142
vn 0.0265 0.9137 0.4055
vn 0.0369 0.9095 0.4141
vn -0.0035 0.9140 0.4056
vn 0.1349 0.9496 0.2829
vn 0.2219 0.9250 0.3083
vn 0.1923 0.9405 0.2801
vn 0.2547 0.9174 0.3058
vn 0.2032 0.9127 0.3544
vn 0.1631 0.9249 0.3433
vn 0.1775 0.9174 0.3562
vn 0.1598 0.9255 0.3435
vn 0.2021 0.9309 0.3042
vn 0.1658 0.9194 0.3567
vn 0.1125 0.9445 0.3086
vn 0.2245 0.9085 0.3525
vn 0.2279 0.9089 0.3493
vn 0.3104 0.9198 0.2403
vn 0.3949 0.8575 0.3296
vn 0.3654 0.9006 0.2353
vn 0.3182 0.9042 0.2848
vn 0.2602 0.9388 0.2259
vn 0.3178 0.9044 0.2848
vn 0.1962 0.9533 0.2294
vn 0.2231 0.9535 0.2026
vn 0.1557 0.9717 0.1777
vn 0.1825 0.9617 0.2044
vn 0.1431 0.9736 0.1780
vn 0.1502 0.9737 0.1711
vn 0.1271 0.9732 0.1918
vn 0.1069 0.9793 0.1720
vn 0.1347 0.9722 0.1916
vn 0.1572 0.9729 0.1694
vn 0.1221 0.9846 0.1252
vn 0.1660 0.9715 0.1691
vn 0.0484 0.9908 0.1260
vn 0.1246 0.9910 0.0498
vn 0.0501 0.9975 0.0501
vn -0.0515 0.9973 0.0515
vn -0.0559 0.9884 0.1412
vn -0.1459 0.9880 0.0510
vn -0.1414 0.9800 0.1400
vn -0.1970 0.9607 0.1956
vn -0.1922 0.9543 0.2287
vn -0.2265 0.9544 0.1944
vn -0.2372 0.9447 0.2264
vn -0.2479 0.9393 0.2371
vn -0.2372 0.9272 0.2899
vn -0.2931 0.9270 0.2340
vn -0.2131 0.9325 0.2916
vn -0.1617 0.9566 0.2423
vn -0.1541 0.9252 0.3469
vn -0.2691 0.9336 0.2364
vn -0.1141 0.9302 0.3488
vn -0.1414 0.9171 0.3728
vn -0.2600 0.9083 0.3278
vn -0.2176 0.9042 0.3675
vn -0.1386 0.9315 0.3362
vn -0.2642 0.8553 0.4457
vn -0.2527 0.8891 0.3815
vn -0.1681 0.8742 0.4555
vn -0.1907 0.9021 0.3871
vn -0.1487 0.9249 0.3500
vn -0.1372 0.9358 0.3248
vn -0.1072 0.9299 0.3519
vn -0.0875 0.9411 0.3267
vn -0.1044 0.9340 0.3418
vn -0.0452 0.8583 0.5112
vn -0.2563 0.9077 0.3322
vn -0.1782 0.8454 0.5035
vn 0.0502 0.9479 0.3146
vn 0.1562 0.9391 0.3062
vn 0.1612 0.9367 0.3108
vn -0.1761 0.9359 0.3051
vn -0.2024 0.9222 0.3295
vn 0.0618 0.8536 0.5172
vn -0.1636 0.9290 0.3320
vn -0.0996 0.8510 0.5156
vn 0.0594 0.9190 0.3898
vn -0.2294 0.9464 0.2276
vn -0.0539 0.9193 0.3899
vn -0.0440 0.9713 0.2336
vn -0.2354 0.8823 0.4076
vn 0.0219 0.9067 0.4211
vn 0.0196 0.9076 0.4193
vn 0.0832 0.9038 0.4198
vn 0.1031 0.9094 0.4030
vn -0.2463 0.8924 0.3780
vn -0.2283 0.8901 0.3944
vn -0.1097 0.9152 0.3877
vn -0.0210 0.9506 0.3097
vn -0.1881 0.9108 0.3675
vn -0.2610 0.9179 0.2990
vn -0.0124 0.9273 0.3742
vn 0.0704 0.9511 0.3007
vn -0.0331 0.9394 0.3412
vn -0.0781 0.9506 0.3005
vn 0.0381 0.9392 0.3411
vn 0.0980 0.9530 0.2867
vn 0.1313 0.9243 0.3583
vn 0.0529 0.9562 0.2877
vn 0.1873 0.9159 0.3551
vn 0.1116 0.9000 0.4213
vn 0.2032 0.9126 0.3548
vn 0.2637 0.8736 0.4089
vn 0.1774 0.9172 0.3566
vn 0.0847 0.8956 0.4368
vn 0.1922 0.8855 0.4231
vn 0.1998 0.8807 0.4295
vn 0.1068 0.8971 0.4287
vn 0.0980 0.8946 0.4360
vn 0.2323 0.9260 0.2976
vn 0.3509 0.8418 0.4103
vn 0.4016 0.8719 0.2802
vn 0.3576 0.8749 0.3265
vn 0.3207 0.9112 0.2586
vn 0.3821 0.8658 0.3231
vn 0.3203 0.9113 0.2587
vn 0.2649 0.9116 0.3142
vn 0.2178 0.9306 0.2941
vn 0.2410 0.9175 0.3163
vn 0.1781 0.9383 0.2965
vn 0.2854 0.9394 0.1897
vn 0.1499 0.9721 0.1804
vn 0.1649 0.9668 0.1953
vn 0.1067 0.9776 0.1815
vn 0.1166 0.9782 0.1718
vn 0.1575 0.9748 0.1580
vn 0.1700 0.9706 0.1705
vn 0.1663 0.9734 0.1578
vn 0.1771 0.9732 0.1469
vn 0.1238 0.9843 0.1260
vn 0.1455 0.9783 0.1477
vn 0.0498 0.9907 0.1268
vn 0.1263 0.9907 0.0503
vn 0.0507 0.9974 0.0507
vn -0.0391 0.9985 0.0391
vn -0.0511 0.9889 0.1396
vn -0.1518 0.9877 0.0387
vn -0.1447 0.9798 0.1383
vn -0.1764 0.9695 0.1701
vn -0.1962 0.9568 0.2144
vn -0.2425 0.9556 0.1676
vn -0.2256 0.9506 0.2130
vn -0.2552 0.9359 0.2428
vn -0.2466 0.9345 0.2569
vn -0.2610 0.9344 0.2424
vn -0.2916 0.9223 0.2535
vn -0.2646 0.9375 0.2258
vn -0.1593 0.9424 0.2942
vn -0.2276 0.9467 0.2280
vn -0.2653 0.9203 0.2874
vn -0.2518 0.9281 0.2741
vn -0.1395 0.9049 0.4022
vn -0.2793 0.9209 0.2719
vn -0.2148 0.8925 0.3967
vn -0.1812 0.9124 0.3671
vn -0.2801 0.9066 0.3155
vn -0.2299 0.9029 0.3633
vn -0.1786 0.9292 0.3234
vn -0.2211 0.9055 0.3622
vn -0.1487 0.9249 0.3499
vn -0.1281 0.9208 0.3683
vn -0.1072 0.9299 0.3518
vn -0.3111 0.7953 0.5203
vn -0.0969 0.8673 0.4883
vn -0.0173 0.8367 0.5474
vn -0.2389 0.8461 0.4764
vn -0.0842 0.9343 0.3464
vn 0.0497 0.9385 0.3418
vn 0.0557 0.9362 0.3471
vn 0.1596 0.9276 0.3378
vn 0.0302 0.8931 0.4488
vn -0.1845 0.8406 0.5093
vn -0.2772 0.8585 0.4314
vn -0.1489 0.8457 0.5124
vn -0.0171 0.9123 0.4092
vn 0.0597 0.9234 0.3791
vn 0.0932 0.9084 0.4075
vn -0.0542 0.9237 0.3793
vn 0.0600 0.9589 0.2775
vn -0.2424 0.9087 0.3398
vn -0.3198 0.9102 0.2634
vn 0.0203 0.9365 0.3502
vn -0.3094 0.7370 0.6009
vn 0.0920 0.8114 0.5772
vn 0.1661 0.7643 0.6231
vn -0.2046 0.7976 0.5674
vn -0.1374 0.8426 0.5207
vn -0.0198 0.8934 0.4488
vn 0.0793 0.8480 0.5240
vn -0.2462 0.8661 0.4351
vn -0.2755 0.8443 0.4596
vn 0.0651 0.8798 0.4709
vn 0.0728 0.8760 0.4768
vn -0.0723 0.8794 0.4706
vn -0.0161 0.9046 0.4259
vn 0.0934 0.9080 0.4084
vn 0.1114 0.8991 0.4233
vn 0.0504 0.9109 0.4096
vn 0.0603 0.9140 0.4013
vn 0.1100 0.8869 0.4487
vn 0.0523 0.9144 0.4015
vn 0.2601 0.8616 0.4359
vn 0.1614 0.8403 0.5175
vn 0.0805 0.8518 0.5176
vn 0.0871 0.8483 0.5224
vn 0.1904 0.8390 0.5098
vn 0.2964 0.8580 0.4196
vn 0.1012 0.9242 0.3682
vn 0.1769 0.8842 0.4324
vn 0.3611 0.8663 0.3451
vn 0.3768 0.8659 0.3292
vn 0.3654 0.8941 0.2591
vn 0.4227 0.8471 0.3220
vn 0.3903 0.8843 0.2563
vn 0.2858 0.8870 0.3627
vn 0.2736 0.9416 0.1963
vn 0.4138 0.8426 0.3446
vn 0.2490 0.9481 0.1977
vn 0.2166 0.9487 0.2304
vn 0.2802 0.9222 0.2666
vn 0.2428 0.9427 0.2289
vn 0.1617 0.9480 0.2741
vn 0.1854 0.9500 0.2513
vn 0.1150 0.9656 0.2334
vn 0.1359 0.9578 0.2534
vn 0.1678 0.9582 0.2316
vn 0.2038 0.9592 0.1961
vn 0.1764 0.9693 0.1711
vn 0.2014 0.9597 0.1962
vn 0.1449 0.9744 0.1720
vn 0.1584 0.9746 0.1586
vn 0.1256 0.9848 0.1198
vn 0.1641 0.9736 0.1584
vn 0.0504 0.9914 0.1206
vn 0.1362 0.9901 0.0345
vn 0.0348 0.9988 0.0348
vn -0.0146 0.9998 0.0146
vn -0.0388 0.9923 0.1173
vn -0.1413 0.9899 0.0145
vn -0.1509 0.9817 0.1161
vn -0.1789 0.9732 0.1444
vn -0.1761 0.9678 0.1799
vn -0.2121 0.9667 0.1434
vn -0.2421 0.9539 0.1773
vn -0.2950 0.9269 0.2321
vn -0.2553 0.9362 0.2414
vn -0.2623 0.9361 0.2344
vn -0.2611 0.9347 0.2411
vn -0.2630 0.9337 0.2430
vn -0.2648 0.9383 0.2225
vn -0.2432 0.9387 0.2443
vn -0.2277 0.9475 0.2246
vn -0.2780 0.9204 0.2750
vn -0.2519 0.9282 0.2739
vn -0.2484 0.9281 0.2773
vn -0.2794 0.9209 0.2717
vn -0.2838 0.9182 0.2762
vn -0.1832 0.9226 0.3395
vn -0.2466 0.9280 0.2792
vn -0.2324 0.9128 0.3359
vn -0.2513 0.9011 0.3534
vn -0.2199 0.9003 0.3757
vn -0.2431 0.9030 0.3542
vn -0.1274 0.9154 0.3820
vn -0.2159 0.8634 0.4560
vn -0.3563 0.9110 0.2076
vn -0.0800 0.8814 0.4655
vn -0.0201 0.9748 0.2221
vn -0.1714 0.9166 0.3613
vn -0.0844 0.9374 0.3377
vn -0.0522 0.9291 0.3662
vn 0.0559 0.9393 0.3384
vn -0.1141 0.8702 0.4794
vn 0.0267 0.7892 0.6136
vn -0.1665 0.8637 0.4758
vn -0.2470 0.7650 0.5948
vn -0.2257 0.7819 0.5811
vn -0.0158 0.8446 0.5352
vn 0.0727 0.8005 0.5949
vn 0.0863 0.8415 0.5333
vn 0.2500 0.8820 0.3994
vn 0.0535 0.8551 0.5157
vn -0.0796 0.9081 0.4112
vn -0.2881 0.8200 0.4945
vn -0.2354 0.8604 0.4520
vn -0.3384 0.8063 0.4850
vn -0.4020 0.8106 0.4258
vn 0.1831 0.8424 0.5068
vn -0.1220 0.7047 0.6990
vn -0.1333 0.8176 0.5602
vn 0.1015 0.7063 0.7006
vn 0.0769 0.8225 0.5636
vn 0.0976 0.8302 0.5488
vn -0.2714 0.8318 0.4841
vn -0.2020 0.8170 0.5401
vn 0.0717 0.8621 0.5017
vn -0.0165 0.8249 0.5651
vn -0.0157 0.8803 0.4741
vn 0.1056 0.8204 0.5620
vn 0.1085 0.8752 0.4714
vn 0.1767 0.8926 0.4147
vn 0.0607 0.9196 0.3881
vn 0.0979 0.9026 0.4193
vn 0.0526 0.9200 0.3883
vn 0.1216 0.9370 0.3275
vn 0.1769 0.9210 0.3472
vn 0.1536 0.9328 0.3260
vn 0.0956 0.9314 0.3511
vn 0.0280 0.9119 0.4094
vn 0.2975 0.8611 0.4122
vn 0.2768 0.8766 0.3936
vn 0.1776 0.8876 0.4249
vn 0.2259 0.8960 0.3823
vn 0.3787 0.8703 0.3148
vn 0.4179 0.8356 0.3566
vn 0.4248 0.8513 0.3080
vn 0.5504 0.8202 0.1556
vn 0.3022 0.9380 0.1697
vn 0.3093 0.9343 0.1773
vn 0.4351 0.8860 0.1603
vn 0.4200 0.8899 0.1780
vn 0.2139 0.9367 0.2771
vn 0.1289 0.9724 0.1945
vn 0.2398 0.9310 0.2754
vn 0.3279 0.9265 0.1847
vn 0.1858 0.9521 0.2427
vn 0.1358 0.9716 0.1938
vn 0.1363 0.9600 0.2447
vn 0.1445 0.9608 0.2367
vn 0.2017 0.9495 0.2404
vn 0.1958 0.9522 0.2346
vn 0.1994 0.9500 0.2405
vn 0.2446 0.9498 0.1951
vn 0.1584 0.9744 0.1598
vn 0.1960 0.9606 0.1973
vn 0.1641 0.9734 0.1596
vn 0.1778 0.9732 0.1458
vn 0.1355 0.9853 0.1042
vn 0.1768 0.9734 0.1458
vn 0.0346 0.9939 0.1051
vn 0.1265 0.9919 0.0129
vn 0.0130 0.9998 0.0130
vn -0.0146 0.9966 0.0816
vn -0.0961 0.9954 -0.0000
vn -0.1408 0.9867 0.0808
vn -0.2042 0.9681 0.1453
vn -0.1782 0.9691 0.1708
vn -0.2034 0.9683 0.1453
vn -0.2112 0.9626 0.1697
vn -0.2287 0.9553 0.1875
vn -0.2978 0.9357 0.1891
vn -0.3031 0.9351 0.1836
vn -0.2648 0.9452 0.1911
vn -0.2269 0.9620 0.1518
vn -0.2685 0.9530 0.1405
vn -0.2588 0.9541 0.1506
vn -0.2483 0.9583 0.1413
vn -0.2928 0.9375 0.1881
vn -0.2868 0.9494 0.1281
vn -0.2258 0.9551 0.1917
vn -0.2563 0.9579 0.1293
vn -0.2840 0.9456 0.1586
vn -0.2925 0.9464 0.1371
vn -0.2717 0.9491 0.1592
vn -0.2544 0.9571 0.1386
vn -0.3171 0.9259 0.2052
vn -0.2564 0.9196 0.2977
vn -0.3486 0.9151 0.2028
vn -0.2481 0.9216 0.2983
vn -0.3152 0.8769 0.3630
vn -0.2259 0.9032 0.3650
vn -0.2166 0.9020 0.3734
vn -0.0839 0.9239 0.3733
vn -0.0933 0.9197 0.3814
vn -0.1651 0.8832 0.4390
vn -0.2415 0.8964 0.3717
vn -0.0502 0.8943 0.4446
vn -0.0104 0.9111 0.4121
vn -0.1210 0.9224 0.3667
vn -0.0693 0.9089 0.4112
vn -0.1763 0.9147 0.3636
vn -0.2698 0.8541 0.4447
vn -0.2511 0.8698 0.4247
vn -0.2216 0.8649 0.4503
vn 0.0813 0.8956 0.4373
vn -0.0459 0.8439 0.5345
vn 0.2216 0.7817 0.5829
vn 0.1431 0.8361 0.5296
vn -0.0701 0.7997 0.5963
vn -0.0293 0.8213 0.5698
vn -0.2322 0.8486 0.4754
vn -0.1144 0.8163 0.5663
vn -0.3971 0.8007 0.4486
vn -0.3163 0.8725 0.3724
vn -0.1532 0.8851 0.4395
vn -0.2180 0.8976 0.3832
vn 0.1277 0.8883 0.4411
vn -0.1131 0.7815 0.6136
vn 0.0860 0.7317 0.6762
vn -0.0168 0.7864 0.6174
vn -0.1786 0.7226 0.6678
vn -0.0537 0.8012 0.5960
vn -0.0177 0.8890 0.4575
vn 0.1656 0.7913 0.5886
vn 0.1137 0.8834 0.4546
vn 0.0696 0.8692 0.4895
vn 0.1607 0.8118 0.5614
vn 0.0606 0.8697 0.4898
vn 0.0888 0.8193 0.5665
vn 0.1666 0.8445 0.5090
vn 0.1088 0.8385 0.5340
vn 0.0816 0.8536 0.5145
vn 0.1375 0.8355 0.5321
vn 0.2449 0.8612 0.4453
vn 0.0283 0.9219 0.3865
vn 0.1134 0.8825 0.4564
vn 0.2796 0.8855 0.3712
vn 0.1502 0.8623 0.4836
vn 0.2226 0.8828 0.4136
vn 0.2877 0.8353 0.4685
vn 0.4125 0.8249 0.3865
vn 0.5415 0.8060 0.2392
vn 0.5437 0.8102 0.2189
vn 0.5560 0.7969 0.2365
vn 0.3044 0.9196 0.2484
vn 0.3784 0.9101 0.1688
vn 0.4096 0.8680 0.2806
vn 0.3121 0.9341 0.1732
vn 0.1251 0.9440 0.3052
vn 0.2179 0.9518 0.2160
vn 0.3210 0.9068 0.2732
vn 0.2630 0.9409 0.2135
vn 0.1326 0.9490 0.2859
vn 0.1670 0.9529 0.2532
vn 0.1442 0.9582 0.2469
vn 0.1514 0.9553 0.2538
vn 0.1953 0.9497 0.2447
vn 0.2024 0.9500 0.2378
vn 0.2417 0.9385 0.2465
vn 0.2314 0.9437 0.2362
vn 0.1936 0.9489 0.2492
vn 0.2418 0.9492 0.2011
vn 0.1776 0.9720 0.1538
vn 0.2253 0.9531 0.2020
vn 0.1766 0.9722 0.1538
vn 0.1945 0.9715 0.1357
vn 0.1262 0.9893 0.0733
vn 0.1879 0.9728 0.1359
vn 0.0130 0.9972 0.0739
vn 0.0868 0.9962 -0.0000
vn -0.0000 0.9989 0.0473
vn -0.0473 0.9989 -0.0000
vn -0.0960 0.9943 0.0471
vn -0.1554 0.9820 0.1071
vn -0.2034 0.9646 0.1679
vn -0.2646 0.9587 0.1045
vn -0.2026 0.9647 0.1680
vn -0.2612 0.9381 0.2275
vn -0.2270 0.9478 0.2240
vn -0.2211 0.9478 0.2298
vn -0.3008 0.9281 0.2194
vn -0.3149 0.9198 0.2341
vn -0.2233 0.9467 0.2323
vn -0.2146 0.9465 0.2409
vn -0.2548 0.9391 0.2304
vn -0.2948 0.9163 0.2710
vn -0.2896 0.9275 0.2365
vn -0.2520 0.9280 0.2745
vn -0.2232 0.9445 0.2409
vn -0.2305 0.9409 0.2481
vn -0.2809 0.9353 0.2150
vn -0.2496 0.9364 0.2469
vn -0.2687 0.9387 0.2157
vn -0.3391 0.8954 0.2886
vn -0.2978 0.8695 0.3941
vn -0.4108 0.8678 0.2797
vn -0.3278 0.8605 0.3900
vn -0.2418 0.9200 0.3083
vn -0.3267 0.9089 0.2591
vn -0.2815 0.9098 0.3049
vn -0.2251 0.9370 0.2671
vn -0.2967 0.8936 0.3368
vn -0.0874 0.8618 0.4997
vn -0.2739 0.9000 0.3392
vn -0.2270 0.8425 0.4885
vn -0.0806 0.9263 0.3681
vn -0.0108 0.9440 0.3299
vn 0.0340 0.9288 0.3691
vn -0.0718 0.9416 0.3290
vn -0.0593 0.9463 0.3178
vn -0.2864 0.9067 0.3096
vn -0.2915 0.9068 0.3045
vn -0.2356 0.9197 0.3141
vn -0.4065 0.7816 0.4731
vn -0.0469 0.8631 0.5028
vn -0.0271 0.8552 0.5176
vn 0.1463 0.8548 0.4979
vn -0.0962 0.7463 0.6586
vn -0.0280 0.7842 0.6199
vn 0.0423 0.7491 0.6611
vn -0.1093 0.7798 0.6164
vn 0.1139 0.8811 0.4590
vn -0.3017 0.8321 0.4653
vn -0.3349 0.8356 0.4354
vn -0.2073 0.8538 0.4775
vn -0.1083 0.9116 0.3967
vn -0.1285 0.8876 0.4424
vn -0.1874 0.9007 0.3919
vn -0.0191 0.8948 0.4460
vn -0.1495 0.8260 0.5435
vn -0.0612 0.9130 0.4034
vn 0.1235 0.8290 0.5454
vn 0.1880 0.8984 0.3970
vn -0.0318 0.8227 0.5676
vn 0.0694 0.8666 0.4941
vn 0.1623 0.8122 0.5603
vn 0.0604 0.8671 0.4944
vn 0.0042 0.8443 0.5359
vn 0.1680 0.8517 0.4965
vn 0.2058 0.8262 0.5244
vn 0.0823 0.8610 0.5019
vn 0.1126 0.8709 0.4783
vn 0.2369 0.8329 0.5001
vn 0.2002 0.8588 0.4716
vn 0.1095 0.8522 0.5117
vn 0.0764 0.8405 0.5364
vn 0.1626 0.9334 0.3198
vn 0.3682 0.7838 0.5002
vn 0.3098 0.8995 0.3081
vn 0.2281 0.8939 0.3860
vn 0.5226 0.7779 0.3490
vn 0.5154 0.7868 0.3397
vn 0.5370 0.7697 0.3453
vn 0.5674 0.7637 0.3080
vn 0.3653 0.8787 0.3073
vn 0.3991 0.8503 0.3430
vn 0.3008 0.9002 0.3148
vn 0.3032 0.9003 0.3123
vn 0.2088 0.9121 0.3527
vn 0.1760 0.9300 0.3227
vn 0.2523 0.9025 0.3490
vn 0.2843 0.9044 0.3182
vn 0.1673 0.9545 0.2467
vn 0.2457 0.9144 0.3217
vn 0.1516 0.9570 0.2473
vn 0.1281 0.9544 0.2698
vn 0.2051 0.9629 0.1756
vn 0.2887 0.9213 0.2604
vn 0.2345 0.9563 0.1744
vn 0.2844 0.9509 0.1222
vn 0.2438 0.9568 0.1585
vn 0.2110 0.9695 0.1246
vn 0.2271 0.9608 0.1591
vn 0.2175 0.9613 0.1689
vn 0.1944 0.9711 0.1388
vn 0.2237 0.9600 0.1687
vn 0.1878 0.9723 0.1390
vn 0.2285 0.9687 0.0971
vn 0.0867 0.9954 0.0417
vn 0.1432 0.9848 0.0987
vn -0.0000 0.9991 0.0419
vn 0.0419 0.9991 -0.0000
vn -0.0000 0.9999 0.0102
vn -0.0102 0.9999 -0.0000
vn -0.0473 0.9988 0.0102
vn -0.1063 0.9919 0.0695
vn -0.1549 0.9788 0.1339
vn -0.2189 0.9734 0.0682
vn -0.2638 0.9557 0.1307
vn -0.3216 0.9271 0.1925
vn -0.2619 0.9406 0.2159
vn -0.2820 0.9394 0.1951
vn -0.2217 0.9504 0.2181
vn -0.2836 0.9171 0.2801
vn -0.3130 0.9144 0.2568
vn -0.2907 0.9151 0.2795
vn -0.2132 0.9406 0.2641
vn -0.3283 0.8669 0.3752
vn -0.2832 0.8803 0.3807
vn -0.2829 0.8802 0.3810
vn -0.2418 0.8906 0.3852
vn -0.2384 0.8928 0.3821
vn -0.2267 0.9255 0.3035
vn -0.1320 0.9113 0.3900
vn -0.2455 0.9211 0.3021
vn -0.2533 0.9165 0.3096
vn -0.3274 0.8644 0.3817
vn -0.4158 0.8616 0.2910
vn -0.3974 0.8394 0.3707
vn -0.3059 0.9109 0.2769
vn -0.2427 0.9232 0.2981
vn -0.2604 0.9238 0.2808
vn -0.2824 0.9129 0.2948
vn -0.2546 0.9294 0.2672
vn -0.3126 0.9417 0.1245
vn -0.1674 0.9475 0.2724
vn -0.2888 0.9491 0.1255
vn -0.3245 0.9315 0.1641
vn -0.0782 0.8989 0.4312
vn -0.3590 0.9192 0.1620
vn 0.0330 0.9011 0.4323
vn 0.0422 0.9043 0.4247
vn -0.0590 0.9412 0.3327
vn 0.0483 0.9041 0.4246
vn -0.2901 0.9023 0.3190
vn -0.3760 0.8345 0.4027
vn -0.4176 0.8031 0.4251
vn -0.4546 0.8022 0.3871
vn -0.0280 0.8835 0.4676
vn -0.1818 0.7957 0.5778
vn -0.0954 0.7405 0.6652
vn -0.2367 0.7862 0.5709
vn 0.0419 0.7433 0.6677
vn -0.1712 0.6214 0.7645
vn 0.0789 0.6101 0.7884
vn 0.0424 0.6302 0.7753
vn -0.2382 0.5944 0.7681
vn -0.0290 0.7315 0.6812
vn -0.1012 0.8516 0.5143
vn 0.1508 0.7234 0.6737
vn -0.1753 0.8427 0.5090
vn 0.0089 0.9328 0.3604
vn -0.1570 0.8676 0.4718
vn -0.3011 0.8895 0.3437
vn 0.1298 0.8711 0.4737
vn 0.0292 0.8350 0.5494
vn -0.0349 0.9017 0.4309
vn 0.1173 0.8296 0.5458
vn 0.1775 0.8880 0.4243
vn -0.1547 0.7391 0.6556
vn 0.0044 0.8779 0.4788
vn 0.2511 0.7241 0.6424
vn 0.2136 0.8577 0.4677
vn 0.1134 0.8301 0.5460
vn 0.1096 0.8480 0.5186
vn 0.1451 0.8266 0.5438
vn 0.1951 0.8367 0.5117
vn 0.2798 0.8529 0.4407
vn 0.0807 0.8879 0.4529
vn 0.0863 0.8851 0.4573
vn 0.3860 0.8218 0.4192
vn 0.5041 0.8127 0.2922
vn 0.2459 0.9637 0.1034
vn 0.4309 0.8492 0.3053
vn 0.5458 0.8332 0.0894
vn 0.2241 0.8700 0.4391
vn 0.5426 0.7303 0.4151
vn 0.5186 0.7633 0.3853
vn 0.3778 0.8049 0.4575
vn 0.4841 0.8025 0.3487
vn 0.3012 0.8940 0.3317
vn 0.3447 0.8610 0.3741
vn 0.1747 0.9232 0.3425
vn 0.1400 0.9170 0.3736
vn 0.2785 0.8858 0.3711
vn 0.2701 0.8917 0.3633
vn 0.2405 0.8953 0.3750
vn 0.2391 0.8951 0.3763
vn 0.1279 0.9524 0.2767
vn 0.2366 0.8957 0.3766
vn 0.2882 0.9195 0.2672
vn 0.3298 0.9171 0.2241
vn 0.2819 0.9423 0.1804
vn 0.3235 0.9192 0.2246
vn 0.2090 0.9605 0.1839
vn 0.2755 0.9544 0.1150
vn 0.2194 0.9696 0.1083
vn 0.2272 0.9669 0.1164
vn 0.2256 0.9682 0.1081
vn 0.2084 0.9699 0.1259
vn 0.2280 0.9668 0.1155
vn 0.2372 0.9634 0.1250
vn 0.1430 0.9827 0.1174
vn 0.1927 0.9790 0.0666
vn 0.0419 0.9991 0.0100
vn 0.0992 0.9928 0.0676
vn -0.0000 0.9999 0.0100
vn 0.0100 0.9999 -0.0000
vn -0.0432 0.9985 0.0330
vn -0.1064 0.9921 0.0669
vn -0.1401 0.9896 0.0328
vn -0.2190 0.9735 0.0657
vn -0.2696 0.9556 0.1191
vn -0.3189 0.9193 0.2306
vn -0.4250 0.8983 0.1120
vn -0.2796 0.9313 0.2336
vn -0.3077 0.9146 0.2625
vn -0.2856 0.9235 0.2560
vn -0.2766 0.9237 0.2651
vn -0.2928 0.9214 0.2554
vn -0.3208 0.9035 0.2842
vn -0.3439 0.9082 0.2387
vn -0.2978 0.9107 0.2864
vn -0.2968 0.9236 0.2427
vn -0.3998 0.8471 0.3501
vn -0.2429 0.9098 0.3366
vn -0.2025 0.9050 0.3741
vn -0.1346 0.9293 0.3439
vn -0.2397 0.8679 0.4351
vn -0.2321 0.8400 0.4905
vn -0.3056 0.8512 0.4267
vn -0.3846 0.7971 0.4655
vn -0.3930 0.7885 0.4730
vn -0.2778 0.8273 0.4882
vn -0.2693 0.8259 0.4954
vn -0.2359 0.8369 0.4939
vn -0.2261 0.8440 0.4863
vn -0.2136 0.7798 0.5884
vn -0.3649 0.8067 0.4648
vn -0.1397 0.7904 0.5964
vn 0.0295 0.8779 0.4779
vn -0.2933 0.8420 0.4528
vn -0.2874 0.8412 0.4579
vn -0.3253 0.8328 0.4478
vn -0.2447 0.8936 0.3762
vn 0.0437 0.9365 0.3480
vn 0.0882 0.9181 0.3865
vn 0.0500 0.9362 0.3479
vn -0.1230 0.8631 0.4899
vn -0.3461 0.7681 0.5387
vn -0.4531 0.7753 0.4400
vn -0.4209 0.7427 0.5209
vn -0.3705 0.7965 0.4778
vn -0.1714 0.7505 0.6383
vn -0.3801 0.7932 0.4758
vn -0.2235 0.7425 0.6315
vn -0.1857 0.7709 0.6093
vn -0.2072 0.7522 0.6255
vn -0.2411 0.7614 0.6018
vn 0.0517 0.7679 0.6385
vn 0.0255 0.7560 0.6541
vn -0.0283 0.7118 0.7018
vn -0.1205 0.7507 0.6495
vn 0.1469 0.7043 0.6945
vn -0.0026 0.6406 0.7679
vn 0.0054 0.5596 0.8287
vn -0.1721 0.6311 0.7564
vn -0.1861 0.5498 0.8143
vn 0.1827 0.7332 0.6550
vn 0.0261 0.7463 0.6651
vn 0.0276 0.7455 0.6660
vn 0.1050 0.7424 0.6617
vn -0.0222 0.6843 0.7289
vn -0.1721 0.8217 0.5433
vn 0.1321 0.6784 0.7227
vn 0.2779 0.8013 0.5298
vn 0.2336 0.7918 0.5644
vn 0.1165 0.8525 0.5096
vn 0.2007 0.7977 0.5686
vn 0.1490 0.8488 0.5074
vn 0.0797 0.8255 0.5587
vn 0.2545 0.7759 0.5772
vn 0.2112 0.8095 0.5479
vn 0.0780 0.7999 0.5950
vn 0.4813 0.8458 0.2303
vn 0.5219 0.8415 0.1393
vn 0.5743 0.7899 0.2151
vn 0.4477 0.8822 0.1460
vn 0.3825 0.8971 0.2212
vn 0.2472 0.9595 0.1355
vn 0.3324 0.9157 0.2258
vn 0.5581 0.8216 0.1160
vn 0.3092 0.8632 0.3990
vn 0.4904 0.8129 0.3141
vn 0.5247 0.7727 0.3572
vn 0.3498 0.8738 0.3377
vn 0.4069 0.8702 0.2777
vn 0.1419 0.9294 0.3406
vn 0.0999 0.9479 0.3025
vn 0.2736 0.9031 0.3309
vn 0.2851 0.9036 0.3197
vn 0.2412 0.9031 0.3553
vn 0.2097 0.9218 0.3262
vn 0.2387 0.9037 0.3556
vn 0.2267 0.9023 0.3667
vn 0.3295 0.9163 0.2277
vn 0.4323 0.8354 0.3395
vn 0.3232 0.9184 0.2283
vn 0.3434 0.9161 0.2068
vn 0.2706 0.9374 0.2193
vn 0.2638 0.9409 0.2123
vn 0.2231 0.9492 0.2220
vn 0.2715 0.9468 0.1725
vn 0.2080 0.9678 0.1418
vn 0.2393 0.9552 0.1740
vn 0.2367 0.9613 0.1408
vn 0.2976 0.9516 0.0760
vn 0.1926 0.9785 0.0738
vn 0.1967 0.9773 0.0781
vn 0.0992 0.9923 0.0749
vn 0.1372 0.9899 0.0364
vn 0.0468 0.9982 0.0367
vn -0.0075 0.9999 0.0075
vn -0.0432 0.9984 0.0371
vn -0.0727 0.9973 0.0075
vn -0.1401 0.9895 0.0367
vn -0.1736 0.9823 0.0710
vn -0.2706 0.9592 0.0813
vn -0.2819 0.9569 0.0692
vn -0.4264 0.9013 0.0764
vn -0.4258 0.9017 0.0757
vn -0.3160 0.9395 0.1324
vn -0.3650 0.9278 0.0779
vn -0.2843 0.9494 0.1338
vn -0.3352 0.9230 0.1889
vn -0.3329 0.9378 0.0985
vn -0.2428 0.9504 0.1945
vn -0.3092 0.9458 0.0994
vn -0.2977 0.9507 0.0867
vn -0.4267 0.9041 -0.0220
vn -0.3344 0.9385 0.0856
vn -0.2183 0.9756 -0.0238
vn -0.3719 0.9170 0.1444
vn -0.2492 0.9024 0.3515
vn -0.4487 0.8828 0.1390
vn -0.3172 0.8837 0.3442
vn -0.3152 0.8852 0.3422
vn -0.4348 0.8723 0.2238
vn -0.3250 0.8821 0.3410
vn -0.3012 0.9236 0.2370
vn -0.1670 0.9810 0.0988
vn -0.2580 0.9631 0.0773
vn -0.2390 0.9661 0.0973
vn -0.4111 0.9087 0.0729
vn -0.4878 0.8564 0.1691
vn 0.0312 0.9307 0.3645
vn -0.1557 0.9691 0.1914
vn -0.3032 0.8873 0.3476
vn -0.3713 0.8316 0.4129
vn -0.2641 0.9645 -0.0079
vn 0.2024 0.8771 0.4355
vn 0.0956 0.9954 -0.0081
vn -0.2436 0.9141 0.3240
vn -0.1293 0.9068 0.4012
vn -0.2123 0.9211 0.3265
vn -0.4714 0.8065 0.3568
vn -0.5758 0.6604 0.4820
vn -0.4087 0.8787 0.2465
vn -0.0127 0.8076 0.5896
vn -0.4189 0.8743 0.2453
vn -0.2249 0.9739 0.0315
vn -0.2181 0.9053 0.3644
vn -0.5213 0.8529 0.0276
vn -0.2819 0.8900 0.3583
vn -0.4805 0.6912 0.5398
vn 0.0278 0.8256 0.5635
vn 0.1036 0.7839 0.6122
vn -0.1314 0.8188 0.5589
vn -0.1610 0.7996 0.5785
vn -0.0034 0.8411 0.5409
vn 0.0616 0.8087 0.5850
vn -0.2236 0.8198 0.5272
vn -0.1688 0.8573 0.4863
vn 0.1884 0.7563 0.6265
vn -0.0104 0.8698 0.4934
vn 0.0285 0.7698 0.6377
vn 0.1320 0.8111 0.5699
vn -0.0304 0.9356 0.3517
vn 0.2341 0.7955 0.5589
vn 0.1793 0.9209 0.3461
vn 0.1645 0.9185 0.3596
vn 0.2498 0.8466 0.4701
vn 0.1213 0.9243 0.3618
vn 0.2149 0.8538 0.4741
vn 0.0465 0.7996 0.5987
vn 0.0794 0.8228 0.5627
vn 0.1282 0.7939 0.5944
vn 0.2105 0.8070 0.5518
vn 0.5713 0.7998 0.1842
vn 0.4859 0.8538 0.1871
vn 0.4922 0.8482 0.1954
vn 0.5790 0.7964 0.1745
vn 0.6223 0.7749 0.1108
vn 0.3731 0.8751 0.3081
vn 0.2102 0.9678 0.1384
vn 0.3240 0.8924 0.3142
vn 0.1810 0.8766 0.4459
vn 0.3194 0.8915 0.3214
vn 0.4114 0.8124 0.4133
vn 0.5384 0.7928 0.2858
vn 0.4773 0.8028 0.3574
vn 0.3893 0.8325 0.3941
vn 0.3726 0.8478 0.3774
vn 0.0948 0.8998 0.4259
vn 0.2945 0.9248 0.2408
vn 0.2897 0.9183 0.2699
vn 0.2632 0.9336 0.2431
vn 0.2133 0.9373 0.2756
vn 0.1692 0.9331 0.3174
vn 0.2380 0.9472 0.2150
vn 0.3262 0.8949 0.3045
vn 0.4505 0.8706 0.1976
vn 0.3778 0.8828 0.2793
vn 0.3407 0.9089 0.2406
vn 0.3767 0.8832 0.2795
vn 0.2616 0.9330 0.2470
vn 0.3563 0.9228 0.1467
vn 0.2744 0.9567 0.0969
vn 0.3221 0.9350 0.1486
vn 0.2419 0.9654 0.0978
vn 0.2484 0.9644 0.0909
vn 0.2974 0.9508 0.0864
vn 0.3003 0.9496 0.0895
vn 0.1966 0.9765 0.0887
vn 0.2261 0.9724 0.0580
vn 0.1372 0.9897 0.0418
vn 0.1538 0.9863 0.0588
vn 0.0467 0.9980 0.0421
vn 0.0803 0.9967 0.0084
vn 0.0085 0.9999 0.0085
vn -0.0075 0.9998 0.0162
vn -0.0238 0.9997 -0.0000
vn -0.0727 0.9972 0.0162
vn -0.0986 0.9942 0.0422
vn -0.1735 0.9821 0.0737
vn -0.2047 0.9779 0.0415
vn -0.2819 0.9568 0.0718
vn -0.3192 0.9410 0.1126
vn -0.4218 0.8931 0.1563
vn -0.4641 0.8795 0.1052
vn -0.3613 0.9185 0.1608
vn -0.3143 0.9431 0.1083
vn -0.3339 0.9194 0.2081
vn -0.4265 0.8986 0.1032
vn -0.2418 0.9464 0.2143
vn -0.2692 0.9321 0.2421
vn -0.2912 0.9300 0.2241
vn -0.2740 0.9308 0.2418
vn -0.3273 0.9186 0.2214
vn -0.2957 0.9367 0.1876
vn -0.3731 0.9198 0.1216
vn -0.3142 0.9309 0.1864
vn -0.4499 0.8854 0.1170
vn -0.3946 0.9175 0.0496
vn -0.3311 0.9299 0.1605
vn -0.4282 0.9023 0.0488
vn -0.3413 0.9263 0.1599
vn -0.3032 0.9456 0.1180
vn -0.1663 0.9769 0.1342
vn -0.1786 0.9764 0.1218
vn -0.2381 0.9622 0.1322
vn -0.2076 0.9730 0.1005
vn -0.4947 0.8684 -0.0345
vn -0.3907 0.9157 0.0946
vn -0.1585 0.9866 -0.0392
vn -0.3469 0.9238 0.1618
vn -0.3889 0.8709 0.3004
vn -0.5189 0.8420 0.1475
vn 0.2132 0.9236 0.3186
vn 0.1097 0.9049 0.4113
vn -0.2291 0.8594 0.4570
vn -0.2987 0.8688 0.3949
vn -0.1994 0.8652 0.4601
vn -0.4514 0.6228 0.6391
vn -0.5879 0.6742 0.4471
vn -0.3347 0.6577 0.6749
vn -0.0131 0.8333 0.5526
vn 0.1698 0.8960 0.4103
vn -0.2040 0.8835 0.4217
vn -0.2220 0.8865 0.4059
vn -0.4830 0.7902 0.3772
vn -0.4335 0.8421 0.3208
vn -0.5402 0.7770 0.3232
vn -0.5636 0.7719 0.2940
vn 0.1211 0.9165 0.3812
vn -0.2020 0.7596 0.6183
vn -0.1948 0.9672 0.1633
vn 0.3254 0.7333 0.5969
vn 0.0749 0.9833 0.1660
vn 0.0673 0.9825 0.1735
vn -0.1926 0.9783 0.0761
vn -0.0962 0.9802 0.1731
vn -0.0119 0.9969 0.0776
vn -0.0837 0.9853 0.1486
vn 0.1529 0.9399 0.3054
vn -0.0112 0.9888 0.1491
vn 0.2695 0.9159 0.2976
vn -0.1321 0.7782 0.6139
vn 0.1291 0.7204 0.6814
vn 0.0174 0.7850 0.6193
vn 0.0949 0.7232 0.6841
vn 0.1183 0.7324 0.6705
vn 0.0437 0.7519 0.6578
vn 0.0727 0.7356 0.6735
vn 0.1206 0.7471 0.6536
vn 0.4075 0.8065 0.4283
vn 0.5419 0.7586 0.3616
vn 0.5617 0.7307 0.3880
vn 0.4640 0.7996 0.3812
vn 0.2550 0.7808 0.5704
vn 0.5070 0.6313 0.5869
vn 0.4384 0.7258 0.5302
vn 0.1571 0.7233 0.6724
vn 0.2477 0.7504 0.6129
vn 0.1700 0.8236 0.5411
vn 0.2728 0.7451 0.6086
vn 0.3897 0.7697 0.5057
vn 0.5607 0.7615 0.3252
vn 0.4890 0.8226 0.2900
vn 0.5240 0.7832 0.3345
vn 0.3829 0.8712 0.3072
vn 0.4399 0.8641 0.2445
vn 0.2801 0.8796 0.3845
vn 0.1561 0.9504 0.2689
vn 0.2501 0.8872 0.3878
vn 0.3374 0.8912 0.3033
vn 0.1640 0.9047 0.3933
vn 0.0820 0.9435 0.3212
vn 0.3170 0.8698 0.3781
vn 0.4136 0.8666 0.2790
vn 0.3805 0.8890 0.2547
vn 0.4036 0.8709 0.2804
vn 0.3794 0.8894 0.2548
vn 0.4140 0.8842 0.2165
vn 0.3561 0.9222 0.1509
vn 0.4134 0.8844 0.2166
vn 0.3219 0.9344 0.1528
vn 0.3283 0.9332 0.1458
vn 0.2473 0.9601 0.1308
vn 0.2645 0.9528 0.1489
vn 0.2990 0.9455 0.1288
vn 0.3280 0.9397 0.0971
vn 0.2260 0.9717 0.0695
vn 0.2543 0.9620 0.0994
vn 0.1537 0.9856 0.0705
vn 0.1857 0.9819 0.0377
vn 0.0803 0.9966 0.0160
vn 0.1022 0.9940 0.0381
vn 0.0085 0.9998 0.0161
vn 0.0246 0.9997 -0.0000
vn -0.0408 0.9990 0.0170
vn -0.0985 0.9937 0.0528
vn -0.1341 0.9908 0.0169
vn -0.2046 0.9775 0.0520
vn -0.2280 0.9706 0.0765
vn -0.3202 0.9439 0.0807
vn -0.3260 0.9425 0.0742
vn -0.4653 0.8819 0.0754
vn -0.4626 0.8837 0.0718
vn -0.3135 0.9407 0.1298
vn -0.3622 0.9290 0.0755
vn -0.4255 0.8965 0.1237
vn -0.3678 0.9283 0.0552
vn -0.2694 0.9327 0.2397
vn -0.4368 0.8980 0.0534
vn -0.2741 0.9314 0.2394
vn -0.3302 0.8960 0.2968
vn -0.2871 0.9095 0.3008
vn -0.2866 0.9095 0.3012
vn -0.3052 0.9041 0.2990
vn -0.2631 0.9300 0.2568
vn -0.3844 0.8937 0.2313
vn -0.3697 0.8956 0.2473
vn -0.4175 0.8797 0.2277
vn -0.3777 0.9079 0.1818
vn -0.2832 0.8835 0.3731
vn -0.4697 0.8656 0.1733
vn -0.1661 0.9084 0.3836
vn -0.1663 0.9083 0.3838
vn -0.1901 0.8912 0.4118
vn -0.2269 0.8971 0.3790
vn -0.3612 0.8465 0.3911
vn -0.2904 0.9010 0.3223
vn -0.3108 0.8277 0.4672
vn -0.4807 0.8256 0.2953
vn -0.4729 0.7673 0.4331
vn -0.4126 0.8326 0.3694
vn 0.0862 0.7113 0.6976
vn -0.3553 0.8544 0.3791
vn -0.2384 0.6934 0.6800
vn -0.1377 0.7672 0.6264
vn -0.4479 0.6179 0.6462
vn -0.5944 0.6229 0.5086
vn -0.3318 0.6520 0.6818
vn 0.0539 0.9013 0.4299
vn 0.1599 0.8439 0.5121
vn 0.0537 0.9013 0.4299
vn -0.2093 0.8360 0.5073
vn -0.0579 0.9206 0.3861
vn -0.4404 0.8556 0.2719
vn -0.3560 0.8618 0.3614
vn -0.5712 0.7823 0.2486
vn -0.6367 0.6850 0.3541
vn -0.1961 0.7376 0.6461
vn -0.4853 0.7767 0.4016
vn 0.3166 0.7135 0.6250
vn 0.2380 0.6947 0.6788
vn 0.0600 0.8770 0.4767
vn 0.3379 0.6732 0.6577
vn -0.0859 0.8754 0.4758
vn 0.2197 0.9538 0.2051
vn -0.0770 0.9065 0.4152
vn -0.3054 0.9309 0.2002
vn -0.0103 0.9091 0.4164
vn -0.2444 0.7706 0.5886
vn -0.1274 0.7508 0.6482
vn -0.2092 0.7771 0.5936
vn 0.0168 0.7568 0.6534
vn 0.3864 0.8475 0.3640
vn 0.1415 0.8758 0.4614
vn 0.0589 0.9172 0.3940
vn 0.0871 0.8814 0.4643
vn 0.2867 0.9145 0.2855
vn 0.4179 0.8270 0.3761
vn 0.3272 0.9020 0.2816
vn 0.5733 0.7458 0.3392
vn 0.6362 0.7282 0.2548
vn 0.2922 0.8949 0.3374
vn 0.2719 0.9083 0.3178
vn 0.4920 0.8146 0.3071
vn 0.1815 0.7866 0.5902
vn 0.2667 0.8079 0.5256
vn 0.3252 0.7564 0.5675
vn 0.2934 0.8013 0.5213
vn 0.5433 0.7962 0.2662
vn 0.5575 0.7571 0.3406
vn 0.5074 0.8172 0.2733
vn 0.5209 0.7785 0.3502
vn 0.5357 0.7761 0.3327
vn 0.4232 0.8313 0.3604
vn 0.4205 0.8339 0.3575
vn 0.1490 0.9072 0.3933
vn 0.1115 0.8981 0.4254
vn 0.3209 0.8477 0.4224
vn 0.3047 0.8608 0.4077
vn 0.0776 0.8923 0.4446
vn 0.0682 0.8893 0.4523
vn 0.4102 0.8595 0.3049
vn 0.4903 0.7769 0.3951
vn 0.4002 0.8637 0.3064
vn 0.4243 0.8611 0.2802
vn 0.4073 0.8698 0.2784
vn 0.4106 0.8671 0.2821
vn 0.4067 0.8701 0.2785
vn 0.4624 0.8602 0.2150
vn 0.3262 0.9272 0.1844
vn 0.3640 0.9036 0.2259
vn 0.2627 0.9463 0.1882
vn 0.2774 0.9451 0.1729
vn 0.3275 0.9384 0.1102
vn 0.3776 0.9109 0.1667
vn 0.2540 0.9606 0.1128
vn 0.2830 0.9556 0.0819
vn 0.1857 0.9818 0.0392
vn 0.2279 0.9701 0.0831
vn 0.1022 0.9940 0.0397
vn 0.1242 0.9921 0.0174
vn 0.0421 0.9990 0.0176
vn -0.0407 0.9990 0.0190
vn -0.0597 0.9982 -0.0000
vn -0.1341 0.9908 0.0189
vn -0.1574 0.9866 0.0427
vn -0.2282 0.9713 0.0678
vn -0.2527 0.9666 0.0418
vn -0.3262 0.9430 0.0658
vn -0.3536 0.9304 0.0968
vn -0.4593 0.8775 0.1380
vn -0.4975 0.8628 0.0897
vn -0.3594 0.9218 0.1449
vn -0.2823 0.9575 0.0595
vn -0.3681 0.9292 0.0325
vn -0.3456 0.9366 0.0582
vn -0.4372 0.8988 0.0314
vn -0.4473 0.8933 0.0440
vn -0.3424 0.9292 0.1393
vn -0.4243 0.9044 0.0445
vn -0.2975 0.9442 0.1415
vn -0.4528 0.8341 0.3150
vn -0.2639 0.9328 0.2455
vn -0.1557 0.9241 0.3490
vn -0.3708 0.8981 0.2363
vn -0.3882 0.8854 0.2556
vn -0.3336 0.8020 0.4954
vn -0.5820 0.7813 0.2255
vn -0.4191 0.7724 0.4771
vn -0.4165 0.7753 0.4748
vn -0.1483 0.8100 0.5674
vn -0.2253 0.8309 0.5088
vn -0.2028 0.8020 0.5618
vn -0.0967 0.8688 0.4856
vn -0.2485 0.7712 0.5860
vn -0.4155 0.7940 0.4438
vn -0.4206 0.7224 0.5489
vn -0.3278 0.8178 0.4730
vn -0.3454 0.6971 0.6283
vn -0.5780 0.7064 0.4086
vn -0.2951 0.7097 0.6397
vn -0.2547 0.7451 0.6164
vn -0.1078 0.6003 0.7925
vn -0.4601 0.6841 0.5659
vn -0.4992 0.5232 0.6907
vn -0.1992 0.8390 0.5063
vn 0.0423 0.7082 0.7048
vn -0.2735 0.8236 0.4970
vn 0.0422 0.7082 0.7048
vn -0.1385 0.6091 0.7809
vn -0.0407 0.6477 0.7608
vn 0.0274 0.6147 0.7882
vn -0.2587 0.6262 0.7355
vn -0.1179 0.7296 0.6736
vn -0.6588 0.7088 0.2524
vn -0.2572 0.7100 0.6555
vn -0.5073 0.8119 0.2891
vn -0.4953 0.8245 0.2737
vn 0.2389 0.6973 0.6758
vn -0.2693 0.9140 0.3034
vn 0.3391 0.6755 0.6547
vn 0.3387 0.6754 0.6550
vn 0.1862 0.8083 0.5586
vn 0.3432 0.6743 0.6539
vn -0.2606 0.7942 0.5489
vn 0.2011 0.9680 0.1504
vn -0.2530 0.7978 0.5473
vn -0.6422 0.7574 0.1177
vn -0.2167 0.8050 0.5523
vn -0.1400 0.8564 0.4970
vn 0.3637 0.7976 0.4812
vn 0.3508 0.8099 0.4701
vn 0.0549 0.8550 0.5158
vn 0.1591 0.8872 0.4331
vn 0.2616 0.8344 0.4852
vn 0.1942 0.8815 0.4304
vn 0.2992 0.8249 0.4796
vn 0.3452 0.8299 0.4384
vn 0.5670 0.6490 0.5073
vn 0.4808 0.7753 0.4095
vn 0.2296 0.7668 0.5994
vn 0.3069 0.7836 0.5402
vn 0.1965 0.8516 0.4860
vn 0.2764 0.7913 0.5454
vn 0.3498 0.8136 0.4644
vn 0.4983 0.8092 0.3113
vn 0.5140 0.7532 0.4104
vn 0.4381 0.8390 0.3228
vn 0.4787 0.7710 0.4201
vn 0.3575 0.7655 0.5350
vn 0.4854 0.7034 0.5193
vn 0.4706 0.7232 0.5054
vn 0.3759 0.7455 0.5504
vn 0.3660 0.7442 0.5587
vn 0.1109 0.8932 0.4359
vn 0.2955 0.7640 0.5736
vn 0.3032 0.8564 0.4179
vn 0.1371 0.8210 0.5542
vn 0.0684 0.8925 0.4459
vn 0.2046 0.8113 0.5477
vn 0.4916 0.7790 0.3892
vn 0.5729 0.7656 0.2927
vn 0.4367 0.8862 0.1546
vn 0.5477 0.7815 0.2988
vn 0.4227 0.8928 0.1557
vn 0.2921 0.9091 0.2969
vn 0.4386 0.8159 0.3768
vn 0.3572 0.8879 0.2900
vn 0.3435 0.8526 0.3937
vn 0.4486 0.8474 0.2841
vn 0.2746 0.9355 0.2225
vn 0.3476 0.8890 0.2981
vn 0.3740 0.9022 0.2146
vn 0.4500 0.8840 0.1268
vn 0.2829 0.9552 0.0874
vn 0.3258 0.9359 0.1342
vn 0.2278 0.9697 0.0887
vn 0.2631 0.9634 0.0514
vn 0.1242 0.9921 0.0193
vn 0.1569 0.9862 0.0526
vn 0.0421 0.9989 0.0194
vn 0.0615 0.9981 -0.0000
vn -0.0847 0.9961 0.0251
vn -0.1574 0.9863 0.0491
vn -0.1810 0.9832 0.0248
vn -0.2526 0.9664 0.0481
vn -0.2809 0.9565 0.0785
vn -0.3537 0.9305 0.0957
vn -0.3711 0.9255 0.0759
vn -0.4976 0.8629 0.0888
vn -0.4777 0.8763 0.0625
vn -0.2801 0.9499 0.1389
vn -0.3460 0.9359 0.0668
vn -0.3429 0.9295 0.1359
vn -0.2524 0.9669 0.0370
vn -0.4477 0.8941 0.0107
vn -0.4284 0.9029 0.0345
vn -0.4247 0.9053 0.0108
vn -0.4575 0.8877 0.0516
vn -0.4646 0.8559 0.2273
vn -0.5995 0.7990 0.0464
vn -0.1607 0.9539 0.2534
vn -0.2732 0.8921 0.3599
vn -0.3556 0.8112 0.4643
vn -0.4908 0.8080 0.3259
vn -0.5430 0.7288 0.4171
vn -0.4958 0.7907 0.3593
vn -0.4713 0.8772 0.0923
vn -0.1688 0.8974 0.4077
vn -0.2604 0.9602 0.1010
vn -0.5443 0.7238 0.4241
vn -0.1036 0.9309 0.3503
vn 0.0847 0.8597 0.5038
vn -0.4398 0.8406 0.3163
vn -0.5243 0.7436 0.4150
vn -0.2831 0.7064 0.6488
vn -0.5536 0.7272 0.4059
vn -0.5162 0.6308 0.5794
vn -0.5095 0.6412 0.5737
vn -0.2247 0.6575 0.7192
vn -0.3739 0.6912 0.6184
vn -0.4132 0.6144 0.6721
vn -0.1613 0.8414 0.5158
vn -0.1548 0.6524 0.7419
vn -0.5445 0.7150 0.4384
vn -0.2142 0.6450 0.7336
vn -0.0129 0.7724 0.6349
vn -0.1483 0.6521 0.7435
vn -0.3883 0.7119 0.5852
vn 0.0294 0.6591 0.7515
vn -0.2255 0.5102 0.8300
vn -0.0936 0.5788 0.8101
vn 0.0342 0.5234 0.8514
vn -0.2061 0.5689 0.7962
vn 0.1072 0.7416 0.6622
vn -0.4381 0.7293 0.5256
vn -0.3045 0.7105 0.6344
vn -0.2325 0.7890 0.5687
vn -0.4506 0.5649 0.6913
vn 0.3251 0.6483 0.6886
vn 0.3869 0.5835 0.7141
vn 0.3295 0.6472 0.6874
vn 0.5447 0.6688 0.5061
vn 0.1781 0.8574 0.4829
vn 0.3047 0.7595 0.5747
vn -0.5942 0.7008 0.3947
vn -0.3241 0.9444 0.0553
vn -0.1328 0.8122 0.5681
vn -0.6261 0.7784 0.0456
vn 0.3345 0.7722 0.5402
vn 0.0264 0.6746 0.7377
vn 0.1494 0.8332 0.5324
vn 0.3933 0.6205 0.6785
vn 0.1825 0.8285 0.5294
vn -0.1340 0.6814 0.7195
vn 0.2972 0.7145 0.6334
vn 0.3733 0.6379 0.6736
vn 0.4210 0.6787 0.6017
vn 0.3133 0.6607 0.6822
vn 0.2903 0.7411 0.6054
vn 0.3892 0.6408 0.6617
vn 0.2611 0.7476 0.6107
vn 0.3145 0.7588 0.5703
vn 0.4235 0.6877 0.5897
vn 0.3775 0.7402 0.5564
vn 0.3685 0.7057 0.6052
vn 0.3806 0.7075 0.5955
vn 0.3775 0.8085 0.4514
vn 0.4978 0.6635 0.5585
vn 0.4940 0.7591 0.4239
vn 0.1826 0.7119 0.6781
vn 0.3639 0.7401 0.5656
vn 0.4418 0.6496 0.6188
vn 0.2938 0.7595 0.5804
vn 0.4055 0.7743 0.4858
vn 0.1559 0.9336 0.3226
vn 0.3554 0.7918 0.4968
vn 0.2318 0.9194 0.3177
vn 0.2483 0.9205 0.3018
vn 0.5606 0.7492 0.3528
vn 0.4985 0.8237 0.2701
vn 0.5354 0.7641 0.3598
vn 0.5807 0.7552 0.3041
vn 0.2973 0.9253 0.2355
vn 0.3993 0.8504 0.3425
vn 0.3633 0.9029 0.2298
vn 0.2979 0.9069 0.2979
vn 0.4422 0.8354 0.3264
vn 0.4056 0.8684 0.2852
vn 0.3422 0.8752 0.3419
vn 0.4451 0.8651 0.2311
vn 0.4497 0.8834 0.1316
vn 0.5182 0.8263 0.2208
vn 0.3255 0.9352 0.1393
vn 0.3884 0.9189 0.0683
vn 0.2631 0.9633 0.0536
vn 0.2793 0.9576 0.0712
vn 0.1569 0.9861 0.0549
vn 0.1863 0.9822 0.0246
vn 0.0863 0.9960 0.0250
vn -0.0847 0.9962 0.0183
vn -0.1029 0.9947 -0.0000
vn -0.1811 0.9833 0.0181
vn -0.1987 0.9794 0.0363
vn -0.2812 0.9575 0.0637
vn -0.3073 0.9510 0.0353
vn -0.3715 0.9264 0.0617
vn -0.3830 0.9207 0.0751
vn -0.4782 0.8771 0.0450
vn -0.4566 0.8867 0.0723
vn -0.3464 0.9369 0.0481
vn -0.3651 0.9284 0.0696
vn -0.2516 0.9640 0.0860
vn -0.2647 0.9616 0.0720
vn -0.4272 0.9006 0.0803
vn -0.4053 0.9126 0.0538
vn -0.4554 0.8837 0.1086
vn -0.5006 0.8642 0.0509
vn -0.5973 0.7960 0.0978
vn -0.6022 0.7913 0.1057
vn -0.2750 0.8981 0.3432
vn -0.4819 0.8685 0.1160
vn -0.4935 0.8125 0.3105
vn -0.4621 0.8441 0.2720
vn -0.5271 0.8406 -0.1244
vn -0.1476 0.9414 0.3033
vn -0.1829 0.9725 -0.1440
vn -0.1766 0.9727 -0.1504
vn -0.5922 0.7874 -0.1713
vn -0.5629 0.8169 -0.1263
vn 0.0958 0.9726 -0.2116
vn -0.5787 0.6426 0.5022
vn -0.5392 0.7648 0.3526
vn -0.2900 0.7541 0.5893
vn -0.5686 0.7470 0.3444
vn -0.4782 0.8494 0.2232
vn -0.6216 0.7823 -0.0387
vn -0.4228 0.8765 0.2303
vn -0.4753 0.8787 -0.0435
vn -0.6648 0.7043 0.2490
vn -0.1227 0.6400 0.7585
vn -0.6943 0.6785 0.2399
vn -0.4408 0.5788 0.6860
vn -0.0305 0.9090 0.4156
vn -0.0142 0.8485 0.5290
vn -0.1643 0.8971 0.4101
vn -0.4200 0.7701 0.4802
vn -0.2562 0.9095 0.3272
vn -0.3823 0.8651 0.3248
vn -0.3955 0.8643 0.3109
vn 0.0611 0.9344 0.3508
vn -0.4768 0.5222 0.7070
vn 0.0771 0.5332 0.8425
vn -0.0485 0.5934 0.8034
vn -0.2234 0.5213 0.8236
vn -0.1430 0.5752 0.8054
vn -0.4752 0.5958 0.6474
vn -0.2709 0.5595 0.7833
vn 0.4096 0.6178 0.6713
vn 0.4091 0.6177 0.6716
vn 0.4788 0.5879 0.6520
vn 0.4728 0.5965 0.6486
vn 0.2594 0.6467 0.7173
vn 0.3813 0.6725 0.6344
vn -0.2747 0.8005 0.5327
vn -0.0475 0.7266 0.6854
vn -0.5564 0.6917 0.4603
vn -0.4258 0.8510 0.3076
vn 0.0360 0.9220 0.3855
vn -0.0165 0.9403 0.3399
vn 0.5049 0.7964 0.3330
vn 0.2877 0.7892 0.5426
vn -0.1756 0.8930 0.4144
vn 0.0221 0.8239 0.5664
vn 0.4689 0.8012 0.3718
vn 0.6730 0.7333 0.0964
vn 0.3971 0.8374 0.3756
vn 0.1539 0.9797 0.1288
vn 0.4847 0.7981 0.3580
vn 0.5072 0.7952 0.3324
vn 0.3243 0.7822 0.5319
vn 0.1393 0.9136 0.3819
vn 0.3885 0.7619 0.5181
vn 0.5025 0.7634 0.4058
vn 0.4364 0.8111 0.3894
vn 0.4617 0.7832 0.4164
vn 0.5603 0.7467 0.3585
vn 0.3685 0.7480 0.5519
vn 0.2209 0.8611 0.4580
vn 0.3487 0.7542 0.5564
vn 0.5148 0.7569 0.4026
vn 0.6373 0.7298 0.2473
vn 0.4509 0.8610 0.2354
vn 0.4872 0.8271 0.2803
vn 0.3973 0.8852 0.2421
vn 0.5628 0.8259 0.0337
vn 0.2602 0.9644 0.0475
vn 0.2527 0.9667 0.0395
vn 0.5173 0.8548 0.0421
vn 0.4129 0.8943 0.1725
vn 0.5899 0.7671 0.2522
vn 0.5279 0.8339 0.1608
vn 0.4074 0.8676 0.2852
vn 0.4775 0.8545 0.2046
vn 0.3084 0.9389 0.1531
vn 0.3663 0.9049 0.2167
vn 0.4186 0.8963 0.1461
vn 0.3978 0.9015 0.1703
vn 0.4397 0.8546 0.2762
vn 0.3499 0.9205 0.1739
vn 0.5125 0.8171 0.2641
vn 0.5814 0.7948 0.1739
vn 0.3875 0.9166 0.0986
vn 0.4625 0.8661 0.1895
vn 0.2786 0.9549 0.1027
vn 0.3287 0.9432 0.0480
vn 0.1864 0.9822 0.0216
vn 0.2133 0.9757 0.0496
vn 0.0863 0.9960 0.0219
vn 0.1080 0.9942 -0.0000
vn -0.1213 0.9924 0.0186
vn -0.1986 0.9793 0.0382
vn -0.2177 0.9758 0.0183
vn -0.3072 0.9509 0.0371
vn -0.3195 0.9462 0.0507
vn -0.3828 0.9203 0.0809
vn -0.4101 0.9107 0.0488
vn -0.4564 0.8864 0.0779
vn -0.4795 0.8709 0.1076
vn -0.3625 0.9217 0.1379
vn -0.3843 0.9163 0.1132
vn -0.2626 0.9543 0.1428
vn -0.2491 0.9599 0.1285
vn -0.3988 0.8979 0.1861
vn -0.4564 0.8819 0.1181
vn -0.4933 0.8517 0.1766
vn -0.4768 0.8652 0.1550
vn -0.5986 0.7866 0.1514
vn -0.6062 0.7828 0.1402
vn -0.4784 0.8623 0.1659
vn -0.5411 0.8029 0.2502
vn -0.4564 0.8337 0.3108
vn -0.5024 0.8255 0.2572
vn -0.1454 0.9271 0.3456
vn -0.1738 0.9123 0.3709
vn -0.1739 0.9578 0.2287
vn -0.0128 0.9263 0.3766
vn -0.5567 0.8080 0.1929
vn -0.5488 0.8160 0.1814
vn -0.6678 0.7415 0.0657
vn -0.5993 0.7814 0.1737
vn -0.3577 0.9302 0.0824
vn -0.4001 0.9070 0.1317
vn -0.4887 0.8681 -0.0871
vn -0.2997 0.9441 0.1371
vn -0.4327 0.8970 -0.0901
vn -0.6479 0.7282 0.2235
vn -0.6644 0.7037 0.2517
vn -0.6891 0.6927 0.2126
vn -0.6939 0.6780 0.2425
vn -0.5951 0.8013 0.0617
vn -0.0289 0.8615 0.5070
vn -0.4775 0.8760 0.0674
vn -0.1559 0.8513 0.5010
vn -0.2616 0.7747 0.5757
vn -0.2365 0.8396 0.4890
vn -0.0967 0.7989 0.5937
vn -0.3677 0.8036 0.4681
vn -0.3454 0.8244 0.4484
vn -0.5909 0.6471 0.4818
vn -0.6993 0.6279 0.3415
vn -0.0654 0.8004 0.5959
vn -0.3872 0.5416 0.7462
vn -0.1584 0.6371 0.7543
vn -0.0321 0.5871 0.8089
vn -0.2982 0.6159 0.7292
vn 0.0458 0.8394 0.5416
vn 0.4380 0.6612 0.6091
vn 0.3087 0.7992 0.5156
vn 0.5036 0.6354 0.5854
vn 0.0518 0.5257 0.8491
vn 0.2707 0.4775 0.8359
vn 0.2216 0.5133 0.8291
vn -0.0324 0.4958 0.8678
vn -0.1355 0.4449 0.8853
vn -0.3373 0.6742 0.6571
vn 0.2252 0.4375 0.8705
vn -0.0126 0.7161 0.6979
vn 0.1647 0.7897 0.5910
vn 0.2614 0.7171 0.6460
vn 0.1674 0.7893 0.5907
vn 0.0199 0.7428 0.6692
vn 0.3593 0.8355 0.4157
vn 0.5742 0.6256 0.5281
vn 0.4554 0.7971 0.3966
vn 0.1192 0.7587 0.6404
vn 0.7045 0.7097 0.0061
vn 0.5313 0.8329 0.1550
vn 0.4181 0.9084 0.0077
vn 0.1483 0.9722 0.1810
vn 0.3849 0.9200 -0.0733
vn 0.5230 0.7944 0.3089
vn 0.1859 0.9795 -0.0781
vn 0.4815 0.8169 0.3176
vn 0.0151 0.7223 0.6915
vn 0.3923 0.7964 0.4603
vn 0.5330 0.6112 0.5851
vn 0.3717 0.8038 0.4645
vn 0.6371 0.7562 0.1496
vn 0.6545 0.7495 0.0992
vn 0.6774 0.7216 0.1428
vn 0.5043 0.8561 0.1133
vn 0.5340 0.8423 0.0736
vn 0.5631 0.8264 -0.0017
vn 0.6091 0.7901 0.0691
vn 0.2529 0.9675 -0.0020
vn 0.4335 0.8773 -0.2061
vn 0.4174 0.9042 0.0906
vn 0.1222 0.9662 -0.2270
vn 0.5330 0.8419 0.0844
vn 0.4637 0.8689 0.1734
vn 0.4788 0.8568 0.1915
vn 0.4646 0.8684 0.1733
vn 0.3675 0.9077 0.2028
vn 0.4749 0.8768 0.0760
vn 0.4005 0.9076 0.1258
vn 0.3616 0.9288 0.0805
vn 0.3524 0.9270 0.1285
vn 0.3522 0.9270 0.1287
vn 0.5890 0.8051 0.0707
vn 0.6127 0.7828 0.1087
vn 0.4696 0.8795 0.0772
vn 0.4690 0.8797 0.0780
vn 0.3286 0.9430 0.0521
vn 0.3556 0.9310 0.0826
vn 0.2133 0.9755 0.0539
vn 0.2364 0.9712 0.0295
vn 0.1376 0.9900 0.0301
vn -0.1213 0.9924 0.0188
vn -0.1398 0.9902 -0.0000
vn -0.2177 0.9758 0.0185
vn -0.2393 0.9701 0.0413
vn -0.3192 0.9452 0.0687
vn -0.3450 0.9378 0.0399
vn -0.4097 0.9098 0.0661
vn -0.4284 0.8992 0.0888
vn -0.4771 0.8666 0.1461
vn -0.5253 0.8468 0.0836
vn -0.3822 0.9112 0.1536
vn -0.2860 0.9571 0.0459
vn -0.2476 0.9542 0.1679
vn -0.3609 0.9315 0.0447
vn -0.4541 0.8775 0.1544
vn -0.4807 0.8565 0.1881
vn -0.4722 0.8569 0.2067
vn -0.4881 0.8525 0.1872
vn -0.6014 0.7767 0.1873
vn -0.5759 0.8041 0.1472
vn -0.5416 0.8036 0.2469
vn -0.6176 0.7737 0.1416
vn -0.5028 0.8263 0.2539
vn -0.4129 0.8997 0.1418
vn -0.1863 0.9778 0.0959
vn -0.1283 0.9796 0.1544
vn -0.0137 0.9951 0.0976
vn -0.2896 0.8852 0.3642
vn -0.5544 0.8244 0.1141
vn -0.3466 0.8675 0.3569
vn -0.6049 0.7888 0.1092
vn -0.5883 0.8044 0.0828
vn -0.4018 0.9107 -0.0958
vn -0.2258 0.9691 0.0997
vn -0.3010 0.9484 -0.0998
vn -0.4948 0.8589 0.1318
vn -0.6424 0.7221 0.2565
vn -0.7334 0.6720 0.1031
vn -0.6839 0.6875 0.2442
vn -0.6278 0.7660 0.1379
vn -0.5817 0.7834 0.2190
vn -0.6381 0.7577 0.1364
vn -0.4648 0.8527 0.2384
vn -0.0816 0.9805 -0.1788
vn -0.3106 0.9197 0.2402
vn -0.6094 0.7800 -0.1422
vn -0.1163 0.9610 0.2510
vn -0.1445 0.9498 0.2776
vn -0.3666 0.8748 0.3166
vn -0.4246 0.8690 0.2540
vn -0.7232 0.6494 0.2350
vn -0.5028 0.8532 -0.1387
vn -0.5031 0.7036 -0.5018
vn -0.1601 0.9743 -0.1584
vn -0.0445 0.8133 -0.5801
vn -0.6057 0.7957 -0.0054
vn 0.0513 0.9393 0.3394
vn -0.2991 0.9542 -0.0064
vn 0.3415 0.8840 0.3194
vn 0.2032 0.8708 0.4478
vn 0.0762 0.7730 0.6299
vn -0.1769 0.8753 0.4501
vn 0.3174 0.7351 0.5990
vn 0.2634 0.7233 0.6384
vn -0.2612 0.8577 0.4428
vn 0.0463 0.7489 0.6610
vn 0.4159 0.8081 0.4172
vn 0.5360 0.7951 0.2837
vn 0.1653 0.7925 0.5870
vn -0.1629 0.9293 0.3315
vn 0.1680 0.7922 0.5867
vn 0.2207 0.8068 0.5480
vn 0.3681 0.8560 0.3629
vn 0.4932 0.7196 0.4888
vn 0.4655 0.8148 0.3454
vn 0.6754 0.7353 0.0564
vn 0.7041 0.7092 0.0360
vn 0.7126 0.6995 0.0537
vn 0.4176 0.9074 0.0461
vn 0.5048 0.8608 -0.0649
vn 0.3672 0.8777 0.3078
vn -0.0078 0.9971 -0.0752
vn 0.1763 0.9289 0.3258
vn 0.1042 0.9148 0.3903
vn 0.0207 0.9882 -0.1516
vn 0.4838 0.8050 0.3434
vn 0.6529 0.7487 -0.1149
vn 0.2167 0.8825 0.4175
vn 0.6443 0.7648 -0.0025
vn 0.7662 0.5809 0.2748
vn 0.6844 0.7291 -0.0024
vn 0.6423 0.7631 0.0716
vn 0.5354 0.8446 0.0002
vn 0.5867 0.8063 0.0757
vn 0.6106 0.7920 0.0002
vn 0.6229 0.7820 -0.0199
vn 0.4430 0.8964 0.0177
vn 0.4095 0.9120 -0.0232
vn 0.1255 0.9919 0.0196
vn 0.3733 0.8955 -0.2423
vn 0.4700 0.8808 0.0570
vn 0.1880 0.9481 -0.2566
vn 0.4710 0.8803 0.0569
vn 0.2439 0.9197 0.3077
vn 0.4739 0.8749 0.0997
vn 0.5858 0.7686 0.2571
vn 0.3608 0.9267 0.1056
vn 0.3881 0.9186 0.0743
vn 0.3538 0.9312 0.0879
vn 0.3430 0.9363 0.0757
vn 0.6146 0.7853 0.0741
vn 0.5921 0.7986 0.1083
vn 0.4690 0.8798 0.0770
vn 0.4991 0.8587 0.1165
vn 0.3556 0.9311 0.0814
vn 0.3851 0.9216 0.0475
vn 0.2365 0.9713 0.0240
vn 0.2606 0.9642 0.0497
vn 0.1376 0.9902 0.0245
vn 0.1616 0.9869 -0.0000
vn -0.1574 0.9874 0.0180
vn -0.2390 0.9690 0.0622
vn -0.2807 0.9596 0.0175
vn -0.3446 0.9368 0.0601
vn -0.3633 0.9281 0.0814
vn -0.4277 0.8978 0.1053
vn -0.4500 0.8896 0.0780
vn -0.5245 0.8456 0.0991
vn -0.5692 0.8057 0.1639
vn -0.2742 0.9178 0.2871
vn -0.3713 0.9099 0.1851
vn -0.3468 0.8952 0.2800
vn -0.4151 0.8387 0.3525
vn -0.4713 0.8397 0.2698
vn -0.3921 0.8481 0.3564
vn -0.4786 0.8359 0.2686
vn -0.3825 0.9111 0.1535
vn -0.5677 0.7926 0.2224
vn -0.6326 0.7637 0.1287
vn -0.6094 0.7634 0.2142
vn -0.4149 0.9082 -0.0552
vn -0.4170 0.9087 -0.0206
vn -0.4445 0.8941 -0.0543
vn -0.1298 0.9913 -0.0225
vn -0.4801 0.8013 0.3570
vn -0.2960 0.9049 0.3059
vn -0.1967 0.8956 0.3990
vn -0.3540 0.8860 0.2995
vn -0.4426 0.8060 0.3931
vn -0.5901 0.8067 0.0327
vn -0.2475 0.8708 0.4247
vn -0.2268 0.9732 0.0394
vn -0.3165 0.9388 0.1358
vn -0.4917 0.8535 0.1724
vn -0.5312 0.8385 0.1213
vn -0.7305 0.6693 0.1352
vn -0.6853 0.7272 0.0386
vn -0.6319 0.7710 -0.0796
vn -0.5522 0.8326 0.0442
vn -0.6422 0.7625 -0.0788
vn -0.6920 0.7218 0.0096
vn -0.0710 0.8529 0.5173
vn -0.5603 0.8282 0.0110
vn -0.5554 0.7110 0.4312
vn -0.5238 0.7565 0.3916
vn -0.1203 0.7910 0.5999
vn -0.3294 0.8385 0.4341
vn -0.3628 0.7425 0.5631
vn -0.2073 0.8724 0.4426
vn -0.4521 0.7672 0.4550
vn -0.5157 0.7640 0.3877
vn -0.1399 0.8516 0.5051
vn 0.0592 0.9375 0.3428
vn -0.5999 0.7882 0.1375
vn -0.4720 0.8280 0.3027
vn -0.2950 0.9413 0.1643
vn -0.2419 0.9643 0.1080
vn 0.2162 0.9267 0.3074
vn 0.0134 0.9937 0.1113
vn -0.1884 0.9321 0.3093
vn 0.2874 0.9435 -0.1650
vn 0.3303 0.9071 -0.2608
vn 0.4250 0.8916 -0.1559
vn 0.0593 0.9594 -0.2758
vn -0.2616 0.9642 0.0440
vn 0.4198 0.6227 0.6603
vn -0.3220 0.9458 0.0432
vn -0.1194 0.6812 0.7223
vn 0.3953 0.8474 0.3546
vn 0.2064 0.7543 0.6232
vn -0.1227 0.9155 0.3831
vn 0.4671 0.6817 0.5631
vn 0.8569 0.5076 -0.0898
vn 0.6694 0.7288 0.1438
vn 0.4725 0.8679 -0.1535
vn 0.7069 0.6939 0.1369
vn 0.1161 0.6861 0.7182
vn 0.4279 0.7297 0.5334
vn 0.5289 0.5863 0.6137
vn -0.0063 0.8073 0.5901
vn 0.1813 0.8740 0.4508
vn 0.1075 0.9440 0.3118
vn 0.2571 0.8589 0.4430
vn 0.4956 0.8247 0.2724
vn 0.7023 0.7107 -0.0404
vn 0.2290 0.9328 -0.2784
vn 0.4374 0.8978 -0.0510
vn 0.7842 0.5946 -0.1775
vn 0.6286 0.7631 0.1500
vn 0.6434 0.7645 -0.0408
vn 0.7309 0.6696 0.1317
vn 0.5878 0.8079 -0.0431
vn 0.5793 0.8145 -0.0301
vn 0.5966 0.7489 0.2884
vn 0.3505 0.9359 -0.0346
vn 0.3865 0.8607 0.3314
vn 0.5373 0.8292 0.1543
vn 0.3846 0.9226 0.0282
vn 0.4905 0.8567 0.1595
vn 0.1945 0.9805 0.0299
vn 0.3794 0.9093 -0.1713
vn 0.2561 0.9659 0.0377
vn 0.0371 0.9820 -0.1850
vn 0.6059 0.7949 0.0310
vn 0.4699 0.8559 0.2158
vn 0.3834 0.9076 0.1710
vn 0.4265 0.8770 0.2212
vn 0.3387 0.9246 0.1742
vn 0.3177 0.9275 0.1969
vn 0.5939 0.8011 0.0736
vn 0.6445 0.7479 0.1587
vn 0.5010 0.8618 0.0792
vn 0.4990 0.8627 0.0818
vn 0.3848 0.9210 0.0602
vn 0.4068 0.9094 0.0862
vn 0.2604 0.9634 0.0630
vn 0.3088 0.9511 0.0104
vn 0.1720 0.9850 0.0108
vn -0.1574 0.9874 0.0179
vn -0.1748 0.9846 -0.0000
vn -0.2807 0.9596 0.0174
vn -0.2926 0.9558 0.0303
vn -0.3641 0.9302 0.0469
vn -0.3793 0.9248 0.0293
vn -0.4510 0.8914 0.0449
vn -0.4936 0.8639 0.1001
vn -0.5734 0.8116 0.1117
vn -0.5862 0.8048 0.0933
vn -0.3748 0.9184 0.1264
vn -0.3300 0.9410 0.0755
vn -0.4432 0.8954 0.0437
vn -0.4194 0.9049 0.0726
vn -0.4192 0.9068 0.0442
vn -0.5400 0.8171 0.2021
vn -0.3627 0.8640 0.3492
vn -0.4884 0.8471 0.2095
vn -0.6091 0.7353 0.2972
vn -0.2308 0.9571 -0.1752
vn -0.4100 0.8975 -0.1623
vn -0.4116 0.8965 -0.1641
vn -0.4394 0.8840 -0.1599
vn -0.4161 0.8899 -0.1872
vn -0.4980 0.8311 -0.2476
vn -0.4477 0.8751 -0.1841
vn -0.2060 0.9378 -0.2794
vn -0.6120 0.7601 0.2185
vn -0.4813 0.8765 0.0126
vn -0.2565 0.9289 0.2670
vn -0.2734 0.9618 0.0138
vn -0.3397 0.9365 0.0870
vn -0.3113 0.9234 0.2244
vn -0.4365 0.8958 0.0832
vn -0.5242 0.8275 0.2011
vn -0.5369 0.8148 0.2187
vn -0.6722 0.7132 0.1987
vn -0.6771 0.7107 0.1907
vn -0.5384 0.8118 0.2262
vn -0.5346 0.8157 0.2209
vn -0.6919 0.7217 0.0176
vn -0.5666 0.7954 0.2153
vn -0.5602 0.8281 0.0202
vn -0.5193 0.8538 -0.0374
vn -0.5689 0.8216 0.0352
vn -0.6142 0.7884 -0.0345
vn -0.3653 0.9300 0.0399
vn -0.3714 0.9273 0.0469
vn -0.2216 0.9325 -0.2852
vn 0.1178 0.9918 0.0502
vn -0.5423 0.8034 -0.2457
vn -0.5530 0.8002 -0.2319
vn 0.0556 0.8808 0.4702
vn -0.5898 0.7756 -0.2247
vn -0.4493 0.7881 0.4208
vn 0.0288 0.9975 -0.0648
vn -0.2387 0.9515 -0.1938
vn -0.1112 0.9917 -0.0644
vn 0.0132 0.9798 -0.1996
vn 0.0715 0.9643 -0.2549
vn 0.2847 0.9347 -0.2129
vn 0.2508 0.9359 -0.2474
vn 0.4215 0.8842 -0.2014
vn 0.3597 0.9240 -0.1297
vn -0.2599 0.9579 -0.1220
vn -0.2710 0.9532 -0.1338
vn -0.3200 0.9398 -0.1197
vn -0.2035 0.9491 -0.2405
vn 0.4227 0.9062 0.0076
vn 0.1947 0.9508 -0.2409
vn -0.1329 0.9911 0.0083
vn -0.3868 0.8798 0.2763
vn 0.8007 0.4743 0.3661
vn 0.7612 0.6187 0.1943
vn 0.3958 0.7270 0.5611
vn 0.5665 0.7262 0.3894
vn 0.1666 0.9846 -0.0537
vn 0.5565 0.7322 0.3926
vn 0.6693 0.7419 -0.0405
vn 0.6514 0.7587 -0.0084
vn 0.2025 0.9759 -0.0808
vn 0.2690 0.9631 -0.0106
vn 0.2859 0.9550 -0.0791
vn 0.4593 0.8442 -0.2765
vn 0.6829 0.6911 0.2369
vn 0.2891 0.9097 -0.2980
vn 0.4186 0.8591 0.2945
vn 0.5323 0.8317 0.1580
vn 0.6267 0.7607 -0.1688
vn 0.7719 0.6246 0.1187
vn 0.7292 0.6680 -0.1483
vn 0.6875 0.7239 -0.0580
vn 0.5788 0.8138 -0.0529
vn 0.5701 0.8189 -0.0656
vn 0.3501 0.9348 -0.0608
vn 0.4228 0.8944 -0.1459
vn 0.5355 0.8264 0.1742
vn 0.2611 0.9527 -0.1555
vn 0.4887 0.8537 0.1799
vn 0.4247 0.8685 0.2556
vn 0.3851 0.9229 0.0004
vn 0.5635 0.7925 0.2332
vn 0.0377 0.9993 0.0005
vn 0.1463 0.9832 -0.1087
vn 0.4773 0.8693 0.1289
vn 0.2771 0.9550 -0.1056
vn 0.4334 0.8914 0.1322
vn 0.4745 0.8765 0.0817
vn 0.3238 0.9453 -0.0392
vn 0.4291 0.8993 0.0839
vn 0.6525 0.7572 -0.0314
vn 0.6274 0.7786 0.0112
vn 0.5006 0.8656 0.0143
vn 0.4993 0.8664 0.0125
vn 0.4083 0.9127 0.0151
vn 0.4168 0.9090 0.0048
vn 0.3088 0.9511 0.0008
vn 0.3127 0.9498 0.0051
vn 0.1720 0.9851 0.0008
vn 0.1728 0.9850 -0.0000
vn -0.1723 0.9850 -0.0025
vn -0.2926 0.9560 0.0204
vn -0.3134 0.9496 -0.0024
vn -0.3794 0.9250 0.0198
vn -0.4170 0.9066 0.0645
vn -0.4950 0.8663 0.0668
vn -0.4991 0.8644 0.0615
vn -0.5876 0.8068 0.0622
vn -0.5936 0.8016 0.0715
vn -0.3297 0.9401 0.0869
vn -0.3324 0.9394 0.0838
vn -0.4191 0.9041 0.0836
vn -0.3938 0.9176 0.0533
vn -0.5513 0.8343 -0.0020
vn -0.5141 0.8563 0.0497
vn -0.4995 0.8663 -0.0021
vn -0.3088 0.9239 -0.2261
vn -0.2249 0.9326 -0.2823
vn -0.1752 0.9563 -0.2341
vn -0.4023 0.8763 -0.2652
vn -0.3168 0.8801 -0.3536
vn -0.4166 0.8911 -0.1798
vn -0.5266 0.7888 -0.3169
vn -0.4483 0.8762 -0.1768
vn -0.6008 0.7988 0.0310
vn -0.6135 0.7620 -0.2076
vn -0.4426 0.8961 0.0348
vn -0.2574 0.9323 -0.2540
vn -0.6277 0.7474 0.2177
vn -0.3278 0.9037 0.2753
vn -0.3396 0.9030 0.2630
vn -0.4225 0.8670 0.2641
vn -0.3856 0.8955 0.2221
vn -0.5287 0.8024 0.2770
vn -0.5917 0.7825 0.1941
vn -0.6692 0.7024 0.2425
vn -0.5569 0.8288 0.0535
vn -0.5395 0.8233 -0.1764
vn -0.3517 0.9342 0.0603
vn -0.5716 0.8024 -0.1719
vn -0.5125 0.8218 -0.2490
vn -0.5197 0.8543 -0.0080
vn -0.6534 0.7245 -0.2195
vn -0.6146 0.7888 -0.0074
vn 0.0480 0.7605 -0.6476
vn -0.3081 0.7692 -0.5599
vn -0.3706 0.7072 -0.6021
vn 0.0956 0.8048 -0.5858
vn -0.4938 0.8689 -0.0355
vn -0.5685 0.8226 -0.0131
vn -0.5818 0.8126 -0.0332
vn -0.6053 0.7959 -0.0127
vn -0.2594 0.8711 -0.4170
vn 0.0280 0.9725 0.2312
vn -0.5271 0.7666 -0.3669
vn -0.1085 0.9671 0.2299
vn 0.0618 0.9961 0.0633
vn 0.0730 0.9843 0.1607
vn -0.0255 0.9977 0.0634
vn 0.2556 0.9541 0.1558
vn 0.5764 0.7813 -0.2395
vn 0.3627 0.9316 0.0247
vn 0.0537 0.9547 -0.2926
vn -0.2734 0.9616 0.0255
vn -0.1910 0.9797 -0.0615
vn -0.2048 0.9552 0.2138
vn -0.4473 0.8926 -0.0561
vn 0.1959 0.9569 0.2142
vn -0.0991 0.8749 0.4741
vn -0.4010 0.9120 0.0869
vn 0.0061 0.8792 0.4764
vn 0.7746 0.6296 0.0600
vn 0.5771 0.7225 0.3807
vn 0.5735 0.7352 0.3615
vn 0.5850 0.7175 0.3781
vn 0.5634 0.7414 0.3645
vn 0.6409 0.7215 0.2621
vn 0.6514 0.7586 0.0165
vn 0.7483 0.6235 0.2265
vn 0.2689 0.9629 0.0209
vn 0.3527 0.9330 -0.0719
vn 0.4776 0.8777 0.0393
vn 0.3881 0.9189 -0.0708
vn 0.3026 0.9522 0.0426
vn 0.4718 0.8676 -0.1573
vn 0.5269 0.8232 -0.2115
vn 0.5757 0.8045 -0.1458
vn 0.7674 0.6210 -0.1595
vn 0.7488 0.6539 -0.1087
vn 0.6886 0.7251 -0.0078
vn 0.6167 0.7765 -0.1291
vn 0.5713 0.8207 -0.0088
vn 0.2648 0.8982 0.3508
vn 0.3883 0.8215 0.4176
vn 0.3139 0.8844 0.3454
vn 0.2373 0.8660 0.4402
vn 0.5361 0.8359 0.1179
vn 0.4377 0.8951 0.0855
vn 0.4677 0.8752 0.1234
vn 0.5777 0.8125 0.0777
vn 0.5352 0.8335 0.1371
vn 0.1471 0.9887 -0.0273
vn 0.3188 0.9352 0.1539
vn 0.2785 0.9601 -0.0265
vn 0.3328 0.9391 -0.0862
vn 0.4752 0.8778 -0.0606
vn 0.4588 0.8848 -0.0813
vn 0.4298 0.9008 -0.0622
vn 0.4044 0.9141 -0.0313
vn 0.6273 0.7784 -0.0255
vn 0.6265 0.7789 -0.0267
vn 0.4991 0.8661 -0.0284
vn 0.4851 0.8744 -0.0098
vn 0.4167 0.9088 -0.0227
vn 0.4270 0.9042 -0.0102
vn 0.3126 0.9496 -0.0237
vn 0.2851 0.9585 0.0065
vn 0.1793 0.9838 0.0067
vn -0.1723 0.9850 0.0054
vn -0.1776 0.9841 -0.0000
vn -0.3134 0.9496 0.0052
vn -0.3175 0.9482 0.0098
vn -0.4178 0.9085 -0.0093
vn -0.4022 0.9155 0.0095
vn -0.5000 0.8660 -0.0089
vn -0.5076 0.8616 0.0012
vn -0.5951 0.8037 -0.0036
vn -0.5920 0.8060 0.0012
vn -0.3336 0.9427 -0.0043
vn -0.3926 0.9175 0.0638
vn -0.3943 0.9189 0.0108
vn -0.3474 0.9354 0.0651
vn -0.5147 0.8573 0.0101
vn -0.3423 0.9184 -0.1983
vn -0.2938 0.8790 -0.3755
vn -0.1194 0.9705 -0.2095
vn -0.1661 0.9068 -0.3873
vn -0.2988 0.9178 -0.2613
vn -0.3350 0.9306 -0.1473
vn -0.4238 0.8711 -0.2481
vn -0.5505 0.8246 -0.1305
vn -0.5494 0.8251 -0.1320
vn -0.5962 0.7926 -0.1277
vn -0.5957 0.7931 -0.1269
vn -0.4383 0.8874 -0.1430
vn -0.5564 0.8308 0.0123
vn -0.6378 0.7595 0.1282
vn -0.7048 0.7093 0.0105
vn -0.3477 0.9245 0.1560
vn -0.5182 0.7772 0.3570
vn -0.3350 0.7780 0.5315
vn -0.5111 0.7810 0.3588
vn -0.5296 0.7004 0.4785
vn -0.1673 0.9812 0.0957
vn -0.5576 0.8297 -0.0255
vn -0.4759 0.8754 0.0854
vn -0.3522 0.9355 -0.0288
vn -0.5040 0.8491 0.1582
vn -0.5276 0.8459 -0.0782
vn -0.3211 0.9310 0.1735
vn -0.6682 0.7408 -0.0685
vn -0.4738 0.8141 -0.3358
vn 0.0573 0.9090 -0.4128
vn 0.0964 0.9202 -0.3795
vn -0.4307 0.8218 -0.3732
vn -0.7454 0.6590 0.1007
vn -0.4920 0.8657 -0.0926
vn -0.2917 0.9455 0.1445
vn -0.5800 0.8100 -0.0866
vn -0.3011 0.8618 -0.4081
vn -0.2831 0.9506 0.1271
vn -0.6331 0.6996 -0.3313
vn -0.5632 0.8191 0.1095
vn -0.5924 0.7907 0.1544
vn 0.0524 0.8445 0.5329
vn -0.3444 0.9214 0.1799
vn -0.0217 0.8455 0.5335
vn 0.4309 0.8955 0.1113
vn 0.5810 0.7875 0.2058
vn 0.5120 0.8524 0.1059
vn 0.0544 0.9661 0.2525
vn 0.3619 0.9298 -0.0666
vn -0.1909 0.9793 0.0670
vn -0.3169 0.9460 -0.0677
vn -0.4472 0.8924 0.0611
vn -0.5504 0.8107 0.1996
vn -0.0945 0.8338 0.5440
vn -0.4504 0.8669 0.2135
vn 0.0058 0.8375 0.5464
vn 0.4110 0.8940 0.1785
vn 0.6241 0.7814 0.0030
vn 0.6982 0.7020 0.1402
vn 0.6319 0.7751 0.0030
vn 0.6581 0.7518 -0.0422
vn 0.6641 0.7476 0.0045
vn 0.6363 0.7702 -0.0432
vn 0.7683 0.6401 0.0039
vn 0.4140 0.7593 0.5020
vn 0.3166 0.8375 0.4454
vn 0.3897 0.7682 0.5079
vn 0.3494 0.8272 0.4400
vn 0.5923 0.7895 0.1611
vn 0.4775 0.8781 -0.0299
vn 0.6081 0.7778 0.1587
vn 0.5817 0.8129 -0.0277
vn 0.6466 0.7508 -0.1350
vn 0.7274 0.6352 0.2597
vn 0.4803 0.8632 -0.1552
vn 0.5923 0.7458 0.3050
vn 0.6669 0.7185 0.1976
vn 0.2745 0.9308 0.2413
vn 0.2869 0.9237 0.2540
vn 0.3249 0.9155 0.2373
vn 0.2900 0.9172 0.2733
vn 0.5296 0.8258 0.1939
vn 0.5596 0.7942 0.2367
vn 0.4615 0.8636 0.2027
vn 0.5888 0.8076 0.0324
vn 0.5380 0.8379 0.0918
vn 0.4966 0.8673 0.0348
vn 0.3210 0.9415 0.1032
vn 0.4902 0.8658 -0.1001
vn 0.3140 0.8862 -0.3405
vn 0.5262 0.8447 -0.0977
vn 0.4357 0.8402 -0.3228
vn 0.3278 0.9225 -0.2039
vn 0.4046 0.9145 -0.0039
vn 0.2151 0.9536 -0.2108
vn 0.6268 0.7792 -0.0034
vn 0.6142 0.7890 0.0170
vn 0.4842 0.8729 -0.0593
vn 0.5415 0.8405 0.0181
vn 0.4262 0.9026 -0.0613
vn 0.3695 0.9292 0.0061
vn 0.2851 0.9585 0.0075
vn 0.2840 0.9588 0.0062
vn 0.1793 0.9838 0.0077
vn 0.1867 0.9824 -0.0000
vn -0.1816 0.9834 0.0042
vn -0.3175 0.9482 -0.0036
vn -0.3106 0.9505 0.0040
vn -0.4022 0.9155 -0.0035
vn -0.3699 0.9282 -0.0414
vn -0.5063 0.8594 -0.0713
vn -0.4820 0.8753 -0.0391
vn -0.5906 0.8042 -0.0668
vn -0.6311 0.7757 -0.0030
vn -0.3934 0.9194 -0.0032
vn -0.3937 0.9192 -0.0035
vn -0.3482 0.9374 -0.0033
vn -0.4007 0.9144 0.0579
vn -0.3487 0.9356 -0.0555
vn -0.2422 0.9683 0.0613
vn -0.1219 0.9908 -0.0588
vn -0.1522 0.9880 -0.0279
vn -0.3090 0.9489 -0.0644
vn -0.2749 0.9611 -0.0271
vn -0.4366 0.8976 -0.0609
vn -0.4472 0.8932 -0.0478
vn -0.5525 0.8298 -0.0784
vn -0.5294 0.8472 -0.0454
vn -0.5988 0.7973 -0.0753
vn -0.6793 0.7313 0.0610
vn -0.5372 0.8021 0.2609
vn -0.6724 0.7376 0.0615
vn -0.6868 0.6912 0.2248
vn -0.4688 0.8756 -0.1165
vn -0.4876 0.7313 -0.4770
vn -0.1447 0.9808 -0.1305
vn -0.4807 0.7345 -0.4791
vn -0.6281 0.7152 -0.3065
vn -0.1649 0.9671 0.1939
vn -0.5922 0.7406 -0.3174
vn -0.4704 0.8652 0.1735
vn -0.4353 0.8909 0.1296
vn -0.5067 0.8536 -0.1206
vn -0.2905 0.9469 0.1378
vn -0.3231 0.9370 -0.1324
vn -0.6339 0.7194 0.2841
vn -0.4649 0.7989 -0.3815
vn 0.2609 0.8978 0.3547
vn 0.0941 0.8984 -0.4290
vn -0.2660 0.9596 -0.0918
vn -0.6665 0.5893 -0.4567
vn -0.4101 0.9079 -0.0869
vn -0.2369 0.7679 -0.5951
vn -0.6389 0.7495 -0.1732
vn -0.3161 0.9047 -0.2856
vn -0.2499 0.9434 -0.2180
vn -0.6534 0.7219 -0.2279
vn -0.6196 0.7344 -0.2769
vn -0.5838 0.7793 -0.2280
vn -0.6150 0.7378 -0.2781
vn -0.3376 0.9034 -0.2643
vn -0.6568 0.7354 0.1668
vn 0.3432 0.7133 0.6110
vn -0.1434 0.9651 0.2190
vn 0.4150 0.6910 0.5919
vn 0.4348 0.6930 0.5750
vn 0.3232 0.8305 0.4537
vn 0.4597 0.6834 0.5671
vn -0.2820 0.8420 0.4600
vn -0.3438 0.7883 0.5103
vn -0.5570 0.8203 0.1297
vn -0.1572 0.8290 0.5367
vn -0.4565 0.8788 0.1389
vn -0.0830 0.9609 -0.2643
vn 0.4157 0.9043 -0.0967
vn 0.2707 0.9282 -0.2553
vn 0.7031 0.7070 -0.0756
vn 0.7149 0.6919 -0.1007
vn 0.6580 0.7518 0.0429
vn 0.5541 0.8238 -0.1199
vn 0.6363 0.7702 0.0440
vn 0.3414 0.8473 0.4069
vn 0.4100 0.7520 0.5161
vn 0.2923 0.8620 0.4140
vn 0.3858 0.7606 0.5221
vn 0.5072 0.7621 0.4025
vn 0.5792 0.7721 0.2615
vn 0.6391 0.6801 0.3592
vn 0.5951 0.7612 0.2578
vn 0.6863 0.7177 0.1179
vn 0.6479 0.7522 0.1198
vn 0.6498 0.7501 0.1232
vn 0.4816 0.8655 0.1379
vn 0.2059 0.8815 0.4250
vn 0.6502 0.7006 0.2939
vn 0.6658 0.6721 0.3240
vn 0.2753 0.8865 0.3719
vn 0.6282 0.7756 -0.0619
vn 0.2803 0.8864 -0.3685
vn 0.5449 0.8358 -0.0668
vn 0.5454 0.7740 -0.3217
vn 0.3464 0.9350 -0.0763
vn 0.5727 0.7856 -0.2342
vn 0.6859 0.7253 -0.0592
vn 0.4811 0.8401 -0.2505
vn 0.4953 0.8262 -0.2686
vn 0.4836 0.8543 -0.1906
vn 0.4039 0.8700 -0.2828
vn 0.5195 0.8340 -0.1861
vn 0.4285 0.9010 -0.0683
vn 0.3317 0.9333 -0.1376
vn 0.3918 0.9174 -0.0695
vn 0.2179 0.9655 -0.1424
vn 0.3317 0.9066 -0.2608
vn 0.6112 0.7851 -0.0999
vn 0.5107 0.8262 -0.2377
vn 0.5385 0.8359 -0.1064
vn 0.4854 0.8736 -0.0339
vn 0.3695 0.9291 -0.0118
vn 0.3482 0.9367 -0.0363
vn 0.2840 0.9587 -0.0122
vn 0.2706 0.9627 0.0023
vn 0.1889 0.9820 0.0023
vn -0.1816 0.9834 0.0028
vn -0.1844 0.9829 -0.0000
vn -0.3106 0.9505 0.0027
vn -0.2904 0.9567 -0.0194
vn -0.3701 0.9287 -0.0223
vn -0.3672 0.9300 -0.0189
vn -0.4823 0.8758 -0.0210
vn -0.5175 0.8553 0.0259
vn -0.6310 0.7756 0.0170
vn -0.6270 0.7787 0.0236
vn -0.3936 0.9191 0.0201
vn -0.3724 0.9281 -0.0048
vn -0.3996 0.9118 -0.0948
vn -0.3213 0.9470 -0.0049
vn -0.2414 0.9652 -0.1004
vn -0.3639 0.9308 0.0343
vn -0.1478 0.9592 0.2412
vn -0.3457 0.9377 0.0346
vn -0.2673 0.9345 0.2350
vn -0.2577 0.9396 0.2253
vn -0.4282 0.8553 0.2918
vn -0.5053 0.8392 0.2012
vn -0.5091 0.8146 0.2779
vn -0.3826 0.9157 0.1227
vn -0.6768 0.7286 -0.1055
vn -0.5416 0.8332 0.1117
vn -0.6699 0.7348 -0.1064
vn -0.5121 0.7943 -0.3270
vn -0.4301 0.8032 -0.4122
vn -0.3724 0.8582 -0.3533
vn -0.1302 0.8821 -0.4527
vn 0.0137 0.8279 -0.5607
vn -0.5586 0.6361 -0.5324
vn -0.5113 0.7116 -0.4820
vn -0.5227 0.6537 -0.5471
vn -0.7916 0.5872 -0.1694
vn -0.3521 0.7205 0.5974
vn -0.8392 0.5225 -0.1507
vn -0.2299 0.7492 0.6212
vn -0.3062 0.6832 0.6630
vn -0.6525 0.7405 -0.1607
vn 0.2147 0.7009 0.6802
vn 0.2732 0.9401 -0.2040
vn -0.3339 0.8550 0.3969
vn -0.2645 0.9544 0.1381
vn 0.0384 0.9064 0.4207
vn -0.4081 0.9035 0.1307
vn -0.5738 0.7423 0.3459
vn -0.6212 0.7288 0.2880
vn -0.5781 0.7396 0.3446
vn -0.2392 0.9030 0.3569
vn -0.3155 0.8479 0.4261
vn -0.6334 0.7507 0.1878
vn -0.4672 0.7900 0.3970
vn -0.6288 0.7543 0.1887
vn -0.6663 0.6996 0.2582
vn -0.5104 0.5714 0.6427
vn -0.8398 0.5093 0.1880
vn -0.0982 0.6612 0.7437
vn 0.0334 0.7316 0.6809
vn 0.4575 0.7292 0.5088
vn 0.5329 0.6194 0.5765
vn 0.4830 0.7181 0.5011
vn 0.6794 0.6859 0.2606
vn -0.3842 0.8809 0.2764
vn -0.3267 0.8835 0.3357
vn -0.1780 0.9389 0.2945
vn -0.4949 0.6509 0.5757
vn -0.0745 0.8632 0.4994
vn 0.1623 0.7392 0.6537
vn 0.2447 0.8393 0.4855
vn 0.6410 0.7671 0.0264
vn 0.7111 0.6882 0.1440
vn 0.6511 0.7585 0.0261
vn 0.5499 0.8175 0.1711
vn -0.0927 0.6990 0.7091
vn 0.2708 0.6721 0.6891
vn 0.2655 0.6768 0.6866
vn 0.2304 0.6795 0.6966
vn 0.2159 0.6752 0.7053
vn 0.4274 0.6421 0.6364
vn 0.4452 0.6192 0.6468
vn 0.5551 0.5908 0.5855
vn 0.4180 0.5791 0.7000
vn 0.5650 0.5909 0.5758
vn 0.6045 0.5078 0.6138
vn 0.5272 0.6086 0.5931
vn 0.7359 0.5850 0.3409
vn 0.2271 0.9721 0.0584
vn 0.5470 0.7233 0.4215
vn 0.7032 0.7097 0.0427
vn 0.7971 0.5708 -0.1973
vn 0.6221 0.7681 -0.1517
vn 0.5303 0.8013 -0.2770
vn 0.5388 0.8264 -0.1632
vn 0.5158 0.8466 -0.1310
vn 0.3371 0.9099 -0.2418
vn 0.4297 0.8924 -0.1381
vn 0.6746 0.7134 -0.1896
vn 0.5323 0.8455 0.0425
vn 0.5132 0.8560 0.0624
vn 0.4992 0.8654 0.0435
vn 0.4201 0.9051 0.0660
vn 0.3186 0.9304 0.1811
vn 0.4295 0.9030 0.0121
vn 0.5419 0.8250 0.1606
vn 0.3928 0.9196 0.0123
vn 0.3802 0.9245 0.0270
vn 0.3433 0.9384 -0.0403
vn 0.4011 0.9157 0.0268
vn 0.5254 0.8501 -0.0365
vn 0.5132 0.8581 -0.0196
vn 0.4857 0.8741 0.0105
vn 0.4618 0.8868 -0.0203
vn 0.3484 0.9373 0.0113
vn 0.3526 0.9357 0.0064
vn 0.2706 0.9627 -0.0022
vn 0.2787 0.9603 0.0066
vn 0.1889 0.9820 -0.0022
vn 0.1868 0.9824 -0.0000
vn -0.1772 0.9842 -0.0074
vn -0.2904 0.9565 -0.0294
vn -0.2700 0.9628 -0.0073
vn -0.3671 0.9297 -0.0286
vn -0.3853 0.9228 -0.0074
vn -0.5177 0.8556 -0.0038
vn -0.5199 0.8542 -0.0069
vn -0.6272 0.7789 -0.0035
vn -0.5997 0.7988 -0.0470
vn -0.3668 0.9141 -0.1728
vn -0.2613 0.9636 -0.0567
vn -0.3163 0.9322 -0.1762
vn -0.4238 0.9041 -0.0538
vn -0.3580 0.9155 -0.1835
vn -0.2422 0.9685 -0.0577
vn -0.3399 0.9221 -0.1848
vn -0.3865 0.9127 -0.1328
vn -0.2602 0.9486 -0.1798
vn -0.2222 0.9648 -0.1404
vn -0.5091 0.8456 -0.1603
vn -0.5561 0.8254 -0.0973
vn -0.3796 0.9087 0.1734
vn -0.5851 0.8054 -0.0949
vn -0.5382 0.8279 0.1580
vn 0.0913 0.8672 -0.4895
vn -0.4252 0.6596 -0.6198
vn -0.2284 0.8478 -0.4786
vn -0.3015 0.6948 -0.6529
vn -0.5043 0.7172 -0.4810
vn 0.0149 0.8957 -0.4445
vn -0.1299 0.8235 -0.5522
vn -0.5412 0.7532 -0.3738
vn -0.4623 0.7586 -0.4592
vn -0.7253 0.5380 -0.4296
vn -0.7028 0.6085 -0.3684
vn -0.7821 0.4869 -0.3888
vn -0.6828 0.5039 -0.5290
vn -0.4089 0.9122 0.0259
vn -0.7251 0.4750 -0.4987
vn 0.2928 0.9558 0.0271
vn 0.0208 0.9541 0.2986
vn -0.3544 0.9073 0.2265
vn -0.2981 0.9110 0.2851
vn 0.0411 0.9694 0.2420
vn -0.2047 0.8654 0.4574
vn -0.6116 0.7912 0.0064
vn -0.2180 0.8629 0.4560
vn -0.6159 0.7878 0.0064
vn -0.2707 0.8734 -0.4049
vn -0.3390 0.9111 0.2344
vn -0.7041 0.6442 -0.2987
vn -0.4970 0.8404 0.2162
vn -0.5913 0.7274 0.3483
vn -0.5605 0.5885 0.5827
vn -0.7971 0.5446 0.2608
vn -0.7606 0.4613 0.4568
vn -0.4097 0.8944 -0.1795
vn 0.0343 0.7528 0.6574
vn -0.7100 0.6904 -0.1386
vn 0.5438 0.6321 0.5520
vn 0.8074 0.5646 0.1713
vn 0.6483 0.6545 0.3890
vn 0.5563 0.7952 0.2412
vn -0.3030 0.8192 0.4869
vn -0.3796 0.7460 0.5472
vn -0.5108 0.6718 0.5365
vn -0.5541 0.6713 0.4923
vn 0.1691 0.7702 0.6150
vn 0.7748 0.6143 -0.1493
vn 0.6316 0.7558 -0.1727
vn 0.6237 0.7596 -0.1846
vn 0.6417 0.7476 -0.1709
vn 0.1622 0.9000 0.4046
vn -0.1073 0.8094 0.5774
vn -0.3400 0.8577 0.3856
vn 0.3042 0.7755 0.5532
vn 0.5015 0.7842 0.3655
vn 0.2951 0.9228 0.2478
vn 0.4246 0.8206 0.3825
vn 0.5704 0.7933 0.2130
vn 0.4534 0.8179 0.3543
vn 0.5149 0.7132 0.4756
vn 0.4088 0.8374 0.3627
vn 0.7037 0.5911 0.3942
vn 0.7411 0.5806 0.3373
vn 0.7280 0.5786 0.3678
vn 0.7210 0.5992 0.3481
vn 0.5380 0.7114 0.4522
vn 0.8302 0.5543 -0.0588
vn 0.8111 0.5808 0.0696
vn 0.7585 0.6480 -0.0687
vn 0.5491 0.8298 0.0994
vn 0.6726 0.7333 -0.0995
vn 0.5116 0.8398 0.1817
vn 0.2469 0.9602 -0.1303
vn 0.4258 0.8843 0.1914
vn 0.6528 0.7458 -0.1323
vn 0.5306 0.8427 -0.0914
vn 0.4833 0.8620 -0.1529
vn 0.4975 0.8624 -0.0936
vn 0.2516 0.9485 0.1927
vn 0.3235 0.9446 0.0565
vn 0.4298 0.8848 0.1797
vn 0.5483 0.8348 0.0499
vn 0.6117 0.7898 -0.0457
vn 0.3787 0.9208 -0.0930
vn 0.4131 0.9092 -0.0526
vn 0.3995 0.9121 -0.0921
vn 0.3037 0.9526 0.0173
vn 0.5119 0.8560 -0.0726
vn 0.5740 0.8187 0.0149
vn 0.4606 0.8844 -0.0751
vn 0.4451 0.8937 -0.0556
vn 0.3522 0.9345 -0.0523
vn 0.3470 0.9361 -0.0582
vn 0.2783 0.9590 -0.0537
vn 0.2423 0.9701 -0.0151
vn 0.1720 0.9850 -0.0153
vn -0.1772 0.9842 0.0040
vn -0.1810 0.9835 -0.0000
vn -0.2700 0.9629 0.0039
vn -0.2547 0.9669 -0.0125
vn -0.3853 0.9228 0.0010
vn -0.3962 0.9181 -0.0118
vn -0.5199 0.8542 0.0009
vn -0.5260 0.8504 0.0093
vn -0.5970 0.7953 -0.1052
vn -0.5192 0.8546 0.0093
vn -0.2596 0.9574 -0.1266
vn -0.2237 0.9608 -0.1639
vn -0.4127 0.8805 -0.2333
vn -0.3462 0.9248 -0.1577
vn -0.2350 0.9396 -0.2490
vn -0.2863 0.9377 -0.1967
vn -0.3791 0.8951 -0.2347
vn -0.3414 0.9199 -0.1930
vn -0.2174 0.9442 -0.2475
vn -0.2579 0.9438 -0.2069
vn -0.5534 0.8214 -0.1380
vn -0.5780 0.7971 -0.1748
vn -0.5824 0.8017 -0.1347
vn -0.4335 0.8424 -0.3200
vn 0.0977 0.9282 -0.3590
vn 0.1043 0.9297 -0.3531
vn -0.2437 0.9045 -0.3499
vn -0.0267 0.8478 -0.5297
vn -0.4980 0.7082 -0.5004
vn -0.4662 0.7503 -0.4688
vn -0.1278 0.8100 -0.5723
vn -0.6126 0.7874 -0.0680
vn -0.5174 0.8490 -0.1069
vn -0.4937 0.8664 -0.0748
vn -0.7534 0.6524 -0.0821
vn -0.6315 0.7192 -0.2897
vn -0.7979 0.5889 -0.1288
vn -0.8190 0.5322 -0.2144
vn -0.8305 0.5441 -0.1190
vn -0.8043 0.5655 -0.1826
vn 0.0207 0.9493 0.3137
vn -0.5151 0.8156 -0.2634
vn -0.2967 0.9068 0.2996
vn -0.3224 0.8890 0.3252
vn -0.2016 0.8521 -0.4829
vn 0.5471 0.7861 0.2876
vn -0.2147 0.8497 -0.4816
vn -0.2760 0.8602 -0.4288
vn -0.2859 0.9223 -0.2603
vn -0.4261 0.8097 -0.4036
vn -0.7248 0.6631 -0.1871
vn -0.7399 0.6536 -0.1590
vn -0.6252 0.7690 -0.1331
vn -0.6512 0.7374 -0.1794
vn -0.8218 0.5615 -0.0972
vn -0.7838 0.5925 -0.1860
vn -0.3514 0.7671 0.5367
vn -0.8145 0.5535 -0.1737
vn -0.6444 0.6266 0.4383
vn 0.0421 0.9359 -0.3498
vn 0.8173 0.5714 0.0742
vn 0.6555 0.7074 -0.2644
vn 0.5700 0.8148 0.1058
vn 0.4699 0.8507 0.2357
vn -0.4530 0.8902 0.0479
vn -0.2655 0.9291 0.2574
vn -0.6360 0.7706 0.0415
vn -0.5770 0.8151 -0.0518
vn 0.7835 0.6213 0.0102
vn 0.7626 0.6456 -0.0411
vn 0.6345 0.7728 0.0127
vn 0.1392 0.8233 0.5503
vn 0.1733 0.9615 0.2132
vn 0.4622 0.7372 0.4928
vn -0.3609 0.9105 0.2018
vn -0.0102 0.9867 -0.1621
vn 0.4777 0.7469 -0.4625
vn 0.7337 0.6705 -0.1102
vn 0.4027 0.7782 -0.4819
vn 0.4628 0.7070 -0.5348
vn 0.4613 0.8321 -0.3078
vn 0.1327 0.7905 -0.5979
vn 0.4163 0.8528 -0.3154
vn 0.3467 0.9069 -0.2394
vn 0.7736 0.6060 0.1850
vn 0.5645 0.7981 -0.2107
vn 0.7549 0.6273 0.1915
vn 0.7712 0.6165 0.1588
vn 0.8210 0.5482 0.1594
vn 0.8173 0.5580 0.1437
vn 0.7471 0.6382 0.1856
vn 0.8292 0.5588 -0.0125
vn 0.6395 0.6972 0.3239
vn 0.3951 0.9184 -0.0206
vn 0.2271 0.8832 0.4103
vn 0.4472 0.8752 0.1845
vn 0.6393 0.7304 0.2405
vn 0.5952 0.7863 0.1658
vn 0.4701 0.8384 0.2760
vn 0.4429 0.8425 0.3068
vn 0.2502 0.9434 0.2178
vn 0.3508 0.8799 0.3205
vn 0.4278 0.8807 0.2033
vn 0.5924 0.8055 -0.0152
vn 0.6123 0.7906 0.0081
vn 0.5976 0.8016 -0.0151
vn 0.4136 0.9104 0.0093
vn 0.4904 0.8671 -0.0876
vn 0.2996 0.9396 -0.1653
vn 0.3647 0.9264 -0.0936
vn 0.5682 0.8104 -0.1426
vn 0.5454 0.8310 -0.1090
vn 0.4453 0.8940 -0.0509
vn 0.3874 0.9141 -0.1198
vn 0.3471 0.9363 -0.0533
vn 0.3240 0.9457 -0.0273
vn 0.2423 0.9702 -0.0011
vn 0.2167 0.9758 -0.0282
vn 0.1720 0.9851 -0.0011
vn 0.1709 0.9853 -0.0000
vn -0.1855 0.9826 0.0046
vn -0.2547 0.9669 0.0156
vn -0.2651 0.9642 0.0045
vn -0.3962 0.9181 0.0148
vn -0.4066 0.9132 0.0273
vn -0.5227 0.8452 -0.1115
vn -0.4152 0.9093 0.0272
vn -0.5159 0.8493 -0.1121
vn -0.5471 0.8341 -0.0697
vn -0.2242 0.9629 -0.1499
vn -0.1582 0.9840 -0.0822
vn -0.3469 0.9267 -0.1443
vn -0.2750 0.9357 -0.2209
vn -0.2862 0.9374 -0.1981
vn -0.3059 0.9266 -0.2188
vn -0.3413 0.9196 -0.1944
vn -0.3176 0.9224 -0.2197
vn -0.2583 0.9452 -0.1999
vn -0.2801 0.9338 -0.2224
vn -0.5786 0.7980 -0.1688
vn -0.2953 0.8267 -0.4790
vn -0.4079 0.7926 -0.4532
vn -0.4117 0.7885 -0.4569
vn 0.0969 0.8640 -0.4941
vn -0.1302 0.9439 -0.3036
vn -0.0300 0.9540 -0.2982
vn -0.0386 0.9513 -0.3060
vn -0.5101 0.8210 -0.2566
vn -0.3017 0.8284 -0.4719
vn -0.5435 0.6986 -0.4654
vn -0.5095 0.7477 -0.4259
vn -0.4285 0.7519 -0.5010
vn -0.7457 0.6623 -0.0731
vn -0.6556 0.7468 -0.1117
vn -0.6403 0.7635 -0.0842
vn -0.8358 0.5430 -0.0812
vn -0.7139 0.6179 -0.3295
vn -0.8010 0.5632 -0.2031
vn -0.8151 0.5111 -0.2726
vn -0.5108 0.8087 -0.2917
vn -0.2733 0.8054 -0.5259
vn -0.2515 0.6934 -0.6752
vn -0.0350 0.8368 -0.5464
vn 0.4463 0.6412 -0.6243
vn 0.1195 0.9194 -0.3748
vn -0.2984 0.9298 -0.2155
vn -0.4179 0.8412 -0.3430
vn -0.4562 0.8669 -0.2009
vn -0.3706 0.8802 -0.2965
vn -0.6996 0.6180 -0.3586
vn -0.6441 0.7249 -0.2442
vn -0.6070 0.6874 -0.3988
vn -0.1528 0.6267 -0.7642
vn -0.6834 0.5166 -0.5158
vn -0.6996 0.4531 -0.5525
vn -0.7213 0.4902 -0.4893
vn -0.8699 0.4414 -0.2201
vn 0.0277 0.6150 -0.7880
vn 0.5951 0.7192 -0.3587
vn 0.4953 0.5345 -0.6848
vn 0.4068 0.6534 -0.6385
vn 0.4075 0.7377 -0.5383
vn 0.2130 0.6988 -0.6829
vn -0.2249 0.7871 -0.5743
vn -0.2099 0.7831 -0.5853
vn -0.4850 0.6851 -0.5436
vn -0.4684 0.7077 -0.5289
vn 0.6791 0.5750 -0.4563
vn 0.0826 0.9543 0.2873
vn 0.1293 0.7649 -0.6310
vn 0.7784 0.6011 0.1810
vn 0.4354 0.6944 -0.5729
vn 0.4343 0.6958 -0.5721
vn -0.0099 0.9563 -0.2923
vn -0.3769 0.7155 -0.5882
vn 0.7230 0.6607 -0.2020
vn 0.7485 0.6050 -0.2714
vn 0.5115 0.7815 -0.3573
vn 0.5177 0.7806 -0.3502
vn 0.1509 0.8990 -0.4110
vn 0.3227 0.7729 -0.5463
vn 0.3390 0.8867 -0.3143
vn 0.0244 0.8164 -0.5770
vn 0.5547 0.7843 -0.2780
vn 0.4066 0.9096 -0.0856
vn 0.7808 0.6241 -0.0297
vn 0.7680 0.6376 -0.0600
vn 0.8256 0.5637 -0.0269
vn 0.7261 0.6565 0.2042
vn 0.7899 0.5324 0.3043
vn 0.7596 0.6210 0.1931
vn 0.3499 0.8133 0.4649
vn 0.6251 0.7672 0.1435
vn 0.4156 0.8134 0.4069
vn 0.1909 0.9649 0.1805
vn 0.5606 0.7406 0.3705
vn 0.5095 0.7462 0.4285
vn 0.4400 0.8371 0.3252
vn 0.5251 0.7380 0.4238
vn 0.3483 0.8738 0.3394
vn 0.5680 0.8194 0.0769
vn 0.5912 0.8038 -0.0664
vn 0.6722 0.7371 0.0692
vn 0.5964 0.8000 -0.0661
vn 0.5306 0.8471 0.0309
vn 0.4882 0.8631 0.1290
vn 0.4122 0.9105 0.0332
vn 0.3628 0.9216 0.1377
vn 0.4696 0.8828 0.0099
vn 0.5486 0.8359 0.0161
vn 0.5440 0.8390 0.0094
vn 0.3902 0.9206 0.0177
vn 0.4110 0.9116 -0.0071
vn 0.3241 0.9460 -0.0057
vn 0.3226 0.9465 -0.0074
vn 0.2168 0.9762 -0.0059
vn 0.2218 0.9750 -0.0111
vn 0.1600 0.9871 -0.0113
vn -0.1855 0.9826 -0.0078
vn -0.1779 0.9840 -0.0000
vn -0.2651 0.9642 -0.0077
vn -0.2417 0.9698 -0.0326
vn -0.4046 0.9085 -0.1044
vn -0.3419 0.9392 -0.0316
vn -0.4131 0.9047 -0.1040
vn -0.4877 0.8729 -0.0112
vn -0.5463 0.8329 -0.0887
vn -0.4900 0.8716 -0.0112
vn -0.1579 0.9819 -0.1046
vn -0.2964 0.9542 0.0413
vn -0.2815 0.9579 0.0572
vn -0.2961 0.9543 0.0413
vn -0.3130 0.9481 0.0566
vn -0.2564 0.9666 -0.0050
vn -0.3250 0.9438 -0.0597
vn -0.2752 0.9614 -0.0050
vn -0.2868 0.9561 -0.0605
vn -0.3053 0.9514 -0.0402
vn -0.3363 0.9417 -0.0092
vn -0.3628 0.9310 -0.0393
vn -0.4628 0.8864 -0.0086
vn -0.4322 0.9006 -0.0468
vn -0.1332 0.9657 -0.2228
vn 0.0406 0.9978 -0.0519
vn -0.0395 0.9736 -0.2246
vn -0.1237 0.9820 -0.1427
vn -0.3413 0.9372 -0.0720
vn -0.3936 0.9097 -0.1322
vn -0.5620 0.8247 -0.0634
vn -0.5512 0.8307 -0.0787
vn -0.7337 0.6517 -0.1923
vn -0.6776 0.7322 -0.0693
vn -0.6268 0.7473 -0.2205
vn -0.6810 0.7198 -0.1351
vn -0.7547 0.6532 -0.0622
vn -0.7750 0.6211 -0.1165
vn -0.8461 0.5306 -0.0505
vn -0.7259 0.6135 -0.3108
vn -0.3020 0.8901 -0.3414
vn -0.3813 0.8246 -0.4178
vn -0.0391 0.9330 -0.3579
vn -0.2607 0.9544 -0.1453
vn 0.1239 0.9531 -0.2762
vn 0.2557 0.9557 -0.1455
vn -0.4307 0.8668 -0.2513
vn -0.3270 0.8737 -0.3603
vn -0.3615 0.8586 -0.3635
vn -0.3545 0.8644 -0.3565
vn -0.6333 0.7127 -0.3018
vn 0.0355 0.5885 -0.8077
vn -0.1795 0.7362 -0.6525
vn -0.3949 0.5410 -0.7425
vn -0.7561 0.4897 -0.4341
vn -0.7413 0.4926 -0.4559
vn -0.8451 0.4288 -0.3193
vn -0.8449 0.3926 -0.3634
vn 0.5529 0.6683 -0.4976
vn 0.5721 0.6347 -0.5195
vn 0.4356 0.6998 -0.5661
vn 0.4286 0.6991 -0.5723
vn 0.2306 0.7565 -0.6120
vn 0.2918 0.7045 -0.6470
vn -0.2255 0.8414 -0.4912
vn -0.4056 0.6732 -0.6182
vn -0.4962 0.7498 -0.4377
vn -0.4627 0.7504 -0.4721
vn 0.0616 0.7116 -0.6999
vn 0.3498 0.7930 -0.4989
vn 0.6784 0.5238 -0.5152
vn 0.4479 0.8768 -0.1748
vn 0.5137 0.8229 -0.2429
vn 0.5768 0.8011 -0.1598
vn -0.4510 0.8560 -0.2527
vn -0.1025 0.8163 -0.5685
vn 0.7718 0.6238 -0.1230
vn 0.5180 0.7019 -0.4889
vn 0.5454 0.8224 -0.1621
vn 0.3769 0.9247 0.0540
vn 0.3582 0.8580 -0.3680
vn 0.6703 0.7408 0.0433
vn 0.0274 0.9187 -0.3940
vn -0.1397 0.9598 -0.2433
vn 0.3948 0.8833 0.2527
vn -0.0894 0.9655 -0.2448
vn 0.7569 0.6283 0.1797
vn 0.6854 0.6625 0.3022
vn 0.6239 0.5641 0.5409
vn 0.4812 0.7976 0.3638
vn 0.6619 0.5411 0.5188
vn 0.6252 0.5433 0.5603
vn 0.5406 0.6635 0.5171
vn 0.5962 0.5589 0.5764
vn 0.1542 0.7793 0.6074
vn 0.2904 0.8132 0.5043
vn 0.5159 0.7555 0.4038
vn 0.5469 0.7115 0.4412
vn 0.5315 0.7471 0.3993
vn 0.7348 0.6707 0.1008
vn 0.5685 0.8201 -0.0643
vn 0.6737 0.7308 0.1098
vn 0.6727 0.7376 -0.0579
vn 0.6254 0.7799 0.0247
vn 0.5308 0.8474 -0.0125
vn 0.5580 0.8294 0.0263
vn 0.4124 0.9109 -0.0134
vn 0.4009 0.9161 0.0003
vn 0.4693 0.8823 0.0351
vn 0.4418 0.8971 0.0003
vn 0.5437 0.8386 0.0333
vn 0.5401 0.8407 0.0384
vn 0.4109 0.9113 0.0264
vn 0.4233 0.9051 0.0414
vn 0.3224 0.9462 0.0274
vn 0.3195 0.9471 0.0307
vn 0.2218 0.9750 0.0108
vn 0.2414 0.9699 0.0314
vn 0.1600 0.9871 0.0109
vn 0.1706 0.9853 -0.0000
vn -0.1666 0.9859 -0.0116
vn -0.2418 0.9703 -0.0099
vn -0.2433 0.9699 -0.0114
vn -0.3420 0.9396 -0.0095
vn -0.3663 0.9303 0.0182
vn -0.4865 0.8708 -0.0701
vn -0.4168 0.9088 0.0178
vn -0.4889 0.8695 -0.0700
vn -0.5265 0.8500 -0.0198
vn -0.2960 0.9529 0.0666
vn -0.3743 0.9270 -0.0216
vn -0.2957 0.9530 0.0666
vn -0.3774 0.9125 0.1581
vn -0.2459 0.9270 0.2833
vn -0.3647 0.9174 0.1589
vn -0.2641 0.9224 0.2819
vn -0.2684 0.9198 0.2862
vn -0.2798 0.8717 0.4024
vn -0.4105 0.8707 0.2709
vn -0.3335 0.8559 0.3952
vn -0.1885 0.9479 0.2568
vn -0.4326 0.9016 0.0011
vn -0.1989 0.9459 0.2563
vn 0.0407 0.9992 0.0013
vn -0.0442 0.9953 0.0860
vn -0.1209 0.9597 0.2538
vn -0.2898 0.9535 0.0824
vn -0.3859 0.8919 0.2358
vn -0.3649 0.9065 0.2123
vn -0.5484 0.8265 0.1267
vn -0.4934 0.8469 0.1983
vn -0.6750 0.7293 0.1118
vn -0.4064 0.8735 -0.2681
vn -0.6830 0.7220 -0.1105
vn -0.7246 0.6588 -0.2022
vn -0.7768 0.6225 -0.0953
vn -0.6363 0.6943 -0.3364
vn -0.7515 0.6351 -0.1784
vn -0.7804 0.5627 -0.2726
vn -0.4067 0.8795 -0.2470
vn -0.5165 0.8486 -0.1143
vn -0.2134 0.7812 -0.5867
vn 0.3220 0.9383 -0.1264
vn 0.2092 0.7819 -0.5873
vn 0.0285 0.8885 -0.4581
vn -0.3365 0.8992 0.2796
vn -0.7297 0.6077 -0.3133
vn -0.3647 0.8891 0.2765
vn 0.2717 0.8925 -0.3602
vn 0.0530 0.8786 -0.4746
vn 0.1797 0.9122 -0.3682
vn -0.5404 0.7403 -0.3999
vn -0.3303 0.7306 -0.5976
vn -0.7463 0.4959 -0.4440
vn -0.7414 0.5194 -0.4249
vn -0.8485 0.3943 -0.3530
vn -0.5799 0.4195 -0.6984
vn 0.4907 0.5445 -0.6803
vn 0.2428 0.4995 -0.8316
vn 0.3577 0.5835 -0.7291
vn 0.0060 0.8409 -0.5412
vn 0.3414 0.8244 -0.4514
vn 0.2583 0.8123 -0.5228
vn -0.4672 0.7755 -0.4246
vn -0.5167 0.7717 -0.3708
vn -0.4568 0.7408 -0.4924
vn -0.3631 0.8399 -0.4035
vn 0.3448 0.7817 -0.5196
vn 0.2196 0.8821 -0.4168
vn 0.3324 0.6507 -0.6827
vn 0.7011 0.6447 -0.3047
vn 0.4449 0.6179 -0.6483
vn 0.3788 0.6974 -0.6084
vn -0.0937 0.7468 -0.6584
vn -0.0873 0.7507 -0.6549
vn 0.4843 0.6563 -0.5786
vn 0.0526 0.9797 -0.1933
vn 0.3493 0.8568 -0.3793
vn 0.5394 0.8261 -0.1630
vn 0.6375 0.7045 -0.3118
vn 0.5704 0.7960 -0.2025
vn -0.1438 0.9878 0.0595
vn -0.4073 0.8851 -0.2252
vn -0.0920 0.9940 0.0599
vn -0.5878 0.5749 0.5692
vn 0.5879 0.5682 0.5758
vn 0.5836 0.5771 0.5713
vn 0.3902 0.6468 0.6554
vn 0.4992 0.6577 0.5641
vn 0.6705 0.5827 0.4592
vn 0.6795 0.5569 0.4776
vn 0.6422 0.6020 0.4745
vn 0.5029 0.6043 0.6180
vn 0.2960 0.8289 0.4748
vn 0.4913 0.6089 0.6227
vn 0.5548 0.7219 0.4135
vn 0.6273 0.7086 0.3231
vn 0.7228 0.6597 0.2057
vn 0.7483 0.6035 0.2752
vn 0.6607 0.7167 0.2234
vn 0.7542 0.6545 0.0532
vn 0.6189 0.7719 0.1456
vn 0.5691 0.8195 0.0666
vn 0.5515 0.8197 0.1546
vn 0.5828 0.8050 0.1108
vn 0.4001 0.9143 0.0637
vn 0.4478 0.8858 0.1219
vn 0.4409 0.8954 0.0623
vn 0.4499 0.8916 0.0513
vn 0.5399 0.8404 0.0476
vn 0.5404 0.8400 0.0483
vn 0.4231 0.9046 0.0513
vn 0.4361 0.8992 0.0354
vn 0.3196 0.9475 0.0107
vn 0.3430 0.9386 0.0369
vn 0.2415 0.9703 0.0109
vn 0.2488 0.9686 0.0031
vn 0.1737 0.9848 0.0032
vn -0.1667 0.9860 0.0033
vn -0.1698 0.9855 -0.0000
vn -0.2434 0.9699 0.0032
vn -0.2676 0.9631 0.0291
vn -0.3662 0.9302 0.0244
vn -0.3630 0.9314 0.0282
vn -0.4168 0.9087 0.0239
vn -0.4050 0.9142 0.0098
vn -0.5264 0.8498 0.0294
vn -0.5410 0.8410 0.0090
vn -0.3742 0.9268 0.0321
vn -0.4138 0.9069 0.0790
vn -0.3816 0.9227 0.0539
vn -0.3581 0.9302 0.0810
vn -0.3689 0.9279 0.0542
vn -0.3365 0.9415 0.0172
vn -0.2799 0.9592 -0.0407
vn -0.2252 0.9742 0.0178
vn -0.4261 0.9038 -0.0383
vn -0.3145 0.9347 -0.1658
vn -0.1949 0.9801 -0.0369
vn -0.3163 0.9341 -0.1657
vn -0.2056 0.9779 -0.0368
vn -0.1923 0.9800 -0.0506
vn -0.0444 0.9988 -0.0192
vn -0.0766 0.9957 -0.0514
vn -0.2907 0.9566 -0.0183
vn -0.2660 0.9629 -0.0451
vn -0.3728 0.9263 -0.0549
vn -0.3631 0.9307 -0.0436
vn -0.5027 0.8629 -0.0511
vn -0.1851 0.9007 -0.3930
vn -0.3949 0.8488 -0.3515
vn -0.4079 0.8368 -0.3651
vn -0.7128 0.6480 -0.2683
vn -0.6894 0.6569 -0.3053
vn -0.6022 0.6571 -0.4535
vn -0.5310 0.7684 -0.3571
vn -0.7522 0.5424 -0.3743
vn -0.6908 0.5555 -0.4629
vn -0.3609 0.5930 -0.7198
vn -0.1726 0.7567 -0.6306
vn 0.2132 0.6213 -0.7541
vn -0.5509 0.8187 -0.1618
vn 0.0318 0.9913 0.1279
vn -0.2776 0.9425 -0.1863
vn -0.7658 0.6378 0.0823
vn -0.5581 0.7814 -0.2794
vn 0.2879 0.9458 0.1502
vn -0.1957 0.9234 -0.3302
vn 0.1909 0.9695 0.1539
vn 0.2311 0.9664 0.1126
vn -0.3623 0.8015 -0.4757
vn 0.2483 0.9622 0.1121
vn -0.7753 0.5431 -0.3224
vn -0.3151 0.5416 -0.7794
vn -0.6099 0.4412 -0.6583
vn -0.6044 0.4546 -0.6543
vn 0.2612 0.5374 -0.8019
vn -0.6698 0.7389 -0.0736
vn 0.0064 0.8942 -0.4475
vn 0.3762 0.9220 -0.0919
vn 0.2735 0.8602 -0.4305
vn -0.2091 0.9774 0.0308
vn -0.5069 0.7571 -0.4121
vn -0.0932 0.9952 0.0314
vn -0.3550 0.8211 -0.4470
vn -0.2123 0.7967 -0.5659
vn 0.1410 0.5665 -0.8119
vn 0.6210 0.6390 -0.4539
vn 0.5283 0.4858 -0.6963
vn 0.4166 0.6458 -0.6399
vn 0.4324 0.7959 -0.4237
vn 0.0600 0.7091 -0.7026
vn -0.1022 0.8781 -0.4674
vn -0.2512 0.9073 -0.3373
vn 0.0483 0.8991 -0.4351
vn 0.1537 0.9262 -0.3443
vn 0.5067 0.7760 -0.3756
vn 0.5831 0.6617 -0.4713
vn 0.4886 0.6818 0.5444
vn -0.5432 0.6838 -0.4872
vn -0.3384 0.7353 0.5872
vn -0.3968 0.6728 0.6244
vn -0.6301 0.6163 0.4724
vn -0.5337 0.6199 0.5753
vn 0.6259 0.6189 0.4745
vn 0.4537 0.6169 0.6431
vn 0.5268 0.6941 0.4907
vn 0.6039 0.5518 0.5752
vn 0.7058 0.5785 0.4089
vn 0.6829 0.5829 0.4404
vn 0.5620 0.6753 0.4776
vn 0.5748 0.6529 0.4933
vn 0.5501 0.6818 0.4822
vn 0.7654 0.6198 0.1731
vn 0.6398 0.7226 0.2616
vn 0.6116 0.7620 0.2128
vn 0.7590 0.6122 0.2216
vn 0.8101 0.5755 0.1118
vn 0.7450 0.6465 0.1644
vn 0.7313 0.6695 0.1300
vn 0.5584 0.8040 0.2044
vn 0.6790 0.7339 0.0173
vn 0.5857 0.8091 0.0490
vn 0.5660 0.8242 0.0194
vn 0.4505 0.8911 0.0540
vn 0.4707 0.8818 0.0285
vn 0.4488 0.8895 0.0852
vn 0.4035 0.9145 0.0296
vn 0.5393 0.8383 0.0803
vn 0.5573 0.8285 0.0550
vn 0.4362 0.8993 0.0304
vn 0.4589 0.8866 0.0588
vn 0.3431 0.9388 0.0317
vn 0.3581 0.9336 0.0146
vn 0.2488 0.9686 -0.0000
vn 0.2629 0.9647 0.0151
vn 0.1737 0.9848 -0.0000
vn 0.1736 0.9848 -0.0000
vn -0.1702 0.9854 0.0004
vn -0.2677 0.9634 -0.0136
vn -0.2547 0.9670 0.0004
vn -0.3631 0.9317 -0.0131
vn -0.3788 0.9255 0.0051
vn -0.4049 0.9140 0.0248
vn -0.4214 0.9069 0.0050
vn -0.5409 0.8408 0.0229
vn -0.5611 0.8261 0.0521
vn -0.4151 0.9098 -0.0012
vn -0.3642 0.9295 0.0586
vn -0.3592 0.9332 -0.0012
vn -0.4108 0.9098 0.0593
vn -0.3365 0.9415 0.0185
vn -0.2971 0.9528 0.0622
vn -0.2252 0.9741 0.0192
vn -0.2158 0.9764 0.0093
vn -0.3166 0.9409 -0.1201
vn -0.1955 0.9807 0.0094
vn -0.3184 0.9403 -0.1200
vn -0.2422 0.9493 -0.2005
vn -0.1904 0.9701 -0.1504
vn -0.2398 0.9499 -0.2006
vn -0.0758 0.9854 -0.1527
vn -0.4511 0.8560 0.2526
vn -0.2660 0.9629 -0.0445
vn 0.0623 0.9573 0.2825
vn -0.3631 0.9308 -0.0430
vn -0.4611 0.8841 0.0754
vn -0.1996 0.9711 0.1310
vn -0.2464 0.9657 0.0823
vn -0.4350 0.8923 0.1204
vn -0.3429 0.9393 0.0117
vn -0.6670 0.6356 -0.3887
vn -0.3913 0.9202 0.0115
vn -0.5078 0.7349 -0.4495
vn -0.4821 0.7355 -0.4760
vn -0.6626 0.5328 -0.5264
vn -0.6040 0.6691 -0.4330
vn -0.1602 0.7021 -0.6938
vn -0.2881 0.7383 -0.6098
vn -0.5520 0.8202 -0.1501
vn -0.7122 0.5412 -0.4470
vn -0.2783 0.9448 -0.1729
vn -0.3737 0.9251 -0.0681
vn -0.5698 0.7979 -0.1967
vn -0.4751 0.8776 -0.0646
vn -0.2015 0.9510 -0.2344
vn -0.4885 0.8678 0.0907
vn 0.2018 0.8437 0.4974
vn -0.2376 0.9661 0.1009
vn 0.2170 0.8409 0.4958
vn 0.6583 0.7525 -0.0204
vn -0.4517 0.7763 -0.4396
vn -0.0426 0.9987 -0.0271
vn -0.7565 0.5691 -0.3223
vn -0.6809 0.5889 -0.4355
vn -0.4906 0.5411 -0.6830
vn -0.2949 0.7683 -0.5681
vn 0.2456 0.6020 -0.7598
vn -0.6014 0.7952 -0.0778
vn -0.1985 0.9275 -0.3169
vn 0.0297 0.9948 -0.0973
vn -0.0883 0.9426 -0.3221
vn 0.3628 0.6653 -0.6525
vn -0.1567 0.5882 -0.7934
vn 0.0725 0.7121 -0.6983
vn 0.5009 0.5154 -0.6953
vn 0.2506 0.7962 -0.5507
vn 0.5338 0.8275 0.1738
vn -0.2065 0.8047 -0.5566
vn 0.0826 0.9753 0.2048
vn -0.0687 0.9362 0.3446
vn -0.2627 0.9487 -0.1760
vn 0.2513 0.9083 0.3343
vn 0.1610 0.9704 -0.1800
vn 0.5682 0.5840 -0.5797
vn 0.6596 0.7484 -0.0699
vn -0.0128 0.7096 -0.7045
vn -0.6203 0.7810 -0.0730
vn -0.7597 0.6137 0.2149
vn -0.4069 0.6899 0.5987
vn -0.7225 0.6525 0.2285
vn -0.5451 0.6332 0.5495
vn -0.3894 0.8320 0.3951
vn 0.5835 0.7934 0.1734
vn 0.6673 0.6728 0.3195
vn 0.7304 0.6673 0.1458
vn 0.6966 0.6873 0.2059
vn 0.6747 0.5759 0.4616
vn 0.5399 0.8063 0.2415
vn 0.5662 0.6431 0.5155
vn 0.7994 0.5763 0.1700
vn 0.7635 0.6182 0.1870
vn 0.7622 0.6209 0.1831
vn 0.6092 0.7591 0.2296
vn 0.6686 0.7306 0.1387
vn 0.8017 0.5695 0.1813
vn 0.7825 0.6117 0.1161
vn 0.7211 0.6602 0.2101
vn 0.7446 0.6463 0.1670
vn 0.6748 0.7294 0.1122
vn 0.7061 0.6856 0.1772
vn 0.5616 0.8178 0.1258
vn 0.6017 0.7959 0.0674
vn 0.4684 0.8774 0.1038
vn 0.4460 0.8918 0.0755
vn 0.4013 0.9096 0.1076
vn 0.4280 0.9006 0.0758
vn 0.5576 0.8290 0.0433
vn 0.5746 0.8155 0.0687
vn 0.4592 0.8871 0.0464
vn 0.4754 0.8794 0.0257
vn 0.3581 0.9336 0.0111
vn 0.3719 0.9279 0.0271
vn 0.2629 0.9647 0.0115
vn 0.2693 0.9631 0.0047
vn 0.1783 0.9840 0.0048
vn -0.1702 0.9853 -0.0177
vn -0.1530 0.9882 -0.0000
vn -0.2546 0.9669 -0.0173
vn -0.2441 0.9693 -0.0286
vn -0.3784 0.9245 -0.0447
vn -0.3636 0.9312 -0.0274
vn -0.4210 0.9060 -0.0438
vn -0.4966 0.8664 0.0521
vn -0.5602 0.8247 0.0770
vn -0.5796 0.8134 0.0489
vn -0.3635 0.9276 0.0867
vn -0.3294 0.9430 0.0480
vn -0.4113 0.9110 0.0286
vn -0.3961 0.9170 0.0467
vn -0.2976 0.9542 0.0300
vn -0.3550 0.9301 0.0942
vn -0.2137 0.9667 0.1409
vn -0.2554 0.9619 0.0974
vn -0.1935 0.9708 0.1415
vn -0.0317 0.9993 -0.0219
vn -0.2470 0.9683 0.0384
vn -0.3018 0.9531 -0.0209
vn -0.2446 0.9689 0.0384
vn -0.4452 0.8559 0.2632
vn -0.4474 0.8490 0.2810
vn -0.4656 0.8459 0.2601
vn 0.0616 0.9476 0.3136
vn 0.0797 0.9515 0.2971
vn -0.4472 0.8576 0.2541
vn -0.4347 0.8597 0.2684
vn -0.2376 0.9313 0.2760
vn -0.1817 0.9582 0.2211
vn -0.3372 0.9235 0.1828
vn -0.3080 0.9270 0.2139
vn -0.3850 0.9053 0.1792
vn -0.2922 0.9534 0.0754
vn -0.5471 0.8346 -0.0652
vn -0.4449 0.8928 0.0706
vn -0.6689 0.7411 -0.0579
vn -0.4316 0.8211 -0.3736
vn -0.3612 0.9255 -0.1139
vn -0.5493 0.7606 -0.3461
vn -0.7940 0.6034 -0.0743
vn -0.8058 0.5906 -0.0440
vn -0.3709 0.9181 -0.1397
vn -0.3095 0.9483 -0.0707
vn -0.4719 0.8716 -0.1326
vn -0.3856 0.8926 -0.2335
vn -0.4099 0.7282 -0.5493
vn -0.0676 0.9652 -0.2525
vn -0.1927 0.7833 -0.5910
vn -0.3361 0.8124 -0.4766
vn 0.6439 0.7361 0.2086
vn 0.0041 0.8625 -0.5060
vn -0.0410 0.9613 0.2724
vn -0.1737 0.9038 0.3912
vn -0.5536 0.4788 -0.6814
vn 0.5404 0.7722 0.3343
vn -0.2155 0.5614 -0.7990
vn -0.0246 0.4944 -0.8689
vn -0.2906 0.3842 -0.8763
vn -0.1142 0.4913 -0.8634
vn 0.0120 0.4015 -0.9158
vn -0.1719 0.4627 -0.8697
vn 0.4410 0.8086 -0.3894
vn -0.3718 0.4360 -0.8196
vn 0.0913 0.8972 -0.4321
vn 0.3665 0.6871 -0.6274
vn 0.2518 0.8001 -0.5445
vn 0.0604 0.7371 -0.6731
vn -0.2076 0.8087 -0.5503
vn -0.1362 0.7872 -0.6015
vn -0.0574 0.7828 -0.6196
vn -0.0365 0.7941 -0.6067
vn 0.2120 0.7663 -0.6065
vn 0.3652 0.6271 -0.6880
vn 0.6715 0.6900 -0.2701
vn 0.1773 0.6630 -0.7274
vn -0.0167 0.9311 -0.3645
vn -0.6264 0.7020 0.3390
vn -0.7543 0.6093 0.2445
vn -0.7213 0.6237 0.3012
vn -0.7167 0.6472 0.2597
vn -0.7572 0.5284 0.3841
vn -0.4163 0.8896 0.1882
vn 0.0383 0.8083 0.5875
vn 0.6964 0.7021 0.1485
vn 0.5863 0.7472 0.3130
vn 0.6778 0.6688 0.3053
vn 0.6690 0.6856 0.2871
vn 0.5202 0.7769 0.3547
vn 0.7438 0.6684 0.0088
vn 0.8107 0.5845 -0.0353
vn 0.8251 0.5649 0.0075
vn 0.7747 0.6311 -0.0382
vn 0.7272 0.6829 0.0698
vn 0.6749 0.7375 0.0257
vn 0.6990 0.7114 0.0727
vn 0.7877 0.6157 0.0214
vn 0.7810 0.6233 0.0381
vn 0.7325 0.6358 0.2433
vn 0.6382 0.7684 0.0470
vn 0.6932 0.6731 0.2576
vn 0.7631 0.6329 0.1310
vn 0.5948 0.7868 0.1650
vn 0.5936 0.7881 0.1631
vn 0.4397 0.8790 0.1844
vn 0.5297 0.8452 0.0703
vn 0.4285 0.9016 0.0602
vn 0.4400 0.8949 0.0744
vn 0.5751 0.8162 0.0545
vn 0.5922 0.8053 0.0290
vn 0.4755 0.8795 0.0177
vn 0.4861 0.8734 0.0314
vn 0.3720 0.9281 0.0186
vn 0.3812 0.9245 0.0079
vn 0.2693 0.9631 0.0031
vn 0.2741 0.9617 0.0082
vn 0.1783 0.9840 0.0031
vn 0.1813 0.9834 -0.0000
vn -0.1497 0.9887 -0.0034
vn -0.2442 0.9697 -0.0007
vn -0.2467 0.9691 -0.0033
vn -0.3637 0.9315 -0.0007
vn -0.3526 0.9357 -0.0134
vn -0.4972 0.8674 -0.0189
vn -0.4923 0.8703 -0.0125
vn -0.5802 0.8143 -0.0178
vn -0.6179 0.7852 0.0412
vn -0.3290 0.9417 0.0710
vn -0.3484 0.9360 0.0492
vn -0.3956 0.9158 0.0690
vn -0.1656 0.9696 -0.1801
vn -0.3566 0.9342 0.0100
vn -0.4942 0.8547 -0.1588
vn -0.2566 0.9665 0.0103
vn -0.4534 0.8600 0.2343
vn -0.0280 0.8833 0.4679
vn -0.2686 0.9294 0.2532
vn -0.2694 0.8510 0.4508
vn -0.0577 0.9631 0.2630
vn -0.4394 0.8446 0.3059
vn -0.5067 0.8317 0.2271
vn -0.4596 0.8350 0.3024
vn -0.3673 0.9092 0.1961
vn 0.0668 0.7980 0.5989
vn -0.4035 0.8944 0.1929
vn -0.3749 0.7415 0.5565
vn -0.3971 0.7171 0.5727
vn -0.1569 0.8273 0.5393
vn -0.0335 0.7810 0.6237
vn -0.2682 0.8070 0.5261
vn -0.2868 0.7914 0.5398
vn -0.2782 0.9080 0.3134
vn 0.0252 0.8259 0.5633
vn -0.4262 0.8552 0.2951
vn -0.4782 0.8033 0.3551
vn -0.4316 0.8211 0.3736
vn -0.4419 0.8205 0.3627
vn -0.5493 0.7606 0.3461
vn -0.4089 0.8967 0.1693
vn -0.7156 0.5245 -0.4613
vn -0.2794 0.9435 0.1781
vn -0.2380 0.7293 -0.6414
vn -0.3005 0.7440 -0.5968
vn -0.3748 0.8677 -0.3266
vn -0.5560 0.6484 -0.5200
vn -0.0654 0.9339 -0.3516
vn -0.3640 0.9300 -0.0513
vn -0.3223 0.7790 -0.5378
vn 0.2159 0.9749 -0.0538
vn 0.0039 0.8229 -0.5681
vn -0.4979 0.8622 -0.0932
vn -0.1828 0.9515 0.2473
vn -0.4866 0.8686 -0.0939
vn 0.5608 0.8014 0.2083
vn 0.5726 0.7970 0.1922
vn -0.0475 0.9555 -0.2911
vn 0.4344 0.8756 0.2112
vn -0.2171 0.9338 -0.2844
vn 0.1147 0.8228 -0.5567
vn -0.2409 0.6484 -0.7222
vn 0.0544 0.8270 -0.5595
vn -0.4950 0.5805 -0.6466
vn -0.4035 0.5694 -0.7162
vn 0.3363 0.6305 -0.6996
vn 0.2330 0.6051 -0.7612
vn 0.0548 0.6684 -0.7417
vn 0.1858 0.5864 -0.7884
vn -0.1019 0.5886 -0.8020
vn -0.0920 0.5943 -0.7990
vn -0.0272 0.5914 -0.8059
vn -0.2015 0.6581 -0.7255
vn 0.4813 0.8264 -0.2924
vn -0.1110 0.6677 -0.7361
vn 0.2445 0.9141 -0.3234
vn 0.1498 0.9609 -0.2328
vn -0.6656 0.7459 -0.0262
vn -0.7301 0.6641 -0.1609
vn -0.7562 0.6539 -0.0230
vn -0.5853 0.7499 -0.3083
vn -0.7223 0.5041 -0.4735
vn -0.6417 0.7093 -0.2916
vn 0.0345 0.7285 -0.6842
vn -0.5332 0.8220 -0.2000
vn 0.6132 0.7816 -0.1144
vn 0.5556 0.8079 -0.1965
vn 0.6946 0.7118 -0.1042
vn 0.6524 0.7575 -0.0241
vn 0.7436 0.6682 0.0215
vn 0.7236 0.6898 -0.0219
vn 0.8250 0.5648 0.0181
vn 0.8461 0.5302 -0.0547
vn 0.7286 0.6843 0.0305
vn 0.6740 0.7349 -0.0758
vn 0.7005 0.7129 0.0318
vn 0.6634 0.7418 0.0986
vn 0.7667 0.6119 0.1942
vn 0.7271 0.6805 0.0904
vn 0.6207 0.7473 0.2372
vn 0.7040 0.7027 0.1027
vn 0.7329 0.6079 0.3056
vn 0.6432 0.7576 0.1107
vn 0.5583 0.7412 0.3727
vn 0.7312 0.6727 0.1137
vn 0.5298 0.8454 0.0682
vn 0.5762 0.8059 0.1362
vn 0.4401 0.8951 0.0722
vn 0.4543 0.8892 0.0546
vn 0.5923 0.8054 0.0202
vn 0.6103 0.7907 0.0486
vn 0.4862 0.8736 0.0219
vn 0.4953 0.8687 0.0100
vn 0.3812 0.9245 0.0061
vn 0.3851 0.9228 0.0106
vn 0.2741 0.9617 0.0063
vn 0.2775 0.9607 0.0026
vn 0.1838 0.9830 0.0026
vn -0.1497 0.9887 -0.0052
vn -0.1446 0.9895 -0.0000
vn -0.2467 0.9691 -0.0051
vn -0.2499 0.9683 -0.0017
vn -0.3526 0.9358 0.0035
vn -0.3571 0.9341 -0.0016
vn -0.4924 0.8704 0.0033
vn -0.5176 0.8548 0.0373
vn -0.6176 0.7848 0.0517
vn -0.6287 0.7769 0.0339
vn -0.3482 0.9354 0.0616
vn -0.1759 0.9767 -0.1233
vn -0.1679 0.9829 -0.0755
vn -0.2135 0.9692 -0.1224
vn -0.4994 0.8638 -0.0664
vn -0.4207 0.8923 -0.1637
vn -0.4604 0.8734 -0.1585
vn -0.4617 0.8725 -0.1601
vn -0.2735 0.9464 -0.1717
vn -0.5593 0.8095 0.1785
vn -0.0546 0.9100 0.4110
vn -0.2735 0.9393 0.2071
vn -0.4855 0.7968 0.3599
vn -0.2893 0.9469 0.1400
vn -0.3407 0.8434 0.4154
vn -0.5952 0.7950 0.1175
vn -0.3751 0.8316 0.4096
vn -0.4075 0.7998 0.4407
vn -0.4683 0.8458 0.2556
vn -0.2581 0.8462 0.4663
vn -0.0410 0.9564 0.2890
vn -0.0719 0.9457 0.3171
vn -0.3318 0.9155 0.2277
vn -0.2531 0.9173 0.3076
vn 0.0296 0.9700 0.2413
vn -0.2736 0.8200 0.5027
vn -0.5031 0.8451 0.1808
vn -0.1651 0.8409 0.5154
vn -0.4660 0.8652 0.1851
vn -0.2951 0.9553 -0.0150
vn -0.3515 0.7710 -0.5310
vn 0.2121 0.9771 -0.0154
vn -0.2370 0.8001 -0.5511
vn 0.0787 0.6698 -0.7384
vn -0.2771 0.6861 -0.6727
vn -0.3331 0.6335 -0.6984
vn -0.5222 0.6090 -0.5970
vn -0.8058 0.5533 -0.2112
vn -0.2942 0.7517 -0.5902
vn 0.0113 0.9342 -0.3565
vn 0.1716 0.7749 -0.6084
vn 0.0062 0.8685 -0.4957
vn -0.3484 0.6033 -0.7174
vn 0.0354 0.8679 -0.4954
vn -0.3392 0.6055 -0.7200
vn -0.5364 0.6286 -0.5632
vn 0.5581 0.7768 0.2917
vn -0.3808 0.6887 -0.6170
vn 0.4212 0.8491 0.3189
vn 0.5899 0.8003 0.1076
vn 0.1234 0.8852 -0.4485
vn 0.6119 0.7839 0.1054
vn 0.0586 0.8905 -0.4511
vn 0.3519 0.6744 -0.6492
vn -0.3826 0.5399 -0.7497
vn -0.1996 0.7060 -0.6796
vn 0.2195 0.5701 -0.7917
vn -0.1908 0.7817 -0.5937
vn 0.2470 0.7796 -0.5755
vn 0.2290 0.7752 -0.5887
vn -0.1236 0.7984 -0.5893
vn -0.0727 0.7789 -0.6229
vn -0.2123 0.6933 -0.6887
vn -0.0876 0.7780 -0.6221
vn -0.1171 0.7046 -0.6999
vn -0.2912 0.7563 -0.5858
vn 0.1332 0.8547 -0.5018
vn -0.0250 0.7903 -0.6122
vn -0.6880 0.6258 -0.3674
vn -0.6242 0.6377 -0.4513
vn -0.5111 0.6548 -0.5569
vn -0.4618 0.7240 -0.5124
vn -0.5675 0.6272 -0.5334
vn -0.7750 0.5819 -0.2464
vn -0.5197 0.8013 -0.2962
vn -0.5431 0.7732 -0.3274
vn 0.5420 0.7882 -0.2914
vn 0.3058 0.9521 -0.0030
vn 0.6492 0.7538 -0.1013
vn 0.7044 0.7098 -0.0023
vn 0.7207 0.6871 -0.0923
vn 0.7980 0.4921 -0.3479
vn 0.8430 0.5282 -0.1012
vn 0.6616 0.6123 -0.4329
vn 0.6693 0.7298 -0.1397
vn 0.7350 0.6126 -0.2905
vn 0.6598 0.7377 0.1430
vn 0.2003 0.8852 -0.4198
vn 0.7238 0.6774 0.1313
vn 0.5478 0.7413 0.3879
vn 0.6922 0.6910 0.2082
vn 0.7351 0.6007 0.3143
vn 0.6308 0.7430 0.2239
vn 0.6806 0.7181 0.1454
vn 0.7136 0.6565 0.2445
vn 0.6685 0.7289 0.1476
vn 0.5566 0.7785 0.2899
vn 0.6948 0.7145 0.0822
vn 0.4546 0.8897 0.0427
vn 0.4979 0.8616 0.0991
vn 0.6105 0.7911 0.0380
vn 0.6282 0.7780 0.0097
vn 0.4953 0.8687 0.0048
vn 0.4998 0.8661 0.0108
vn 0.3851 0.9229 0.0052
vn 0.3859 0.9225 0.0042
vn 0.2775 0.9607 0.0023
vn 0.2794 0.9602 0.0044
vn 0.1838 0.9830 0.0024
vn 0.1861 0.9825 -0.0000
vn -0.1330 0.9910 -0.0118
vn -0.2499 0.9682 -0.0100
vn -0.2513 0.9678 -0.0115
vn -0.3571 0.9340 -0.0096
vn -0.3630 0.9318 -0.0029
vn -0.5179 0.8554 0.0039
vn -0.5227 0.8525 -0.0026
vn -0.6290 0.7774 0.0035
vn -0.6221 0.7829 -0.0078
vn -0.1772 0.9842 0.0043
vn -0.1909 0.9816 -0.0098
vn -0.2151 0.9766 0.0042
vn -0.2351 0.9716 0.0253
vn -0.4263 0.9041 0.0282
vn -0.4302 0.9024 0.0235
vn -0.4676 0.8835 0.0275
vn -0.5522 0.8213 0.1431
vn -0.5559 0.8046 0.2090
vn -0.6075 0.7825 0.1364
vn -0.2712 0.9316 0.2420
vn -0.1018 0.9923 0.0707
vn -0.2906 0.9514 0.1021
vn -0.3226 0.9442 0.0672
vn -0.5971 0.7976 0.0856
vn -0.4981 0.8652 -0.0567
vn -0.4424 0.8683 -0.2242
vn -0.3015 0.9514 -0.0624
vn -0.2832 0.9286 -0.2398
vn -0.3003 0.9276 -0.2222
vn -0.0757 0.9959 -0.0504
vn -0.2495 0.9417 -0.2256
vn -0.2656 0.9628 -0.0487
vn -0.4883 0.8466 0.2118
vn -0.2850 0.8542 0.4349
vn -0.4984 0.8410 0.2104
vn -0.1723 0.8778 0.4470
vn -0.1974 0.8619 0.4671
vn -0.2947 0.9542 -0.0519
vn 0.2450 0.8524 0.4619
vn 0.2118 0.9759 -0.0531
vn 0.4537 0.8323 -0.3184
vn 0.1143 0.9729 -0.2010
vn -0.0544 0.9326 -0.3567
vn -0.4579 0.8706 -0.1799
vn -0.4396 0.8753 -0.2015
vn -0.8027 0.5512 -0.2277
vn -0.7786 0.6115 -0.1408
vn 0.0112 0.9242 -0.3818
vn -0.1562 0.9608 -0.2290
vn 0.0063 0.8877 -0.4603
vn 0.2691 0.9369 -0.2233
vn 0.0362 0.8872 -0.4600
vn 0.0961 0.8574 -0.5057
vn -0.5368 0.6291 -0.5623
vn -0.4277 0.7786 -0.4592
vn -0.3812 0.6893 -0.6161
vn -0.2285 0.6555 -0.7198
vn 0.5921 0.8032 -0.0663
vn -0.1843 0.6617 -0.7267
vn 0.6140 0.7866 -0.0649
vn 0.7280 0.6180 -0.2967
vn 0.4000 0.7665 -0.5024
vn 0.5322 0.7633 -0.3664
vn -0.2301 0.8139 -0.5335
vn 0.0404 0.7082 -0.7049
vn -0.2049 0.8396 -0.5030
vn -0.4132 0.6454 -0.6424
vn 0.2457 0.8315 -0.4982
vn -0.2486 0.9676 -0.0453
vn -0.0903 0.9682 -0.2331
vn 0.1001 0.9939 -0.0465
vn -0.1088 0.9665 -0.2327
vn -0.1943 0.9697 -0.1483
vn -0.3572 0.9280 -0.1055
vn -0.3867 0.9116 -0.1394
vn -0.0314 0.9931 -0.1129
vn 0.2292 0.9041 -0.3606
vn -0.6384 0.6522 -0.4087
vn -0.5722 0.7618 -0.3038
vn -0.4754 0.7455 -0.4671
vn -0.3384 0.7337 -0.5892
vn -0.6837 0.5133 -0.5187
vn -0.6592 0.5863 -0.4708
vn -0.4429 0.6307 -0.6372
vn -0.4395 0.6303 -0.6400
vn 0.2289 0.7128 -0.6629
vn 0.1632 0.6922 -0.7030
vn 0.5879 0.5924 -0.5509
vn 0.5953 0.5769 -0.5593
vn 0.8277 0.5104 -0.2331
vn 0.6228 0.5617 -0.5446
vn 0.7009 0.6488 -0.2962
vn 0.6724 0.7020 -0.2345
vn 0.7672 0.6395 -0.0497
vn 0.6668 0.7068 -0.2361
vn 0.2201 0.9725 -0.0756
vn 0.5113 0.7616 -0.3982
vn 0.5614 0.7598 -0.3279
vn 0.4978 0.7686 -0.4019
vn 0.7470 0.6104 -0.2634
vn 0.6403 0.7675 -0.0323
vn 0.6867 0.7245 -0.0600
vn 0.7027 0.7109 -0.0299
vn 0.6746 0.7356 -0.0609
vn 0.6941 0.7130 -0.0993
vn 0.6956 0.7154 0.0665
vn 0.5912 0.7988 -0.1113
vn 0.4987 0.8630 0.0802
vn 0.5247 0.8501 0.0456
vn 0.6279 0.7777 0.0300
vn 0.6347 0.7717 0.0414
vn 0.4995 0.8657 0.0334
vn 0.5203 0.8540 0.0054
vn 0.3859 0.9225 0.0051
vn 0.3865 0.9223 0.0059
vn 0.2794 0.9602 0.0053
vn 0.2761 0.9611 0.0089
vn 0.1949 0.9808 0.0091
vn -0.1330 0.9909 -0.0190
vn -0.1143 0.9934 -0.0000
vn -0.2513 0.9677 -0.0185
vn -0.2461 0.9690 -0.0241
vn -0.3629 0.9316 -0.0205
vn -0.3652 0.9307 -0.0231
vn -0.5226 0.8524 -0.0188
vn -0.4772 0.8753 -0.0788
vn -0.6206 0.7810 -0.0705
vn -0.6205 0.7811 -0.0703
vn -0.1901 0.9778 -0.0882
vn -0.3020 0.9528 0.0308
vn -0.2337 0.9660 0.1107
vn -0.3083 0.9508 0.0307
vn -0.4280 0.8979 0.1029
vn -0.3320 0.9432 -0.0095
vn -0.5549 0.8254 -0.1040
vn -0.4862 0.8738 -0.0088
vn -0.6103 0.7860 -0.0990
vn -0.4495 0.8387 -0.3074
vn -0.1014 0.9885 -0.1123
vn -0.3167 0.8906 -0.3264
vn -0.3214 0.9409 -0.1069
vn -0.3672 0.9285 -0.0554
vn -0.4727 0.8210 -0.3200
vn -0.2381 0.9695 -0.0579
vn -0.2832 0.8936 -0.3483
vn -0.2575 0.8916 -0.3726
vn -0.2973 0.9186 -0.2604
vn -0.3893 0.8499 -0.3552
vn -0.2470 0.9323 -0.2643
vn -0.3939 0.9129 -0.1068
vn -0.4989 0.8651 -0.0515
vn -0.5330 0.8404 -0.0983
vn -0.5092 0.8591 -0.0512
vn -0.4162 0.8938 -0.1668
vn -0.2201 0.9606 -0.1695
vn -0.2289 0.9569 -0.1785
vn 0.2724 0.9475 -0.1672
vn 0.1912 0.9781 -0.0826
vn 0.4720 0.8658 0.1664
vn 0.2585 0.9626 -0.0813
vn -0.0572 0.9804 0.1884
vn -0.1592 0.9450 0.2856
vn -0.4121 0.8204 0.3963
vn -0.5473 0.8012 0.2421
vn -0.7537 0.5918 0.2859
vn -0.5275 0.8387 -0.1354
vn -0.1560 0.9599 0.2329
vn -0.4882 0.8616 -0.1391
vn 0.2689 0.9360 0.2271
vn 0.4188 0.9060 0.0613
vn 0.1092 0.9744 -0.1967
vn 0.3558 0.9324 0.0631
vn -0.4741 0.8631 -0.1742
vn 0.1808 0.6910 -0.6999
vn -0.2528 0.7251 -0.6406
vn -0.3183 0.6661 -0.6746
vn -0.2043 0.7336 -0.6482
vn -0.3650 0.7675 -0.5269
vn 0.7452 0.6326 -0.2111
vn 0.5625 0.6816 -0.4679
vn 0.5516 0.7912 -0.2640
vn 0.6202 0.6926 -0.3684
vn 0.0516 0.9043 -0.4237
vn -0.0055 0.8829 -0.4695
vn -0.5015 0.7834 -0.3670
vn -0.2453 0.7619 -0.5995
vn -0.2297 0.8941 -0.3844
vn -0.4344 0.7079 -0.5569
vn 0.0921 0.9148 -0.3933
vn -0.0475 0.9619 -0.2693
vn -0.1958 0.9773 -0.0809
vn -0.3575 0.8993 -0.2517
vn -0.3894 0.9179 -0.0760
vn -0.4480 0.8940 -0.0052
vn 0.2418 0.9540 -0.1775
vn 0.3979 0.9174 -0.0053
vn -0.5940 0.7909 -0.1471
vn 0.0446 0.7063 -0.7065
vn -0.3790 0.8215 -0.4260
vn -0.5547 0.5883 -0.5884
vn -0.7064 0.6283 -0.3258
vn -0.5631 0.6519 -0.5079
vn -0.5117 0.7338 -0.4469
vn -0.5647 0.6510 -0.5073
vn 0.1973 0.8373 -0.5100
vn 0.3213 0.7359 -0.5960
vn 0.5890 0.5708 -0.5720
vn 0.6892 0.5631 -0.4561
vn 0.6166 0.5561 -0.5572
vn 0.5922 0.6094 -0.5272
vn 0.6206 0.6479 -0.4415
vn 0.5053 0.6526 -0.5646
vn 0.6149 0.6517 -0.4441
vn 0.6071 0.6667 -0.4324
vn 0.5196 0.7739 -0.3620
vn 0.3806 0.7759 -0.5032
vn 0.5060 0.7813 -0.3654
vn 0.5242 0.7582 -0.3878
vn 0.6380 0.7647 -0.0906
vn 0.3657 0.8287 -0.4238
vn 0.7005 0.7087 -0.0840
vn 0.6738 0.7382 -0.0316
vn 0.6959 0.7148 -0.0695
vn 0.7165 0.6970 -0.0298
vn 0.5931 0.8014 -0.0779
vn 0.5296 0.8481 0.0157
vn 0.5250 0.8506 0.0300
vn 0.5147 0.8572 0.0159
vn 0.6350 0.7720 0.0272
vn 0.6540 0.7565 -0.0051
vn 0.5202 0.8538 0.0191
vn 0.5018 0.8650 -0.0058
vn 0.3865 0.9221 0.0206
vn 0.3906 0.9204 0.0157
vn 0.2761 0.9611 0.0029
vn 0.2885 0.9574 0.0163
vn 0.1949 0.9808 0.0029
vn 0.1977 0.9803 -0.0000
vn -0.0947 0.9953 -0.0199
vn -0.2460 0.9688 -0.0285
vn -0.2375 0.9712 -0.0194
vn -0.3651 0.9306 -0.0274
vn -0.3398 0.9388 -0.0561
vn -0.4773 0.8755 -0.0759
vn -0.4595 0.8866 -0.0530
vn -0.6206 0.7812 -0.0677
vn -0.5625 0.8124 -0.1533
vn -0.3020 0.9526 0.0358
vn -0.4709 0.8669 -0.1636
vn -0.3082 0.9506 0.0357
vn -0.2888 0.9573 0.0144
vn -0.3318 0.9426 -0.0382
vn -0.2841 0.9587 0.0144
vn -0.4859 0.8733 -0.0354
vn -0.4435 0.8919 -0.0889
vn -0.4646 0.8670 -0.1802
vn -0.3916 0.9156 -0.0913
vn -0.3288 0.9246 -0.1922
vn -0.3283 0.9247 -0.1928
vn -0.3663 0.9262 -0.0896
vn -0.4447 0.8768 -0.1828
vn -0.2375 0.9669 -0.0935
vn -0.0278 0.9539 -0.2988
vn -0.2767 0.9583 -0.0709
vn -0.4500 0.8522 -0.2670
vn -0.4155 0.9071 -0.0671
vn -0.3739 0.9202 -0.1157
vn -0.3951 0.9157 -0.0738
vn -0.4275 0.8970 -0.1128
vn -0.5343 0.8425 -0.0679
vn -0.3312 0.8923 -0.3066
vn -0.3820 0.8204 -0.4255
vn -0.2650 0.9119 -0.3133
vn -0.2077 0.8684 -0.4503
vn -0.3840 0.8792 -0.2822
vn 0.1893 0.9684 0.1624
vn -0.2689 0.9171 -0.2944
vn 0.2560 0.9534 0.1599
vn -0.0006 0.9164 0.4003
vn -0.1262 0.7491 0.6504
vn -0.4817 0.8030 0.3508
vn -0.4584 0.6711 0.5827
vn -0.3555 0.7887 0.5016
vn -0.5220 0.8300 0.1962
vn -0.1900 0.8284 0.5269
vn -0.4829 0.8522 0.2014
vn 0.0255 0.9414 -0.3364
vn 0.4190 0.9066 -0.0497
vn 0.1487 0.9312 -0.3328
vn 0.3560 0.9331 -0.0511
vn 0.3148 0.9491 -0.0047
vn 0.2444 0.9345 -0.2588
vn 0.4707 0.8823 -0.0044
vn -0.4183 0.8754 -0.2424
vn -0.0504 0.8207 -0.5691
vn -0.3898 0.8198 -0.4195
vn -0.4752 0.7231 -0.5014
vn 0.5920 0.7174 -0.3672
vn 0.6466 0.6125 -0.4547
vn 0.6529 0.7292 -0.2049
vn 0.3291 0.7582 -0.5629
vn -0.0060 0.9627 -0.2705
vn 0.1512 0.8997 -0.4096
vn -0.2456 0.7627 -0.5983
vn 0.0065 0.9101 -0.4144
vn -0.4349 0.7085 -0.5557
vn -0.3472 0.6971 -0.6273
vn -0.0465 0.9422 -0.3319
vn -0.4056 0.6794 -0.6114
vn -0.3511 0.8832 -0.3111
vn 0.0663 0.7654 -0.6402
vn -0.3819 0.7620 -0.5230
vn -0.4469 0.6862 -0.5739
vn 0.3367 0.7763 -0.5328
vn -0.1722 0.9821 -0.0759
vn 0.0533 0.8436 -0.5343
vn 0.5254 0.8483 -0.0655
vn -0.6231 0.6608 -0.4185
vn -0.5646 0.6668 -0.4865
vn -0.5776 0.6687 -0.4682
vn -0.5851 0.6551 -0.4780
vn -0.5792 0.6678 -0.4675
vn -0.2166 0.6195 -0.7545
vn 0.2931 0.6714 -0.6807
vn 0.1459 0.6278 -0.7646
vn 0.6518 0.5326 -0.5399
vn 0.6636 0.4968 -0.5593
vn 0.5638 0.5801 -0.5879
vn 0.4957 0.5768 -0.6493
vn 0.4777 0.6171 -0.6253
vn 0.4229 0.6896 -0.5878
vn 0.6164 0.6770 -0.4022
vn 0.4446 0.6817 -0.5811
vn 0.3886 0.7922 -0.4706
vn 0.2174 0.9245 -0.3130
vn 0.5545 0.8021 -0.2216
vn 0.5119 0.8137 -0.2755
vn 0.3915 0.8870 -0.2450
vn 0.4827 0.8027 -0.3502
vn 0.6637 0.7271 -0.1756
vn 0.5498 0.7656 -0.3340
vn 0.7069 0.6876 -0.1661
vn 0.6501 0.7580 -0.0539
vn 0.5283 0.8461 -0.0717
vn 0.5369 0.8415 -0.0599
vn 0.5134 0.8551 -0.0725
vn 0.3736 0.9220 0.1019
vn 0.6536 0.7561 0.0337
vn 0.6790 0.7297 0.0806
vn 0.5014 0.8643 0.0385
vn 0.5328 0.8462 -0.0041
vn 0.3907 0.9205 0.0097
vn 0.3786 0.9256 -0.0045
vn 0.2885 0.9574 0.0101
vn 0.3073 0.9515 -0.0106
vn 0.1871 0.9823 -0.0110
vn -0.0947 0.9953 -0.0205
vn -0.0743 0.9972 -0.0000
vn -0.2375 0.9712 -0.0200
vn -0.1928 0.9790 -0.0668
vn -0.3386 0.9355 -0.1013
vn -0.3058 0.9499 -0.0648
vn -0.4580 0.8838 -0.0957
vn -0.4431 0.8892 -0.1140
vn -0.5654 0.8165 -0.1169
vn -0.5577 0.8233 -0.1056
vn -0.4736 0.8719 -0.1248
vn -0.3921 0.8930 -0.2208
vn -0.2873 0.9523 -0.1031
vn -0.3934 0.8925 -0.2207
vn -0.2826 0.9537 -0.1032
vn -0.4857 0.8634 0.1363
vn -0.4429 0.8907 -0.1022
vn -0.2167 0.9643 0.1522
vn -0.3911 0.9144 -0.1049
vn -0.4446 0.8948 -0.0408
vn -0.3330 0.9382 -0.0945
vn -0.2870 0.9570 -0.0436
vn -0.4506 0.8883 -0.0895
vn -0.3755 0.9097 -0.1776
vn -0.0282 0.9683 0.2482
vn -0.4266 0.8877 -0.1733
vn -0.4554 0.8624 0.2210
vn -0.3040 0.9516 0.0454
vn -0.3718 0.9151 -0.1563
vn -0.1844 0.9817 0.0468
vn -0.4252 0.8922 -0.1524
vn -0.4735 0.8758 -0.0935
vn -0.3428 0.9233 -0.1731
vn -0.2775 0.9553 -0.1020
vn -0.2746 0.9451 -0.1772
vn -0.4011 0.9153 -0.0365
vn -0.3970 0.9090 -0.1266
vn -0.3194 0.9469 -0.0378
vn -0.2789 0.9511 -0.1325
vn -0.4779 0.8726 0.1004
vn -0.0005 0.8155 0.5788
vn -0.5090 0.8551 0.0984
vn -0.4394 0.7325 0.5199
vn -0.0383 0.9884 0.1469
vn -0.4108 0.9113 -0.0264
vn -0.2609 0.9549 0.1419
vn -0.2234 0.9743 -0.0282
vn -0.3252 0.9421 0.0819
vn 0.0271 0.9995 0.0172
vn 0.0960 0.9916 0.0862
vn 0.1576 0.9873 0.0170
vn 0.1489 0.9885 0.0259
vn 0.3134 0.9448 -0.0957
vn 0.4172 0.9085 0.0238
vn 0.4689 0.8788 -0.0890
vn 0.2416 0.9551 0.1712
vn -0.0589 0.9597 0.2747
vn -0.1634 0.9711 0.1741
vn -0.5341 0.8128 0.2326
vn -0.0124 0.9415 -0.3368
vn 0.7259 0.6875 0.0215
vn 0.5317 0.7974 -0.2853
vn 0.3980 0.9170 0.0287
vn 0.5549 0.8130 -0.1766
vn 0.1656 0.9855 -0.0366
vn -0.0117 0.9771 -0.2123
vn 0.0071 0.9993 -0.0372
vn -0.2100 0.9608 0.1811
vn -0.4409 0.8850 -0.1495
vn -0.1370 0.9734 0.1835
vn -0.5073 0.8497 -0.1435
vn -0.1086 0.8387 -0.5337
vn 0.0644 0.7443 -0.6647
vn 0.2782 0.8104 -0.5157
vn -0.4369 0.6709 -0.5992
vn -0.6059 0.6700 -0.4289
vn -0.1546 0.8814 -0.4464
vn -0.2519 0.8151 -0.5217
vn 0.4836 0.7809 -0.3954
vn 0.2138 0.9713 -0.1042
vn -0.5283 0.6238 -0.5760
vn -0.0306 0.9938 -0.1066
vn -0.5487 0.6143 -0.5671
vn -0.4494 0.6078 -0.6547
vn -0.2189 0.6263 -0.7482
vn -0.1561 0.6720 -0.7239
vn 0.1476 0.6349 -0.7584
vn 0.0200 0.7105 -0.7035
vn 0.7307 0.5470 -0.4086
vn 0.6133 0.5612 -0.5557
vn 0.5671 0.6599 -0.4929
vn 0.5902 0.6166 -0.5209
vn 0.4158 0.6780 -0.6062
vn 0.4516 0.6816 -0.5758
vn 0.4372 0.6704 -0.5995
vn 0.2637 0.8435 -0.4678
vn 0.1846 0.7849 -0.5915
vn 0.3550 0.8176 -0.4534
vn 0.4489 0.7136 -0.5378
vn 0.2947 0.8666 -0.4027
vn 0.5101 0.8482 -0.1424
vn 0.2662 0.8741 -0.4062
vn 0.5779 0.8048 -0.1351
vn 0.4800 0.8773 0.0027
vn 0.6493 0.7571 0.0726
vn 0.6075 0.7943 0.0024
vn 0.5361 0.8403 0.0806
vn 0.5470 0.8346 0.0654
vn 0.3726 0.9196 -0.1243
vn 0.5250 0.8485 0.0665
vn 0.6779 0.7286 -0.0984
vn 0.6501 0.7584 -0.0470
vn 0.5328 0.8462 0.0096
vn 0.4854 0.8726 -0.0541
vn 0.3786 0.9255 0.0105
vn 0.4081 0.9126 -0.0245
vn 0.3073 0.9516 -0.0026
vn 0.2863 0.9578 -0.0257
vn 0.1872 0.9823 -0.0027
vn 0.1846 0.9828 -0.0000
vn -0.0491 0.9985 -0.0253
vn -0.1927 0.9788 -0.0697
vn -0.1493 0.9885 -0.0251
vn -0.3057 0.9497 -0.0676
vn -0.2645 0.9579 -0.1121
vn -0.4422 0.8875 -0.1293
vn -0.4227 0.9001 -0.1053
vn -0.5568 0.8219 -0.1198
vn -0.5405 0.8293 -0.1421
vn -0.3930 0.8951 -0.2104
vn -0.3470 0.9244 -0.1585
vn -0.3943 0.8946 -0.2103
vn -0.3420 0.9010 -0.2669
vn -0.4620 0.8213 -0.3347
vn -0.3970 0.8800 -0.2607
vn -0.2037 0.9066 -0.3695
vn -0.3160 0.9122 -0.2607
vn -0.4351 0.8758 -0.2088
vn -0.4636 0.8519 -0.2435
vn -0.2800 0.9338 -0.2226
vn -0.4189 0.9055 -0.0685
vn -0.3807 0.9223 -0.0666
vn -0.3833 0.9210 -0.0697
vn -0.4323 0.8994 -0.0650
vn -0.3957 0.9119 -0.1085
vn -0.3029 0.9483 -0.0949
vn -0.3185 0.9413 -0.1120
vn -0.1837 0.9781 -0.0979
vn -0.2669 0.9637 -0.0105
vn -0.4727 0.8743 -0.1104
vn -0.3913 0.9202 -0.0100
vn -0.2769 0.9533 -0.1204
vn -0.2693 0.9544 -0.1285
vn -0.3779 0.8624 -0.3369
vn -0.1777 0.9753 -0.1313
vn -0.2998 0.8886 -0.3471
vn -0.4221 0.8798 -0.2185
vn -0.4681 0.8548 -0.2242
vn -0.4599 0.8618 -0.2140
vn -0.4990 0.8382 -0.2199
vn -0.1214 0.8102 -0.5734
vn -0.0329 0.8508 -0.5244
vn -0.1055 0.8117 -0.5744
vn -0.2265 0.8291 -0.5111
vn -0.2969 0.8414 -0.4516
vn -0.2646 0.7666 -0.5851
vn -0.1040 0.8763 -0.4704
vn 0.0768 0.7926 -0.6049
vn 0.1196 0.7668 -0.6306
vn 0.1416 0.9398 -0.3109
vn -0.2547 0.7469 -0.6142
vn 0.3996 0.8703 -0.2879
vn 0.1814 0.9818 -0.0553
vn 0.2441 0.9648 -0.0983
vn 0.2856 0.9568 -0.0539
vn -0.1651 0.9812 -0.1000
vn 0.0644 0.9453 -0.3198
vn -0.0114 0.8637 -0.5039
vn 0.2146 0.9252 -0.3130
vn 0.4991 0.7485 -0.4367
vn 0.4616 0.7941 -0.3954
vn 0.5636 0.8258 0.0183
vn 0.1439 0.8859 -0.4410
vn -0.0120 0.9997 0.0222
vn 0.1973 0.9623 -0.1875
vn -0.1882 0.8611 -0.4722
vn 0.1314 0.9730 -0.1896
vn -0.1225 0.8702 -0.4772
vn -0.3970 0.8917 -0.2175
vn -0.1053 0.8128 -0.5730
vn 0.3065 0.9247 -0.2256
vn 0.2702 0.7869 -0.5547
vn 0.2682 0.7886 -0.5534
vn -0.5116 0.5658 -0.6466
vn -0.3545 0.7654 -0.5371
vn -0.1994 0.6453 -0.7374
vn -0.5667 0.6951 -0.4424
vn 0.1488 0.6762 -0.7216
vn 0.4812 0.7395 -0.4707
vn -0.0210 0.6836 -0.7295
vn -0.1022 0.7191 -0.6873
vn -0.4876 0.6595 -0.5722
vn -0.5133 0.6204 -0.5929
vn -0.1728 0.7440 -0.6455
vn -0.1602 0.7398 -0.6535
vn 0.0170 0.6045 -0.7964
vn 0.3273 0.7082 -0.6256
vn 0.5513 0.5045 -0.6646
vn 0.5201 0.5591 -0.6457
vn 0.6045 0.6315 -0.4856
vn 0.3502 0.6131 -0.7081
vn 0.4650 0.7018 -0.5396
vn 0.4022 0.7767 -0.4847
vn 0.2450 0.7835 -0.5711
vn 0.3338 0.7997 -0.4991
vn 0.3311 0.7625 -0.5558
vn 0.1450 0.9003 -0.4103
vn 0.3004 0.8835 -0.3594
vn 0.2561 0.8796 -0.4009
vn 0.2715 0.8915 -0.3627
vn 0.2680 0.8939 -0.3594
vn 0.4547 0.8311 -0.3200
vn 0.4413 0.8326 -0.3348
vn 0.5809 0.7596 -0.2925
vn 0.5818 0.7584 -0.2937
vn 0.5399 0.8236 -0.1737
vn 0.4079 0.8514 -0.3298
vn 0.5179 0.8370 -0.1765
vn 0.4533 0.8866 -0.0917
vn 0.6504 0.7587 -0.0358
vn 0.6232 0.7780 -0.0805
vn 0.4857 0.8731 -0.0412
vn 0.4974 0.8657 -0.0566
vn 0.4082 0.9128 -0.0161
vn 0.3703 0.9269 -0.0606
vn 0.2863 0.9580 -0.0169
vn 0.2883 0.9574 -0.0190
vn 0.1655 0.9860 -0.0196
vn -0.0491 0.9985 -0.0226
vn -0.0265 0.9996 -0.0000
vn -0.1493 0.9885 -0.0224
vn -0.1204 0.9914 -0.0518
vn -0.2656 0.9617 -0.0680
vn -0.2492 0.9671 -0.0505
vn -0.4242 0.9033 -0.0638
vn -0.3357 0.9273 -0.1653
vn -0.5293 0.8122 -0.2453
vn -0.4612 0.8735 -0.1557
vn -0.3382 0.9009 -0.2721
vn -0.3772 0.8970 -0.2304
vn -0.3441 0.9064 -0.2451
vn -0.3342 0.9129 -0.2345
vn -0.3993 0.8850 -0.2394
vn -0.2985 0.8903 -0.3440
vn -0.3042 0.8781 -0.3692
vn -0.2798 0.8955 -0.3460
vn -0.4484 0.8240 -0.3464
vn -0.3509 0.8243 -0.4443
vn -0.3564 0.7704 -0.5286
vn -0.2675 0.8482 -0.4571
vn -0.3246 0.7799 -0.5352
vn -0.3955 0.7875 -0.4726
vn -0.3499 0.8063 -0.4770
vn -0.3548 0.8017 -0.4811
vn -0.2796 0.8264 -0.4888
vn -0.2520 0.8213 -0.5118
vn -0.2339 0.8446 -0.4816
vn -0.2696 0.8173 -0.5093
vn -0.3465 0.8149 -0.4647
vn -0.2502 0.7997 -0.5458
vn -0.2424 0.8592 -0.4506
vn -0.3417 0.7762 -0.5298
vn -0.1593 0.8743 -0.4585
vn -0.3752 0.8913 -0.2546
vn -0.3847 0.8019 -0.4572
vn -0.1845 0.9450 -0.2699
vn -0.4206 0.7881 -0.4493
vn -0.4745 0.7870 -0.3942
vn -0.1396 0.9314 -0.3363
vn -0.2508 0.8655 -0.4336
vn -0.1214 0.9336 -0.3371
vn 0.0190 0.8898 -0.4560
vn -0.2981 0.8448 -0.4442
vn -0.2892 0.8519 -0.4365
vn -0.1044 0.8803 -0.4628
vn -0.3498 0.9069 -0.2346
vn 0.1401 0.8983 -0.4164
vn 0.3298 0.9139 -0.2364
vn -0.2956 0.8667 -0.4018
vn -0.3425 0.8691 -0.3568
vn 0.1774 0.9598 -0.2176
vn 0.0009 0.9251 -0.3798
vn 0.2795 0.9364 -0.2123
vn 0.1303 0.9897 -0.0592
vn 0.0666 0.9774 -0.2009
vn 0.2087 0.9762 -0.0584
vn 0.2215 0.9552 -0.1963
vn 0.3332 0.8905 -0.3097
vn 0.4988 0.8581 0.1221
vn 0.0858 0.9410 -0.3273
vn 0.1588 0.9775 0.1391
vn 0.1835 0.9764 0.1140
vn 0.1990 0.9708 0.1342
vn 0.1794 0.9771 0.1141
vn 0.1325 0.9818 0.1357
vn 0.4378 0.8769 -0.1983
vn -0.3581 0.8042 -0.4744
vn -0.0792 0.9723 -0.2198
vn 0.2745 0.8282 -0.4885
vn 0.1975 0.8831 -0.4257
vn 0.3023 0.8889 -0.3441
vn 0.2156 0.8796 -0.4240
vn -0.3965 0.8561 -0.3314
vn -0.5466 0.8232 -0.1535
vn -0.4855 0.5955 -0.6400
vn 0.0717 0.9805 -0.1828
vn 0.4052 0.6227 -0.6693
vn 0.1668 0.8367 -0.5216
vn -0.1260 0.8863 -0.4456
vn -0.2177 0.8282 -0.5163
vn -0.5945 0.7185 -0.3612
vn -0.3241 0.7120 -0.6229
vn -0.1409 0.6507 -0.7461
vn 0.0415 0.7520 -0.6579
vn 0.2906 0.6289 -0.7211
vn 0.2680 0.6489 -0.7121
vn 0.6434 0.6916 -0.3283
vn 0.2029 0.6595 -0.7238
vn 0.4585 0.8028 -0.3811
vn 0.5350 0.7039 -0.4672
vn 0.3667 0.7082 -0.6033
vn 0.5071 0.7181 -0.4766
vn 0.3029 0.7254 -0.6181
vn 0.2727 0.7524 -0.5996
vn 0.1275 0.7920 -0.5971
vn 0.0919 0.7787 -0.6206
vn 0.2264 0.7777 -0.5864
vn 0.0962 0.8632 -0.4957
vn 0.2628 0.8767 -0.4028
vn 0.1584 0.8562 -0.4917
vn 0.4339 0.8187 -0.3761
vn 0.3111 0.9179 -0.2462
vn 0.6043 0.7878 -0.1192
vn 0.5318 0.8179 -0.2194
vn 0.4281 0.8936 -0.1352
vn 0.3943 0.9141 -0.0948
vn 0.4488 0.8778 -0.1672
vn 0.5112 0.8549 -0.0886
vn 0.6184 0.7720 -0.1470
vn 0.5985 0.7929 -0.1144
vn 0.4976 0.8661 -0.0478
vn 0.4331 0.8921 -0.1287
vn 0.3705 0.9274 -0.0512
vn 0.3656 0.9296 -0.0456
vn 0.2882 0.9571 -0.0293
vn 0.2717 0.9612 -0.0472
vn 0.1655 0.9857 -0.0302
vn 0.1360 0.9907 -0.0000
vn -0.0087 0.9998 -0.0178
vn -0.1205 0.9915 -0.0493
vn -0.0892 0.9959 -0.0177
vn -0.2493 0.9672 -0.0481
vn -0.1955 0.9751 -0.1043
vn -0.3365 0.9295 -0.1513
vn -0.2913 0.9512 -0.1017
vn -0.4622 0.8753 -0.1424
vn -0.4298 0.8845 -0.1812
vn -0.3745 0.8907 -0.2576
vn -0.3128 0.9305 -0.1906
vn -0.3317 0.9062 -0.2621
vn -0.3013 0.9073 -0.2932
vn -0.2950 0.8800 -0.3723
vn -0.2185 0.9286 -0.3001
vn -0.2765 0.8850 -0.3745
vn -0.2459 0.8817 -0.4026
vn -0.3497 0.8214 -0.4505
vn -0.2906 0.8704 -0.3974
vn -0.2665 0.8451 -0.4635
vn -0.2916 0.8486 -0.4414
vn -0.4022 0.8009 -0.4435
vn -0.3839 0.8192 -0.4261
vn -0.3610 0.8158 -0.4518
vn -0.3169 0.8113 -0.4914
vn -0.2477 0.8074 -0.5355
vn -0.2086 0.8365 -0.5067
vn -0.2650 0.8036 -0.5329
vn -0.2749 0.8055 -0.5249
vn -0.2629 0.8402 -0.4742
vn -0.3179 0.7943 -0.5176
vn -0.3580 0.8132 -0.4589
vn -0.3301 0.8104 -0.4841
vn -0.2936 0.6975 -0.6537
vn -0.0695 0.8564 -0.5116
vn -0.1410 0.7224 -0.6770
vn -0.4892 0.7788 -0.3927
vn -0.4501 0.7466 -0.4899
vn -0.3735 0.8283 -0.4177
vn -0.2354 0.8126 -0.5332
vn -0.4445 0.8289 -0.3397
vn 0.0211 0.9862 -0.1640
vn -0.2013 0.9064 -0.3714
vn -0.3176 0.9354 -0.1555
vn 0.0183 0.8847 -0.4658
vn -0.3097 0.8028 -0.5096
vn -0.2384 0.8593 -0.4524
vn 0.2915 0.8076 -0.5126
vn -0.0401 0.9732 -0.2264
vn -0.3244 0.8234 -0.4657
vn -0.0594 0.9723 -0.2262
vn 0.0008 0.8704 -0.4923
vn -0.0316 0.8835 -0.4673
vn 0.1252 0.9507 -0.2838
vn -0.0870 0.8806 -0.4658
vn 0.2007 0.9387 -0.2802
vn 0.0671 0.9863 -0.1506
vn 0.3481 0.9303 -0.1159
vn 0.3237 0.9353 -0.1428
vn 0.0901 0.9883 -0.1232
vn -0.1313 0.9865 0.0983
vn 0.1844 0.9812 0.0569
vn 0.2227 0.9701 0.0966
vn 0.1802 0.9820 0.0570
vn 0.5759 0.7105 -0.4043
vn 0.4082 0.8177 -0.4059
vn 0.3477 0.8149 -0.4637
vn -0.0728 0.8933 -0.4435
vn 0.2107 0.7402 -0.6385
vn 0.1738 0.7769 -0.6052
vn 0.1055 0.7530 -0.6495
vn 0.1899 0.7745 -0.6033
vn -0.0912 0.9135 -0.3965
vn -0.5028 0.7573 -0.4167
vn -0.4489 0.8197 -0.3557
vn 0.0639 0.8743 -0.4811
vn 0.3284 0.6818 -0.6537
vn 0.1679 0.8421 -0.5125
vn -0.1083 0.7176 -0.6880
vn -0.2191 0.8335 -0.5072
vn -0.1337 0.8095 -0.5717
vn -0.3364 0.7389 -0.5838
vn -0.2903 0.7816 -0.5520
vn 0.0433 0.7839 -0.6194
vn 0.2240 0.6649 -0.7126
vn 0.2851 0.6903 -0.6649
vn 0.2034 0.6680 -0.7159
vn 0.2163 0.7032 -0.6773
vn 0.1403 0.7579 -0.6371
vn 0.5577 0.7337 -0.3883
vn 0.3248 0.7239 -0.6086
vn 0.5294 0.7498 -0.3968
vn 0.4864 0.8030 -0.3444
vn 0.3073 0.8480 -0.4318
vn 0.3770 0.8513 -0.3651
vn 0.1046 0.8862 -0.4513
vn 0.1750 0.8449 -0.5055
vn 0.0986 0.8845 -0.4561
vn 0.0248 0.8579 -0.5133
vn 0.1622 0.8770 -0.4523
vn 0.1847 0.8631 -0.4701
vn 0.3001 0.8857 -0.3543
vn 0.1681 0.8657 -0.4716
vn 0.5168 0.7949 -0.3180
vn 0.3904 0.9060 -0.1637
vn 0.3890 0.9016 -0.1891
vn 0.4127 0.8964 -0.1620
vn 0.5051 0.8447 -0.1771
vn 0.4694 0.8734 -0.1302
vn 0.6014 0.7967 -0.0597
vn 0.5584 0.8205 -0.1223
vn 0.4357 0.8976 -0.0672
vn 0.4625 0.8809 -0.1008
vn 0.3647 0.9273 -0.0847
vn 0.3452 0.9324 -0.1068
vn 0.2710 0.9586 -0.0876
vn 0.2215 0.9745 -0.0351
vn 0.1007 0.9943 -0.0358
vn -0.0087 0.9999 -0.0087
vn -0.0892 0.9960 -0.0086
vn -0.0501 0.9976 -0.0479
vn -0.1957 0.9760 -0.0951
vn -0.1491 0.9877 -0.0474
vn -0.2915 0.9520 -0.0928
vn -0.2509 0.9584 -0.1360
vn -0.4310 0.8870 -0.1659
vn -0.4000 0.9074 -0.1288
vn -0.3138 0.9333 -0.1746
vn -0.2668 0.9374 -0.2237
vn -0.3028 0.9116 -0.2780
vn -0.2503 0.9417 -0.2247
vn -0.2195 0.9332 -0.2846
vn -0.2542 0.9342 -0.2504
vn -0.2631 0.9434 -0.2021
vn -0.3060 0.9196 -0.2465
vn -0.3104 0.9295 -0.1991
vn -0.1721 0.9262 -0.3356
vn -0.3103 0.9032 -0.2966
vn -0.3345 0.8860 -0.3210
vn -0.4067 0.8679 -0.2851
vn -0.3612 0.8710 -0.3330
vn -0.3278 0.8391 -0.4342
vn -0.2321 0.9086 -0.3474
vn -0.2162 0.8671 -0.4487
vn -0.1265 0.8442 -0.5209
vn -0.3023 0.8857 -0.3523
vn -0.4306 0.7681 -0.4739
vn -0.3486 0.8709 -0.3464
vn -0.2532 0.8636 -0.4359
vn -0.3168 0.7779 -0.5427
vn -0.1880 0.8768 -0.4426
vn -0.0664 0.8183 -0.5709
vn -0.2030 0.8605 -0.4672
vn -0.4204 0.6693 -0.6126
vn -0.2194 0.8574 -0.4655
vn -0.3157 0.7000 -0.6406
vn -0.4638 0.7187 -0.5180
vn -0.3989 0.7439 -0.5361
vn -0.3990 0.7439 -0.5362
vn -0.1773 0.7984 -0.5754
vn -0.3217 0.8281 -0.4591
vn 0.0204 0.9851 -0.1707
vn -0.3006 0.8341 -0.4624
vn -0.2637 0.9504 -0.1647
vn 0.0758 0.8785 -0.4717
vn -0.0371 0.8990 -0.4363
vn -0.0816 0.8781 -0.4715
vn -0.0549 0.8983 -0.4359
vn 0.0397 0.8596 -0.5093
vn -0.0334 0.9350 -0.3532
vn -0.2106 0.8410 -0.4983
vn -0.0920 0.9315 -0.3519
vn -0.0775 0.9279 -0.3647
vn 0.0660 0.9705 -0.2320
vn -0.0798 0.9277 -0.3646
vn 0.3190 0.9218 -0.2203
vn -0.0182 0.9921 0.1244
vn -0.1292 0.9705 -0.2037
vn 0.1968 0.9728 0.1220
vn 0.2192 0.9549 -0.2005
vn 0.4006 0.8317 -0.3843
vn 0.6177 0.7621 -0.1939
vn 0.4802 0.7963 -0.3679
vn 0.3822 0.8956 -0.2279
vn 0.4292 0.8583 -0.2813
vn 0.2600 0.9136 -0.3127
vn 0.2735 0.9140 -0.2995
vn 0.1314 0.9379 -0.3211
vn 0.0931 0.9537 -0.2860
vn -0.0964 0.9653 -0.2427
vn -0.1406 0.9484 -0.2844
vn -0.4690 0.8565 -0.2154
vn -0.1370 0.8361 -0.5312
vn 0.3712 0.7707 -0.5179
vn 0.4008 0.7733 -0.4913
vn -0.1242 0.8236 -0.5534
vn -0.2169 0.8491 -0.4817
vn -0.1561 0.9453 -0.2866
vn -0.3498 0.8148 -0.4623
vn -0.3349 0.9017 -0.2734
vn 0.1699 0.7298 -0.6622
vn 0.2595 0.7703 -0.5825
vn 0.1362 0.7337 -0.6657
vn 0.2360 0.7751 -0.5861
vn -0.0079 0.9143 -0.4050
vn 0.1549 0.8369 -0.5250
vn 0.3200 0.8662 -0.3837
vn 0.3552 0.7919 -0.4968
vn 0.2274 0.8936 -0.3871
vn 0.4989 0.8237 -0.2694
vn 0.4167 0.8341 -0.3614
vn 0.3879 0.8760 -0.2865
vn 0.4107 0.8569 -0.3114
vn 0.1839 0.8883 -0.4209
vn 0.2860 0.9006 -0.3273
vn 0.0261 0.9034 -0.4281
vn 0.0545 0.8909 -0.4509
vn 0.1910 0.8929 -0.4078
vn 0.1453 0.8828 -0.4468
vn 0.1739 0.8957 -0.4091
vn 0.1632 0.9019 -0.4000
vn 0.3787 0.8788 -0.2902
vn 0.2788 0.8779 -0.3893
vn 0.4006 0.8700 -0.2873
vn 0.3866 0.8812 -0.2719
vn 0.4641 0.8637 -0.1967
vn 0.3999 0.8758 -0.2703
vn 0.5529 0.8124 -0.1850
vn 0.5461 0.8192 -0.1751
vn 0.4624 0.8806 -0.1034
vn 0.3866 0.9019 -0.1928
vn 0.3451 0.9322 -0.1094
vn 0.3186 0.9445 -0.0799
vn 0.2215 0.9745 -0.0359
vn 0.1762 0.9809 -0.0830
vn 0.1007 0.9942 -0.0366
vn 0.0643 0.9979 -0.0000
vn -0.0501 0.9979 -0.0403
vn -0.1492 0.9880 -0.0399
vn -0.1044 0.9909 -0.0852
vn -0.2515 0.9607 -0.1174
vn -0.2193 0.9721 -0.0836
vn -0.4008 0.9094 -0.1111
vn -0.3197 0.9258 -0.2015
vn -0.2675 0.9399 -0.2123
vn -0.2607 0.9433 -0.2054
vn -0.2510 0.9442 -0.2132
vn -0.2875 0.9416 -0.1754
vn -0.2593 0.9529 -0.1574
vn -0.2770 0.9446 -0.1760
vn -0.3120 0.9374 -0.1548
vn -0.2217 0.9431 -0.2478
vn -0.1794 0.9654 -0.1891
vn -0.2375 0.9395 -0.2469
vn -0.3474 0.9202 -0.1802
vn -0.2511 0.9265 -0.2801
vn -0.3645 0.8790 -0.3073
vn -0.3318 0.9030 -0.2730
vn -0.2344 0.9177 -0.3208
vn -0.2379 0.9179 -0.3175
vn -0.1379 0.9206 -0.3653
vn -0.0930 0.9410 -0.3254
vn -0.4621 0.8243 -0.3271
vn -0.4839 0.8212 -0.3023
vn -0.2658 0.9068 -0.3273
vn -0.2713 0.9032 -0.3325
vn -0.1977 0.9221 -0.3328
vn -0.0851 0.8981 -0.4315
vn -0.2127 0.9019 -0.3759
vn -0.2606 0.8702 -0.4181
vn -0.2299 0.8983 -0.3744
vn -0.2842 0.9027 -0.3230
vn -0.4699 0.7282 -0.4990
vn -0.2868 0.9020 -0.3228
vn -0.4046 0.7544 -0.5169
vn -0.1180 0.6850 -0.7189
vn -0.2590 0.6668 -0.6987
vn -0.2598 0.6662 -0.6991
vn -0.2415 0.6700 -0.7020
vn -0.2813 0.6803 -0.6768
vn 0.0765 0.8863 -0.4568
vn -0.2684 0.6829 -0.6794
vn -0.0824 0.8858 -0.4566
vn -0.4037 0.9032 -0.1458
vn 0.0459 0.9955 -0.0825
vn -0.0320 0.9867 -0.1593
vn -0.2422 0.9669 -0.0802
vn 0.2589 0.8085 -0.5285
vn -0.0667 0.7992 -0.5974
vn 0.0087 0.8370 -0.5471
vn -0.0687 0.7991 -0.5973
vn -0.1731 0.8348 -0.5227
vn -0.0175 0.9521 -0.3054
vn -0.2646 0.8174 -0.5118
vn 0.1891 0.9350 -0.2999
vn 0.2099 0.9241 -0.3194
vn 0.4227 0.8774 -0.2268
vn 0.3494 0.8856 -0.3061
vn 0.5042 0.8361 -0.2162
vn 0.3819 0.9220 -0.0643
vn 0.4448 0.8896 -0.1033
vn 0.4786 0.8759 -0.0611
vn 0.2849 0.9522 -0.1106
vn 0.2438 0.9675 -0.0667
vn 0.0972 0.9951 -0.0200
vn 0.0486 0.9965 -0.0687
vn -0.1466 0.9890 -0.0199
vn -0.0084 0.9874 -0.1578
vn -0.1359 0.8296 -0.5416
vn 0.3091 0.9391 -0.1501
vn 0.3981 0.7682 -0.5014
vn 0.1845 0.9327 -0.3099
vn -0.2437 0.9540 -0.1747
vn -0.3585 0.8859 -0.2944
vn -0.3890 0.9062 -0.1659
vn 0.0664 0.8200 -0.5685
vn 0.1869 0.8031 -0.5658
vn 0.1966 0.8058 -0.5587
vn 0.1500 0.8082 -0.5695
vn -0.1282 0.9269 -0.3529
vn -0.0074 0.8584 -0.5128
vn 0.1909 0.9174 -0.3493
vn 0.3023 0.8183 -0.4889
vn 0.0879 0.9485 -0.3042
vn 0.2176 0.8551 -0.4706
vn 0.4187 0.8648 -0.2773
vn 0.4009 0.8026 -0.4417
vn 0.3513 0.8491 -0.3944
vn 0.4246 0.8859 -0.1867
vn 0.2003 0.8885 -0.4128
vn 0.2967 0.9344 -0.1969
vn 0.3155 0.9238 -0.2168
vn 0.0545 0.8917 -0.4493
vn 0.3061 0.9268 -0.2175
vn 0.1455 0.8836 -0.4451
vn 0.1358 0.8890 -0.4373
vn 0.1612 0.8910 -0.4245
vn 0.1468 0.8876 -0.4366
vn 0.2756 0.8678 -0.4134
vn 0.1907 0.9220 -0.3371
vn 0.3776 0.8607 -0.3414
vn 0.4037 0.8593 -0.3141
vn 0.3907 0.8557 -0.3394
vn 0.3803 0.8646 -0.3285
vn 0.5465 0.8198 -0.1712
vn 0.4203 0.8482 -0.3223
vn 0.3869 0.9026 -0.1885
vn 0.3557 0.9220 -0.1530
vn 0.3189 0.9451 -0.0714
vn 0.2367 0.9585 -0.1590
vn 0.1763 0.9815 -0.0741
vn 0.1360 0.9902 -0.0330
vn 0.0311 0.9990 -0.0333
vn -0.0000 1.0000 -0.0098
vn -0.1046 0.9920 -0.0711
vn -0.0436 0.9990 -0.0098
vn -0.2195 0.9731 -0.0697
vn -0.1627 0.9783 -0.1280
vn -0.3222 0.9330 -0.1603
vn -0.2889 0.9492 -0.1242
vn -0.2628 0.9509 -0.1634
vn -0.2361 0.9528 -0.1909
vn -0.2821 0.9240 -0.2580
vn -0.2168 0.9572 -0.1918
vn -0.2719 0.9269 -0.2588
vn -0.2072 0.9239 -0.3217
vn -0.2212 0.9407 -0.2574
vn -0.2808 0.9064 -0.3157
vn -0.2369 0.9371 -0.2564
vn -0.3299 0.9304 -0.1598
vn -0.2515 0.9282 -0.2743
vn -0.1435 0.9754 -0.1675
vn -0.3324 0.9045 -0.2673
vn -0.3030 0.9054 -0.2973
vn -0.2432 0.9386 -0.2448
vn -0.2965 0.9074 -0.2980
vn -0.0952 0.9632 -0.2512
vn -0.1905 0.9689 -0.1580
vn -0.4790 0.8130 -0.3311
vn -0.3224 0.9343 -0.1523
vn -0.2680 0.8923 -0.3634
vn -0.3138 0.8943 -0.3191
vn -0.0926 0.9768 -0.1932
vn -0.2324 0.9161 -0.3268
vn -0.2819 0.9412 -0.1862
vn -0.1441 0.9359 -0.3214
vn -0.2749 0.8729 -0.4030
vn -0.1827 0.9299 -0.3193
vn -0.2774 0.8723 -0.4027
vn -0.2299 0.8656 -0.4449
vn -0.1436 0.8336 -0.5334
vn -0.0412 0.8886 -0.4568
vn -0.3120 0.8003 -0.5121
vn -0.1921 0.7733 -0.6042
vn -0.2891 0.6993 -0.6537
vn -0.2007 0.7719 -0.6032
vn -0.2760 0.7022 -0.6564
vn -0.2998 0.7076 -0.6398
vn -0.3461 0.7743 -0.5298
vn -0.4434 0.6649 -0.6011
vn -0.0267 0.8250 -0.5645
vn -0.2853 0.8910 -0.3532
vn 0.2817 0.8796 -0.3833
vn 0.3171 0.8817 -0.3495
vn 0.0095 0.9167 -0.3995
vn 0.0149 0.9146 -0.4040
vn -0.1866 0.9002 -0.3935
vn -0.1903 0.8980 -0.3967
vn -0.2844 0.8784 -0.3840
vn -0.1735 0.8596 -0.4805
vn 0.2059 0.9066 -0.3683
vn 0.0647 0.8710 -0.4869
vn 0.3433 0.8702 -0.3535
vn 0.1351 0.9799 -0.1465
vn 0.3767 0.9095 -0.1756
vn 0.4125 0.9010 -0.1347
vn 0.4728 0.8652 -0.1671
vn 0.2673 0.9609 0.0722
vn 0.2443 0.9693 -0.0281
vn 0.3346 0.9397 0.0706
vn 0.0487 0.9984 -0.0289
vn 0.1189 0.9879 -0.0993
vn -0.0073 0.8643 -0.5029
vn 0.4258 0.9003 -0.0904
vn 0.2736 0.8313 -0.4837
vn 0.1069 0.9333 -0.3428
vn 0.1934 0.9777 -0.0823
vn -0.0798 0.9357 -0.3437
vn -0.3740 0.9242 -0.0778
vn -0.0731 0.9229 -0.3780
vn 0.0756 0.9347 -0.3473
vn 0.0397 0.9247 -0.3787
vn 0.2230 0.9138 -0.3396
vn -0.0146 0.9936 -0.1122
vn -0.1257 0.9090 -0.3975
vn 0.1819 0.9771 -0.1103
vn 0.1873 0.9000 -0.3936
vn 0.0927 0.9463 -0.3096
vn 0.0804 0.8675 -0.4908
vn 0.3003 0.9065 -0.2966
vn 0.3883 0.8021 -0.4538
vn 0.3759 0.8143 -0.4423
vn 0.3544 0.8566 -0.3752
vn 0.2616 0.8481 -0.4607
vn 0.2022 0.8971 -0.3929
vn 0.1964 0.9005 -0.3879
vn 0.3047 0.8921 -0.3335
vn 0.2529 0.8886 -0.3827
vn 0.2955 0.8948 -0.3345
vn 0.2740 0.9091 -0.3137
vn 0.1386 0.9077 -0.3961
vn 0.2248 0.9211 -0.3178
vn 0.1499 0.9062 -0.3954
vn 0.1337 0.9147 -0.3815
vn 0.1876 0.9073 -0.3764
vn 0.1855 0.9069 -0.3782
vn 0.3981 0.8473 -0.3515
vn 0.3739 0.8682 -0.3262
vn 0.3889 0.8842 -0.2587
vn 0.3168 0.8879 -0.3336
vn 0.4295 0.8667 -0.2536
vn 0.3928 0.8950 -0.2112
vn 0.3567 0.9246 -0.1337
vn 0.2754 0.9356 -0.2208
vn 0.2375 0.9614 -0.1390
vn 0.1772 0.9812 -0.0767
vn 0.1360 0.9904 -0.0259
vn 0.0848 0.9934 -0.0777
vn 0.0311 0.9992 -0.0261
vn 0.0050 1.0000 -0.0000
vn -0.0436 0.9991 -0.0000
vn -0.0000 0.9991 -0.0436
vn -0.1630 0.9802 -0.1123
vn -0.0949 0.9945 -0.0434
vn -0.2895 0.9510 -0.1089
vn -0.2200 0.9585 -0.1815
vn -0.2355 0.9502 -0.2040
vn -0.2136 0.9599 -0.1818
vn -0.2162 0.9546 -0.2050
vn -0.2386 0.9539 -0.1823
vn -0.2160 0.9631 -0.1609
vn -0.2369 0.9543 -0.1824
vn -0.2922 0.9433 -0.1576
vn -0.2710 0.9456 -0.1799
vn -0.3244 0.9148 -0.2404
vn -0.2670 0.9467 -0.1801
vn -0.1409 0.9575 -0.2516
vn -0.1613 0.9593 -0.2319
vn -0.3044 0.9097 -0.2824
vn -0.2503 0.9410 -0.2275
vn -0.2979 0.9117 -0.2830
vn -0.2766 0.9116 -0.3042
vn -0.1881 0.9565 -0.2230
vn -0.2713 0.9130 -0.3047
vn -0.3185 0.9232 -0.2153
vn -0.1882 0.9200 -0.3438
vn -0.3141 0.8953 -0.3159
vn -0.3288 0.8846 -0.3306
vn -0.2327 0.9171 -0.3236
vn -0.3065 0.9183 -0.2505
vn -0.1433 0.9308 -0.3364
vn -0.0630 0.9628 -0.2627
vn -0.1817 0.9248 -0.3342
vn -0.0894 0.9051 -0.4156
vn -0.2413 0.9081 -0.3421
vn -0.3016 0.8664 -0.3979
vn -0.0433 0.9349 -0.3522
vn -0.0199 0.9278 -0.3727
vn -0.2298 0.9248 -0.3032
vn -0.2865 0.8890 -0.3571
vn -0.2399 0.9225 -0.3025
vn -0.2315 0.9219 -0.3105
vn -0.3813 0.8999 -0.2117
vn -0.4456 0.8484 -0.2857
vn -0.5445 0.8165 -0.1920
vn -0.2536 0.8306 -0.4957
vn -0.2710 0.8463 -0.4585
vn -0.3067 0.8173 -0.4878
vn 0.3015 0.8383 -0.4542
vn 0.0204 0.9798 -0.1988
vn 0.0162 0.9951 -0.0979
vn -0.0861 0.9764 -0.1981
vn -0.2063 0.9738 -0.0958
vn -0.1841 0.9757 -0.1186
vn -0.1916 0.9493 -0.2491
vn -0.0604 0.9909 -0.1205
vn 0.0717 0.9648 -0.2532
vn 0.1124 0.9500 -0.2912
vn 0.1236 0.8963 -0.4259
vn 0.2813 0.9175 -0.2812
vn 0.3821 0.8347 -0.3967
vn 0.3242 0.8830 -0.3396
vn 0.2453 0.8816 -0.4032
vn 0.3113 0.8870 -0.3411
vn 0.3081 0.8652 -0.3957
vn 0.1350 0.9632 -0.2325
vn 0.1091 0.9071 -0.4066
vn 0.3031 0.9264 -0.2236
vn 0.3962 0.8378 -0.3755
vn 0.3003 0.9125 -0.2777
vn 0.1110 0.9687 -0.2221
vn 0.0378 0.9560 -0.2910
vn -0.0829 0.9713 -0.2227
vn 0.1056 0.9134 -0.3930
vn -0.0701 0.8844 -0.4615
vn 0.0114 0.9185 -0.3952
vn 0.0380 0.8859 -0.4623
vn -0.1035 0.9334 -0.3435
vn -0.0141 0.9612 -0.2756
vn -0.0897 0.9347 -0.3440
vn 0.1762 0.9462 -0.2713
vn 0.0054 0.9944 -0.1055
vn 0.0868 0.8861 -0.4554
vn 0.4494 0.8884 -0.0942
vn 0.2826 0.8532 -0.4385
vn 0.2421 0.8824 -0.4033
vn 0.4020 0.8709 -0.2829
vn 0.2869 0.8713 -0.3982
vn 0.2815 0.9126 -0.2964
vn 0.2143 0.9494 -0.2298
vn 0.1933 0.8860 -0.4216
vn 0.4022 0.8899 -0.2154
vn 0.2490 0.8746 -0.4161
vn 0.1700 0.9226 -0.3464
vn 0.2825 0.9370 -0.2056
vn 0.1349 0.9276 -0.3483
vn 0.2319 0.9502 -0.2085
vn 0.2931 0.9170 -0.2705
vn 0.1374 0.9403 -0.3114
vn 0.1723 0.9448 -0.2787
vn 0.1906 0.9319 -0.3086
vn 0.2647 0.8876 -0.3770
vn 0.3847 0.8933 -0.2325
vn 0.2380 0.8940 -0.3797
vn 0.3263 0.9148 -0.2381
vn 0.3292 0.9130 -0.2411
vn 0.3955 0.9013 -0.1769
vn 0.3376 0.9101 -0.2404
vn 0.2775 0.9427 -0.1850
vn 0.2150 0.9692 -0.1200
vn 0.1774 0.9820 -0.0650
vn 0.1212 0.9851 -0.1219
vn 0.0848 0.9942 -0.0658
vn 0.0241 0.9997 -0.0050
vn -0.0000 1.0000 -0.0050
vn -0.0949 0.9955 -0.0000
vn -0.0145 0.9966 -0.0806
vn -0.2210 0.9627 -0.1560
vn -0.1463 0.9860 -0.0797
vn -0.2145 0.9642 -0.1562
vn -0.1978 0.9648 -0.1731
vn -0.2386 0.9542 -0.1805
vn -0.2302 0.9578 -0.1719
vn -0.2370 0.9546 -0.1806
vn -0.2280 0.9550 -0.1898
vn -0.2689 0.9380 -0.2188
vn -0.2401 0.9521 -0.1892
vn -0.2649 0.9391 -0.2190
vn -0.2422 0.9396 -0.2419
vn -0.1620 0.9634 -0.2135
vn -0.1938 0.9500 -0.2446
vn -0.2514 0.9450 -0.2094
vn -0.2476 0.9451 -0.2133
vn -0.2769 0.9124 -0.3013
vn -0.1905 0.9576 -0.2161
vn -0.2716 0.9139 -0.3018
vn -0.2324 0.9115 -0.3395
vn -0.1849 0.9042 -0.3849
vn -0.1404 0.9278 -0.3456
vn -0.3236 0.8706 -0.3706
vn -0.2871 0.8680 -0.4051
vn -0.2878 0.8623 -0.4166
vn -0.2763 0.8709 -0.4064
vn -0.0588 0.8989 -0.4343
vn -0.1212 0.9164 -0.3815
vn -0.0931 0.9426 -0.3208
vn -0.1592 0.9114 -0.3794
vn -0.3130 0.8991 -0.3060
vn -0.2137 0.8913 -0.3999
vn -0.0210 0.9807 -0.1946
vn -0.2406 0.8856 -0.3973
vn -0.3014 0.9353 -0.1856
vn -0.2700 0.9378 -0.2183
vn -0.2291 0.9122 -0.3398
vn -0.1079 0.9683 -0.2254
vn -0.4416 0.8408 -0.3132
vn -0.2741 0.8356 -0.4761
vn -0.2630 0.8613 -0.4348
vn -0.3062 0.8271 -0.4712
vn -0.3176 0.8465 -0.4273
vn -0.0935 0.7919 -0.6035
vn 0.0188 0.9046 -0.4258
vn -0.2103 0.7776 -0.5926
vn -0.0796 0.9019 -0.4246
vn -0.0914 0.9054 -0.4147
vn -0.1724 0.9137 -0.3679
vn -0.2166 0.8876 -0.4065
vn -0.0565 0.9261 -0.3729
vn 0.1078 0.8564 -0.5049
vn 0.1040 0.8788 -0.4658
vn 0.0507 0.8603 -0.5072
vn 0.2615 0.8528 -0.4521
vn 0.2638 0.8510 -0.4540
vn 0.3153 0.8588 -0.4038
vn 0.2589 0.8522 -0.4547
vn 0.3027 0.8625 -0.4056
vn 0.3835 0.7904 -0.4777
vn 0.1257 0.8972 -0.4233
vn 0.0064 0.8558 -0.5173
vn 0.2837 0.8672 -0.4092
vn 0.2141 0.9134 -0.3463
vn 0.3059 0.9298 -0.2046
vn 0.1569 0.9235 -0.3501
vn 0.0386 0.9759 -0.2147
vn 0.1705 0.9257 -0.3376
vn 0.1055 0.9123 -0.3956
vn 0.1709 0.9257 -0.3375
vn 0.0113 0.9174 -0.3978
vn -0.0478 0.9367 -0.3468
vn -0.1026 0.9248 -0.3663
vn -0.0795 0.9348 -0.3461
vn -0.0889 0.9260 -0.3668
vn -0.1072 0.9304 -0.3506
vn 0.0052 0.9570 -0.2900
vn -0.0639 0.9339 -0.3519
vn 0.4357 0.8614 -0.2610
vn 0.4673 0.8322 -0.2985
vn 0.2394 0.8726 -0.4258
vn 0.3552 0.8799 -0.3156
vn 0.2838 0.8618 -0.4205
vn 0.1721 0.9317 -0.3199
vn 0.1943 0.8609 -0.4703
vn 0.3756 0.8765 -0.3010
vn 0.3687 0.8158 -0.4456
vn 0.3121 0.8647 -0.3936
vn 0.1667 0.9046 -0.3922
vn 0.1464 0.9003 -0.4098
vn 0.1322 0.9094 -0.3943
vn 0.1105 0.9202 -0.3756
vn 0.2907 0.9097 -0.2966
vn 0.2146 0.9043 -0.3691
vn 0.1708 0.9368 -0.3054
vn 0.2071 0.9177 -0.3390
vn 0.2674 0.8967 -0.3528
vn 0.2894 0.8979 -0.3317
vn 0.2404 0.9033 -0.3554
vn 0.2379 0.9049 -0.3531
vn 0.3291 0.9127 -0.2423
vn 0.2147 0.9099 -0.3550
vn 0.3375 0.9098 -0.2416
vn 0.2585 0.9530 -0.1580
vn 0.2156 0.9715 -0.0987
vn 0.1538 0.9748 -0.1616
vn 0.1215 0.9875 -0.1004
vn 0.0455 0.9987 -0.0241
vn 0.0241 0.9997 -0.0000
vn -0.0000 0.9997 -0.0241
vn -0.0145 0.9998 -0.0145
vn -0.1468 0.9891 -0.0144
vn -0.0392 0.9917 -0.1224
vn -0.1983 0.9669 -0.1606
vn -0.1590 0.9798 -0.1209
vn -0.2307 0.9599 -0.1595
vn -0.2154 0.9607 -0.1751
vn -0.2288 0.9582 -0.1719
vn -0.2314 0.9571 -0.1745
vn -0.2409 0.9553 -0.1713
vn -0.2213 0.9563 -0.1913
vn -0.2438 0.9458 -0.2147
vn -0.2208 0.9564 -0.1914
vn -0.1951 0.9564 -0.2171
vn -0.2018 0.9565 -0.2105
vn -0.2447 0.9343 -0.2591
vn -0.1959 0.9577 -0.2107
vn -0.1883 0.9464 -0.2625
vn -0.1800 0.9458 -0.2705
vn -0.2320 0.9100 -0.3436
vn -0.1552 0.9498 -0.2717
vn -0.1401 0.9263 -0.3497
vn -0.1850 0.9331 -0.3084
vn -0.2965 0.8965 -0.3293
vn -0.2689 0.9145 -0.3023
vn -0.2854 0.8996 -0.3304
vn -0.0799 0.8580 -0.5074
vn -0.1092 0.8261 -0.5528
vn -0.0468 0.8598 -0.5085
vn -0.1437 0.8224 -0.5504
vn -0.3099 0.8564 -0.4129
vn -0.2228 0.9293 -0.2945
vn -0.3426 0.8463 -0.4079
vn -0.2507 0.9228 -0.2925
vn -0.2684 0.9232 -0.2750
vn -0.2546 0.8843 -0.3913
vn -0.1360 0.9495 -0.2828
vn -0.1014 0.9098 -0.4026
vn -0.1073 0.9113 -0.3975
vn -0.2782 0.8483 -0.4505
vn -0.2089 0.8964 -0.3910
vn -0.3108 0.8394 -0.4458
vn -0.3926 0.8432 -0.3674
vn -0.1118 0.9467 -0.3021
vn -0.2103 0.8962 -0.3905
vn -0.2496 0.9225 -0.2944
vn -0.0913 0.8951 -0.4365
vn -0.0933 0.9239 -0.3712
vn -0.1656 0.8864 -0.4323
vn -0.2209 0.9050 -0.3636
vn -0.0662 0.8671 -0.4938
vn 0.1115 0.8858 -0.4504
vn 0.0563 0.8676 -0.4941
vn 0.0524 0.8901 -0.4527
vn 0.2113 0.7949 -0.5687
vn 0.2440 0.7869 -0.5668
vn 0.2480 0.7879 -0.5637
vn 0.2394 0.7878 -0.5675
vn 0.1411 0.8559 -0.4976
vn 0.4134 0.8519 -0.3216
vn 0.2363 0.8400 -0.4884
vn 0.0070 0.9355 -0.3531
vn 0.1066 0.8931 -0.4370
vn 0.2152 0.9178 -0.3338
vn 0.0973 0.8940 -0.4374
vn 0.1577 0.9280 -0.3375
vn -0.0179 0.9848 -0.1729
vn 0.1806 0.9805 -0.0775
vn 0.0860 0.9813 -0.1723
vn 0.1810 0.9804 -0.0775
vn 0.3307 0.9142 -0.2342
vn -0.0499 0.9792 -0.1968
vn -0.1024 0.9636 -0.2469
vn -0.0831 0.9770 -0.1964
vn 0.0371 0.9503 -0.3090
vn -0.1008 0.8748 -0.4738
vn 0.0958 0.9466 -0.3078
vn -0.0600 0.8777 -0.4754
vn 0.0466 0.8314 -0.5538
vn 0.4499 0.8011 -0.3946
vn 0.3074 0.7920 -0.5275
vn 0.3405 0.8435 -0.4155
vn 0.2264 0.9239 -0.3085
vn 0.1573 0.8514 -0.5004
vn 0.3840 0.8758 -0.2924
vn 0.3466 0.8087 -0.4753
vn 0.1804 0.9273 -0.3280
vn 0.3281 0.9092 -0.2562
vn 0.2628 0.9096 -0.3218
vn 0.1546 0.9509 -0.2680
vn 0.1503 0.9528 -0.2638
vn 0.1121 0.9338 -0.3397
vn 0.1957 0.9451 -0.2617
vn 0.2177 0.9172 -0.3337
vn 0.2090 0.9221 -0.3256
vn 0.2075 0.9192 -0.3348
vn 0.2180 0.9203 -0.3250
vn 0.2898 0.8993 -0.3276
vn 0.2717 0.9111 -0.3099
vn 0.2455 0.9339 -0.2601
vn 0.1871 0.9300 -0.3164
vn 0.2217 0.9394 -0.2616
vn 0.1799 0.9586 -0.2207
vn 0.2593 0.9560 -0.1369
vn 0.1767 0.9592 -0.2208
vn 0.1543 0.9780 -0.1401
vn 0.0599 0.9972 -0.0454
vn 0.0455 0.9990 -0.0000
vn -0.0000 0.9990 -0.0455
vn -0.0395 0.9984 -0.0395
vn -0.1601 0.9863 -0.0390
vn -0.0580 0.9882 -0.1415
vn -0.2150 0.9589 -0.1852
vn -0.1700 0.9755 -0.1397
vn -0.2309 0.9553 -0.1845
vn -0.2007 0.9558 -0.2149
vn -0.2212 0.9558 -0.1939
vn -0.2400 0.9471 -0.2130
vn -0.2207 0.9559 -0.1939
vn -0.2318 0.9555 -0.1826
vn -0.2028 0.9610 -0.1879
vn -0.1989 0.9626 -0.1840
vn -0.1969 0.9622 -0.1881
vn -0.1309 0.9587 -0.2526
vn -0.1789 0.9403 -0.2895
vn -0.1397 0.9575 -0.2523
vn -0.1543 0.9443 -0.2907
vn -0.1647 0.9455 -0.2809
vn -0.1876 0.9461 -0.2640
vn -0.2031 0.9386 -0.2788
vn -0.2725 0.9268 -0.2586
vn -0.1051 0.9045 -0.4133
vn -0.0823 0.8833 -0.4615
vn -0.0250 0.9093 -0.4154
vn -0.0482 0.8853 -0.4626
vn -0.1998 0.9219 -0.3321
vn -0.3157 0.8724 -0.3732
vn -0.2668 0.9067 -0.3266
vn -0.3489 0.8616 -0.3686
vn -0.3454 0.8616 -0.3720
vn -0.2588 0.8903 -0.3747
vn -0.2668 0.8848 -0.3820
vn -0.1309 0.9138 -0.3846
vn -0.2154 0.9269 -0.3075
vn -0.1121 0.9521 -0.2846
vn -0.1414 0.9396 -0.3117
vn -0.2180 0.9351 -0.2796
vn -0.1488 0.9269 -0.3444
vn -0.3799 0.8161 -0.4355
vn -0.2736 0.9016 -0.3350
vn -0.2027 0.8639 -0.4610
vn -0.1691 0.8560 -0.4886
vn -0.0895 0.8775 -0.4711
vn -0.1173 0.8625 -0.4923
vn -0.1624 0.8694 -0.4667
vn -0.3085 0.8901 -0.3356
vn -0.0672 0.8791 -0.4719
vn 0.0778 0.9329 -0.3517
vn 0.0571 0.8797 -0.4722
vn 0.0989 0.8581 -0.5038
vn 0.2026 0.7620 -0.6150
vn 0.3864 0.7954 -0.4670
vn 0.2379 0.7558 -0.6100
vn 0.2294 0.7626 -0.6048
vn 0.1410 0.8549 -0.4993
vn -0.0346 0.7831 -0.6210
vn 0.2361 0.8391 -0.4900
vn 0.1294 0.9057 -0.4036
vn 0.1070 0.8963 -0.4303
vn 0.1392 0.9045 -0.4030
vn 0.0976 0.8972 -0.4307
vn 0.1208 0.8851 -0.4494
vn -0.0162 0.8890 -0.4577
vn -0.0099 0.8916 -0.4527
vn 0.0777 0.8864 -0.4564
vn 0.0438 0.9021 -0.4292
vn 0.3334 0.9216 -0.1986
vn 0.0913 0.8992 -0.4278
vn -0.1033 0.9723 -0.2095
vn -0.0663 0.9673 -0.2449
vn 0.0360 0.9211 -0.3876
vn 0.1965 0.9505 -0.2406
vn 0.0929 0.9177 -0.3862
vn 0.1278 0.9005 -0.4156
vn 0.0489 0.8727 -0.4859
vn 0.1362 0.8995 -0.4151
vn 0.3211 0.8274 -0.4607
vn 0.1973 0.9151 -0.3517
vn 0.2191 0.8944 -0.3899
vn 0.2668 0.8996 -0.3457
vn 0.3730 0.8505 -0.3708
vn 0.3604 0.8613 -0.3582
vn 0.1719 0.8836 -0.4355
vn 0.2432 0.8956 -0.3725
vn 0.2509 0.8683 -0.4279
vn 0.1424 0.9323 -0.3325
vn 0.1476 0.9362 -0.3190
vn 0.1324 0.9336 -0.3329
vn 0.1923 0.9289 -0.3165
vn 0.2367 0.9034 -0.3575
vn 0.2064 0.9105 -0.3584
vn 0.2044 0.9102 -0.3602
vn 0.2152 0.9087 -0.3577
vn 0.2037 0.9154 -0.3472
vn 0.2763 0.9266 -0.2552
vn 0.1789 0.9199 -0.3489
vn 0.1904 0.9465 -0.2607
vn 0.1564 0.9611 -0.2277
vn 0.1812 0.9659 -0.1851
vn 0.1372 0.9639 -0.2284
vn 0.1781 0.9664 -0.1852
vn 0.0525 0.9968 -0.0599
vn 0.0600 0.9982 -0.0000
vn -0.0000 0.9982 -0.0600
vn -0.0585 0.9966 -0.0585
vn -0.1713 0.9835 -0.0577
vn -0.0650 0.9843 -0.1642
vn -0.2014 0.9590 -0.1992
vn -0.1645 0.9729 -0.1623
vn -0.2408 0.9503 -0.1974
vn -0.1965 0.9503 -0.2417
vn -0.2282 0.9407 -0.2509
vn -0.2178 0.9459 -0.2406
vn -0.1958 0.9475 -0.2527
vn -0.1852 0.9469 -0.2630
vn -0.1309 0.9584 -0.2536
vn -0.1428 0.9537 -0.2648
vn -0.1397 0.9573 -0.2533
vn -0.1794 0.9601 -0.2147
vn -0.1678 0.9633 -0.2094
vn -0.1734 0.9611 -0.2150
vn -0.2069 0.9560 -0.2079
vn -0.1383 0.9516 -0.2745
vn -0.1090 0.9382 -0.3284
vn -0.0523 0.9595 -0.2768
vn -0.0260 0.9435 -0.3303
vn -0.1029 0.9602 -0.2597
vn -0.2069 0.9548 -0.2132
vn -0.2468 0.9354 -0.2530
vn -0.2760 0.9380 -0.2095
vn -0.2408 0.9391 -0.2453
vn -0.3483 0.8687 -0.3522
vn -0.2411 0.9390 -0.2453
vn -0.2692 0.8925 -0.3618
vn -0.3251 0.8944 -0.3073
vn -0.2107 0.9064 -0.3661
vn -0.1606 0.9335 -0.3207
vn -0.1382 0.9183 -0.3709
vn -0.1859 0.9263 -0.3277
vn -0.1541 0.9602 -0.2331
vn -0.2480 0.9133 -0.3231
vn -0.2829 0.9321 -0.2263
vn 0.0337 0.8626 -0.5048
vn -0.1702 0.8617 -0.4781
vn -0.1931 0.8468 -0.4956
vn -0.1181 0.8683 -0.4817
vn -0.1075 0.8651 -0.4900
vn -0.2947 0.8502 -0.4363
vn -0.3286 0.8218 -0.4655
vn 0.0740 0.8872 -0.4553
vn -0.1309 0.9516 -0.2781
vn 0.1017 0.8825 -0.4592
vn 0.3130 0.9116 -0.2664
vn 0.3958 0.8147 -0.4239
vn 0.3011 0.8940 -0.3319
vn 0.2783 0.9255 -0.2570
vn 0.1906 0.9203 -0.3417
vn -0.0425 0.9627 -0.2673
vn -0.0577 0.9657 -0.2531
vn 0.1356 0.9486 -0.2860
vn 0.1737 0.9526 -0.2497
vn 0.1457 0.9472 -0.2855
vn 0.2247 0.9061 -0.3585
vn 0.1223 0.8960 -0.4269
vn 0.1981 0.9114 -0.3606
vn -0.0100 0.9027 -0.4301
vn 0.0320 0.8854 -0.4637
vn 0.0438 0.9023 -0.4290
vn 0.0003 0.8859 -0.4639
vn 0.0913 0.8994 -0.4276
vn -0.2414 0.9631 -0.1188
vn -0.0631 0.9202 -0.3863
vn 0.2207 0.9680 -0.1194
vn 0.1872 0.9057 -0.3803
vn 0.2485 0.8664 -0.4332
vn 0.1238 0.8724 -0.4728
vn 0.1623 0.8826 -0.4413
vn 0.1320 0.8715 -0.4723
vn 0.0656 0.9055 -0.4192
vn 0.1959 0.9084 -0.3693
vn 0.1431 0.8981 -0.4158
vn 0.2649 0.8933 -0.3632
vn 0.2858 0.8787 -0.3824
vn 0.3703 0.8849 -0.2826
vn 0.2674 0.8835 -0.3845
vn 0.2504 0.9222 -0.2946
vn 0.2406 0.9279 -0.2850
vn 0.1435 0.9394 -0.3115
vn 0.1670 0.9425 -0.2895
vn 0.1334 0.9407 -0.3119
vn 0.1982 0.9075 -0.3704
vn 0.2389 0.9119 -0.3338
vn 0.1995 0.9072 -0.3703
vn 0.2063 0.9189 -0.3363
vn 0.1899 0.9278 -0.3212
vn 0.2095 0.9416 -0.2638
vn 0.1463 0.9348 -0.3236
vn 0.1840 0.9465 -0.2651
vn 0.1299 0.9684 -0.2129
vn 0.1583 0.9728 -0.1690
vn 0.1131 0.9704 -0.2134
vn 0.1389 0.9757 -0.1695
vn 0.0213 0.9984 -0.0526
vn 0.0526 0.9986 -0.0000
vn -0.0000 0.9986 -0.0526
vn -0.0658 0.9957 -0.0658
vn -0.1664 0.9839 -0.0650
vn -0.0574 0.9831 -0.1738
vn -0.1969 0.9527 -0.2317
vn -0.1369 0.9755 -0.1725
vn -0.2183 0.9482 -0.2306
vn -0.1741 0.9459 -0.2738
vn -0.1857 0.9495 -0.2531
vn -0.2054 0.9401 -0.2721
vn -0.1432 0.9563 -0.2549
vn -0.2023 0.9593 -0.1970
vn -0.1777 0.9512 -0.2524
vn -0.1233 0.9721 -0.1997
vn -0.1718 0.9522 -0.2527
vn -0.1435 0.9493 -0.2797
vn -0.1370 0.9429 -0.3037
vn -0.1124 0.9531 -0.2809
vn -0.0518 0.9506 -0.3062
vn -0.1008 0.9601 -0.2608
vn -0.1055 0.9846 -0.1395
vn -0.2231 0.9407 -0.2556
vn -0.2528 0.9580 -0.1357
vn -0.1669 0.9605 -0.2226
vn -0.2336 0.9112 -0.3393
vn -0.1120 0.9680 -0.2244
vn -0.2339 0.9111 -0.3393
vn -0.2132 0.9088 -0.3585
vn -0.3000 0.8253 -0.4784
vn -0.1636 0.9177 -0.3620
vn -0.1473 0.8557 -0.4960
vn -0.2696 0.8797 -0.3917
vn -0.1834 0.9139 -0.3621
vn -0.2224 0.8907 -0.3966
vn -0.2447 0.9014 -0.3572
vn -0.1215 0.8773 -0.4643
vn 0.0346 0.8875 -0.4596
vn 0.0244 0.8836 -0.4676
vn -0.1985 0.8703 -0.4507
vn -0.1253 0.8512 -0.5096
vn -0.1117 0.8982 -0.4252
vn -0.2093 0.8390 -0.5022
vn -0.3399 0.8500 -0.4024
vn -0.2024 0.8289 -0.5214
vn -0.1143 0.8312 -0.5441
vn -0.0943 0.8427 -0.5301
vn 0.2761 0.8041 -0.5264
vn 0.2161 0.8498 -0.4807
vn 0.3017 0.8958 -0.3263
vn 0.1170 0.8644 -0.4889
vn 0.1911 0.9223 -0.3359
vn 0.0607 0.9750 -0.2138
vn -0.0558 0.9332 -0.3550
vn 0.0985 0.9720 -0.2131
vn 0.1680 0.9214 -0.3505
vn 0.1525 0.9292 -0.3366
vn 0.2253 0.9085 -0.3520
vn 0.2489 0.9106 -0.3298
vn 0.1986 0.9139 -0.3541
vn 0.1414 0.9428 -0.3018
vn 0.0347 0.9612 -0.2736
vn 0.0005 0.9524 -0.3049
vn 0.0003 0.9618 -0.2737
vn -0.0080 0.9639 -0.2660
vn -0.2185 0.8720 -0.4380
vn -0.0235 0.9637 -0.2660
vn 0.1996 0.8756 -0.4398
vn 0.2370 0.8501 -0.4702
vn 0.2480 0.8647 -0.4368
vn 0.2046 0.8565 -0.4738
vn 0.1619 0.8808 -0.4450
vn 0.0801 0.9229 -0.3766
vn 0.0643 0.8872 -0.4570
vn 0.1639 0.9134 -0.3727
vn 0.1402 0.8802 -0.4534
vn 0.1133 0.8949 -0.4317
vn 0.2937 0.9032 -0.3131
vn 0.1682 0.8878 -0.4283
vn 0.2749 0.9084 -0.3149
vn 0.2157 0.9420 -0.2571
vn 0.2444 0.9426 -0.2274
vn 0.2144 0.9423 -0.2572
vn 0.1697 0.9580 -0.2311
vn 0.1928 0.9479 -0.2535
vn 0.2068 0.9473 -0.2445
vn 0.1979 0.9469 -0.2532
vn 0.2083 0.9470 -0.2444
vn 0.2153 0.9437 -0.2513
vn 0.1952 0.9534 -0.2300
vn 0.1711 0.9521 -0.2535
vn 0.1504 0.9611 -0.2318
vn 0.1228 0.9710 -0.2051
vn 0.1317 0.9820 -0.1354
vn 0.0594 0.9767 -0.2063
vn 0.1147 0.9841 -0.1357
vn -0.0000 0.9998 -0.0213
vn 0.0213 0.9998 -0.0000
vn -0.0582 0.9966 -0.0582
vn -0.1388 0.9886 -0.0577
vn -0.0390 0.9868 -0.1571
vn -0.1770 0.9618 -0.2089
vn -0.1235 0.9800 -0.1560
vn -0.2088 0.9557 -0.2076
vn -0.1499 0.9525 -0.2650
vn -0.1976 0.9371 -0.2879
vn -0.1726 0.9489 -0.2640
vn -0.1204 0.9490 -0.2915
vn -0.1722 0.9548 -0.2423
vn -0.1448 0.9581 -0.2470
vn -0.1412 0.9596 -0.2435
vn -0.1134 0.9621 -0.2480
vn -0.1182 0.9627 -0.2434
vn -0.1023 0.9749 -0.1975
vn -0.1488 0.9587 -0.2424
vn -0.2264 0.9546 -0.1934
vn -0.2263 0.9546 -0.1935
vn -0.1637 0.9423 -0.2921
vn -0.0650 0.9780 -0.1983
vn -0.1099 0.9494 -0.2943
vn -0.0814 0.9438 -0.3204
vn -0.2127 0.9064 -0.3649
vn -0.1603 0.9347 -0.3173
vn -0.1632 0.9152 -0.3685
vn -0.2045 0.9213 -0.3307
vn -0.2683 0.8755 -0.4019
vn -0.1907 0.9239 -0.3317
vn -0.2213 0.8863 -0.4069
vn -0.2557 0.8908 -0.3757
vn -0.1264 0.9127 -0.3885
vn -0.1230 0.9144 -0.3856
vn 0.0254 0.9198 -0.3915
vn -0.1070 0.9559 -0.2735
vn -0.1380 0.9371 -0.3205
vn -0.0874 0.9577 -0.2740
vn -0.2298 0.9209 -0.3150
vn -0.0531 0.8818 -0.4686
vn -0.1992 0.8158 -0.5430
vn -0.0967 0.8789 -0.4670
vn -0.0928 0.8289 -0.5517
vn -0.1377 0.8440 -0.5184
vn 0.2173 0.8547 -0.4713
vn 0.1610 0.8410 -0.5166
vn 0.1177 0.8696 -0.4795
vn 0.0581 0.8998 -0.4325
vn 0.0560 0.9001 -0.4321
vn 0.0555 0.8999 -0.4325
vn 0.0910 0.8978 -0.4310
vn 0.0663 0.9094 -0.4107
vn 0.1540 0.9382 -0.3100
vn 0.0390 0.9107 -0.4113
vn 0.2512 0.9191 -0.3037
vn 0.1875 0.9520 -0.2418
vn 0.1449 0.9665 -0.2116
vn 0.1107 0.9633 -0.2447
vn 0.0006 0.9769 -0.2139
vn 0.0116 0.9744 -0.2244
vn -0.0078 0.9464 -0.3230
vn 0.0997 0.9696 -0.2233
vn -0.0230 0.9461 -0.3230
vn 0.1245 0.8852 -0.4482
vn 0.2481 0.8900 -0.3825
vn 0.1776 0.8780 -0.4445
vn 0.2144 0.8974 -0.3857
vn 0.2187 0.8947 -0.3894
vn 0.0793 0.9140 -0.3979
vn 0.0795 0.9140 -0.3978
vn 0.1623 0.9047 -0.3939
vn 0.1341 0.9195 -0.3695
vn 0.1184 0.9348 -0.3349
vn 0.0768 0.9252 -0.3717
vn 0.1756 0.9268 -0.3320
vn 0.1532 0.9378 -0.3115
vn 0.2159 0.9428 -0.2539
vn 0.1557 0.9374 -0.3114
vn 0.2146 0.9431 -0.2540
vn 0.2058 0.9474 -0.2453
vn 0.1931 0.9497 -0.2466
vn 0.1938 0.9497 -0.2459
vn 0.1983 0.9487 -0.2463
vn 0.1744 0.9591 -0.2230
vn 0.2186 0.9582 -0.1844
vn 0.1801 0.9581 -0.2228
vn 0.1737 0.9670 -0.1861
vn 0.1305 0.9811 -0.1431
vn 0.1252 0.9903 -0.0602
vn 0.0410 0.9887 -0.1442
vn 0.0606 0.9963 -0.0606
vn -0.1249 0.9914 -0.0392
vn -0.0137 0.9886 -0.1499
vn -0.1517 0.9638 -0.2191
vn -0.0806 0.9855 -0.1495
vn -0.1746 0.9601 -0.2183
vn -0.1081 0.9533 -0.2820
vn -0.1679 0.9314 -0.3229
vn -0.1232 0.9516 -0.2815
vn -0.1377 0.9358 -0.3244
vn -0.1471 0.9374 -0.3158
vn -0.1158 0.9426 -0.3132
vn -0.1199 0.9408 -0.3170
vn -0.1457 0.9388 -0.3120
vn -0.1156 0.9335 -0.3396
vn -0.2101 0.8865 -0.4122
vn -0.1267 0.9322 -0.3391
vn -0.0602 0.9051 -0.4208
vn -0.0773 0.9104 -0.4065
vn -0.0789 0.9146 -0.3967
vn -0.0901 0.9094 -0.4060
vn -0.1554 0.9063 -0.3931
vn -0.0873 0.8885 -0.4505
vn -0.1837 0.8277 -0.5303
vn -0.0784 0.8892 -0.4508
vn -0.1712 0.8296 -0.5315
vn -0.1562 0.8252 -0.5428
vn -0.2173 0.7572 -0.6160
vn -0.1091 0.8305 -0.5463
vn -0.1038 0.7716 -0.6276
vn -0.1376 0.7838 -0.6055
vn -0.0848 0.7578 -0.6469
vn -0.0244 0.7911 -0.6112
vn -0.0693 0.7587 -0.6477
vn -0.0745 0.7609 -0.6445
vn -0.0446 0.7414 -0.6696
vn -0.0031 0.7631 -0.6463
vn -0.0814 0.7397 -0.6680
vn -0.0278 0.7160 -0.6976
vn -0.1093 0.6699 -0.7344
vn -0.0295 0.7159 -0.6975
vn 0.1280 0.6684 -0.7327
vn 0.0217 0.7304 -0.6826
vn 0.0468 0.7241 -0.6881
vn 0.0586 0.7293 -0.6816
vn 0.0446 0.7241 -0.6882
vn 0.0536 0.7192 -0.6928
vn 0.0540 0.7401 -0.6703
vn 0.0110 0.7202 -0.6937
vn 0.0318 0.7409 -0.6709
vn 0.0109 0.7517 -0.6594
vn 0.1572 0.7983 -0.5814
vn 0.0360 0.7512 -0.6590
vn 0.0925 0.8049 -0.5862
vn 0.0566 0.8249 -0.5625
vn 0.0096 0.8084 -0.5885
vn 0.0479 0.8253 -0.5627
vn 0.0828 0.8057 -0.5865
vn 0.1042 0.7932 -0.6000
vn 0.1127 0.8017 -0.5870
vn 0.0924 0.7941 -0.6007
vn 0.1611 0.7963 -0.5831
vn 0.1099 0.8286 -0.5490
vn 0.2069 0.8467 -0.4902
vn 0.1328 0.8262 -0.5474
vn 0.0750 0.8630 -0.4996
vn 0.0875 0.8564 -0.5088
vn 0.1294 0.8877 -0.4418
vn 0.0423 0.8589 -0.5103
vn 0.0741 0.8928 -0.4443
vn 0.0811 0.8894 -0.4498
vn 0.1468 0.8980 -0.4147
vn 0.1060 0.8873 -0.4488
vn 0.1491 0.8977 -0.4146
vn 0.1347 0.9055 -0.4025
vn 0.1994 0.9177 -0.3436
vn 0.1332 0.9056 -0.4026
vn 0.1877 0.9199 -0.3444
vn 0.1311 0.9473 -0.2924
vn 0.1737 0.9553 -0.2394
vn 0.1174 0.9489 -0.2929
vn 0.1794 0.9543 -0.2391
vn 0.0933 0.9835 -0.1549
vn 0.1318 0.9904 -0.0410
vn 0.0168 0.9877 -0.1555
vn 0.0413 0.9983 -0.0413
vn -0.0139 0.9998 -0.0139
vn -0.0815 0.9966 -0.0138
vn -0.0000 0.9955 -0.0952
vn -0.1112 0.9804 -0.1625
vn -0.0431 0.9945 -0.0951
vn -0.1267 0.9786 -0.1622
vn -0.0678 0.9733 -0.2195
vn -0.1488 0.9486 -0.2793
vn -0.0855 0.9719 -0.2192
vn -0.1213 0.9522 -0.2804
vn -0.1008 0.9488 -0.2994
vn -0.1171 0.9456 -0.3035
vn -0.1123 0.9476 -0.2991
vn -0.1283 0.9443 -0.3031
vn -0.0825 0.9351 -0.3447
vn -0.0787 0.9268 -0.3672
vn -0.0538 0.9369 -0.3454
vn -0.0917 0.9258 -0.3667
vn -0.0649 0.9185 -0.3900
vn -0.0899 0.9148 -0.3937
vn -0.0847 0.9172 -0.3894
vn -0.0808 0.9155 -0.3940
vn -0.0724 0.9132 -0.4011
vn -0.1624 0.8578 -0.4877
vn -0.0548 0.9142 -0.4016
vn -0.1134 0.8637 -0.4911
vn -0.0590 0.8446 -0.5321
vn -0.1428 0.8135 -0.5638
vn -0.0947 0.8423 -0.5307
vn -0.0253 0.8216 -0.5695
vn -0.0156 0.8173 -0.5760
vn -0.0768 0.7847 -0.6151
vn -0.0154 0.8173 -0.5760
vn -0.0032 0.7870 -0.6169
vn -0.0742 0.8180 -0.5704
vn -0.0315 0.8106 -0.5847
vn -0.0121 0.8202 -0.5720
vn -0.0334 0.8106 -0.5847
vn 0.0456 0.7718 -0.6342
vn 0.0234 0.7876 -0.6158
vn -0.0078 0.7726 -0.6348
vn 0.0632 0.7862 -0.6147
vn 0.0154 0.8113 -0.5845
vn 0.0603 0.8095 -0.5840
vn 0.0612 0.8098 -0.5835
vn 0.0124 0.8109 -0.5850
vn 0.0127 0.8108 -0.5852
vn 0.0117 0.8073 -0.5900
vn 0.0190 0.8107 -0.5852
vn 0.0386 0.8068 -0.5896
vn 0.0259 0.8133 -0.5812
vn 0.0564 0.8218 -0.5669
vn 0.0356 0.8131 -0.5811
vn 0.0477 0.8222 -0.5672
vn 0.0341 0.8291 -0.5580
vn 0.1114 0.8482 -0.5178
vn 0.0570 0.8283 -0.5574
vn 0.0988 0.8494 -0.5185
vn 0.0305 0.8837 -0.4671
vn 0.1185 0.8933 -0.4336
vn 0.0788 0.8813 -0.4659
vn 0.1431 0.8903 -0.4322
vn 0.1013 0.9121 -0.3974
vn 0.0944 0.9242 -0.3702
vn 0.0613 0.9150 -0.3987
vn 0.0457 0.9273 -0.3714
vn 0.0620 0.9207 -0.3854
vn 0.0841 0.9233 -0.3749
vn 0.0723 0.9200 -0.3851
vn 0.1101 0.9209 -0.3739
vn 0.0890 0.9304 -0.3555
vn 0.1402 0.9427 -0.3026
vn 0.0816 0.9310 -0.3557
vn 0.1387 0.9429 -0.3027
vn 0.0705 0.9685 -0.2390
vn 0.1348 0.9742 -0.1810
vn 0.0750 0.9682 -0.2389
vn 0.1208 0.9760 -0.1813
vn 0.0495 0.9926 -0.1110
vn 0.0944 0.9954 -0.0169
vn -0.0000 0.9938 -0.1112
vn 0.0170 0.9997 -0.0170
vn -0.0433 0.9991 -0.0000
vn -0.0000 0.9991 -0.0433
vn -0.0691 0.9923 -0.1025
vn -0.0097 0.9990 -0.0433
vn -0.0872 0.9909 -0.1023
vn -0.0375 0.9878 -0.1515
vn -0.1034 0.9735 -0.2042
vn -0.0492 0.9872 -0.1514
vn -0.1152 0.9722 -0.2039
vn -0.0495 0.9626 -0.2665
vn -0.0841 0.9537 -0.2889
vn -0.0597 0.9620 -0.2663
vn -0.0549 0.9556 -0.2895
vn -0.0607 0.9569 -0.2841
vn -0.0672 0.9511 -0.3014
vn -0.0485 0.9575 -0.2843
vn -0.0877 0.9496 -0.3009
vn -0.0394 0.9379 -0.3446
vn -0.0732 0.9226 -0.3788
vn -0.0339 0.9381 -0.3446
vn -0.0554 0.9237 -0.3792
vn -0.0438 0.9201 -0.3892
vn -0.0631 0.9034 -0.4242
vn -0.0215 0.9208 -0.3895
vn -0.1012 0.9005 -0.4228
vn -0.0484 0.8836 -0.4658
vn -0.0170 0.8925 -0.4508
vn -0.0364 0.8840 -0.4660
vn -0.0168 0.8925 -0.4508
vn -0.0259 0.8959 -0.4435
vn -0.0787 0.8680 -0.4903
vn -0.0187 0.8960 -0.4436
vn -0.0129 0.8706 -0.4918
vn 0.0042 0.8633 -0.5046
vn 0.0525 0.8871 -0.4587
vn -0.0071 0.8633 -0.5046
vn -0.0090 0.8882 -0.4593
vn 0.0215 0.8754 -0.4830
vn 0.0165 0.8737 -0.4862
vn 0.0207 0.8754 -0.4830
vn 0.0658 0.8719 -0.4852
vn 0.0006 0.9010 -0.4339
vn 0.0141 0.9041 -0.4271
vn 0.0057 0.9009 -0.4339
vn 0.0212 0.9040 -0.4270
vn 0.0300 0.9004 -0.4341
vn 0.0286 0.8992 -0.4365
vn 0.0315 0.9003 -0.4341
vn 0.0393 0.8989 -0.4364
vn 0.0216 0.9064 -0.4219
vn 0.0374 0.9091 -0.4149
vn 0.0290 0.9062 -0.4219
vn 0.0624 0.9080 -0.4144
vn 0.0229 0.9242 -0.3811
vn 0.0319 0.9225 -0.3848
vn 0.0363 0.9239 -0.3810
vn 0.0822 0.9198 -0.3837
vn 0.0330 0.9395 -0.3409
vn 0.1053 0.9485 -0.2986
vn 0.0591 0.9384 -0.3405
vn 0.0638 0.9519 -0.2997
vn 0.0558 0.9547 -0.2923
vn 0.0647 0.9603 -0.2713
vn 0.0417 0.9553 -0.2925
vn 0.0754 0.9596 -0.2711
vn 0.0462 0.9687 -0.2438
vn 0.0933 0.9762 -0.1957
vn 0.0431 0.9689 -0.2438
vn 0.0856 0.9769 -0.1959
vn 0.0428 0.9871 -0.1542
vn 0.0721 0.9907 -0.1157
vn 0.0330 0.9875 -0.1543
vn 0.0767 0.9903 -0.1157
vn 0.0104 0.9987 -0.0498
vn 0.0498 0.9988 -0.0000
vn -0.0000 0.9988 -0.0498
vn -0.0097 1.0000 -0.0000
vn -0.0000 1.0000 -0.0097
vn -0.0378 0.9982 -0.0475
vn -0.0498 0.9976 -0.0475
vn -0.0077 0.9960 -0.0894
vn -0.0510 0.9910 -0.1235
vn -0.0165 0.9959 -0.0894
vn -0.0615 0.9905 -0.1234
vn -0.0208 0.9864 -0.1633
vn -0.0620 0.9781 -0.1989
vn -0.0253 0.9863 -0.1633
vn -0.0496 0.9787 -0.1990
vn -0.0288 0.9753 -0.2189
vn -0.0407 0.9702 -0.2387
vn -0.0198 0.9755 -0.2189
vn -0.0351 0.9704 -0.2388
vn -0.0196 0.9672 -0.2533
vn -0.0456 0.9583 -0.2822
vn -0.0144 0.9673 -0.2533
vn -0.0224 0.9590 -0.2824
vn -0.0131 0.9566 -0.2910
vn -0.0517 0.9444 -0.3246
vn -0.0145 0.9566 -0.2910
vn -0.0389 0.9450 -0.3248
vn -0.0178 0.9390 -0.3436
vn -0.0270 0.9333 -0.3580
vn -0.0106 0.9390 -0.3436
vn -0.0195 0.9335 -0.3580
vn -0.0013 0.9275 -0.3737
vn 0.0045 0.9296 -0.3686
vn -0.0014 0.9275 -0.3737
vn -0.0077 0.9295 -0.3686
vn -0.0070 0.9293 -0.3692
vn 0.0230 0.9365 -0.3500
vn 0.0009 0.9293 -0.3692
vn 0.0222 0.9365 -0.3500
vn 0.0065 0.9418 -0.3362
vn 0.0006 0.9402 -0.3406
vn 0.0055 0.9418 -0.3362
vn 0.0060 0.9402 -0.3405
vn 0.0042 0.9408 -0.3390
vn 0.0314 0.9441 -0.3282
vn 0.0193 0.9406 -0.3389
vn 0.0331 0.9440 -0.3282
vn 0.0111 0.9512 -0.3084
vn 0.0227 0.9540 -0.2988
vn 0.0122 0.9512 -0.3084
vn 0.0305 0.9538 -0.2988
vn 0.0085 0.9604 -0.2786
vn 0.0239 0.9625 -0.2704
vn 0.0150 0.9603 -0.2786
vn 0.0378 0.9620 -0.2703
vn 0.0142 0.9686 -0.2482
vn 0.0341 0.9717 -0.2336
vn 0.0186 0.9685 -0.2482
vn 0.0611 0.9705 -0.2333
vn 0.0217 0.9804 -0.1956
vn 0.0575 0.9848 -0.1637
vn 0.0247 0.9804 -0.1956
vn 0.0430 0.9855 -0.1638
vn 0.0181 0.9901 -0.1395
vn 0.0474 0.9930 -0.1082
vn 0.0156 0.9901 -0.1395
vn 0.0442 0.9931 -0.1082
vn 0.0150 0.9967 -0.0793
vn 0.0433 0.9981 -0.0438
vn 0.0077 0.9968 -0.0793
vn 0.0334 0.9985 -0.0438
vn -0.0000 0.9999 -0.0105
vn 0.0105 0.9999 -0.0000
vn -0.0077 0.9999 -0.0077
vn -0.0166 0.9998 -0.0077
vn -0.0000 0.9997 -0.0243
vn -0.0211 0.9988 -0.0453
vn -0.0256 0.9986 -0.0453
vn -0.0000 0.9975 -0.0708
vn -0.0294 0.9946 -0.1000
vn -0.0202 0.9948 -0.1000
vn -0.0000 0.9928 -0.1200
vn -0.0201 0.9900 -0.1398
vn -0.0148 0.9901 -0.1398
vn -0.0000 0.9880 -0.1543
vn -0.0135 0.9858 -0.1674
vn -0.0149 0.9858 -0.1674
vn -0.0000 0.9833 -0.1819
vn -0.0186 0.9797 -0.1998
vn -0.0111 0.9798 -0.1998
vn -0.0000 0.9776 -0.2105
vn -0.0014 0.9773 -0.2118
vn -0.0015 0.9773 -0.2118
vn -0.0000 0.9770 -0.2132
vn -0.0073 0.9754 -0.2202
vn 0.0010 0.9754 -0.2202
vn -0.0000 0.9757 -0.2193
vn 0.0067 0.9771 -0.2129
vn 0.0058 0.9771 -0.2129
vn -0.0000 0.9783 -0.2074
vn 0.0044 0.9791 -0.2032
vn 0.0201 0.9789 -0.2031
vn -0.0000 0.9830 -0.1837
vn 0.0115 0.9849 -0.1727
vn 0.0127 0.9849 -0.1727
vn -0.0000 0.9871 -0.1603
vn 0.0087 0.9884 -0.1518
vn 0.0155 0.9883 -0.1518
vn -0.0000 0.9906 -0.1366
vn 0.0145 0.9924 -0.1224
vn 0.0191 0.9923 -0.1224
vn -0.0000 0.9946 -0.1035
vn 0.0220 0.9964 -0.0817
vn 0.0251 0.9963 -0.0817
vn -0.0000 0.9984 -0.0567
vn 0.0183 0.9991 -0.0385
vn 0.0157 0.9991 -0.0385
vn -0.0000 0.9997 -0.0228
vn 0.0151 0.9999 -0.0077
vn 0.0077 0.9999 -0.0077
vn -0.0000 -0.0000 1.0000
vn 1.0000 -0.0000 -0.0000
vn -0.0000 -0.0000 -1.0000
vn -1.0000 -0.0000 -0.0000
vn -0.0000 -1.0000 -0.0000
vt 0.462500 0.500000
vt 0.425000 0.524744
vt 0.425000 0.475256
vt 0.587500 0.500000
vt 0.550000 0.524744
vt 0.550000 0.475256
vt 0.212500 0.357143
vt 0.175000 0.381886
vt 0.175000 0.332399
vt 0.962500 0.500000
vt 0.925000 0.524744
vt 0.925000 0.475256
vt 0.087500 0.357143
vt 0.050000 0.381886
vt 0.050000 0.332399
s 0
usemtl Palette
f 1/1/1 2/2/1 62/3/1
f 2/1/1 63/2/1 62/3/1
f 2/1/1 3/2/1 64/3/1
f 2/1/1 64/2/1 63/3/1
f 3/1/1 4/2/1 64/3/1
f 4/1/1 65/2/1 64/3/1
f 4/1/1 5/2/1 66/3/1
f 4/1/1 66/2/1 65/3/1
f 5/1/1 6/2/1 66/3/1
f 6/1/1 67/2/1 66/3/1
f 6/1/1 7/2/1 68/3/1
f 6/1/1 68/2/1 67/3/1
f 7/1/1 8/2/1 68/3/1
f 8/1/1 69/2/1 68/3/1
f 8/1/1 9/2/1 70/3/1
f 8/1/1 70/2/1 69/3/1
f 9/1/1 10/2/1 70/3/1
f 10/1/1 71/2/1 70/3/1
f 10/1/1 11/2/1 72/3/1
f 10/1/1 72/2/1 71/3/1
f 11/1/1 12/2/1 72/3/1
f 12/1/1 73/2/1 72/3/1
f 12/1/1 13/2/1 74/3/1
f 12/1/1 74/2/1 73/3/1
f 13/1/1 14/2/1 74/3/1
f 14/1/1 75/2/1 74/3/1
f 14/1/1 15/2/1 76/3/1
f 14/1/1 76/2/1 75/3/1
f 15/1/1 16/2/1 76/3/1
f 16/1/2 77/2/2 76/3/2
f 16/1/3 17/2/3 78/3/3
f 16/1/4 78/2/4 77/3/4
f 17/1/3 18/2/3 78/3/3
f 18/1/5 79/2/5 78/3/5
f 18/1/6 19/2/6 80/3/6
f 18/1/7 80/2/7 79/3/7
f 19/1/6 20/2/6 80/3/6
f 20/1/8 81/2/8 80/3/8
f 20/1/9 21/2/9 82/3/9
f 20/1/10 82/2/10 81/3/10
f 21/1/9 22/2/9 82/3/9
f 22/1/11 83/2/11 82/3/11
f 22/1/12 23/2/12 84/3/12
f 22/1/13 84/2/13 83/3/13
f 23/1/12 24/2/12 84/3/12
f 24/1/14 85/2/14 84/3/14
f 24/1/15 25/2/15 86/3/15
f 24/1/16 86/2/16 85/3/16
f 25/1/15 26/2/15 86/3/15
f 26/1/15 87/2/15 86/3/15
f 26/1/17 27/2/17 88/3/17
f 26/1/18 88/2/18 87/3/18
f 27/1/17 28/2/17 88/3/17
f 28/1/19 89/2/19 88/3/19
f 28/1/20 29/2/20 90/3/20
f 28/1/21 90/2/21 89/3/21
f 29/1/20 30/2/20 90/3/20
f 30/1/22 91/2/22 90/3/22
f 30/1/23 31/2/23 92/3/23
f 30/1/24 92/2/24 91/3/24
f 31/1/23 32/2/23 92/3/23
f 32/1/25 93/2/25 92/3/25
f 32/1/26 33/2/26 94/3/26
f 32/1/27 94/2/27 93/3/27
f 33/1/26 34/2/26 94/3/26
f 34/1/28 95/2/28 94/3/28
f 34/1/29 35/2/29 96/3/29
f 34/1/30 96/2/30 95/3/30
f 35/1/29 36/2/29 96/3/29
f 36/1/31 97/2/31 96/3/31
f 36/1/32 37/2/32 98/3/32
f 36/1/33 98/2/33 97/3/33
f 37/1/32 38/2/32 98/3/32
f 38/1/34 99/2/34 98/3/34
f 38/1/35 39/2/35 100/3/35
f 38/1/36 100/2/36 99/3/36
f 39/1/35 40/2/35 100/3/35
f 40/1/37 101/2/37 100/3/37
f 40/1/38 41/2/38 102/3/38
f 40/1/39 102/2/39 101/3/39
f 41/1/38 42/2/38 102/3/38
f 42/1/40 103/2/40 102/3/40
f 42/1/41 43/2/41 104/3/41
f 42/1/42 104/2/42 103/3/42
f 43/1/41 44/2/41 104/3/41
f 44/1/43 105/2/43 104/3/43
f 44/1/44 45/2/44 106/3/44
f 44/1/45 106/2/45 105/3/45
f 45/1/44 46/2/44 106/3/44
f 46/1/46 107/2/46 106/3/46
f 46/1/1 47/2/1 108/3/1
f 46/1/47 108/2/47 107/3/47
f 47/1/1 48/2/1 108/3/1
f 48/1/1 109/2/1 108/3/1
f 48/1/1 49/2/1 110/3/1
f 48/1/1 110/2/1 109/3/1
f 49/1/1 50/2/1 110/3/1
f 50/1/1 111/2/1 110/3/1
f 50/1/1 51/2/1 112/3/1
f 50/1/1 112/2/1 111/3/1
f 51/1/1 52/2/1 112/3/1
f 52/1/1 113/2/1 112/3/1
f 52/1/1 53/2/1 114/3/1
f 52/1/1 114/2/1 113/3/1
f 53/1/1 54/2/1 114/3/1
f 54/1/1 115/2/1 114/3/1
f 54/1/1 55/2/1 116/3/1
f 54/1/1 116/2/1 115/3/1
f 55/1/1 56/2/1 116/3/1
f 56/1/1 117/2/1 116/3/1
f 56/1/1 57/2/1 118/3/1
f 56/1/1 118/2/1 117/3/1
f 57/1/1 58/2/1 118/3/1
f 58/1/1 119/2/1 118/3/1
f 58/1/1 59/2/1 120/3/1
f 58/1/1 120/2/1 119/3/1
f 59/1/1 60/2/1 120/3/1
f 60/1/1 121/2/1 120/3/1
f 60/1/1 61/2/1 122/3/1
f 60/1/1 122/2/1 121/3/1
f 62/1/1 63/2/1 124/3/1
f 62/1/1 124/2/1 123/3/1
f 63/1/1 64/2/1 124/3/1
f 64/1/1 125/2/1 124/3/1
f 64/1/1 65/2/1 126/3/1
f 64/1/1 126/2/1 125/3/1
f 65/1/1 66/2/1 126/3/1
f 66/1/1 127/2/1 126/3/1
f 66/1/1 67/2/1 128/3/1
f 66/1/1 128/2/1 127/3/1
f 67/1/1 68/2/1 128/3/1
f 68/1/1 129/2/1 128/3/1
f 68/1/1 69/2/1 130/3/1
f 68/1/1 130/2/1 129/3/1
f 69/1/1 70/2/1 130/3/1
f 70/1/1 131/2/1 130/3/1
f 70/1/1 71/2/1 132/3/1
f 70/1/1 132/2/1 131/3/1
f 71/1/1 72/2/1 132/3/1
f 72/1/1 133/2/1 132/3/1
f 72/1/1 73/2/1 134/3/1
f 72/1/1 134/2/1 133/3/1
f 73/1/1 74/2/1 134/3/1
f 74/1/1 135/2/1 134/3/1
f 74/1/48 75/2/48 136/3/48
f 74/1/49 136/2/49 135/3/49
f 75/1/48 76/2/48 136/3/48
f 76/1/50 137/2/50 136/3/50
f 76/1/51 77/2/51 138/3/51
f 76/1/52 138/2/52 137/3/52
f 77/1/53 78/2/53 138/3/53
f 78/1/54 139/2/54 138/3/54
f 78/1/55 79/2/55 140/3/55
f 78/1/56 140/2/56 139/3/56
f 79/1/57 80/2/57 140/3/57
f 80/1/58 141/2/58 140/3/58
f 80/1/59 81/2/59 142/3/59
f 80/1/60 142/2/60 141/3/60
f 81/1/61 82/2/61 142/3/61
f 82/1/62 143/2/62 142/3/62
f 82/1/63 83/2/63 144/3/63
f 82/1/64 144/2/64 143/3/64
f 83/1/65 84/2/65 144/3/65
f 84/1/66 145/2/66 144/3/66
f 84/1/67 85/2/67 146/3/67
f 84/1/68 146/2/68 145/3/68
f 85/1/69 86/2/69 146/3/69
f 86/1/70 147/2/70 146/3/70
f 86/1/71 87/2/71 148/3/71
f 86/1/72 148/2/72 147/3/72
f 87/1/73 88/2/73 148/3/73
f 88/1/74 149/2/74 148/3/74
f 88/1/75 89/2/75 150/3/75
f 88/1/76 150/2/76 149/3/76
f 89/1/77 90/2/77 150/3/77
f 90/1/78 151/2/78 150/3/78
f 90/1/79 91/2/79 152/3/79
f 90/1/80 152/2/80 151/3/80
f 91/1/81 92/2/81 152/3/81
f 92/1/82 153/2/82 152/3/82
f 92/1/83 93/2/83 154/3/83
f 92/1/84 154/2/84 153/3/84
f 93/1/85 94/2/85 154/3/85
f 94/1/86 155/2/86 154/3/86
f 94/1/87 95/2/87 156/3/87
f 94/1/88 156/2/88 155/3/88
f 95/1/89 96/2/89 156/3/89
f 96/1/90 157/2/90 156/3/90
f 96/1/91 97/2/91 158/3/91
f 96/1/92 158/2/92 157/3/92
f 97/1/93 98/2/93 158/3/93
f 98/1/94 159/2/94 158/3/94
f 98/1/95 99/2/95 160/3/95
f 98/1/96 160/2/96 159/3/96
f 99/1/97 100/2/97 160/3/97
f 100/1/98 161/2/98 160/3/98
f 100/1/99 101/2/99 162/3/99
f 100/1/100 162/2/100 161/3/100
f 101/1/101 102/2/101 162/3/101
f 102/1/102 163/2/102 162/3/102
f 102/1/103 103/2/103 164/3/103
f 102/1/104 164/2/104 163/3/104
f 103/1/105 104/2/105 164/3/105
f 104/1/106 165/2/106 164/3/106
f 104/1/107 105/2/107 166/3/107
f 104/1/108 166/2/108 165/3/108
f 105/1/109 106/2/109 166/3/109
f 106/1/110 167/2/110 166/3/110
f 106/1/111 107/2/111 168/3/111
f 106/1/112 168/2/112 167/3/112
f 107/1/113 108/2/113 168/3/113
f 108/1/114 169/2/114 168/3/114
f 108/1/115 109/2/115 170/3/115
f 108/1/116 170/2/116 169/3/116
f 109/1/115 110/2/115 170/3/115
f 110/1/117 171/2/117 170/3/117
f 110/1/1 111/2/1 172/3/1
f 110/1/1 172/2/1 171/3/1
f 111/1/1 112/2/1 172/3/1
f 112/1/1 173/2/1 172/3/1
f 112/1/1 113/2/1 174/3/1
f 112/1/1 174/2/1 173/3/1
f 113/1/1 114/2/1 174/3/1
f 114/1/1 175/2/1 174/3/1
f 114/1/1 115/2/1 176/3/1
f 114/1/1 176/2/1 175/3/1
f 115/1/1 116/2/1 176/3/1
f 116/1/1 177/2/1 176/3/1
f 116/1/1 117/2/1 178/3/1
f 116/1/1 178/2/1 177/3/1
f 117/1/1 118/2/1 178/3/1
f 118/1/1 179/2/1 178/3/1
f 118/1/1 119/2/1 180/3/1
f 118/1/1 180/2/1 179/3/1
f 119/1/1 120/2/1 180/3/1
f 120/1/1 181/2/1 180/3/1
f 120/1/1 121/2/1 182/3/1
f 120/1/1 182/2/1 181/3/1
f 121/1/1 122/2/1 182/3/1
f 122/1/1 183/2/1 182/3/1
f 123/1/1 124/2/1 184/3/1
f 124/1/1 185/2/1 184/3/1
f 124/1/1 125/2/1 186/3/1
f 124/1/1 186/2/1 185/3/1
f 125/1/1 126/2/1 186/3/1
f 126/1/1 187/2/1 186/3/1
f 126/1/1 127/2/1 188/3/1
f 126/1/1 188/2/1 187/3/1
f 127/1/1 128/2/1 188/3/1
f 128/1/1 189/2/1 188/3/1
f 128/1/1 129/2/1 190/3/1
f 128/1/1 190/2/1 189/3/1
f 129/1/1 130/2/1 190/3/1
f 130/1/1 191/2/1 190/3/1
f 130/1/1 131/2/1 192/3/1
f 130/1/1 192/2/1 191/3/1
f 131/1/1 132/2/1 192/3/1
f 132/1/1 193/2/1 192/3/1
f 132/1/1 133/2/1 194/3/1
f 132/1/1 194/2/1 193/3/1
f 133/1/1 134/2/1 194/3/1
f 134/1/1 195/2/1 194/3/1
f 134/1/118 135/2/118 196/3/118
f 134/1/119 196/2/119 195/3/119
f 135/1/120 136/2/120 196/3/120
f 136/1/121 197/2/121 196/3/121
f 136/1/122 137/2/122 198/3/122
f 136/1/123 198/2/123 197/3/123
f 137/1/124 138/2/124 198/3/124
f 138/1/125 199/2/125 198/3/125
f 138/1/126 139/2/126 200/3/126
f 138/1/127 200/2/127 199/3/127
f 139/1/128 140/2/128 200/3/128
f 140/1/129 201/2/129 200/3/129
f 140/1/130 141/2/130 202/3/130
f 140/1/131 202/2/131 201/3/131
f 141/1/132 142/2/132 202/3/132
f 142/1/133 203/2/133 202/3/133
f 142/1/134 143/2/134 204/3/134
f 142/1/135 204/2/135 203/3/135
f 143/1/136 144/2/136 204/3/136
f 144/1/137 205/2/137 204/3/137
f 144/1/138 145/2/138 206/3/138
f 144/1/139 206/2/139 205/3/139
f 145/1/140 146/2/140 206/3/140
f 146/1/141 207/2/141 206/3/141
f 146/1/142 147/2/142 208/3/142
f 146/1/143 208/2/143 207/3/143
f 147/1/144 148/2/144 208/3/144
f 148/1/145 209/2/145 208/3/145
f 148/1/146 149/2/146 210/3/146
f 148/1/147 210/2/147 209/3/147
f 149/1/148 150/2/148 210/3/148
f 150/1/149 211/2/149 210/3/149
f 150/1/150 151/2/150 212/3/150
f 150/1/151 212/2/151 211/3/151
f 151/1/152 152/2/152 212/3/152
f 152/1/153 213/2/153 212/3/153
f 152/1/154 153/2/154 214/3/154
f 152/1/155 214/2/155 213/3/155
f 153/1/156 154/2/156 214/3/156
f 154/1/157 215/2/157 214/3/157
f 154/1/158 155/2/158 216/3/158
f 154/1/159 216/2/159 215/3/159
f 155/1/160 156/2/160 216/3/160
f 156/1/161 217/2/161 216/3/161
f 156/1/162 157/2/162 218/3/162
f 156/1/163 218/2/163 217/3/163
f 157/1/164 158/2/164 218/3/164
f 158/1/165 219/2/165 218/3/165
f 158/1/166 159/2/166 220/3/166
f 158/1/167 220/2/167 219/3/167
f 159/1/168 160/2/168 220/3/168
f 160/1/169 221/2/169 220/3/169
f 160/1/170 161/2/170 222/3/170
f 160/1/171 222/2/171 221/3/171
f 161/1/172 162/2/172 222/3/172
f 162/1/173 223/2/173 222/3/173
f 162/1/174 163/2/174 224/3/174
f 162/1/175 224/2/175 223/3/175
f 163/1/176 164/2/176 224/3/176
f 164/1/177 225/2/177 224/3/177
f 164/1/178 165/2/178 226/3/178
f 164/1/179 226/2/179 225/3/179
f 165/1/180 166/2/180 226/3/180
f 166/1/181 227/2/181 226/3/181
f 166/1/182 167/2/182 228/3/182
f 166/1/183 228/2/183 227/3/183
f 167/1/184 168/2/184 228/3/184
f 168/1/185 229/2/185 228/3/185
f 168/1/186 169/2/186 230/3/186
f 168/1/187 230/2/187 229/3/187
f 169/1/188 170/2/188 230/3/188
f 170/1/189 231/2/189 230/3/189
f 170/1/190 171/2/190 232/3/190
f 170/1/191 232/2/191 231/3/191
f 171/1/192 172/2/192 232/3/192
f 172/1/193 233/2/193 232/3/193
f 172/1/1 173/2/1 234/3/1
f 172/1/1 234/2/1 233/3/1
f 173/1/1 174/2/1 234/3/1
f 174/1/1 235/2/1 234/3/1
f 174/1/1 175/2/1 236/3/1
f 174/1/1 236/2/1 235/3/1
f 175/1/1 176/2/1 236/3/1
f 176/1/1 237/2/1 236/3/1
f 176/1/1 177/2/1 238/3/1
f 176/1/1 238/2/1 237/3/1
f 177/1/1 178/2/1 238/3/1
f 178/1/1 239/2/1 238/3/1
f 178/1/1 179/2/1 240/3/1
f 178/1/1 240/2/1 239/3/1
f 179/1/1 180/2/1 240/3/1
f 180/1/1 241/2/1 240/3/1
f 180/1/1 181/2/1 242/3/1
f 180/1/1 242/2/1 241/3/1
f 181/1/1 182/2/1 242/3/1
f 182/1/1 243/2/1 242/3/1
f 182/1/1 183/2/1 244/3/1
f 182/1/1 244/2/1 243/3/1
f 184/1/1 185/2/1 246/3/1
f 184/1/1 246/2/1 245/3/1
f 185/1/1 186/2/1 246/3/1
f 186/1/1 247/2/1 246/3/1
f 186/1/1 187/2/1 248/3/1
f 186/1/1 248/2/1 247/3/1
f 187/1/1 188/2/1 248/3/1
f 188/1/1 249/2/1 248/3/1
f 188/1/1 189/2/1 250/3/1
f 188/1/1 250/2/1 249/3/1
f 189/1/1 190/2/1 250/3/1
f 190/1/1 251/2/1 250/3/1
f 190/1/1 191/2/1 252/3/1
f 190/1/1 252/2/1 251/3/1
f 191/1/1 192/2/1 252/3/1
f 192/1/1 253/2/1 252/3/1
f 192/1/1 193/2/1 254/3/1
f 192/1/1 254/2/1 253/3/1
f 193/1/1 194/2/1 254/3/1
f 194/1/194 255/2/194 254/3/194
f 194/1/195 195/2/195 256/3/195
f 194/1/196 256/2/196 255/3/196
f 195/1/197 196/2/197 256/3/197
f 196/1/198 257/2/198 256/3/198
f 196/1/199 197/2/199 258/3/199
f 196/1/200 258/2/200 257/3/200
f 197/1/201 198/2/201 258/3/201
f 198/1/202 259/2/202 258/3/202
f 198/1/203 199/2/203 260/3/203
f 198/1/204 260/2/204 259/3/204
f 199/1/205 200/2/205 260/3/205
f 200/1/206 261/2/206 260/3/206
f 200/1/207 201/2/207 262/3/207
f 200/1/208 262/2/208 261/3/208
f 201/1/209 202/2/209 262/3/209
f 202/1/210 263/2/210 262/3/210
f 202/1/211 203/2/211 264/3/211
f 202/1/212 264/2/212 263/3/212
f 203/1/213 204/2/213 264/3/213
f 204/1/214 265/2/214 264/3/214
f 204/1/215 205/2/215 266/3/215
f 204/1/216 266/2/216 265/3/216
f 205/1/217 206/2/217 266/3/217
f 206/1/218 267/2/218 266/3/218
f 206/1/219 207/2/219 268/3/219
f 206/1/220 268/2/220 267/3/220
f 207/1/221 208/2/221 268/3/221
f 208/1/222 269/2/222 268/3/222
f 208/1/223 209/2/223 270/3/223
f 208/1/224 270/2/224 269/3/224
f 209/1/225 210/2/225 270/3/225
f 210/1/226 271/2/226 270/3/226
f 210/1/227 211/2/227 272/3/227
f 210/1/228 272/2/228 271/3/228
f 211/1/229 212/2/229 272/3/229
f 212/1/230 273/2/230 272/3/230
f 212/1/231 213/2/231 274/3/231
f 212/1/232 274/2/232 273/3/232
f 213/1/233 214/2/233 274/3/233
f 214/1/234 275/2/234 274/3/234
f 214/1/235 215/2/235 276/3/235
f 214/1/236 276/2/236 275/3/236
f 215/1/237 216/2/237 276/3/237
f 216/1/238 277/2/238 276/3/238
f 216/1/239 217/2/239 278/3/239
f 216/1/240 278/2/240 277/3/240
f 217/1/241 218/2/241 278/3/241
f 218/1/242 279/2/242 278/3/242
f 218/1/243 219/2/243 280/3/243
f 218/1/244 280/2/244 279/3/244
f 219/1/245 220/2/245 280/3/245
f 220/1/246 281/2/246 280/3/246
f 220/1/247 221/2/247 282/3/247
f 220/1/248 282/2/248 281/3/248
f 221/1/249 222/2/249 282/3/249
f 222/1/250 283/2/250 282/3/250
f 222/1/251 223/2/251 284/3/251
f 222/1/252 284/2/252 283/3/252
f 223/1/253 224/2/253 284/3/253
f 224/1/254 285/2/254 284/3/254
f 224/1/255 225/2/255 286/3/255
f 224/1/256 286/2/256 285/3/256
f 225/1/257 226/2/257 286/3/257
f 226/1/258 287/2/258 286/3/258
f 226/1/259 227/2/259 288/3/259
f 226/1/260 288/2/260 287/3/260
f 227/1/261 228/2/261 288/3/261
f 228/1/262 289/2/262 288/3/262
f 228/1/263 229/2/263 290/3/263
f 228/1/264 290/2/264 289/3/264
f 229/1/265 230/2/265 290/3/265
f 230/1/266 291/2/266 290/3/266
f 230/1/267 231/2/267 292/3/267
f 230/1/268 292/2/268 291/3/268
f 231/1/269 232/2/269 292/3/269
f 232/1/270 293/2/270 292/3/270
f 232/1/271 233/2/271 294/3/271
f 232/1/272 294/2/272 293/3/272
f 233/1/273 234/2/273 294/3/273
f 234/1/274 295/2/274 294/3/274
f 234/1/1 235/2/1 296/3/1
f 234/1/275 296/2/275 295/3/275
f 235/1/1 236/2/1 296/3/1
f 236/1/1 297/2/1 296/3/1
f 236/1/1 237/2/1 298/3/1
f 236/1/1 298/2/1 297/3/1
f 237/1/1 238/2/1 298/3/1
f 238/1/1 299/2/1 298/3/1
f 238/1/1 239/2/1 300/3/1
f 238/1/1 300/2/1 299/3/1
f 239/1/1 240/2/1 300/3/1
f 240/1/1 301/2/1 300/3/1
f 240/1/1 241/2/1 302/3/1
f 240/1/1 302/2/1 301/3/1
f 241/1/1 242/2/1 302/3/1
f 242/1/1 303/2/1 302/3/1
f 242/1/1 243/2/1 304/3/1
f 242/1/1 304/2/1 303/3/1
f 243/1/1 244/2/1 304/3/1
f 244/1/1 305/2/1 304/3/1
f 245/1/1 246/2/1 306/3/1
f 246/1/1 307/2/1 306/3/1
f 246/1/1 247/2/1 308/3/1
f 246/1/1 308/2/1 307/3/1
f 247/1/1 248/2/1 308/3/1
f 248/1/1 309/2/1 308/3/1
f 248/1/1 249/2/1 310/3/1
f 248/1/1 310/2/1 309/3/1
f 249/1/1 250/2/1 310/3/1
f 250/1/1 311/2/1 310/3/1
f 250/1/1 251/2/1 312/3/1
f 250/1/1 312/2/1 311/3/1
f 251/1/1 252/2/1 312/3/1
f 252/1/1 313/2/1 312/3/1
f 252/1/1 253/2/1 314/3/1
f 252/1/1 314/2/1 313/3/1
f 253/1/1 254/2/1 314/3/1
f 254/1/276 315/2/276 314/3/276
f 254/1/277 255/2/277 316/3/277
f 254/1/278 316/2/278 315/3/278
f 255/1/279 256/2/279 316/3/279
f 256/1/280 317/2/280 316/3/280
f 256/1/281 257/2/281 318/3/281
f 256/1/282 318/2/282 317/3/282
f 257/1/283 258/2/283 318/3/283
f 258/1/284 319/2/284 318/3/284
f 258/1/285 259/2/285 320/3/285
f 258/1/286 320/2/286 319/3/286
f 259/1/287 260/2/287 320/3/287
f 260/1/288 321/2/288 320/3/288
f 260/1/289 261/2/289 322/3/289
f 260/1/290 322/2/290 321/3/290
f 261/1/291 262/2/291 322/3/291
f 262/1/292 323/2/292 322/3/292
f 262/1/293 263/2/293 324/3/293
f 262/1/294 324/2/294 323/3/294
f 263/1/295 264/2/295 324/3/295
f 264/1/296 325/2/296 324/3/296
f 264/1/297 265/2/297 326/3/297
f 264/1/298 326/2/298 325/3/298
f 265/1/299 266/2/299 326/3/299
f 266/1/300 327/2/300 326/3/300
f 266/1/301 267/2/301 328/3/301
f 266/1/302 328/2/302 327/3/302
f 267/1/303 268/2/303 328/3/303
f 268/1/304 329/2/304 328/3/304
f 268/1/305 269/2/305 330/3/305
f 268/1/306 330/2/306 329/3/306
f 269/1/307 270/2/307 330/3/307
f 270/1/308 331/2/308 330/3/308
f 270/1/309 271/2/309 332/3/309
f 270/1/310 332/2/310 331/3/310
f 271/1/311 272/2/311 332/3/311
f 272/1/312 333/2/312 332/3/312
f 272/1/313 273/2/313 334/3/313
f 272/1/314 334/2/314 333/3/314
f 273/1/315 274/2/315 334/3/315
f 274/1/316 335/2/316 334/3/316
f 274/1/317 275/2/317 336/3/317
f 274/1/318 336/2/318 335/3/318
f 275/1/319 276/2/319 336/3/319
f 276/1/320 337/2/320 336/3/320
f 276/1/321 277/2/321 338/3/321
f 276/1/322 338/2/322 337/3/322
f 277/1/323 278/2/323 338/3/323
f 278/4/324 339/5/324 338/6/324
f 278/1/325 279/2/325 340/3/325
f 278/4/326 340/5/326 339/6/326
f 279/1/327 280/2/327 340/3/327
f 280/1/328 341/2/328 340/3/328
f 280/4/329 281/5/329 342/6/329
f 280/1/330 342/2/330 341/3/330
f 281/4/331 282/5/331 342/6/331
f 282/4/332 343/5/332 342/6/332
f 282/4/333 283/5/333 344/6/333
f 282/4/334 344/5/334 343/6/334
f 283/4/335 284/5/335 344/6/335
f 284/1/336 345/2/336 344/3/336
f 284/1/337 285/2/337 346/3/337
f 284/1/338 346/2/338 345/3/338
f 285/1/339 286/2/339 346/3/339
f 286/1/340 347/2/340 346/3/340
f 286/1/341 287/2/341 348/3/341
f 286/1/342 348/2/342 347/3/342
f 287/1/343 288/2/343 348/3/343
f 288/1/344 349/2/344 348/3/344
f 288/1/345 289/2/345 350/3/345
f 288/1/346 350/2/346 349/3/346
f 289/1/347 290/2/347 350/3/347
f 290/1/348 351/2/348 350/3/348
f 290/1/349 291/2/349 352/3/349
f 290/1/350 352/2/350 351/3/350
f 291/1/351 292/2/351 352/3/351
f 292/1/352 353/2/352 352/3/352
f 292/1/353 293/2/353 354/3/353
f 292/1/354 354/2/354 353/3/354
f 293/1/355 294/2/355 354/3/355
f 294/1/356 355/2/356 354/3/356
f 294/1/357 295/2/357 356/3/357
f 294/1/358 356/2/358 355/3/358
f 295/1/359 296/2/359 356/3/359
f 296/1/360 357/2/360 356/3/360
f 296/1/1 297/2/1 358/3/1
f 296/1/361 358/2/361 357/3/361
f 297/1/1 298/2/1 358/3/1
f 298/1/1 359/2/1 358/3/1
f 298/1/1 299/2/1 360/3/1
f 298/1/1 360/2/1 359/3/1
f 299/1/1 300/2/1 360/3/1
f 300/1/1 361/2/1 360/3/1
f 300/1/1 301/2/1 362/3/1
f 300/1/1 362/2/1 361/3/1
f 301/1/1 302/2/1 362/3/1
f 302/1/1 363/2/1 362/3/1
f 302/1/1 303/2/1 364/3/1
f 302/1/1 364/2/1 363/3/1
f 303/1/1 304/2/1 364/3/1
f 304/1/1 365/2/1 364/3/1
f 304/1/1 305/2/1 366/3/1
f 304/1/1 366/2/1 365/3/1
f 306/1/1 307/2/1 368/3/1
f 306/1/1 368/2/1 367/3/1
f 307/1/1 308/2/1 368/3/1
f 308/1/1 369/2/1 368/3/1
f 308/1/1 309/2/1 370/3/1
f 308/1/1 370/2/1 369/3/1
f 309/1/1 310/2/1 370/3/1
f 310/1/1 371/2/1 370/3/1
f 310/1/1 311/2/1 372/3/1
f 310/1/1 372/2/1 371/3/1
f 311/1/1 312/2/1 372/3/1
f 312/1/1 373/2/1 372/3/1
f 312/1/1 313/2/1 374/3/1
f 312/1/1 374/2/1 373/3/1
f 313/1/1 314/2/1 374/3/1
f 314/1/362 375/2/362 374/3/362
f 314/1/363 315/2/363 376/3/363
f 314/1/364 376/2/364 375/3/364
f 315/1/365 316/2/365 376/3/365
f 316/1/366 377/2/366 376/3/366
f 316/1/367 317/2/367 378/3/367
f 316/1/368 378/2/368 377/3/368
f 317/1/369 318/2/369 378/3/369
f 318/1/370 379/2/370 378/3/370
f 318/1/371 319/2/371 380/3/371
f 318/1/372 380/2/372 379/3/372
f 319/1/373 320/2/373 380/3/373
f 320/1/374 381/2/374 380/3/374
f 320/1/375 321/2/375 382/3/375
f 320/1/376 382/2/376 381/3/376
f 321/1/377 322/2/377 382/3/377
f 322/1/378 383/2/378 382/3/378
f 322/1/379 323/2/379 384/3/379
f 322/1/380 384/2/380 383/3/380
f 323/1/381 324/2/381 384/3/381
f 324/1/382 385/2/382 384/3/382
f 324/1/383 325/2/383 386/3/383
f 324/1/384 386/2/384 385/3/384
f 325/1/385 326/2/385 386/3/385
f 326/1/386 387/2/386 386/3/386
f 326/1/387 327/2/387 388/3/387
f 326/1/388 388/2/388 387/3/388
f 327/1/389 328/2/389 388/3/389
f 328/1/390 389/2/390 388/3/390
f 328/1/391 329/2/391 390/3/391
f 328/1/392 390/2/392 389/3/392
f 329/1/393 330/2/393 390/3/393
f 330/1/394 391/2/394 390/3/394
f 330/1/395 331/2/395 392/3/395
f 330/1/396 392/2/396 391/3/396
f 331/1/397 332/2/397 392/3/397
f 332/1/398 393/2/398 392/3/398
f 332/1/399 333/2/399 394/3/399
f 332/1/400 394/2/400 393/3/400
f 333/1/401 334/2/401 394/3/401
f 334/1/402 395/2/402 394/3/402
f 334/1/403 335/2/403 396/3/403
f 334/1/404 396/2/404 395/3/404
f 335/1/405 336/2/405 396/3/405
f 336/1/406 397/2/406 396/3/406
f 336/1/407 337/2/407 398/3/407
f 336/1/408 398/2/408 397/3/408
f 337/1/409 338/2/409 398/3/409
f 338/1/410 399/2/410 398/3/410
f 338/1/411 339/2/411 400/3/411
f 338/1/412 400/2/412 399/3/412
f 339/1/413 340/2/413 400/3/413
f 340/1/414 401/2/414 400/3/414
f 340/1/415 341/2/415 402/3/415
f 340/1/416 402/2/416 401/3/416
f 341/1/417 342/2/417 402/3/417
f 342/1/418 403/2/418 402/3/418
f 342/1/419 343/2/419 404/3/419
f 342/1/420 404/2/420 403/3/420
f 343/1/421 344/2/421 404/3/421
f 344/1/422 405/2/422 404/3/422
f 344/1/423 345/2/423 406/3/423
f 344/1/424 406/2/424 405/3/424
f 345/1/425 346/2/425 406/3/425
f 346/1/426 407/2/426 406/3/426
f 346/1/427 347/2/427 408/3/427
f 346/1/428 408/2/428 407/3/428
f 347/1/429 348/2/429 408/3/429
f 348/1/430 409/2/430 408/3/430
f 348/1/431 349/2/431 410/3/431
f 348/1/432 410/2/432 409/3/432
f 349/1/433 350/2/433 410/3/433
f 350/1/434 411/2/434 410/3/434
f 350/1/435 351/2/435 412/3/435
f 350/1/436 412/2/436 411/3/436
f 351/1/437 352/2/437 412/3/437
f 352/1/438 413/2/438 412/3/438
f 352/1/439 353/2/439 414/3/439
f 352/1/440 414/2/440 413/3/440
f 353/1/441 354/2/441 414/3/441
f 354/1/442 415/2/442 414/3/442
f 354/1/443 355/2/443 416/3/443
f 354/1/444 416/2/444 415/3/444
f 355/1/445 356/2/445 416/3/445
f 356/1/446 417/2/446 416/3/446
f 356/1/447 357/2/447 418/3/447
f 356/1/448 418/2/448 417/3/448
f 357/1/449 358/2/449 418/3/449
f 358/1/450 419/2/450 418/3/450
f 358/1/1 359/2/1 420/3/1
f 358/1/451 420/2/451 419/3/451
f 359/1/1 360/2/1 420/3/1
f 360/1/1 421/2/1 420/3/1
f 360/1/1 361/2/1 422/3/1
f 360/1/1 422/2/1 421/3/1
f 361/1/1 362/2/1 422/3/1
f 362/1/1 423/2/1 422/3/1
f 362/1/1 363/2/1 424/3/1
f 362/1/1 424/2/1 423/3/1
f 363/1/1 364/2/1 424/3/1
f 364/1/1 425/2/1 424/3/1
f 364/1/1 365/2/1 426/3/1
f 364/1/1 426/2/1 425/3/1
f 365/1/1 366/2/1 426/3/1
f 366/1/1 427/2/1 426/3/1
f 367/1/1 368/2/1 428/3/1
f 368/1/1 429/2/1 428/3/1
f 368/1/1 369/2/1 430/3/1
f 368/1/1 430/2/1 429/3/1
f 369/1/1 370/2/1 430/3/1
f 370/1/1 431/2/1 430/3/1
f 370/1/1 371/2/1 432/3/1
f 370/1/1 432/2/1 431/3/1
f 371/1/1 372/2/1 432/3/1
f 372/1/1 433/2/1 432/3/1
f 372/1/1 373/2/1 434/3/1
f 372/1/1 434/2/1 433/3/1
f 373/1/1 374/2/1 434/3/1
f 374/1/452 435/2/452 434/3/452
f 374/1/453 375/2/453 436/3/453
f 374/1/454 436/2/454 435/3/454
f 375/1/455 376/2/455 436/3/455
f 376/1/456 437/2/456 436/3/456
f 376/1/457 377/2/457 438/3/457
f 376/1/458 438/2/458 437/3/458
f 377/1/459 378/2/459 438/3/459
f 378/1/460 439/2/460 438/3/460
f 378/1/461 379/2/461 440/3/461
f 378/1/462 440/2/462 439/3/462
f 379/1/463 380/2/463 440/3/463
f 380/1/464 441/2/464 440/3/464
f 380/1/465 381/2/465 442/3/465
f 380/1/466 442/2/466 441/3/466
f 381/1/467 382/2/467 442/3/467
f 382/1/468 443/2/468 442/3/468
f 382/1/469 383/2/469 444/3/469
f 382/1/470 444/2/470 443/3/470
f 383/1/471 384/2/471 444/3/471
f 384/1/472 445/2/472 444/3/472
f 384/1/473 385/2/473 446/3/473
f 384/1/474 446/2/474 445/3/474
f 385/1/475 386/2/475 446/3/475
f 386/1/476 447/2/476 446/3/476
f 386/1/477 387/2/477 448/3/477
f 386/1/478 448/2/478 447/3/478
f 387/1/479 388/2/479 448/3/479
f 388/1/480 449/2/480 448/3/480
f 388/1/481 389/2/481 450/3/481
f 388/1/482 450/2/482 449/3/482
f 389/1/483 390/2/483 450/3/483
f 390/1/484 451/2/484 450/3/484
f 390/1/485 391/2/485 452/3/485
f 390/1/486 452/2/486 451/3/486
f 391/1/487 392/2/487 452/3/487
f 392/1/488 453/2/488 452/3/488
f 392/1/489 393/2/489 454/3/489
f 392/1/490 454/2/490 453/3/490
f 393/1/491 394/2/491 454/3/491
f 394/1/492 455/2/492 454/3/492
f 394/1/493 395/2/493 456/3/493
f 394/1/494 456/2/494 455/3/494
f 395/1/495 396/2/495 456/3/495
f 396/1/496 457/2/496 456/3/496
f 396/1/497 397/2/497 458/3/497
f 396/1/498 458/2/498 457/3/498
f 397/1/499 398/2/499 458/3/499
f 398/1/500 459/2/500 458/3/500
f 398/1/501 399/2/501 460/3/501
f 398/1/502 460/2/502 459/3/502
f 399/1/503 400/2/503 460/3/503
f 400/1/504 461/2/504 460/3/504
f 400/1/505 401/2/505 462/3/505
f 400/1/506 462/2/506 461/3/506
f 401/1/507 402/2/507 462/3/507
f 402/1/508 463/2/508 462/3/508
f 402/1/509 403/2/509 464/3/509
f 402/1/510 464/2/510 463/3/510
f 403/1/511 404/2/511 464/3/511
f 404/1/512 465/2/512 464/3/512
f 404/1/513 405/2/513 466/3/513
f 404/1/514 466/2/514 465/3/514
f 405/1/515 406/2/515 466/3/515
f 406/1/516 467/2/516 466/3/516
f 406/1/517 407/2/517 468/3/517
f 406/1/518 468/2/518 467/3/518
f 407/1/519 408/2/519 468/3/519
f 408/1/520 469/2/520 468/3/520
f 408/1/521 409/2/521 470/3/521
f 408/1/522 470/2/522 469/3/522
f 409/1/523 410/2/523 470/3/523
f 410/1/524 471/2/524 470/3/524
f 410/1/525 411/2/525 472/3/525
f 410/1/526 472/2/526 471/3/526
f 411/1/527 412/2/527 472/3/527
f 412/1/528 473/2/528 472/3/528
f 412/1/529 413/2/529 474/3/529
f 412/1/530 474/2/530 473/3/530
f 413/1/531 414/2/531 474/3/531
f 414/1/532 475/2/532 474/3/532
f 414/1/533 415/2/533 476/3/533
f 414/1/534 476/2/534 475/3/534
f 415/1/535 416/2/535 476/3/535
f 416/1/536 477/2/536 476/3/536
f 416/1/537 417/2/537 478/3/537
f 416/1/538 478/2/538 477/3/538
f 417/1/539 418/2/539 478/3/539
f 418/1/540 479/2/540 478/3/540
f 418/1/541 419/2/541 480/3/541
f 418/1/542 480/2/542 479/3/542
f 419/1/543 420/2/543 480/3/543
f 420/1/544 481/2/544 480/3/544
f 420/1/1 421/2/1 482/3/1
f 420/1/545 482/2/545 481/3/545
f 421/1/1 422/2/1 482/3/1
f 422/1/1 483/2/1 482/3/1
f 422/1/1 423/2/1 484/3/1
f 422/1/1 484/2/1 483/3/1
f 423/1/1 424/2/1 484/3/1
f 424/1/1 485/2/1 484/3/1
f 424/1/1 425/2/1 486/3/1
f 424/1/1 486/2/1 485/3/1
f 425/1/1 426/2/1 486/3/1
f 426/1/1 487/2/1 486/3/1
f 426/1/1 427/2/1 488/3/1
f 426/1/1 488/2/1 487/3/1
f 428/1/1 429/2/1 490/3/1
f 428/1/1 490/2/1 489/3/1
f 429/1/1 430/2/1 490/3/1
f 430/1/1 491/2/1 490/3/1
f 430/1/1 431/2/1 492/3/1
f 430/1/1 492/2/1 491/3/1
f 431/1/1 432/2/1 492/3/1
f 432/1/1 493/2/1 492/3/1
f 432/1/1 433/2/1 494/3/1
f 432/1/1 494/2/1 493/3/1
f 433/1/1 434/2/1 494/3/1
f 434/1/546 495/2/546 494/3/546
f 434/1/547 435/2/547 496/3/547
f 434/1/548 496/2/548 495/3/548
f 435/1/549 436/2/549 496/3/549
f 436/1/550 497/2/550 496/3/550
f 436/1/551 437/2/551 498/3/551
f 436/1/552 498/2/552 497/3/552
f 437/1/553 438/2/553 498/3/553
f 438/1/554 499/2/554 498/3/554
f 438/1/555 439/2/555 500/3/555
f 438/1/556 500/2/556 499/3/556
f 439/1/557 440/2/557 500/3/557
f 440/1/558 501/2/558 500/3/558
f 440/1/559 441/2/559 502/3/559
f 440/1/560 502/2/560 501/3/560
f 441/1/561 442/2/561 502/3/561
f 442/1/562 503/2/562 502/3/562
f 442/1/563 443/2/563 504/3/563
f 442/1/564 504/2/564 503/3/564
f 443/1/565 444/2/565 504/3/565
f 444/1/566 505/2/566 504/3/566
f 444/1/567 445/2/567 506/3/567
f 444/1/568 506/2/568 505/3/568
f 445/1/569 446/2/569 506/3/569
f 446/1/570 507/2/570 506/3/570
f 446/1/571 447/2/571 508/3/571
f 446/1/572 508/2/572 507/3/572
f 447/1/573 448/2/573 508/3/573
f 448/1/574 509/2/574 508/3/574
f 448/1/575 449/2/575 510/3/575
f 448/1/576 510/2/576 509/3/576
f 449/1/577 450/2/577 510/3/577
f 450/1/578 511/2/578 510/3/578
f 450/1/579 451/2/579 512/3/579
f 450/1/580 512/2/580 511/3/580
f 451/1/581 452/2/581 512/3/581
f 452/1/582 513/2/582 512/3/582
f 452/1/583 453/2/583 514/3/583
f 452/1/584 514/2/584 513/3/584
f 453/1/585 454/2/585 514/3/585
f 454/1/586 515/2/586 514/3/586
f 454/1/587 455/2/587 516/3/587
f 454/1/588 516/2/588 515/3/588
f 455/1/589 456/2/589 516/3/589
f 456/1/590 517/2/590 516/3/590
f 456/1/591 457/2/591 518/3/591
f 456/1/592 518/2/592 517/3/592
f 457/1/593 458/2/593 518/3/593
f 458/1/594 519/2/594 518/3/594
f 458/1/595 459/2/595 520/3/595
f 458/1/596 520/2/596 519/3/596
f 459/1/597 460/2/597 520/3/597
f 460/1/598 521/2/598 520/3/598
f 460/1/599 461/2/599 522/3/599
f 460/1/600 522/2/600 521/3/600
f 461/1/601 462/2/601 522/3/601
f 462/1/602 523/2/602 522/3/602
f 462/1/603 463/2/603 524/3/603
f 462/1/604 524/2/604 523/3/604
f 463/1/605 464/2/605 524/3/605
f 464/1/606 525/2/606 524/3/606
f 464/1/607 465/2/607 526/3/607
f 464/1/608 526/2/608 525/3/608
f 465/1/609 466/2/609 526/3/609
f 466/1/610 527/2/610 526/3/610
f 466/1/611 467/2/611 528/3/611
f 466/1/612 528/2/612 527/3/612
f 467/1/613 468/2/613 528/3/613
f 468/1/614 529/2/614 528/3/614
f 468/1/615 469/2/615 530/3/615
f 468/1/616 530/2/616 529/3/616
f 469/1/617 470/2/617 530/3/617
f 470/1/618 531/2/618 530/3/618
f 470/1/619 471/2/619 532/3/619
f 470/1/620 532/2/620 531/3/620
f 471/1/621 472/2/621 532/3/621
f 472/1/622 533/2/622 532/3/622
f 472/1/623 473/2/623 534/3/623
f 472/1/624 534/2/624 533/3/624
f 473/1/625 474/2/625 534/3/625
f 474/1/626 535/2/626 534/3/626
f 474/1/627 475/2/627 536/3/627
f 474/1/628 536/2/628 535/3/628
f 475/1/629 476/2/629 536/3/629
f 476/1/630 537/2/630 536/3/630
f 476/1/631 477/2/631 538/3/631
f 476/1/632 538/2/632 537/3/632
f 477/1/633 478/2/633 538/3/633
f 478/1/634 539/2/634 538/3/634
f 478/1/635 479/2/635 540/3/635
f 478/1/636 540/2/636 539/3/636
f 479/1/637 480/2/637 540/3/637
f 480/1/638 541/2/638 540/3/638
f 480/1/639 481/2/639 542/3/639
f 480/1/640 542/2/640 541/3/640
f 481/1/641 482/2/641 542/3/641
f 482/1/642 543/2/642 542/3/642
f 482/1/1 483/2/1 544/3/1
f 482/1/643 544/2/643 543/3/643
f 483/1/1 484/2/1 544/3/1
f 484/1/1 545/2/1 544/3/1
f 484/1/1 485/2/1 546/3/1
f 484/1/1 546/2/1 545/3/1
f 485/1/1 486/2/1 546/3/1
f 486/1/1 547/2/1 546/3/1
f 486/1/1 487/2/1 548/3/1
f 486/1/1 548/2/1 547/3/1
f 487/1/1 488/2/1 548/3/1
f 488/1/1 549/2/1 548/3/1
f 489/1/1 490/2/1 550/3/1
f 490/1/1 551/2/1 550/3/1
f 490/1/1 491/2/1 552/3/1
f 490/1/1 552/2/1 551/3/1
f 491/1/1 492/2/1 552/3/1
f 492/1/1 553/2/1 552/3/1
f 492/1/1 493/2/1 554/3/1
f 492/1/1 554/2/1 553/3/1
f 493/1/1 494/2/1 554/3/1
f 494/1/644 555/2/644 554/3/644
f 494/1/645 495/2/645 556/3/645
f 494/1/646 556/2/646 555/3/646
f 495/1/647 496/2/647 556/3/647
f 496/1/648 557/2/648 556/3/648
f 496/1/649 497/2/649 558/3/649
f 496/1/650 558/2/650 557/3/650
f 497/1/651 498/2/651 558/3/651
f 498/1/652 559/2/652 558/3/652
f 498/1/653 499/2/653 560/3/653
f 498/1/654 560/2/654 559/3/654
f 499/1/655 500/2/655 560/3/655
f 500/1/656 561/2/656 560/3/656
f 500/1/657 501/2/657 562/3/657
f 500/1/658 562/2/658 561/3/658
f 501/1/659 502/2/659 562/3/659
f 502/1/660 563/2/660 562/3/660
f 502/1/661 503/2/661 564/3/661
f 502/1/662 564/2/662 563/3/662
f 503/1/663 504/2/663 564/3/663
f 504/1/664 565/2/664 564/3/664
f 504/1/665 505/2/665 566/3/665
f 504/1/666 566/2/666 565/3/666
f 505/1/667 506/2/667 566/3/667
f 506/1/668 567/2/668 566/3/668
f 506/1/669 507/2/669 568/3/669
f 506/1/670 568/2/670 567/3/670
f 507/1/671 508/2/671 568/3/671
f 508/1/672 569/2/672 568/3/672
f 508/1/673 509/2/673 570/3/673
f 508/1/674 570/2/674 569/3/674
f 509/1/675 510/2/675 570/3/675
f 510/1/676 571/2/676 570/3/676
f 510/1/677 511/2/677 572/3/677
f 510/1/678 572/2/678 571/3/678
f 511/1/679 512/2/679 572/3/679
f 512/1/680 573/2/680 572/3/680
f 512/1/681 513/2/681 574/3/681
f 512/1/682 574/2/682 573/3/682
f 513/1/683 514/2/683 574/3/683
f 514/1/684 575/2/684 574/3/684
f 514/1/685 515/2/685 576/3/685
f 514/1/686 576/2/686 575/3/686
f 515/1/687 516/2/687 576/3/687
f 516/1/688 577/2/688 576/3/688
f 516/1/689 517/2/689 578/3/689
f 516/1/690 578/2/690 577/3/690
f 517/1/691 518/2/691 578/3/691
f 518/1/692 579/2/692 578/3/692
f 518/1/693 519/2/693 580/3/693
f 518/1/694 580/2/694 579/3/694
f 519/1/695 520/2/695 580/3/695
f 520/1/696 581/2/696 580/3/696
f 520/1/697 521/2/697 582/3/697
f 520/1/698 582/2/698 581/3/698
f 521/1/699 522/2/699 582/3/699
f 522/1/700 583/2/700 582/3/700
f 522/1/701 523/2/701 584/3/701
f 522/1/702 584/2/702 583/3/702
f 523/1/703 524/2/703 584/3/703
f 524/1/704 585/2/704 584/3/704
f 524/1/705 525/2/705 586/3/705
f 524/1/706 586/2/706 585/3/706
f 525/1/707 526/2/707 586/3/707
f 526/1/708 587/2/708 586/3/708
f 526/1/709 527/2/709 588/3/709
f 526/1/710 588/2/710 587/3/710
f 527/1/711 528/2/711 588/3/711
f 528/1/712 589/2/712 588/3/712
f 528/1/713 529/2/713 590/3/713
f 528/1/714 590/2/714 589/3/714
f 529/1/715 530/2/715 590/3/715
f 530/1/716 591/2/716 590/3/716
f 530/1/717 531/2/717 592/3/717
f 530/1/718 592/2/718 591/3/718
f 531/1/719 532/2/719 592/3/719
f 532/1/720 593/2/720 592/3/720
f 532/1/721 533/2/721 594/3/721
f 532/1/722 594/2/722 593/3/722
f 533/1/723 534/2/723 594/3/723
f 534/1/724 595/2/724 594/3/724
f 534/1/725 535/2/725 596/3/725
f 534/1/726 596/2/726 595/3/726
f 535/1/727 536/2/727 596/3/727
f 536/1/728 597/2/728 596/3/728
f 536/1/729 537/2/729 598/3/729
f 536/1/730 598/2/730 597/3/730
f 537/1/731 538/2/731 598/3/731
f 538/1/732 599/2/732 598/3/732
f 538/1/733 539/2/733 600/3/733
f 538/1/734 600/2/734 599/3/734
f 539/1/735 540/2/735 600/3/735
f 540/1/736 601/2/736 600/3/736
f 540/1/737 541/2/737 602/3/737
f 540/1/738 602/2/738 601/3/738
f 541/1/739 542/2/739 602/3/739
f 542/1/740 603/2/740 602/3/740
f 542/1/741 543/2/741 604/3/741
f 542/1/742 604/2/742 603/3/742
f 543/1/743 544/2/743 604/3/743
f 544/1/744 605/2/744 604/3/744
f 544/1/1 545/2/1 606/3/1
f 544/1/745 606/2/745 605/3/745
f 545/1/1 546/2/1 606/3/1
f 546/1/1 607/2/1 606/3/1
f 546/1/1 547/2/1 608/3/1
f 546/1/1 608/2/1 607/3/1
f 547/1/1 548/2/1 608/3/1
f 548/1/1 609/2/1 608/3/1
f 548/1/1 549/2/1 610/3/1
f 548/1/1 610/2/1 609/3/1
f 550/1/1 551/2/1 612/3/1
f 550/1/1 612/2/1 611/3/1
f 551/1/1 552/2/1 612/3/1
f 552/1/1 613/2/1 612/3/1
f 552/1/1 553/2/1 614/3/1
f 552/1/1 614/2/1 613/3/1
f 553/1/1 554/2/1 614/3/1
f 554/1/746 615/2/746 614/3/746
f 554/1/747 555/2/747 616/3/747
f 554/1/748 616/2/748 615/3/748
f 555/1/749 556/2/749 616/3/749
f 556/1/750 617/2/750 616/3/750
f 556/1/751 557/2/751 618/3/751
f 556/1/752 618/2/752 617/3/752
f 557/1/753 558/2/753 618/3/753
f 558/1/754 619/2/754 618/3/754
f 558/1/755 559/2/755 620/3/755
f 558/1/756 620/2/756 619/3/756
f 559/1/757 560/2/757 620/3/757
f 560/1/758 621/2/758 620/3/758
f 560/1/759 561/2/759 622/3/759
f 560/1/760 622/2/760 621/3/760
f 561/1/761 562/2/761 622/3/761
f 562/1/762 623/2/762 622/3/762
f 562/1/763 563/2/763 624/3/763
f 562/1/764 624/2/764 623/3/764
f 563/1/765 564/2/765 624/3/765
f 564/1/766 625/2/766 624/3/766
f 564/1/767 565/2/767 626/3/767
f 564/1/768 626/2/768 625/3/768
f 565/1/769 566/2/769 626/3/769
f 566/1/770 627/2/770 626/3/770
f 566/1/771 567/2/771 628/3/771
f 566/1/772 628/2/772 627/3/772
f 567/1/773 568/2/773 628/3/773
f 568/1/774 629/2/774 628/3/774
f 568/1/775 569/2/775 630/3/775
f 568/1/776 630/2/776 629/3/776
f 569/1/777 570/2/777 630/3/777
f 570/1/778 631/2/778 630/3/778
f 570/1/779 571/2/779 632/3/779
f 570/1/780 632/2/780 631/3/780
f 571/1/781 572/2/781 632/3/781
f 572/1/782 633/2/782 632/3/782
f 572/1/783 573/2/783 634/3/783
f 572/1/784 634/2/784 633/3/784
f 573/1/785 574/2/785 634/3/785
f 574/1/786 635/2/786 634/3/786
f 574/1/787 575/2/787 636/3/787
f 574/1/788 636/2/788 635/3/788
f 575/1/789 576/2/789 636/3/789
f 576/1/790 637/2/790 636/3/790
f 576/1/791 577/2/791 638/3/791
f 576/1/792 638/2/792 637/3/792
f 577/1/793 578/2/793 638/3/793
f 578/1/794 639/2/794 638/3/794
f 578/1/795 579/2/795 640/3/795
f 578/1/796 640/2/796 639/3/796
f 579/1/797 580/2/797 640/3/797
f 580/1/798 641/2/798 640/3/798
f 580/1/799 581/2/799 642/3/799
f 580/1/800 642/2/800 641/3/800
f 581/1/801 582/2/801 642/3/801
f 582/1/802 643/2/802 642/3/802
f 582/1/803 583/2/803 644/3/803
f 582/1/804 644/2/804 643/3/804
f 583/1/805 584/2/805 644/3/805
f 584/1/806 645/2/806 644/3/806
f 584/1/807 585/2/807 646/3/807
f 584/1/808 646/2/808 645/3/808
f 585/1/809 586/2/809 646/3/809
f 586/1/810 647/2/810 646/3/810
f 586/1/811 587/2/811 648/3/811
f 586/1/812 648/2/812 647/3/812
f 587/1/813 588/2/813 648/3/813
f 588/1/814 649/2/814 648/3/814
f 588/1/815 589/2/815 650/3/815
f 588/1/816 650/2/816 649/3/816
f 589/1/817 590/2/817 650/3/817
f 590/1/818 651/2/818 650/3/818
f 590/1/819 591/2/819 652/3/819
f 590/1/820 652/2/820 651/3/820
f 591/1/821 592/2/821 652/3/821
f 592/1/822 653/2/822 652/3/822
f 592/1/823 593/2/823 654/3/823
f 592/1/824 654/2/824 653/3/824
f 593/1/825 594/2/825 654/3/825
f 594/1/826 655/2/826 654/3/826
f 594/1/827 595/2/827 656/3/827
f 594/1/828 656/2/828 655/3/828
f 595/1/829 596/2/829 656/3/829
f 596/1/830 657/2/830 656/3/830
f 596/1/831 597/2/831 658/3/831
f 596/1/832 658/2/832 657/3/832
f 597/1/833 598/2/833 658/3/833
f 598/1/834 659/2/834 658/3/834
f 598/1/835 599/2/835 660/3/835
f 598/1/836 660/2/836 659/3/836
f 599/1/837 600/2/837 660/3/837
f 600/1/838 661/2/838 660/3/838
f 600/1/839 601/2/839 662/3/839
f 600/1/840 662/2/840 661/3/840
f 601/1/841 602/2/841 662/3/841
f 602/1/842 663/2/842 662/3/842
f 602/1/843 603/2/843 664/3/843
f 602/1/844 664/2/844 663/3/844
f 603/1/845 604/2/845 664/3/845
f 604/1/846 665/2/846 664/3/846
f 604/1/847 605/2/847 666/3/847
f 604/1/848 666/2/848 665/3/848
f 605/1/849 606/2/849 666/3/849
f 606/1/850 667/2/850 666/3/850
f 606/1/1 607/2/1 668/3/1
f 606/1/851 668/2/851 667/3/851
f 607/1/1 608/2/1 668/3/1
f 608/1/1 669/2/1 668/3/1
f 608/1/1 609/2/1 670/3/1
f 608/1/1 670/2/1 669/3/1
f 609/1/1 610/2/1 670/3/1
f 610/1/1 671/2/1 670/3/1
f 611/1/1 612/2/1 672/3/1
f 612/1/1 673/2/1 672/3/1
f 612/1/1 613/2/1 674/3/1
f 612/1/1 674/2/1 673/3/1
f 613/1/1 614/2/1 674/3/1
f 614/1/1 675/2/1 674/3/1
f 614/1/852 615/2/852 676/3/852
f 614/1/853 676/2/853 675/3/853
f 615/1/854 616/2/854 676/3/854
f 616/1/855 677/2/855 676/3/855
f 616/1/856 617/2/856 678/3/856
f 616/1/857 678/2/857 677/3/857
f 617/1/858 618/2/858 678/3/858
f 618/1/859 679/2/859 678/3/859
f 618/1/860 619/2/860 680/3/860
f 618/1/861 680/2/861 679/3/861
f 619/1/862 620/2/862 680/3/862
f 620/1/863 681/2/863 680/3/863
f 620/1/864 621/2/864 682/3/864
f 620/1/865 682/2/865 681/3/865
f 621/1/866 622/2/866 682/3/866
f 622/1/867 683/2/867 682/3/867
f 622/1/868 623/2/868 684/3/868
f 622/1/869 684/2/869 683/3/869
f 623/1/870 624/2/870 684/3/870
f 624/1/871 685/2/871 684/3/871
f 624/1/872 625/2/872 686/3/872
f 624/1/873 686/2/873 685/3/873
f 625/1/874 626/2/874 686/3/874
f 626/1/875 687/2/875 686/3/875
f 626/1/876 627/2/876 688/3/876
f 626/1/877 688/2/877 687/3/877
f 627/1/878 628/2/878 688/3/878
f 628/1/879 689/2/879 688/3/879
f 628/1/880 629/2/880 690/3/880
f 628/1/881 690/2/881 689/3/881
f 629/1/882 630/2/882 690/3/882
f 630/1/883 691/2/883 690/3/883
f 630/1/884 631/2/884 692/3/884
f 630/1/885 692/2/885 691/3/885
f 631/1/886 632/2/886 692/3/886
f 632/1/887 693/2/887 692/3/887
f 632/1/888 633/2/888 694/3/888
f 632/1/889 694/2/889 693/3/889
f 633/1/890 634/2/890 694/3/890
f 634/1/891 695/2/891 694/3/891
f 634/1/892 635/2/892 696/3/892
f 634/1/893 696/2/893 695/3/893
f 635/1/894 636/2/894 696/3/894
f 636/1/895 697/2/895 696/3/895
f 636/1/896 637/2/896 698/3/896
f 636/1/897 698/2/897 697/3/897
f 637/1/898 638/2/898 698/3/898
f 638/1/899 699/2/899 698/3/899
f 638/1/900 639/2/900 700/3/900
f 638/1/901 700/2/901 699/3/901
f 639/1/902 640/2/902 700/3/902
f 640/1/903 701/2/903 700/3/903
f 640/1/904 641/2/904 702/3/904
f 640/1/905 702/2/905 701/3/905
f 641/1/906 642/2/906 702/3/906
f 642/1/907 703/2/907 702/3/907
f 642/1/908 643/2/908 704/3/908
f 642/1/909 704/2/909 703/3/909
f 643/1/910 644/2/910 704/3/910
f 644/1/911 705/2/911 704/3/911
f 644/1/912 645/2/912 706/3/912
f 644/1/913 706/2/913 705/3/913
f 645/1/914 646/2/914 706/3/914
f 646/1/915 707/2/915 706/3/915
f 646/1/916 647/2/916 708/3/916
f 646/1/917 708/2/917 707/3/917
f 647/1/918 648/2/918 708/3/918
f 648/1/919 709/2/919 708/3/919
f 648/1/920 649/2/920 710/3/920
f 648/1/921 710/2/921 709/3/921
f 649/1/922 650/2/922 710/3/922
f 650/1/923 711/2/923 710/3/923
f 650/1/924 651/2/924 712/3/924
f 650/1/925 712/2/925 711/3/925
f 651/1/926 652/2/926 712/3/926
f 652/1/927 713/2/927 712/3/927
f 652/1/928 653/2/928 714/3/928
f 652/1/929 714/2/929 713/3/929
f 653/1/930 654/2/930 714/3/930
f 654/1/931 715/2/931 714/3/931
f 654/1/932 655/2/932 716/3/932
f 654/1/933 716/2/933 715/3/933
f 655/1/934 656/2/934 716/3/934
f 656/1/935 717/2/935 716/3/935
f 656/1/936 657/2/936 718/3/936
f 656/1/937 718/2/937 717/3/937
f 657/1/938 658/2/938 718/3/938
f 658/1/939 719/2/939 718/3/939
f 658/1/940 659/2/940 720/3/940
f 658/1/941 720/2/941 719/3/941
f 659/1/942 660/2/942 720/3/942
f 660/1/943 721/2/943 720/3/943
f 660/1/944 661/2/944 722/3/944
f 660/1/945 722/2/945 721/3/945
f 661/1/946 662/2/946 722/3/946
f 662/1/947 723/2/947 722/3/947
f 662/1/948 663/2/948 724/3/948
f 662/1/949 724/2/949 723/3/949
f 663/1/950 664/2/950 724/3/950
f 664/1/951 725/2/951 724/3/951
f 664/1/952 665/2/952 726/3/952
f 664/1/953 726/2/953 725/3/953
f 665/1/954 666/2/954 726/3/954
f 666/1/955 727/2/955 726/3/955
f 666/1/956 667/2/956 728/3/956
f 666/1/957 728/2/957 727/3/957
f 667/1/958 668/2/958 728/3/958
f 668/1/959 729/2/959 728/3/959
f 668/1/1 669/2/1 730/3/1
f 668/1/1 730/2/1 729/3/1
f 669/1/1 670/2/1 730/3/1
f 670/1/1 731/2/1 730/3/1
f 670/1/1 671/2/1 732/3/1
f 670/1/1 732/2/1 731/3/1
f 672/1/1 673/2/1 734/3/1
f 672/1/1 734/2/1 733/3/1
f 673/1/1 674/2/1 734/3/1
f 674/1/1 735/2/1 734/3/1
f 674/1/960 675/2/960 736/3/960
f 674/1/961 736/2/961 735/3/961
f 675/1/962 676/2/962 736/3/962
f 676/1/963 737/2/963 736/3/963
f 676/1/964 677/2/964 738/3/964
f 676/1/965 738/2/965 737/3/965
f 677/1/966 678/2/966 738/3/966
f 678/1/967 739/2/967 738/3/967
f 678/1/968 679/2/968 740/3/968
f 678/1/969 740/2/969 739/3/969
f 679/1/970 680/2/970 740/3/970
f 680/1/971 741/2/971 740/3/971
f 680/1/972 681/2/972 742/3/972
f 680/1/973 742/2/973 741/3/973
f 681/1/974 682/2/974 742/3/974
f 682/1/975 743/2/975 742/3/975
f 682/1/976 683/2/976 744/3/976
f 682/1/977 744/2/977 743/3/977
f 683/1/978 684/2/978 744/3/978
f 684/1/979 745/2/979 744/3/979
f 684/1/980 685/2/980 746/3/980
f 684/1/981 746/2/981 745/3/981
f 685/1/982 686/2/982 746/3/982
f 686/1/983 747/2/983 746/3/983
f 686/1/984 687/2/984 748/3/984
f 686/1/985 748/2/985 747/3/985
f 687/1/986 688/2/986 748/3/986
f 688/1/987 749/2/987 748/3/987
f 688/1/988 689/2/988 750/3/988
f 688/1/989 750/2/989 749/3/989
f 689/1/990 690/2/990 750/3/990
f 690/1/991 751/2/991 750/3/991
f 690/1/992 691/2/992 752/3/992
f 690/1/993 752/2/993 751/3/993
f 691/1/994 692/2/994 752/3/994
f 692/1/995 753/2/995 752/3/995
f 692/1/996 693/2/996 754/3/996
f 692/1/997 754/2/997 753/3/997
f 693/1/998 694/2/998 754/3/998
f 694/1/999 755/2/999 754/3/999
f 694/1/1000 695/2/1000 756/3/1000
f 694/1/1001 756/2/1001 755/3/1001
f 695/1/1002 696/2/1002 756/3/1002
f 696/1/1003 757/2/1003 756/3/1003
f 696/1/1004 697/2/1004 758/3/1004
f 696/1/1005 758/2/1005 757/3/1005
f 697/1/1006 698/2/1006 758/3/1006
f 698/1/1007 759/2/1007 758/3/1007
f 698/1/1008 699/2/1008 760/3/1008
f 698/1/1009 760/2/1009 759/3/1009
f 699/1/1010 700/2/1010 760/3/1010
f 700/1/1011 761/2/1011 760/3/1011
f 700/1/1012 701/2/1012 762/3/1012
f 700/1/1013 762/2/1013 761/3/1013
f 701/1/1014 702/2/1014 762/3/1014
f 702/1/1015 763/2/1015 762/3/1015
f 702/1/1016 703/2/1016 764/3/1016
f 702/1/1017 764/2/1017 763/3/1017
f 703/1/1018 704/2/1018 764/3/1018
f 704/1/1019 765/2/1019 764/3/1019
f 704/1/1020 705/2/1020 766/3/1020
f 704/1/1021 766/2/1021 765/3/1021
f 705/1/1022 706/2/1022 766/3/1022
f 706/1/1023 767/2/1023 766/3/1023
f 706/1/1024 707/2/1024 768/3/1024
f 706/1/1025 768/2/1025 767/3/1025
f 707/1/1026 708/2/1026 768/3/1026
f 708/1/1027 769/2/1027 768/3/1027
f 708/1/1028 709/2/1028 770/3/1028
f 708/1/1029 770/2/1029 769/3/1029
f 709/1/1030 710/2/1030 770/3/1030
f 710/1/1031 771/2/1031 770/3/1031
f 710/1/1032 711/2/1032 772/3/1032
f 710/1/1033 772/2/1033 771/3/1033
f 711/1/1034 712/2/1034 772/3/1034
f 712/1/1035 773/2/1035 772/3/1035
f 712/1/1036 713/2/1036 774/3/1036
f 712/1/1037 774/2/1037 773/3/1037
f 713/1/1038 714/2/1038 774/3/1038
f 714/1/1039 775/2/1039 774/3/1039
f 714/1/1040 715/2/1040 776/3/1040
f 714/1/1041 776/2/1041 775/3/1041
f 715/1/1042 716/2/1042 776/3/1042
f 716/1/1043 777/2/1043 776/3/1043
f 716/1/1044 717/2/1044 778/3/1044
f 716/1/1045 778/2/1045 777/3/1045
f 717/1/1046 718/2/1046 778/3/1046
f 718/1/1047 779/2/1047 778/3/1047
f 718/1/1048 719/2/1048 780/3/1048
f 718/1/1049 780/2/1049 779/3/1049
f 719/1/1050 720/2/1050 780/3/1050
f 720/1/1051 781/2/1051 780/3/1051
f 720/1/1052 721/2/1052 782/3/1052
f 720/1/1053 782/2/1053 781/3/1053
f 721/1/1054 722/2/1054 782/3/1054
f 722/1/1055 783/2/1055 782/3/1055
f 722/1/1056 723/2/1056 784/3/1056
f 722/1/1057 784/2/1057 783/3/1057
f 723/1/1058 724/2/1058 784/3/1058
f 724/1/1059 785/2/1059 784/3/1059
f 724/1/1060 725/2/1060 786/3/1060
f 724/1/1061 786/2/1061 785/3/1061
f 725/1/1062 726/2/1062 786/3/1062
f 726/1/1063 787/2/1063 786/3/1063
f 726/1/1064 727/2/1064 788/3/1064
f 726/1/1065 788/2/1065 787/3/1065
f 727/1/1066 728/2/1066 788/3/1066
f 728/1/1067 789/2/1067 788/3/1067
f 728/1/1068 729/2/1068 790/3/1068
f 728/1/1069 790/2/1069 789/3/1069
f 729/1/1070 730/2/1070 790/3/1070
f 730/1/1071 791/2/1071 790/3/1071
f 730/1/1 731/2/1 792/3/1
f 730/1/1 792/2/1 791/3/1
f 731/1/1 732/2/1 792/3/1
f 732/1/1 793/2/1 792/3/1
f 733/1/1 734/2/1 794/3/1
f 734/1/1 795/2/1 794/3/1
f 734/1/1072 735/2/1072 796/3/1072
f 734/1/1073 796/2/1073 795/3/1073
f 735/1/1074 736/2/1074 796/3/1074
f 736/1/1075 797/2/1075 796/3/1075
f 736/1/1076 737/2/1076 798/3/1076
f 736/1/1077 798/2/1077 797/3/1077
f 737/1/1078 738/2/1078 798/3/1078
f 738/1/1079 799/2/1079 798/3/1079
f 738/1/1080 739/2/1080 800/3/1080
f 738/1/1081 800/2/1081 799/3/1081
f 739/1/1082 740/2/1082 800/3/1082
f 740/1/1083 801/2/1083 800/3/1083
f 740/1/1084 741/2/1084 802/3/1084
f 740/1/1085 802/2/1085 801/3/1085
f 741/1/1086 742/2/1086 802/3/1086
f 742/1/1087 803/2/1087 802/3/1087
f 742/1/1088 743/2/1088 804/3/1088
f 742/1/1089 804/2/1089 803/3/1089
f 743/1/1090 744/2/1090 804/3/1090
f 744/1/1091 805/2/1091 804/3/1091
f 744/1/1092 745/2/1092 806/3/1092
f 744/1/1093 806/2/1093 805/3/1093
f 745/1/1094 746/2/1094 806/3/1094
f 746/1/1095 807/2/1095 806/3/1095
f 746/1/1096 747/2/1096 808/3/1096
f 746/1/1097 808/2/1097 807/3/1097
f 747/1/1098 748/2/1098 808/3/1098
f 748/1/1099 809/2/1099 808/3/1099
f 748/1/1100 749/2/1100 810/3/1100
f 748/1/1101 810/2/1101 809/3/1101
f 749/1/1102 750/2/1102 810/3/1102
f 750/1/1103 811/2/1103 810/3/1103
f 750/1/1104 751/2/1104 812/3/1104
f 750/1/1105 812/2/1105 811/3/1105
f 751/1/1106 752/2/1106 812/3/1106
f 752/1/1107 813/2/1107 812/3/1107
f 752/1/1108 753/2/1108 814/3/1108
f 752/1/1109 814/2/1109 813/3/1109
f 753/1/1110 754/2/1110 814/3/1110
f 754/1/1111 815/2/1111 814/3/1111
f 754/1/1112 755/2/1112 816/3/1112
f 754/1/1113 816/2/1113 815/3/1113
f 755/1/1114 756/2/1114 816/3/1114
f 756/1/1115 817/2/1115 816/3/1115
f 756/1/1116 757/2/1116 818/3/1116
f 756/1/1117 818/2/1117 817/3/1117
f 757/1/1118 758/2/1118 818/3/1118
f 758/1/1119 819/2/1119 818/3/1119
f 758/1/1120 759/2/1120 820/3/1120
f 758/1/1121 820/2/1121 819/3/1121
f 759/1/1122 760/2/1122 820/3/1122
f 760/4/1123 821/5/1123 820/6/1123
f 760/4/1124 761/5/1124 822/6/1124
f 760/4/1125 822/5/1125 821/6/1125
f 761/4/1126 762/5/1126 822/6/1126
f 762/1/1127 823/2/1127 822/3/1127
f 762/1/1128 763/2/1128 824/3/1128
f 762/1/1129 824/2/1129 823/3/1129
f 763/1/1130 764/2/1130 824/3/1130
f 764/1/1131 825/2/1131 824/3/1131
f 764/1/1132 765/2/1132 826/3/1132
f 764/1/1133 826/2/1133 825/3/1133
f 765/1/1134 766/2/1134 826/3/1134
f 766/1/1135 827/2/1135 826/3/1135
f 766/1/1136 767/2/1136 828/3/1136
f 766/1/1137 828/2/1137 827/3/1137
f 767/1/1138 768/2/1138 828/3/1138
f 768/1/1139 829/2/1139 828/3/1139
f 768/1/1140 769/2/1140 830/3/1140
f 768/1/1141 830/2/1141 829/3/1141
f 769/1/1142 770/2/1142 830/3/1142
f 770/1/1143 831/2/1143 830/3/1143
f 770/1/1144 771/2/1144 832/3/1144
f 770/1/1145 832/2/1145 831/3/1145
f 771/1/1146 772/2/1146 832/3/1146
f 772/1/1147 833/2/1147 832/3/1147
f 772/1/1148 773/2/1148 834/3/1148
f 772/1/1149 834/2/1149 833/3/1149
f 773/1/1150 774/2/1150 834/3/1150
f 774/1/1151 835/2/1151 834/3/1151
f 774/1/1152 775/2/1152 836/3/1152
f 774/1/1153 836/2/1153 835/3/1153
f 775/1/1154 776/2/1154 836/3/1154
f 776/1/1155 837/2/1155 836/3/1155
f 776/1/1156 777/2/1156 838/3/1156
f 776/1/1157 838/2/1157 837/3/1157
f 777/1/1158 778/2/1158 838/3/1158
f 778/1/1159 839/2/1159 838/3/1159
f 778/1/1160 779/2/1160 840/3/1160
f 778/1/1161 840/2/1161 839/3/1161
f 779/1/1162 780/2/1162 840/3/1162
f 780/1/1163 841/2/1163 840/3/1163
f 780/1/1164 781/2/1164 842/3/1164
f 780/1/1165 842/2/1165 841/3/1165
f 781/1/1166 782/2/1166 842/3/1166
f 782/1/1167 843/2/1167 842/3/1167
f 782/1/1168 783/2/1168 844/3/1168
f 782/1/1169 844/2/1169 843/3/1169
f 783/1/1170 784/2/1170 844/3/1170
f 784/1/1171 845/2/1171 844/3/1171
f 784/1/1172 785/2/1172 846/3/1172
f 784/1/1173 846/2/1173 845/3/1173
f 785/1/1174 786/2/1174 846/3/1174
f 786/1/1175 847/2/1175 846/3/1175
f 786/1/1176 787/2/1176 848/3/1176
f 786/1/1177 848/2/1177 847/3/1177
f 787/1/1178 788/2/1178 848/3/1178
f 788/1/1179 849/2/1179 848/3/1179
f 788/1/1180 789/2/1180 850/3/1180
f 788/1/1181 850/2/1181 849/3/1181
f 789/1/1182 790/2/1182 850/3/1182
f 790/1/1183 851/2/1183 850/3/1183
f 790/1/1184 791/2/1184 852/3/1184
f 790/1/1185 852/2/1185 851/3/1185
f 791/1/1186 792/2/1186 852/3/1186
f 792/1/1187 853/2/1187 852/3/1187
f 792/1/1 793/2/1 854/3/1
f 792/1/1 854/2/1 853/3/1
f 794/1/1 795/2/1 856/3/1
f 794/1/1 856/2/1 855/3/1
f 795/1/1073 796/2/1073 856/3/1073
f 796/1/1188 857/2/1188 856/3/1188
f 796/1/1189 797/2/1189 858/3/1189
f 796/1/1190 858/2/1190 857/3/1190
f 797/1/1191 798/2/1191 858/3/1191
f 798/1/1192 859/2/1192 858/3/1192
f 798/1/1193 799/2/1193 860/3/1193
f 798/1/1194 860/2/1194 859/3/1194
f 799/1/1195 800/2/1195 860/3/1195
f 800/1/1196 861/2/1196 860/3/1196
f 800/1/1197 801/2/1197 862/3/1197
f 800/1/1198 862/2/1198 861/3/1198
f 801/1/1199 802/2/1199 862/3/1199
f 802/1/1200 863/2/1200 862/3/1200
f 802/1/1201 803/2/1201 864/3/1201
f 802/1/1202 864/2/1202 863/3/1202
f 803/1/1203 804/2/1203 864/3/1203
f 804/1/1204 865/2/1204 864/3/1204
f 804/1/1205 805/2/1205 866/3/1205
f 804/1/1206 866/2/1206 865/3/1206
f 805/1/1207 806/2/1207 866/3/1207
f 806/1/1208 867/2/1208 866/3/1208
f 806/1/1209 807/2/1209 868/3/1209
f 806/1/1210 868/2/1210 867/3/1210
f 807/1/1211 808/2/1211 868/3/1211
f 808/1/1212 869/2/1212 868/3/1212
f 808/1/1213 809/2/1213 870/3/1213
f 808/1/1214 870/2/1214 869/3/1214
f 809/1/1215 810/2/1215 870/3/1215
f 810/1/1216 871/2/1216 870/3/1216
f 810/1/1217 811/2/1217 872/3/1217
f 810/1/1218 872/2/1218 871/3/1218
f 811/1/1219 812/2/1219 872/3/1219
f 812/1/1220 873/2/1220 872/3/1220
f 812/1/1221 813/2/1221 874/3/1221
f 812/1/1222 874/2/1222 873/3/1222
f 813/1/1223 814/2/1223 874/3/1223
f 814/1/1224 875/2/1224 874/3/1224
f 814/1/1225 815/2/1225 876/3/1225
f 814/1/1226 876/2/1226 875/3/1226
f 815/1/1227 816/2/1227 876/3/1227
f 816/1/1228 877/2/1228 876/3/1228
f 816/1/1229 817/2/1229 878/3/1229
f 816/1/1230 878/2/1230 877/3/1230
f 817/1/1231 818/2/1231 878/3/1231
f 818/1/1232 879/2/1232 878/3/1232
f 818/1/1233 819/2/1233 880/3/1233
f 818/1/1234 880/2/1234 879/3/1234
f 819/1/1235 820/2/1235 880/3/1235
f 820/1/1236 881/2/1236 880/3/1236
f 820/1/1237 821/2/1237 882/3/1237
f 820/1/1238 882/2/1238 881/3/1238
f 821/1/1239 822/2/1239 882/3/1239
f 822/1/1240 883/2/1240 882/3/1240
f 822/1/1241 823/2/1241 884/3/1241
f 822/1/1242 884/2/1242 883/3/1242
f 823/1/1243 824/2/1243 884/3/1243
f 824/4/1244 885/5/1244 884/6/1244
f 824/4/1245 825/5/1245 886/6/1245
f 824/4/1246 886/5/1246 885/6/1246
f 825/4/1247 826/5/1247 886/6/1247
f 826/1/1248 887/2/1248 886/3/1248
f 826/1/1249 827/2/1249 888/3/1249
f 826/1/1250 888/2/1250 887/3/1250
f 827/1/1251 828/2/1251 888/3/1251
f 828/4/1252 889/5/1252 888/6/1252
f 828/1/1253 829/2/1253 890/3/1253
f 828/4/1254 890/5/1254 889/6/1254
f 829/1/1255 830/2/1255 890/3/1255
f 830/1/1256 891/2/1256 890/3/1256
f 830/1/1257 831/2/1257 892/3/1257
f 830/1/1258 892/2/1258 891/3/1258
f 831/1/1259 832/2/1259 892/3/1259
f 832/1/1260 893/2/1260 892/3/1260
f 832/1/1261 833/2/1261 894/3/1261
f 832/1/1262 894/2/1262 893/3/1262
f 833/1/1263 834/2/1263 894/3/1263
f 834/1/1264 895/2/1264 894/3/1264
f 834/1/1265 835/2/1265 896/3/1265
f 834/1/1266 896/2/1266 895/3/1266
f 835/1/1267 836/2/1267 896/3/1267
f 836/1/1268 897/2/1268 896/3/1268
f 836/1/1269 837/2/1269 898/3/1269
f 836/1/1270 898/2/1270 897/3/1270
f 837/1/1271 838/2/1271 898/3/1271
f 838/1/1272 899/2/1272 898/3/1272
f 838/1/1273 839/2/1273 900/3/1273
f 838/1/1274 900/2/1274 899/3/1274
f 839/1/1275 840/2/1275 900/3/1275
f 840/1/1276 901/2/1276 900/3/1276
f 840/1/1277 841/2/1277 902/3/1277
f 840/1/1278 902/2/1278 901/3/1278
f 841/1/1279 842/2/1279 902/3/1279
f 842/1/1280 903/2/1280 902/3/1280
f 842/1/1281 843/2/1281 904/3/1281
f 842/1/1282 904/2/1282 903/3/1282
f 843/1/1283 844/2/1283 904/3/1283
f 844/1/1284 905/2/1284 904/3/1284
f 844/1/1285 845/2/1285 906/3/1285
f 844/1/1286 906/2/1286 905/3/1286
f 845/1/1287 846/2/1287 906/3/1287
f 846/1/1288 907/2/1288 906/3/1288
f 846/1/1289 847/2/1289 908/3/1289
f 846/1/1290 908/2/1290 907/3/1290
f 847/1/1291 848/2/1291 908/3/1291
f 848/1/1292 909/2/1292 908/3/1292
f 848/1/1293 849/2/1293 910/3/1293
f 848/1/1294 910/2/1294 909/3/1294
f 849/1/1295 850/2/1295 910/3/1295
f 850/1/1296 911/2/1296 910/3/1296
f 850/1/1297 851/2/1297 912/3/1297
f 850/1/1298 912/2/1298 911/3/1298
f 851/1/1299 852/2/1299 912/3/1299
f 852/1/1300 913/2/1300 912/3/1300
f 852/1/1187 853/2/1187 914/3/1187
f 852/1/1301 914/2/1301 913/3/1301
f 853/1/1 854/2/1 914/3/1
f 854/1/1 915/2/1 914/3/1
f 855/1/1 856/2/1 916/3/1
f 856/1/1302 917/2/1302 916/3/1302
f 856/1/1303 857/2/1303 918/3/1303
f 856/1/1304 918/2/1304 917/3/1304
f 857/1/1305 858/2/1305 918/3/1305
f 858/1/1306 919/2/1306 918/3/1306
f 858/1/1307 859/2/1307 920/3/1307
f 858/1/1308 920/2/1308 919/3/1308
f 859/1/1309 860/2/1309 920/3/1309
f 860/1/1310 921/2/1310 920/3/1310
f 860/1/1311 861/2/1311 922/3/1311
f 860/1/1312 922/2/1312 921/3/1312
f 861/1/1313 862/2/1313 922/3/1313
f 862/1/1314 923/2/1314 922/3/1314
f 862/1/1315 863/2/1315 924/3/1315
f 862/1/1316 924/2/1316 923/3/1316
f 863/1/1317 864/2/1317 924/3/1317
f 864/1/1318 925/2/1318 924/3/1318
f 864/1/1319 865/2/1319 926/3/1319
f 864/1/1320 926/2/1320 925/3/1320
f 865/1/1321 866/2/1321 926/3/1321
f 866/1/1322 927/2/1322 926/3/1322
f 866/1/1323 867/2/1323 928/3/1323
f 866/1/1324 928/2/1324 927/3/1324
f 867/1/1325 868/2/1325 928/3/1325
f 868/1/1326 929/2/1326 928/3/1326
f 868/1/1327 869/2/1327 930/3/1327
f 868/1/1328 930/2/1328 929/3/1328
f 869/1/1329 870/2/1329 930/3/1329
f 870/1/1330 931/2/1330 930/3/1330
f 870/1/1331 871/2/1331 932/3/1331
f 870/1/1332 932/2/1332 931/3/1332
f 871/1/1333 872/2/1333 932/3/1333
f 872/1/1334 933/2/1334 932/3/1334
f 872/1/1335 873/2/1335 934/3/1335
f 872/1/1336 934/2/1336 933/3/1336
f 873/1/1337 874/2/1337 934/3/1337
f 874/1/1338 935/2/1338 934/3/1338
f 874/1/1339 875/2/1339 936/3/1339
f 874/1/1340 936/2/1340 935/3/1340
f 875/1/1341 876/2/1341 936/3/1341
f 876/1/1342 937/2/1342 936/3/1342
f 876/1/1343 877/2/1343 938/3/1343
f 876/1/1344 938/2/1344 937/3/1344
f 877/1/1345 878/2/1345 938/3/1345
f 878/4/1346 939/5/1346 938/6/1346
f 878/1/1347 879/2/1347 940/3/1347
f 878/1/1348 940/2/1348 939/3/1348
f 879/1/1349 880/2/1349 940/3/1349
f 880/1/1350 941/2/1350 940/3/1350
f 880/1/1351 881/2/1351 942/3/1351
f 880/1/1352 942/2/1352 941/3/1352
f 881/1/1353 882/2/1353 942/3/1353
f 882/4/1354 943/5/1354 942/6/1354
f 882/1/1355 883/2/1355 944/3/1355
f 882/1/1356 944/2/1356 943/3/1356
f 883/1/1357 884/2/1357 944/3/1357
f 884/1/1358 945/2/1358 944/3/1358
f 884/1/1359 885/2/1359 946/3/1359
f 884/1/1360 946/2/1360 945/3/1360
f 885/1/1361 886/2/1361 946/3/1361
f 886/1/1362 947/2/1362 946/3/1362
f 886/1/1363 887/2/1363 948/3/1363
f 886/1/1364 948/2/1364 947/3/1364
f 887/1/1365 888/2/1365 948/3/1365
f 888/1/1366 949/2/1366 948/3/1366
f 888/1/1367 889/2/1367 950/3/1367
f 888/1/1368 950/2/1368 949/3/1368
f 889/1/1369 890/2/1369 950/3/1369
f 890/1/1370 951/2/1370 950/3/1370
f 890/1/1371 891/2/1371 952/3/1371
f 890/1/1372 952/2/1372 951/3/1372
f 891/1/1373 892/2/1373 952/3/1373
f 892/1/1374 953/2/1374 952/3/1374
f 892/1/1375 893/2/1375 954/3/1375
f 892/1/1376 954/2/1376 953/3/1376
f 893/1/1377 894/2/1377 954/3/1377
f 894/1/1378 955/2/1378 954/3/1378
f 894/1/1379 895/2/1379 956/3/1379
f 894/1/1380 956/2/1380 955/3/1380
f 895/1/1381 896/2/1381 956/3/1381
f 896/1/1382 957/2/1382 956/3/1382
f 896/1/1383 897/2/1383 958/3/1383
f 896/1/1384 958/2/1384 957/3/1384
f 897/1/1385 898/2/1385 958/3/1385
f 898/1/1386 959/2/1386 958/3/1386
f 898/1/1387 899/2/1387 960/3/1387
f 898/1/1388 960/2/1388 959/3/1388
f 899/1/1389 900/2/1389 960/3/1389
f 900/1/1390 961/2/1390 960/3/1390
f 900/1/1391 901/2/1391 962/3/1391
f 900/1/1392 962/2/1392 961/3/1392
f 901/1/1393 902/2/1393 962/3/1393
f 902/1/1394 963/2/1394 962/3/1394
f 902/1/1395 903/2/1395 964/3/1395
f 902/1/1396 964/2/1396 963/3/1396
f 903/1/1397 904/2/1397 964/3/1397
f 904/1/1398 965/2/1398 964/3/1398
f 904/1/1399 905/2/1399 966/3/1399
f 904/1/1400 966/2/1400 965/3/1400
f 905/1/1401 906/2/1401 966/3/1401
f 906/1/1402 967/2/1402 966/3/1402
f 906/1/1403 907/2/1403 968/3/1403
f 906/1/1404 968/2/1404 967/3/1404
f 907/1/1405 908/2/1405 968/3/1405
f 908/1/1406 969/2/1406 968/3/1406
f 908/1/1407 909/2/1407 970/3/1407
f 908/1/1408 970/2/1408 969/3/1408
f 909/1/1409 910/2/1409 970/3/1409
f 910/1/1410 971/2/1410 970/3/1410
f 910/1/1411 911/2/1411 972/3/1411
f 910/1/1412 972/2/1412 971/3/1412
f 911/1/1413 912/2/1413 972/3/1413
f 912/1/1414 973/2/1414 972/3/1414
f 912/1/1415 913/2/1415 974/3/1415
f 912/1/1416 974/2/1416 973/3/1416
f 913/1/1417 914/2/1417 974/3/1417
f 914/1/1418 975/2/1418 974/3/1418
f 914/1/1 915/2/1 976/3/1
f 914/1/1419 976/2/1419 975/3/1419
f 916/1/1420 917/2/1420 978/3/1420
f 916/1/1421 978/2/1421 977/3/1421
f 917/1/1422 918/2/1422 978/3/1422
f 918/1/1423 979/2/1423 978/3/1423
f 918/1/1424 919/2/1424 980/3/1424
f 918/1/1425 980/2/1425 979/3/1425
f 919/1/1426 920/2/1426 980/3/1426
f 920/1/1427 981/2/1427 980/3/1427
f 920/1/1428 921/2/1428 982/3/1428
f 920/1/1429 982/2/1429 981/3/1429
f 921/1/1430 922/2/1430 982/3/1430
f 922/1/1431 983/2/1431 982/3/1431
f 922/1/1432 923/2/1432 984/3/1432
f 922/1/1433 984/2/1433 983/3/1433
f 923/1/1434 924/2/1434 984/3/1434
f 924/1/1435 985/2/1435 984/3/1435
f 924/1/1436 925/2/1436 986/3/1436
f 924/1/1437 986/2/1437 985/3/1437
f 925/1/1438 926/2/1438 986/3/1438
f 926/1/1439 987/2/1439 986/3/1439
f 926/1/1440 927/2/1440 988/3/1440
f 926/1/1441 988/2/1441 987/3/1441
f 927/1/1442 928/2/1442 988/3/1442
f 928/1/1443 989/2/1443 988/3/1443
f 928/1/1444 929/2/1444 990/3/1444
f 928/1/1445 990/2/1445 989/3/1445
f 929/1/1446 930/2/1446 990/3/1446
f 930/1/1447 991/2/1447 990/3/1447
f 930/1/1448 931/2/1448 992/3/1448
f 930/1/1449 992/2/1449 991/3/1449
f 931/1/1450 932/2/1450 992/3/1450
f 932/1/1451 993/2/1451 992/3/1451
f 932/1/1452 933/2/1452 994/3/1452
f 932/1/1453 994/2/1453 993/3/1453
f 933/1/1454 934/2/1454 994/3/1454
f 934/1/1455 995/2/1455 994/3/1455
f 934/1/1456 935/2/1456 996/3/1456
f 934/1/1457 996/2/1457 995/3/1457
f 935/1/1458 936/2/1458 996/3/1458
f 936/1/1459 997/2/1459 996/3/1459
f 936/1/1460 937/2/1460 998/3/1460
f 936/1/1461 998/2/1461 997/3/1461
f 937/1/1462 938/2/1462 998/3/1462
f 938/4/1463 999/5/1463 998/6/1463
f 938/4/1464 939/5/1464 1000/6/1464
f 938/4/1465 1000/5/1465 999/6/1465
f 939/1/1466 940/2/1466 1000/3/1466
f 940/1/1467 1001/2/1467 1000/3/1467
f 940/1/1468 941/2/1468 1002/3/1468
f 940/1/1469 1002/2/1469 1001/3/1469
f 941/1/1470 942/2/1470 1002/3/1470
f 942/1/1471 1003/2/1471 1002/3/1471
f 942/1/1472 943/2/1472 1004/3/1472
f 942/1/1473 1004/2/1473 1003/3/1473
f 943/1/1474 944/2/1474 1004/3/1474
f 944/1/1475 1005/2/1475 1004/3/1475
f 944/1/1476 945/2/1476 1006/3/1476
f 944/1/1477 1006/2/1477 1005/3/1477
f 945/1/1478 946/2/1478 1006/3/1478
f 946/1/1479 1007/2/1479 1006/3/1479
f 946/1/1480 947/2/1480 1008/3/1480
f 946/1/1481 1008/2/1481 1007/3/1481
f 947/1/1482 948/2/1482 1008/3/1482
f 948/1/1483 1009/2/1483 1008/3/1483
f 948/1/1484 949/2/1484 1010/3/1484
f 948/1/1485 1010/2/1485 1009/3/1485
f 949/1/1486 950/2/1486 1010/3/1486
f 950/1/1487 1011/2/1487 1010/3/1487
f 950/1/1488 951/2/1488 1012/3/1488
f 950/1/1489 1012/2/1489 1011/3/1489
f 951/1/1490 952/2/1490 1012/3/1490
f 952/1/1491 1013/2/1491 1012/3/1491
f 952/1/1492 953/2/1492 1014/3/1492
f 952/1/1493 1014/2/1493 1013/3/1493
f 953/1/1494 954/2/1494 1014/3/1494
f 954/1/1495 1015/2/1495 1014/3/1495
f 954/1/1496 955/2/1496 1016/3/1496
f 954/1/1497 1016/2/1497 1015/3/1497
f 955/1/1498 956/2/1498 1016/3/1498
f 956/1/1499 1017/2/1499 1016/3/1499
f 956/4/1500 957/5/1500 1018/6/1500
f 956/1/1501 1018/2/1501 1017/3/1501
f 957/1/1502 958/2/1502 1018/3/1502
f 958/1/1503 1019/2/1503 1018/3/1503
f 958/1/1504 959/2/1504 1020/3/1504
f 958/1/1505 1020/2/1505 1019/3/1505
f 959/1/1506 960/2/1506 1020/3/1506
f 960/1/1507 1021/2/1507 1020/3/1507
f 960/1/1508 961/2/1508 1022/3/1508
f 960/1/1509 1022/2/1509 1021/3/1509
f 961/1/1510 962/2/1510 1022/3/1510
f 962/1/1511 1023/2/1511 1022/3/1511
f 962/1/1512 963/2/1512 1024/3/1512
f 962/1/1513 1024/2/1513 1023/3/1513
f 963/1/1514 964/2/1514 1024/3/1514
f 964/1/1515 1025/2/1515 1024/3/1515
f 964/1/1516 965/2/1516 1026/3/1516
f 964/1/1517 1026/2/1517 1025/3/1517
f 965/1/1518 966/2/1518 1026/3/1518
f 966/1/1519 1027/2/1519 1026/3/1519
f 966/1/1520 967/2/1520 1028/3/1520
f 966/1/1521 1028/2/1521 1027/3/1521
f 967/1/1522 968/2/1522 1028/3/1522
f 968/1/1523 1029/2/1523 1028/3/1523
f 968/1/1524 969/2/1524 1030/3/1524
f 968/1/1525 1030/2/1525 1029/3/1525
f 969/1/1526 970/2/1526 1030/3/1526
f 970/1/1527 1031/2/1527 1030/3/1527
f 970/1/1528 971/2/1528 1032/3/1528
f 970/1/1529 1032/2/1529 1031/3/1529
f 971/1/1530 972/2/1530 1032/3/1530
f 972/1/1531 1033/2/1531 1032/3/1531
f 972/1/1532 973/2/1532 1034/3/1532
f 972/1/1533 1034/2/1533 1033/3/1533
f 973/1/1534 974/2/1534 1034/3/1534
f 974/1/1535 1035/2/1535 1034/3/1535
f 974/1/1536 975/2/1536 1036/3/1536
f 974/1/1537 1036/2/1537 1035/3/1537
f 975/1/1538 976/2/1538 1036/3/1538
f 976/1/1539 1037/2/1539 1036/3/1539
f 977/1/1421 978/2/1421 1038/3/1421
f 978/1/1540 1039/2/1540 1038/3/1540
f 978/1/1541 979/2/1541 1040/3/1541
f 978/1/1542 1040/2/1542 1039/3/1542
f 979/1/1543 980/2/1543 1040/3/1543
f 980/1/1544 1041/2/1544 1040/3/1544
f 980/1/1545 981/2/1545 1042/3/1545
f 980/1/1546 1042/2/1546 1041/3/1546
f 981/1/1547 982/2/1547 1042/3/1547
f 982/1/1548 1043/2/1548 1042/3/1548
f 982/1/1549 983/2/1549 1044/3/1549
f 982/1/1550 1044/2/1550 1043/3/1550
f 983/1/1551 984/2/1551 1044/3/1551
f 984/1/1552 1045/2/1552 1044/3/1552
f 984/1/1553 985/2/1553 1046/3/1553
f 984/1/1554 1046/2/1554 1045/3/1554
f 985/1/1555 986/2/1555 1046/3/1555
f 986/1/1556 1047/2/1556 1046/3/1556
f 986/1/1557 987/2/1557 1048/3/1557
f 986/1/1558 1048/2/1558 1047/3/1558
f 987/1/1559 988/2/1559 1048/3/1559
f 988/1/1560 1049/2/1560 1048/3/1560
f 988/1/1561 989/2/1561 1050/3/1561
f 988/1/1562 1050/2/1562 1049/3/1562
f 989/1/1563 990/2/1563 1050/3/1563
f 990/1/1564 1051/2/1564 1050/3/1564
f 990/1/1565 991/2/1565 1052/3/1565
f 990/1/1566 1052/2/1566 1051/3/1566
f 991/1/1567 992/2/1567 1052/3/1567
f 992/1/1568 1053/2/1568 1052/3/1568
f 992/1/1569 993/2/1569 1054/3/1569
f 992/1/1570 1054/2/1570 1053/3/1570
f 993/1/1571 994/2/1571 1054/3/1571
f 994/1/1572 1055/2/1572 1054/3/1572
f 994/1/1573 995/2/1573 1056/3/1573
f 994/1/1574 1056/2/1574 1055/3/1574
f 995/1/1575 996/2/1575 1056/3/1575
f 996/1/1576 1057/2/1576 1056/3/1576
f 996/1/1577 997/2/1577 1058/3/1577
f 996/1/1578 1058/2/1578 1057/3/1578
f 997/4/1579 998/5/1579 1058/6/1579
f 998/1/1580 1059/2/1580 1058/3/1580
f 998/4/1581 999/5/1581 1060/6/1581
f 998/4/1582 1060/5/1582 1059/6/1582
f 999/4/1583 1000/5/1583 1060/6/1583
f 1000/1/1584 1061/2/1584 1060/3/1584
f 1000/1/1585 1001/2/1585 1062/3/1585
f 1000/1/1586 1062/2/1586 1061/3/1586
f 1001/1/1587 1002/2/1587 1062/3/1587
f 1002/1/1588 1063/2/1588 1062/3/1588
f 1002/1/1589 1003/2/1589 1064/3/1589
f 1002/1/1590 1064/2/1590 1063/3/1590
f 1003/1/1591 1004/2/1591 1064/3/1591
f 1004/4/1592 1065/5/1592 1064/6/1592
f 1004/1/1593 1005/2/1593 1066/3/1593
f 1004/1/1594 1066/2/1594 1065/3/1594
f 1005/1/1595 1006/2/1595 1066/3/1595
f 1006/4/1596 1067/5/1596 1066/6/1596
f 1006/1/1597 1007/2/1597 1068/3/1597
f 1006/4/1598 1068/5/1598 1067/6/1598
f 1007/1/1599 1008/2/1599 1068/3/1599
f 1008/1/1600 1069/2/1600 1068/3/1600
f 1008/1/1601 1009/2/1601 1070/3/1601
f 1008/1/1602 1070/2/1602 1069/3/1602
f 1009/1/1603 1010/2/1603 1070/3/1603
f 1010/1/1604 1071/2/1604 1070/3/1604
f 1010/1/1605 1011/2/1605 1072/3/1605
f 1010/1/1606 1072/2/1606 1071/3/1606
f 1011/1/1607 1012/2/1607 1072/3/1607
f 1012/1/1608 1073/2/1608 1072/3/1608
f 1012/1/1609 1013/2/1609 1074/3/1609
f 1012/1/1610 1074/2/1610 1073/3/1610
f 1013/1/1611 1014/2/1611 1074/3/1611
f 1014/1/1612 1075/2/1612 1074/3/1612
f 1014/1/1613 1015/2/1613 1076/3/1613
f 1014/1/1614 1076/2/1614 1075/3/1614
f 1015/1/1615 1016/2/1615 1076/3/1615
f 1016/1/1616 1077/2/1616 1076/3/1616
f 1016/1/1617 1017/2/1617 1078/3/1617
f 1016/1/1618 1078/2/1618 1077/3/1618
f 1017/1/1619 1018/2/1619 1078/3/1619
f 1018/1/1620 1079/2/1620 1078/3/1620
f 1018/1/1621 1019/2/1621 1080/3/1621
f 1018/1/1622 1080/2/1622 1079/3/1622
f 1019/1/1623 1020/2/1623 1080/3/1623
f 1020/1/1624 1081/2/1624 1080/3/1624
f 1020/1/1625 1021/2/1625 1082/3/1625
f 1020/1/1626 1082/2/1626 1081/3/1626
f 1021/1/1627 1022/2/1627 1082/3/1627
f 1022/1/1628 1083/2/1628 1082/3/1628
f 1022/1/1629 1023/2/1629 1084/3/1629
f 1022/1/1630 1084/2/1630 1083/3/1630
f 1023/1/1631 1024/2/1631 1084/3/1631
f 1024/1/1632 1085/2/1632 1084/3/1632
f 1024/1/1633 1025/2/1633 1086/3/1633
f 1024/1/1634 1086/2/1634 1085/3/1634
f 1025/1/1635 1026/2/1635 1086/3/1635
f 1026/1/1636 1087/2/1636 1086/3/1636
f 1026/1/1637 1027/2/1637 1088/3/1637
f 1026/1/1638 1088/2/1638 1087/3/1638
f 1027/1/1639 1028/2/1639 1088/3/1639
f 1028/1/1640 1089/2/1640 1088/3/1640
f 1028/1/1641 1029/2/1641 1090/3/1641
f 1028/1/1642 1090/2/1642 1089/3/1642
f 1029/1/1643 1030/2/1643 1090/3/1643
f 1030/1/1644 1091/2/1644 1090/3/1644
f 1030/1/1645 1031/2/1645 1092/3/1645
f 1030/1/1646 1092/2/1646 1091/3/1646
f 1031/1/1647 1032/2/1647 1092/3/1647
f 1032/1/1648 1093/2/1648 1092/3/1648
f 1032/1/1649 1033/2/1649 1094/3/1649
f 1032/1/1650 1094/2/1650 1093/3/1650
f 1033/1/1651 1034/2/1651 1094/3/1651
f 1034/1/1652 1095/2/1652 1094/3/1652
f 1034/1/1653 1035/2/1653 1096/3/1653
f 1034/1/1654 1096/2/1654 1095/3/1654
f 1035/1/1655 1036/2/1655 1096/3/1655
f 1036/1/1656 1097/2/1656 1096/3/1656
f 1036/1/1539 1037/2/1539 1098/3/1539
f 1036/1/1657 1098/2/1657 1097/3/1657
f 1038/1/1658 1039/2/1658 1100/3/1658
f 1038/1/1659 1100/2/1659 1099/3/1659
f 1039/1/1660 1040/2/1660 1100/3/1660
f 1040/1/1661 1101/2/1661 1100/3/1661
f 1040/1/1662 1041/2/1662 1102/3/1662
f 1040/1/1663 1102/2/1663 1101/3/1663
f 1041/1/1664 1042/2/1664 1102/3/1664
f 1042/1/1665 1103/2/1665 1102/3/1665
f 1042/1/1666 1043/2/1666 1104/3/1666
f 1042/1/1667 1104/2/1667 1103/3/1667
f 1043/1/1668 1044/2/1668 1104/3/1668
f 1044/1/1669 1105/2/1669 1104/3/1669
f 1044/1/1670 1045/2/1670 1106/3/1670
f 1044/1/1671 1106/2/1671 1105/3/1671
f 1045/1/1672 1046/2/1672 1106/3/1672
f 1046/1/1673 1107/2/1673 1106/3/1673
f 1046/1/1674 1047/2/1674 1108/3/1674
f 1046/1/1675 1108/2/1675 1107/3/1675
f 1047/1/1676 1048/2/1676 1108/3/1676
f 1048/1/1677 1109/2/1677 1108/3/1677
f 1048/1/1678 1049/2/1678 1110/3/1678
f 1048/1/1679 1110/2/1679 1109/3/1679
f 1049/1/1680 1050/2/1680 1110/3/1680
f 1050/1/1681 1111/2/1681 1110/3/1681
f 1050/1/1682 1051/2/1682 1112/3/1682
f 1050/1/1683 1112/2/1683 1111/3/1683
f 1051/1/1684 1052/2/1684 1112/3/1684
f 1052/1/1685 1113/2/1685 1112/3/1685
f 1052/1/1686 1053/2/1686 1114/3/1686
f 1052/1/1687 1114/2/1687 1113/3/1687
f 1053/1/1688 1054/2/1688 1114/3/1688
f 1054/1/1689 1115/2/1689 1114/3/1689
f 1054/1/1690 1055/2/1690 1116/3/1690
f 1054/1/1691 1116/2/1691 1115/3/1691
f 1055/1/1692 1056/2/1692 1116/3/1692
f 1056/1/1693 1117/2/1693 1116/3/1693
f 1056/4/1694 1057/5/1694 1118/6/1694
f 1056/1/1695 1118/2/1695 1117/3/1695
f 1057/1/1696 1058/2/1696 1118/3/1696
f 1058/1/1697 1119/2/1697 1118/3/1697
f 1058/4/1698 1059/5/1698 1120/6/1698
f 1058/4/1699 1120/5/1699 1119/6/1699
f 1059/4/1700 1060/5/1700 1120/6/1700
f 1060/1/1701 1121/2/1701 1120/3/1701
f 1060/1/1702 1061/2/1702 1122/3/1702
f 1060/1/1703 1122/2/1703 1121/3/1703
f 1061/1/1704 1062/2/1704 1122/3/1704
f 1062/4/1705 1123/5/1705 1122/6/1705
f 1062/4/1706 1063/5/1706 1124/6/1706
f 1062/4/1707 1124/5/1707 1123/6/1707
f 1063/4/1708 1064/5/1708 1124/6/1708
f 1064/1/1709 1125/2/1709 1124/3/1709
f 1064/1/1710 1065/2/1710 1126/3/1710
f 1064/1/1711 1126/2/1711 1125/3/1711
f 1065/1/1712 1066/2/1712 1126/3/1712
f 1066/1/1713 1127/2/1713 1126/3/1713
f 1066/4/1714 1067/5/1714 1128/6/1714
f 1066/1/1715 1128/2/1715 1127/3/1715
f 1067/4/1716 1068/5/1716 1128/6/1716
f 1068/4/1717 1129/5/1717 1128/6/1717
f 1068/1/1718 1069/2/1718 1130/3/1718
f 1068/4/1719 1130/5/1719 1129/6/1719
f 1069/1/1720 1070/2/1720 1130/3/1720
f 1070/1/1721 1131/2/1721 1130/3/1721
f 1070/1/1722 1071/2/1722 1132/3/1722
f 1070/1/1723 1132/2/1723 1131/3/1723
f 1071/1/1724 1072/2/1724 1132/3/1724
f 1072/1/1725 1133/2/1725 1132/3/1725
f 1072/1/1726 1073/2/1726 1134/3/1726
f 1072/1/1727 1134/2/1727 1133/3/1727
f 1073/1/1728 1074/2/1728 1134/3/1728
f 1074/1/1729 1135/2/1729 1134/3/1729
f 1074/1/1730 1075/2/1730 1136/3/1730
f 1074/1/1731 1136/2/1731 1135/3/1731
f 1075/1/1732 1076/2/1732 1136/3/1732
f 1076/1/1733 1137/2/1733 1136/3/1733
f 1076/4/1734 1077/5/1734 1138/6/1734
f 1076/1/1735 1138/2/1735 1137/3/1735
f 1077/1/1736 1078/2/1736 1138/3/1736
f 1078/1/1737 1139/2/1737 1138/3/1737
f 1078/1/1738 1079/2/1738 1140/3/1738
f 1078/1/1739 1140/2/1739 1139/3/1739
f 1079/1/1740 1080/2/1740 1140/3/1740
f 1080/1/1741 1141/2/1741 1140/3/1741
f 1080/1/1742 1081/2/1742 1142/3/1742
f 1080/1/1743 1142/2/1743 1141/3/1743
f 1081/1/1744 1082/2/1744 1142/3/1744
f 1082/1/1745 1143/2/1745 1142/3/1745
f 1082/1/1746 1083/2/1746 1144/3/1746
f 1082/1/1747 1144/2/1747 1143/3/1747
f 1083/1/1748 1084/2/1748 1144/3/1748
f 1084/1/1749 1145/2/1749 1144/3/1749
f 1084/1/1750 1085/2/1750 1146/3/1750
f 1084/1/1751 1146/2/1751 1145/3/1751
f 1085/1/1752 1086/2/1752 1146/3/1752
f 1086/1/1753 1147/2/1753 1146/3/1753
f 1086/1/1754 1087/2/1754 1148/3/1754
f 1086/1/1755 1148/2/1755 1147/3/1755
f 1087/1/1756 1088/2/1756 1148/3/1756
f 1088/1/1757 1149/2/1757 1148/3/1757
f 1088/1/1758 1089/2/1758 1150/3/1758
f 1088/1/1759 1150/2/1759 1149/3/1759
f 1089/1/1760 1090/2/1760 1150/3/1760
f 1090/1/1761 1151/2/1761 1150/3/1761
f 1090/1/1762 1091/2/1762 1152/3/1762
f 1090/1/1763 1152/2/1763 1151/3/1763
f 1091/1/1764 1092/2/1764 1152/3/1764
f 1092/1/1765 1153/2/1765 1152/3/1765
f 1092/1/1766 1093/2/1766 1154/3/1766
f 1092/1/1767 1154/2/1767 1153/3/1767
f 1093/1/1768 1094/2/1768 1154/3/1768
f 1094/1/1769 1155/2/1769 1154/3/1769
f 1094/1/1770 1095/2/1770 1156/3/1770
f 1094/1/1771 1156/2/1771 1155/3/1771
f 1095/1/1772 1096/2/1772 1156/3/1772
f 1096/1/1773 1157/2/1773 1156/3/1773
f 1096/1/1774 1097/2/1774 1158/3/1774
f 1096/1/1775 1158/2/1775 1157/3/1775
f 1097/1/1776 1098/2/1776 1158/3/1776
f 1098/1/1777 1159/2/1777 1158/3/1777
f 1099/1/1659 1100/2/1659 1160/3/1659
f 1100/1/1778 1161/2/1778 1160/3/1778
f 1100/1/1779 1101/2/1779 1162/3/1779
f 1100/1/1780 1162/2/1780 1161/3/1780
f 1101/1/1781 1102/2/1781 1162/3/1781
f 1102/1/1782 1163/2/1782 1162/3/1782
f 1102/1/1783 1103/2/1783 1164/3/1783
f 1102/1/1784 1164/2/1784 1163/3/1784
f 1103/1/1785 1104/2/1785 1164/3/1785
f 1104/1/1786 1165/2/1786 1164/3/1786
f 1104/1/1787 1105/2/1787 1166/3/1787
f 1104/1/1788 1166/2/1788 1165/3/1788
f 1105/1/1789 1106/2/1789 1166/3/1789
f 1106/1/1790 1167/2/1790 1166/3/1790
f 1106/1/1791 1107/2/1791 1168/3/1791
f 1106/1/1792 1168/2/1792 1167/3/1792
f 1107/1/1793 1108/2/1793 1168/3/1793
f 1108/1/1794 1169/2/1794 1168/3/1794
f 1108/1/1795 1109/2/1795 1170/3/1795
f 1108/1/1796 1170/2/1796 1169/3/1796
f 1109/1/1797 1110/2/1797 1170/3/1797
f 1110/1/1798 1171/2/1798 1170/3/1798
f 1110/1/1799 1111/2/1799 1172/3/1799
f 1110/1/1800 1172/2/1800 1171/3/1800
f 1111/1/1801 1112/2/1801 1172/3/1801
f 1112/1/1802 1173/2/1802 1172/3/1802
f 1112/1/1803 1113/2/1803 1174/3/1803
f 1112/1/1804 1174/2/1804 1173/3/1804
f 1113/1/1805 1114/2/1805 1174/3/1805
f 1114/1/1806 1175/2/1806 1174/3/1806
f 1114/1/1807 1115/2/1807 1176/3/1807
f 1114/1/1808 1176/2/1808 1175/3/1808
f 1115/1/1809 1116/2/1809 1176/3/1809
f 1116/1/1810 1177/2/1810 1176/3/1810
f 1116/1/1811 1117/2/1811 1178/3/1811
f 1116/1/1812 1178/2/1812 1177/3/1812
f 1117/4/1813 1118/5/1813 1178/6/1813
f 1118/4/1814 1179/5/1814 1178/6/1814
f 1118/4/1815 1119/5/1815 1180/6/1815
f 1118/4/1816 1180/5/1816 1179/6/1816
f 1119/4/1817 1120/5/1817 1180/6/1817
f 1120/1/1818 1181/2/1818 1180/3/1818
f 1120/4/1819 1121/5/1819 1182/6/1819
f 1120/1/1820 1182/2/1820 1181/3/1820
f 1121/4/1821 1122/5/1821 1182/6/1821
f 1122/1/1822 1183/2/1822 1182/3/1822
f 1122/4/1823 1123/5/1823 1184/6/1823
f 1122/1/1824 1184/2/1824 1183/3/1824
f 1123/4/1825 1124/5/1825 1184/6/1825
f 1124/4/1826 1185/5/1826 1184/6/1826
f 1124/4/1827 1125/5/1827 1186/6/1827
f 1124/4/1828 1186/5/1828 1185/6/1828
f 1125/4/1829 1126/5/1829 1186/6/1829
f 1126/1/1830 1187/2/1830 1186/3/1830
f 1126/1/1831 1127/2/1831 1188/3/1831
f 1126/1/1832 1188/2/1832 1187/3/1832
f 1127/1/1833 1128/2/1833 1188/3/1833
f 1128/4/1834 1189/5/1834 1188/6/1834
f 1128/4/1835 1129/5/1835 1190/6/1835
f 1128/4/1836 1190/5/1836 1189/6/1836
f 1129/4/1837 1130/5/1837 1190/6/1837
f 1130/4/1838 1191/5/1838 1190/6/1838
f 1130/1/1839 1131/2/1839 1192/3/1839
f 1130/1/1840 1192/2/1840 1191/3/1840
f 1131/1/1841 1132/2/1841 1192/3/1841
f 1132/1/1842 1193/2/1842 1192/3/1842
f 1132/1/1843 1133/2/1843 1194/3/1843
f 1132/1/1844 1194/2/1844 1193/3/1844
f 1133/1/1845 1134/2/1845 1194/3/1845
f 1134/4/1846 1195/5/1846 1194/6/1846
f 1134/1/1847 1135/2/1847 1196/3/1847
f 1134/4/1848 1196/5/1848 1195/6/1848
f 1135/1/1849 1136/2/1849 1196/3/1849
f 1136/4/1850 1197/5/1850 1196/6/1850
f 1136/1/1851 1137/2/1851 1198/3/1851
f 1136/4/1852 1198/5/1852 1197/6/1852
f 1137/4/1853 1138/5/1853 1198/6/1853
f 1138/4/1854 1199/5/1854 1198/6/1854
f 1138/1/1855 1139/2/1855 1200/3/1855
f 1138/4/1856 1200/5/1856 1199/6/1856
f 1139/1/1857 1140/2/1857 1200/3/1857
f 1140/1/1858 1201/2/1858 1200/3/1858
f 1140/4/1859 1141/5/1859 1202/6/1859
f 1140/1/1860 1202/2/1860 1201/3/1860
f 1141/1/1861 1142/2/1861 1202/3/1861
f 1142/1/1862 1203/2/1862 1202/3/1862
f 1142/1/1863 1143/2/1863 1204/3/1863
f 1142/4/1864 1204/5/1864 1203/6/1864
f 1143/1/1865 1144/2/1865 1204/3/1865
f 1144/1/1866 1205/2/1866 1204/3/1866
f 1144/1/1867 1145/2/1867 1206/3/1867
f 1144/4/1868 1206/5/1868 1205/6/1868
f 1145/1/1869 1146/2/1869 1206/3/1869
f 1146/1/1870 1207/2/1870 1206/3/1870
f 1146/1/1871 1147/2/1871 1208/3/1871
f 1146/1/1872 1208/2/1872 1207/3/1872
f 1147/1/1873 1148/2/1873 1208/3/1873
f 1148/1/1874 1209/2/1874 1208/3/1874
f 1148/1/1875 1149/2/1875 1210/3/1875
f 1148/1/1876 1210/2/1876 1209/3/1876
f 1149/1/1877 1150/2/1877 1210/3/1877
f 1150/1/1878 1211/2/1878 1210/3/1878
f 1150/1/1879 1151/2/1879 1212/3/1879
f 1150/1/1880 1212/2/1880 1211/3/1880
f 1151/1/1881 1152/2/1881 1212/3/1881
f 1152/1/1882 1213/2/1882 1212/3/1882
f 1152/1/1883 1153/2/1883 1214/3/1883
f 1152/1/1884 1214/2/1884 1213/3/1884
f 1153/1/1885 1154/2/1885 1214/3/1885
f 1154/1/1886 1215/2/1886 1214/3/1886
f 1154/1/1887 1155/2/1887 1216/3/1887
f 1154/1/1888 1216/2/1888 1215/3/1888
f 1155/1/1889 1156/2/1889 1216/3/1889
f 1156/1/1890 1217/2/1890 1216/3/1890
f 1156/1/1891 1157/2/1891 1218/3/1891
f 1156/1/1892 1218/2/1892 1217/3/1892
f 1157/1/1893 1158/2/1893 1218/3/1893
f 1158/1/1894 1219/2/1894 1218/3/1894
f 1158/1/1777 1159/2/1777 1220/3/1777
f 1158/1/1895 1220/2/1895 1219/3/1895
f 1160/1/1896 1161/2/1896 1222/3/1896
f 1160/1/1897 1222/2/1897 1221/3/1897
f 1161/1/1898 1162/2/1898 1222/3/1898
f 1162/1/1899 1223/2/1899 1222/3/1899
f 1162/1/1900 1163/2/1900 1224/3/1900
f 1162/1/1901 1224/2/1901 1223/3/1901
f 1163/1/1902 1164/2/1902 1224/3/1902
f 1164/1/1903 1225/2/1903 1224/3/1903
f 1164/1/1904 1165/2/1904 1226/3/1904
f 1164/1/1905 1226/2/1905 1225/3/1905
f 1165/1/1906 1166/2/1906 1226/3/1906
f 1166/1/1907 1227/2/1907 1226/3/1907
f 1166/1/1908 1167/2/1908 1228/3/1908
f 1166/1/1909 1228/2/1909 1227/3/1909
f 1167/1/1910 1168/2/1910 1228/3/1910
f 1168/1/1911 1229/2/1911 1228/3/1911
f 1168/1/1912 1169/2/1912 1230/3/1912
f 1168/1/1913 1230/2/1913 1229/3/1913
f 1169/1/1914 1170/2/1914 1230/3/1914
f 1170/1/1915 1231/2/1915 1230/3/1915
f 1170/1/1916 1171/2/1916 1232/3/1916
f 1170/1/1917 1232/2/1917 1231/3/1917
f 1171/1/1918 1172/2/1918 1232/3/1918
f 1172/1/1919 1233/2/1919 1232/3/1919
f 1172/1/1920 1173/2/1920 1234/3/1920
f 1172/1/1921 1234/2/1921 1233/3/1921
f 1173/1/1922 1174/2/1922 1234/3/1922
f 1174/1/1923 1235/2/1923 1234/3/1923
f 1174/1/1924 1175/2/1924 1236/3/1924
f 1174/1/1925 1236/2/1925 1235/3/1925
f 1175/1/1926 1176/2/1926 1236/3/1926
f 1176/4/1927 1237/5/1927 1236/6/1927
f 1176/1/1928 1177/2/1928 1238/3/1928
f 1176/1/1929 1238/2/1929 1237/3/1929
f 1177/1/1930 1178/2/1930 1238/3/1930
f 1178/1/1931 1239/2/1931 1238/3/1931
f 1178/1/1932 1179/2/1932 1240/3/1932
f 1178/1/1933 1240/2/1933 1239/3/1933
f 1179/1/1934 1180/2/1934 1240/3/1934
f 1180/1/1935 1241/2/1935 1240/3/1935
f 1180/4/1936 1181/5/1936 1242/6/1936
f 1180/4/1937 1242/5/1937 1241/6/1937
f 1181/4/1938 1182/5/1938 1242/6/1938
f 1182/1/1939 1243/2/1939 1242/3/1939
f 1182/1/1940 1183/2/1940 1244/3/1940
f 1182/1/1941 1244/2/1941 1243/3/1941
f 1183/1/1942 1184/2/1942 1244/3/1942
f 1184/1/1943 1245/2/1943 1244/3/1943
f 1184/1/1944 1185/2/1944 1246/3/1944
f 1184/1/1945 1246/2/1945 1245/3/1945
f 1185/1/1946 1186/2/1946 1246/3/1946
f 1186/4/1947 1247/5/1947 1246/6/1947
f 1186/4/1948 1187/5/1948 1248/6/1948
f 1186/4/1949 1248/5/1949 1247/6/1949
f 1187/4/1950 1188/5/1950 1248/6/1950
f 1188/4/1951 1249/5/1951 1248/6/1951
f 1188/4/1952 1189/5/1952 1250/6/1952
f 1188/4/1953 1250/5/1953 1249/6/1953
f 1189/4/1954 1190/5/1954 1250/6/1954
f 1190/4/1955 1251/5/1955 1250/6/1955
f 1190/4/1956 1191/5/1956 1252/6/1956
f 1190/4/1957 1252/5/1957 1251/6/1957
f 1191/4/1958 1192/5/1958 1252/6/1958
f 1192/4/1959 1253/5/1959 1252/6/1959
f 1192/1/1960 1193/2/1960 1254/3/1960
f 1192/1/1961 1254/2/1961 1253/3/1961
f 1193/4/1962 1194/5/1962 1254/6/1962
f 1194/1/1963 1255/2/1963 1254/3/1963
f 1194/1/1964 1195/2/1964 1256/3/1964
f 1194/1/1965 1256/2/1965 1255/3/1965
f 1195/1/1966 1196/2/1966 1256/3/1966
f 1196/1/1967 1257/2/1967 1256/3/1967
f 1196/1/1968 1197/2/1968 1258/3/1968
f 1196/1/1969 1258/2/1969 1257/3/1969
f 1197/1/1970 1198/2/1970 1258/3/1970
f 1198/1/1971 1259/2/1971 1258/3/1971
f 1198/1/1972 1199/2/1972 1260/3/1972
f 1198/1/1973 1260/2/1973 1259/3/1973
f 1199/1/1974 1200/2/1974 1260/3/1974
f 1200/1/1975 1261/2/1975 1260/3/1975
f 1200/1/1976 1201/2/1976 1262/3/1976
f 1200/1/1977 1262/2/1977 1261/3/1977
f 1201/1/1978 1202/2/1978 1262/3/1978
f 1202/1/1979 1263/2/1979 1262/3/1979
f 1202/1/1980 1203/2/1980 1264/3/1980
f 1202/1/1981 1264/2/1981 1263/3/1981
f 1203/1/1982 1204/2/1982 1264/3/1982
f 1204/1/1983 1265/2/1983 1264/3/1983
f 1204/1/1984 1205/2/1984 1266/3/1984
f 1204/1/1985 1266/2/1985 1265/3/1985
f 1205/1/1986 1206/2/1986 1266/3/1986
f 1206/1/1987 1267/2/1987 1266/3/1987
f 1206/1/1988 1207/2/1988 1268/3/1988
f 1206/1/1989 1268/2/1989 1267/3/1989
f 1207/1/1990 1208/2/1990 1268/3/1990
f 1208/1/1991 1269/2/1991 1268/3/1991
f 1208/1/1992 1209/2/1992 1270/3/1992
f 1208/1/1993 1270/2/1993 1269/3/1993
f 1209/1/1994 1210/2/1994 1270/3/1994
f 1210/1/1995 1271/2/1995 1270/3/1995
f 1210/1/1996 1211/2/1996 1272/3/1996
f 1210/1/1997 1272/2/1997 1271/3/1997
f 1211/1/1998 1212/2/1998 1272/3/1998
f 1212/1/1999 1273/2/1999 1272/3/1999
f 1212/1/2000 1213/2/2000 1274/3/2000
f 1212/1/2001 1274/2/2001 1273/3/2001
f 1213/1/2002 1214/2/2002 1274/3/2002
f 1214/1/2003 1275/2/2003 1274/3/2003
f 1214/1/2004 1215/2/2004 1276/3/2004
f 1214/1/2005 1276/2/2005 1275/3/2005
f 1215/1/2006 1216/2/2006 1276/3/2006
f 1216/1/2007 1277/2/2007 1276/3/2007
f 1216/1/2008 1217/2/2008 1278/3/2008
f 1216/1/2009 1278/2/2009 1277/3/2009
f 1217/1/2010 1218/2/2010 1278/3/2010
f 1218/1/2011 1279/2/2011 1278/3/2011
f 1218/1/2012 1219/2/2012 1280/3/2012
f 1218/1/2013 1280/2/2013 1279/3/2013
f 1219/1/2014 1220/2/2014 1280/3/2014
f 1220/1/2015 1281/2/2015 1280/3/2015
f 1221/1/1897 1222/2/1897 1282/3/1897
f 1222/1/2016 1283/2/2016 1282/3/2016
f 1222/1/2017 1223/2/2017 1284/3/2017
f 1222/1/2018 1284/2/2018 1283/3/2018
f 1223/1/2019 1224/2/2019 1284/3/2019
f 1224/1/2020 1285/2/2020 1284/3/2020
f 1224/1/2021 1225/2/2021 1286/3/2021
f 1224/1/2022 1286/2/2022 1285/3/2022
f 1225/1/2023 1226/2/2023 1286/3/2023
f 1226/1/2024 1287/2/2024 1286/3/2024
f 1226/1/2025 1227/2/2025 1288/3/2025
f 1226/1/2026 1288/2/2026 1287/3/2026
f 1227/1/2027 1228/2/2027 1288/3/2027
f 1228/1/2028 1289/2/2028 1288/3/2028
f 1228/1/2029 1229/2/2029 1290/3/2029
f 1228/1/2030 1290/2/2030 1289/3/2030
f 1229/1/2031 1230/2/2031 1290/3/2031
f 1230/1/2032 1291/2/2032 1290/3/2032
f 1230/1/2033 1231/2/2033 1292/3/2033
f 1230/1/2034 1292/2/2034 1291/3/2034
f 1231/1/2035 1232/2/2035 1292/3/2035
f 1232/1/2036 1293/2/2036 1292/3/2036
f 1232/1/2037 1233/2/2037 1294/3/2037
f 1232/1/2038 1294/2/2038 1293/3/2038
f 1233/1/2039 1234/2/2039 1294/3/2039
f 1234/1/2040 1295/2/2040 1294/3/2040
f 1234/1/2041 1235/2/2041 1296/3/2041
f 1234/1/2042 1296/2/2042 1295/3/2042
f 1235/1/2043 1236/2/2043 1296/3/2043
f 1236/1/2044 1297/2/2044 1296/3/2044
f 1236/1/2045 1237/2/2045 1298/3/2045
f 1236/1/2046 1298/2/2046 1297/3/2046
f 1237/1/2047 1238/2/2047 1298/3/2047
f 1238/1/2048 1299/2/2048 1298/3/2048
f 1238/1/2049 1239/2/2049 1300/3/2049
f 1238/1/2050 1300/2/2050 1299/3/2050
f 1239/1/2051 1240/2/2051 1300/3/2051
f 1240/1/2052 1301/2/2052 1300/3/2052
f 1240/1/2053 1241/2/2053 1302/3/2053
f 1240/4/2054 1302/5/2054 1301/6/2054
f 1241/4/2055 1242/5/2055 1302/6/2055
f 1242/1/2056 1303/2/2056 1302/3/2056
f 1242/1/2057 1243/2/2057 1304/3/2057
f 1242/1/2058 1304/2/2058 1303/3/2058
f 1243/1/2059 1244/2/2059 1304/3/2059
f 1244/1/2060 1305/2/2060 1304/3/2060
f 1244/1/2061 1245/2/2061 1306/3/2061
f 1244/1/2062 1306/2/2062 1305/3/2062
f 1245/1/2063 1246/2/2063 1306/3/2063
f 1246/1/2064 1307/2/2064 1306/3/2064
f 1246/4/2065 1247/5/2065 1308/6/2065
f 1246/4/2066 1308/5/2066 1307/6/2066
f 1247/1/2067 1248/2/2067 1308/3/2067
f 1248/4/2068 1309/5/2068 1308/6/2068
f 1248/4/2069 1249/5/2069 1310/6/2069
f 1248/4/2070 1310/5/2070 1309/6/2070
f 1249/4/2071 1250/5/2071 1310/6/2071
f 1250/1/2072 1311/2/2072 1310/3/2072
f 1250/4/2073 1251/5/2073 1312/6/2073
f 1250/1/2074 1312/2/2074 1311/3/2074
f 1251/4/2075 1252/5/2075 1312/6/2075
f 1252/4/2076 1313/5/2076 1312/6/2076
f 1252/4/2077 1253/5/2077 1314/6/2077
f 1252/4/2078 1314/5/2078 1313/6/2078
f 1253/4/2079 1254/5/2079 1314/6/2079
f 1254/4/2080 1315/5/2080 1314/6/2080
f 1254/4/2081 1255/5/2081 1316/6/2081
f 1254/4/2082 1316/5/2082 1315/6/2082
f 1255/1/2083 1256/2/2083 1316/3/2083
f 1256/1/2084 1317/2/2084 1316/3/2084
f 1256/1/2085 1257/2/2085 1318/3/2085
f 1256/1/2086 1318/2/2086 1317/3/2086
f 1257/1/2087 1258/2/2087 1318/3/2087
f 1258/1/2088 1319/2/2088 1318/3/2088
f 1258/4/2089 1259/5/2089 1320/6/2089
f 1258/1/2090 1320/2/2090 1319/3/2090
f 1259/1/2091 1260/2/2091 1320/3/2091
f 1260/1/2092 1321/2/2092 1320/3/2092
f 1260/1/2093 1261/2/2093 1322/3/2093
f 1260/1/2094 1322/2/2094 1321/3/2094
f 1261/1/2095 1262/2/2095 1322/3/2095
f 1262/1/2096 1323/2/2096 1322/3/2096
f 1262/1/2097 1263/2/2097 1324/3/2097
f 1262/1/2098 1324/2/2098 1323/3/2098
f 1263/1/2099 1264/2/2099 1324/3/2099
f 1264/1/2100 1325/2/2100 1324/3/2100
f 1264/1/2101 1265/2/2101 1326/3/2101
f 1264/4/2102 1326/5/2102 1325/6/2102
f 1265/1/2103 1266/2/2103 1326/3/2103
f 1266/1/2104 1327/2/2104 1326/3/2104
f 1266/1/2105 1267/2/2105 1328/3/2105
f 1266/1/2106 1328/2/2106 1327/3/2106
f 1267/1/2107 1268/2/2107 1328/3/2107
f 1268/1/2108 1329/2/2108 1328/3/2108
f 1268/1/2109 1269/2/2109 1330/3/2109
f 1268/1/2110 1330/2/2110 1329/3/2110
f 1269/1/2111 1270/2/2111 1330/3/2111
f 1270/1/2112 1331/2/2112 1330/3/2112
f 1270/1/2113 1271/2/2113 1332/3/2113
f 1270/1/2114 1332/2/2114 1331/3/2114
f 1271/1/2115 1272/2/2115 1332/3/2115
f 1272/1/2116 1333/2/2116 1332/3/2116
f 1272/1/2117 1273/2/2117 1334/3/2117
f 1272/1/2118 1334/2/2118 1333/3/2118
f 1273/1/2119 1274/2/2119 1334/3/2119
f 1274/1/2120 1335/2/2120 1334/3/2120
f 1274/1/2121 1275/2/2121 1336/3/2121
f 1274/1/2122 1336/2/2122 1335/3/2122
f 1275/1/2123 1276/2/2123 1336/3/2123
f 1276/1/2124 1337/2/2124 1336/3/2124
f 1276/1/2125 1277/2/2125 1338/3/2125
f 1276/1/2126 1338/2/2126 1337/3/2126
f 1277/1/2127 1278/2/2127 1338/3/2127
f 1278/1/2128 1339/2/2128 1338/3/2128
f 1278/1/2129 1279/2/2129 1340/3/2129
f 1278/1/2130 1340/2/2130 1339/3/2130
f 1279/1/2131 1280/2/2131 1340/3/2131
f 1280/1/2132 1341/2/2132 1340/3/2132
f 1280/1/2015 1281/2/2015 1342/3/2015
f 1280/1/2133 1342/2/2133 1341/3/2133
f 1282/1/2134 1283/2/2134 1344/3/2134
f 1282/1/2135 1344/2/2135 1343/3/2135
f 1283/1/2136 1284/2/2136 1344/3/2136
f 1284/1/2137 1345/2/2137 1344/3/2137
f 1284/1/2138 1285/2/2138 1346/3/2138
f 1284/1/2139 1346/2/2139 1345/3/2139
f 1285/1/2140 1286/2/2140 1346/3/2140
f 1286/1/2141 1347/2/2141 1346/3/2141
f 1286/1/2142 1287/2/2142 1348/3/2142
f 1286/1/2143 1348/2/2143 1347/3/2143
f 1287/1/2144 1288/2/2144 1348/3/2144
f 1288/1/2145 1349/2/2145 1348/3/2145
f 1288/1/2146 1289/2/2146 1350/3/2146
f 1288/1/2147 1350/2/2147 1349/3/2147
f 1289/1/2148 1290/2/2148 1350/3/2148
f 1290/1/2149 1351/2/2149 1350/3/2149
f 1290/1/2150 1291/2/2150 1352/3/2150
f 1290/1/2151 1352/2/2151 1351/3/2151
f 1291/1/2152 1292/2/2152 1352/3/2152
f 1292/1/2153 1353/2/2153 1352/3/2153
f 1292/1/2154 1293/2/2154 1354/3/2154
f 1292/1/2155 1354/2/2155 1353/3/2155
f 1293/1/2156 1294/2/2156 1354/3/2156
f 1294/1/2157 1355/2/2157 1354/3/2157
f 1294/1/2158 1295/2/2158 1356/3/2158
f 1294/1/2159 1356/2/2159 1355/3/2159
f 1295/1/2160 1296/2/2160 1356/3/2160
f 1296/1/2161 1357/2/2161 1356/3/2161
f 1296/1/2162 1297/2/2162 1358/3/2162
f 1296/1/2163 1358/2/2163 1357/3/2163
f 1297/1/2164 1298/2/2164 1358/3/2164
f 1298/1/2165 1359/2/2165 1358/3/2165
f 1298/1/2166 1299/2/2166 1360/3/2166
f 1298/1/2167 1360/2/2167 1359/3/2167
f 1299/1/2168 1300/2/2168 1360/3/2168
f 1300/1/2169 1361/2/2169 1360/3/2169
f 1300/1/2170 1301/2/2170 1362/3/2170
f 1300/4/2171 1362/5/2171 1361/6/2171
f 1301/4/2172 1302/5/2172 1362/6/2172
f 1302/1/2173 1363/2/2173 1362/3/2173
f 1302/1/2174 1303/2/2174 1364/3/2174
f 1302/1/2175 1364/2/2175 1363/3/2175
f 1303/1/2176 1304/2/2176 1364/3/2176
f 1304/1/2177 1365/2/2177 1364/3/2177
f 1304/1/2178 1305/2/2178 1366/3/2178
f 1304/1/2179 1366/2/2179 1365/3/2179
f 1305/1/2180 1306/2/2180 1366/3/2180
f 1306/1/2181 1367/2/2181 1366/3/2181
f 1306/1/2182 1307/2/2182 1368/3/2182
f 1306/1/2183 1368/2/2183 1367/3/2183
f 1307/4/2184 1308/5/2184 1368/6/2184
f 1308/1/2185 1369/2/2185 1368/3/2185
f 1308/1/2186 1309/2/2186 1370/3/2186
f 1308/1/2187 1370/2/2187 1369/3/2187
f 1309/1/2188 1310/2/2188 1370/3/2188
f 1310/1/2189 1371/2/2189 1370/3/2189
f 1310/1/2190 1311/2/2190 1372/3/2190
f 1310/1/2191 1372/2/2191 1371/3/2191
f 1311/1/2192 1312/2/2192 1372/3/2192
f 1312/1/2193 1373/2/2193 1372/3/2193
f 1312/1/2194 1313/2/2194 1374/3/2194
f 1312/1/2195 1374/2/2195 1373/3/2195
f 1313/1/2196 1314/2/2196 1374/3/2196
f 1314/1/2197 1375/2/2197 1374/3/2197
f 1314/1/2198 1315/2/2198 1376/3/2198
f 1314/1/2199 1376/2/2199 1375/3/2199
f 1315/1/2200 1316/2/2200 1376/3/2200
f 1316/1/2201 1377/2/2201 1376/3/2201
f 1316/1/2202 1317/2/2202 1378/3/2202
f 1316/1/2203 1378/2/2203 1377/3/2203
f 1317/1/2204 1318/2/2204 1378/3/2204
f 1318/1/2205 1379/2/2205 1378/3/2205
f 1318/1/2206 1319/2/2206 1380/3/2206
f 1318/1/2207 1380/2/2207 1379/3/2207
f 1319/1/2208 1320/2/2208 1380/3/2208
f 1320/1/2209 1381/2/2209 1380/3/2209
f 1320/1/2210 1321/2/2210 1382/3/2210
f 1320/4/2211 1382/5/2211 1381/6/2211
f 1321/1/2212 1322/2/2212 1382/3/2212
f 1322/1/2213 1383/2/2213 1382/3/2213
f 1322/1/2214 1323/2/2214 1384/3/2214
f 1322/1/2215 1384/2/2215 1383/3/2215
f 1323/1/2216 1324/2/2216 1384/3/2216
f 1324/1/2217 1385/2/2217 1384/3/2217
f 1324/1/2218 1325/2/2218 1386/3/2218
f 1324/1/2219 1386/2/2219 1385/3/2219
f 1325/1/2220 1326/2/2220 1386/3/2220
f 1326/1/2221 1387/2/2221 1386/3/2221
f 1326/1/2222 1327/2/2222 1388/3/2222
f 1326/4/2223 1388/5/2223 1387/6/2223
f 1327/1/2224 1328/2/2224 1388/3/2224
f 1328/1/2225 1389/2/2225 1388/3/2225
f 1328/1/2226 1329/2/2226 1390/3/2226
f 1328/1/2227 1390/2/2227 1389/3/2227
f 1329/1/2228 1330/2/2228 1390/3/2228
f 1330/1/2229 1391/2/2229 1390/3/2229
f 1330/1/2230 1331/2/2230 1392/3/2230
f 1330/1/2231 1392/2/2231 1391/3/2231
f 1331/1/2232 1332/2/2232 1392/3/2232
f 1332/1/2233 1393/2/2233 1392/3/2233
f 1332/1/2234 1333/2/2234 1394/3/2234
f 1332/1/2235 1394/2/2235 1393/3/2235
f 1333/1/2236 1334/2/2236 1394/3/2236
f 1334/1/2237 1395/2/2237 1394/3/2237
f 1334/1/2238 1335/2/2238 1396/3/2238
f 1334/1/2239 1396/2/2239 1395/3/2239
f 1335/1/2240 1336/2/2240 1396/3/2240
f 1336/1/2241 1397/2/2241 1396/3/2241
f 1336/1/2242 1337/2/2242 1398/3/2242
f 1336/1/2243 1398/2/2243 1397/3/2243
f 1337/1/2244 1338/2/2244 1398/3/2244
f 1338/1/2245 1399/2/2245 1398/3/2245
f 1338/1/2246 1339/2/2246 1400/3/2246
f 1338/1/2247 1400/2/2247 1399/3/2247
f 1339/1/2248 1340/2/2248 1400/3/2248
f 1340/1/2249 1401/2/2249 1400/3/2249
f 1340/1/2250 1341/2/2250 1402/3/2250
f 1340/1/2251 1402/2/2251 1401/3/2251
f 1341/1/2252 1342/2/2252 1402/3/2252
f 1342/1/2253 1403/2/2253 1402/3/2253
f 1343/1/2135 1344/2/2135 1404/3/2135
f 1344/1/2254 1405/2/2254 1404/3/2254
f 1344/1/2255 1345/2/2255 1406/3/2255
f 1344/1/2256 1406/2/2256 1405/3/2256
f 1345/1/2257 1346/2/2257 1406/3/2257
f 1346/1/2258 1407/2/2258 1406/3/2258
f 1346/1/2259 1347/2/2259 1408/3/2259
f 1346/1/2260 1408/2/2260 1407/3/2260
f 1347/1/2261 1348/2/2261 1408/3/2261
f 1348/1/2262 1409/2/2262 1408/3/2262
f 1348/1/2263 1349/2/2263 1410/3/2263
f 1348/1/2264 1410/2/2264 1409/3/2264
f 1349/1/2265 1350/2/2265 1410/3/2265
f 1350/1/2266 1411/2/2266 1410/3/2266
f 1350/1/2267 1351/2/2267 1412/3/2267
f 1350/1/2268 1412/2/2268 1411/3/2268
f 1351/1/2269 1352/2/2269 1412/3/2269
f 1352/1/2270 1413/2/2270 1412/3/2270
f 1352/1/2271 1353/2/2271 1414/3/2271
f 1352/1/2272 1414/2/2272 1413/3/2272
f 1353/1/2273 1354/2/2273 1414/3/2273
f 1354/1/2274 1415/2/2274 1414/3/2274
f 1354/1/2275 1355/2/2275 1416/3/2275
f 1354/1/2276 1416/2/2276 1415/3/2276
f 1355/1/2277 1356/2/2277 1416/3/2277
f 1356/1/2278 1417/2/2278 1416/3/2278
f 1356/1/2279 1357/2/2279 1418/3/2279
f 1356/1/2280 1418/2/2280 1417/3/2280
f 1357/1/2281 1358/2/2281 1418/3/2281
f 1358/1/2282 1419/2/2282 1418/3/2282
f 1358/1/2283 1359/2/2283 1420/3/2283
f 1358/1/2284 1420/2/2284 1419/3/2284
f 1359/1/2285 1360/2/2285 1420/3/2285
f 1360/1/2286 1421/2/2286 1420/3/2286
f 1360/1/2287 1361/2/2287 1422/3/2287
f 1360/1/2288 1422/2/2288 1421/3/2288
f 1361/4/2289 1362/5/2289 1422/6/2289
f 1362/1/2290 1423/2/2290 1422/3/2290
f 1362/1/2291 1363/2/2291 1424/3/2291
f 1362/1/2292 1424/2/2292 1423/3/2292
f 1363/1/2293 1364/2/2293 1424/3/2293
f 1364/1/2294 1425/2/2294 1424/3/2294
f 1364/1/2295 1365/2/2295 1426/3/2295
f 1364/1/2296 1426/2/2296 1425/3/2296
f 1365/1/2297 1366/2/2297 1426/3/2297
f 1366/1/2298 1427/2/2298 1426/3/2298
f 1366/1/2299 1367/2/2299 1428/3/2299
f 1366/1/2300 1428/2/2300 1427/3/2300
f 1367/1/2301 1368/2/2301 1428/3/2301
f 1368/1/2302 1429/2/2302 1428/3/2302
f 1368/1/2303 1369/2/2303 1430/3/2303
f 1368/1/2304 1430/2/2304 1429/3/2304
f 1369/1/2305 1370/2/2305 1430/3/2305
f 1370/1/2306 1431/2/2306 1430/3/2306
f 1370/1/2307 1371/2/2307 1432/3/2307
f 1370/1/2308 1432/2/2308 1431/3/2308
f 1371/1/2309 1372/2/2309 1432/3/2309
f 1372/1/2310 1433/2/2310 1432/3/2310
f 1372/1/2311 1373/2/2311 1434/3/2311
f 1372/1/2312 1434/2/2312 1433/3/2312
f 1373/1/2313 1374/2/2313 1434/3/2313
f 1374/1/2314 1435/2/2314 1434/3/2314
f 1374/1/2315 1375/2/2315 1436/3/2315
f 1374/1/2316 1436/2/2316 1435/3/2316
f 1375/1/2317 1376/2/2317 1436/3/2317
f 1376/1/2318 1437/2/2318 1436/3/2318
f 1376/4/2319 1377/5/2319 1438/6/2319
f 1376/1/2320 1438/2/2320 1437/3/2320
f 1377/4/2321 1378/5/2321 1438/6/2321
f 1378/1/2322 1439/2/2322 1438/3/2322
f 1378/1/2323 1379/2/2323 1440/3/2323
f 1378/1/2324 1440/2/2324 1439/3/2324
f 1379/4/2325 1380/5/2325 1440/6/2325
f 1380/4/2326 1441/5/2326 1440/6/2326
f 1380/1/2327 1381/2/2327 1442/3/2327
f 1380/1/2328 1442/2/2328 1441/3/2328
f 1381/4/2329 1382/5/2329 1442/6/2329
f 1382/4/2330 1443/5/2330 1442/6/2330
f 1382/1/2331 1383/2/2331 1444/3/2331
f 1382/4/2332 1444/5/2332 1443/6/2332
f 1383/1/2333 1384/2/2333 1444/3/2333
f 1384/1/2334 1445/2/2334 1444/3/2334
f 1384/1/2335 1385/2/2335 1446/3/2335
f 1384/1/2336 1446/2/2336 1445/3/2336
f 1385/1/2337 1386/2/2337 1446/3/2337
f 1386/1/2338 1447/2/2338 1446/3/2338
f 1386/1/2339 1387/2/2339 1448/3/2339
f 1386/1/2340 1448/2/2340 1447/3/2340
f 1387/4/2341 1388/5/2341 1448/6/2341
f 1388/1/2342 1449/2/2342 1448/3/2342
f 1388/1/2343 1389/2/2343 1450/3/2343
f 1388/4/2344 1450/5/2344 1449/6/2344
f 1389/1/2345 1390/2/2345 1450/3/2345
f 1390/1/2346 1451/2/2346 1450/3/2346
f 1390/1/2347 1391/2/2347 1452/3/2347
f 1390/1/2348 1452/2/2348 1451/3/2348
f 1391/1/2349 1392/2/2349 1452/3/2349
f 1392/1/2350 1453/2/2350 1452/3/2350
f 1392/1/2351 1393/2/2351 1454/3/2351
f 1392/1/2352 1454/2/2352 1453/3/2352
f 1393/1/2353 1394/2/2353 1454/3/2353
f 1394/1/2354 1455/2/2354 1454/3/2354
f 1394/1/2355 1395/2/2355 1456/3/2355
f 1394/1/2356 1456/2/2356 1455/3/2356
f 1395/1/2357 1396/2/2357 1456/3/2357
f 1396/1/2358 1457/2/2358 1456/3/2358
f 1396/1/2359 1397/2/2359 1458/3/2359
f 1396/1/2360 1458/2/2360 1457/3/2360
f 1397/1/2361 1398/2/2361 1458/3/2361
f 1398/1/2362 1459/2/2362 1458/3/2362
f 1398/1/2363 1399/2/2363 1460/3/2363
f 1398/1/2364 1460/2/2364 1459/3/2364
f 1399/1/2365 1400/2/2365 1460/3/2365
f 1400/1/2366 1461/2/2366 1460/3/2366
f 1400/1/2367 1401/2/2367 1462/3/2367
f 1400/1/2368 1462/2/2368 1461/3/2368
f 1401/1/2369 1402/2/2369 1462/3/2369
f 1402/1/2370 1463/2/2370 1462/3/2370
f 1402/1/2253 1403/2/2253 1464/3/2253
f 1402/1/2371 1464/2/2371 1463/3/2371
f 1404/1/2372 1405/2/2372 1466/3/2372
f 1404/1/2373 1466/2/2373 1465/3/2373
f 1405/1/2374 1406/2/2374 1466/3/2374
f 1406/1/2375 1467/2/2375 1466/3/2375
f 1406/1/2376 1407/2/2376 1468/3/2376
f 1406/1/2377 1468/2/2377 1467/3/2377
f 1407/1/2378 1408/2/2378 1468/3/2378
f 1408/1/2379 1469/2/2379 1468/3/2379
f 1408/1/2380 1409/2/2380 1470/3/2380
f 1408/1/2381 1470/2/2381 1469/3/2381
f 1409/1/2382 1410/2/2382 1470/3/2382
f 1410/1/2383 1471/2/2383 1470/3/2383
f 1410/1/2384 1411/2/2384 1472/3/2384
f 1410/1/2385 1472/2/2385 1471/3/2385
f 1411/1/2386 1412/2/2386 1472/3/2386
f 1412/1/2387 1473/2/2387 1472/3/2387
f 1412/1/2388 1413/2/2388 1474/3/2388
f 1412/1/2389 1474/2/2389 1473/3/2389
f 1413/1/2390 1414/2/2390 1474/3/2390
f 1414/1/2391 1475/2/2391 1474/3/2391
f 1414/1/2392 1415/2/2392 1476/3/2392
f 1414/1/2393 1476/2/2393 1475/3/2393
f 1415/1/2394 1416/2/2394 1476/3/2394
f 1416/1/2395 1477/2/2395 1476/3/2395
f 1416/1/2396 1417/2/2396 1478/3/2396
f 1416/1/2397 1478/2/2397 1477/3/2397
f 1417/1/2398 1418/2/2398 1478/3/2398
f 1418/1/2399 1479/2/2399 1478/3/2399
f 1418/1/2400 1419/2/2400 1480/3/2400
f 1418/1/2401 1480/2/2401 1479/3/2401
f 1419/1/2402 1420/2/2402 1480/3/2402
f 1420/1/2403 1481/2/2403 1480/3/2403
f 1420/1/2404 1421/2/2404 1482/3/2404
f 1420/1/2405 1482/2/2405 1481/3/2405
f 1421/1/2406 1422/2/2406 1482/3/2406
f 1422/1/2407 1483/2/2407 1482/3/2407
f 1422/1/2408 1423/2/2408 1484/3/2408
f 1422/1/2409 1484/2/2409 1483/3/2409
f 1423/1/2410 1424/2/2410 1484/3/2410
f 1424/1/2411 1485/2/2411 1484/3/2411
f 1424/1/2412 1425/2/2412 1486/3/2412
f 1424/1/2413 1486/2/2413 1485/3/2413
f 1425/1/2414 1426/2/2414 1486/3/2414
f 1426/1/2415 1487/2/2415 1486/3/2415
f 1426/1/2416 1427/2/2416 1488/3/2416
f 1426/1/2417 1488/2/2417 1487/3/2417
f 1427/1/2418 1428/2/2418 1488/3/2418
f 1428/1/2419 1489/2/2419 1488/3/2419
f 1428/1/2420 1429/2/2420 1490/3/2420
f 1428/1/2421 1490/2/2421 1489/3/2421
f 1429/1/2422 1430/2/2422 1490/3/2422
f 1430/1/2423 1491/2/2423 1490/3/2423
f 1430/1/2424 1431/2/2424 1492/3/2424
f 1430/1/2425 1492/2/2425 1491/3/2425
f 1431/1/2426 1432/2/2426 1492/3/2426
f 1432/1/2427 1493/2/2427 1492/3/2427
f 1432/1/2428 1433/2/2428 1494/3/2428
f 1432/1/2429 1494/2/2429 1493/3/2429
f 1433/1/2430 1434/2/2430 1494/3/2430
f 1434/1/2431 1495/2/2431 1494/3/2431
f 1434/1/2432 1435/2/2432 1496/3/2432
f 1434/1/2433 1496/2/2433 1495/3/2433
f 1435/1/2434 1436/2/2434 1496/3/2434
f 1436/1/2435 1497/2/2435 1496/3/2435
f 1436/1/2436 1437/2/2436 1498/3/2436
f 1436/1/2437 1498/2/2437 1497/3/2437
f 1437/1/2438 1438/2/2438 1498/3/2438
f 1438/1/2439 1499/2/2439 1498/3/2439
f 1438/1/2440 1439/2/2440 1500/3/2440
f 1438/1/2441 1500/2/2441 1499/3/2441
f 1439/1/2442 1440/2/2442 1500/3/2442
f 1440/1/2443 1501/2/2443 1500/3/2443
f 1440/4/2444 1441/5/2444 1502/6/2444
f 1440/4/2445 1502/5/2445 1501/6/2445
f 1441/1/2446 1442/2/2446 1502/3/2446
f 1442/1/2447 1503/2/2447 1502/3/2447
f 1442/1/2448 1443/2/2448 1504/3/2448
f 1442/1/2449 1504/2/2449 1503/3/2449
f 1443/1/2450 1444/2/2450 1504/3/2450
f 1444/1/2451 1505/2/2451 1504/3/2451
f 1444/1/2452 1445/2/2452 1506/3/2452
f 1444/1/2453 1506/2/2453 1505/3/2453
f 1445/1/2454 1446/2/2454 1506/3/2454
f 1446/1/2455 1507/2/2455 1506/3/2455
f 1446/4/2456 1447/5/2456 1508/6/2456
f 1446/1/2457 1508/2/2457 1507/3/2457
f 1447/1/2458 1448/2/2458 1508/3/2458
f 1448/1/2459 1509/2/2459 1508/3/2459
f 1448/1/2460 1449/2/2460 1510/3/2460
f 1448/4/2461 1510/5/2461 1509/6/2461
f 1449/4/2462 1450/5/2462 1510/6/2462
f 1450/1/2463 1511/2/2463 1510/3/2463
f 1450/1/2464 1451/2/2464 1512/3/2464
f 1450/1/2465 1512/2/2465 1511/3/2465
f 1451/1/2466 1452/2/2466 1512/3/2466
f 1452/1/2467 1513/2/2467 1512/3/2467
f 1452/1/2468 1453/2/2468 1514/3/2468
f 1452/1/2469 1514/2/2469 1513/3/2469
f 1453/1/2470 1454/2/2470 1514/3/2470
f 1454/1/2471 1515/2/2471 1514/3/2471
f 1454/1/2472 1455/2/2472 1516/3/2472
f 1454/1/2473 1516/2/2473 1515/3/2473
f 1455/1/2474 1456/2/2474 1516/3/2474
f 1456/1/2475 1517/2/2475 1516/3/2475
f 1456/1/2476 1457/2/2476 1518/3/2476
f 1456/1/2477 1518/2/2477 1517/3/2477
f 1457/1/2478 1458/2/2478 1518/3/2478
f 1458/1/2479 1519/2/2479 1518/3/2479
f 1458/1/2480 1459/2/2480 1520/3/2480
f 1458/1/2481 1520/2/2481 1519/3/2481
f 1459/1/2482 1460/2/2482 1520/3/2482
f 1460/1/2483 1521/2/2483 1520/3/2483
f 1460/1/2484 1461/2/2484 1522/3/2484
f 1460/1/2485 1522/2/2485 1521/3/2485
f 1461/1/2486 1462/2/2486 1522/3/2486
f 1462/1/2487 1523/2/2487 1522/3/2487
f 1462/1/2488 1463/2/2488 1524/3/2488
f 1462/1/2489 1524/2/2489 1523/3/2489
f 1463/1/2490 1464/2/2490 1524/3/2490
f 1464/1/2491 1525/2/2491 1524/3/2491
f 1465/1/2373 1466/2/2373 1526/3/2373
f 1466/1/2492 1527/2/2492 1526/3/2492
f 1466/1/2493 1467/2/2493 1528/3/2493
f 1466/1/2494 1528/2/2494 1527/3/2494
f 1467/1/2495 1468/2/2495 1528/3/2495
f 1468/1/2496 1529/2/2496 1528/3/2496
f 1468/1/2497 1469/2/2497 1530/3/2497
f 1468/1/2498 1530/2/2498 1529/3/2498
f 1469/1/2499 1470/2/2499 1530/3/2499
f 1470/1/2500 1531/2/2500 1530/3/2500
f 1470/1/2501 1471/2/2501 1532/3/2501
f 1470/1/2502 1532/2/2502 1531/3/2502
f 1471/1/2503 1472/2/2503 1532/3/2503
f 1472/1/2504 1533/2/2504 1532/3/2504
f 1472/1/2505 1473/2/2505 1534/3/2505
f 1472/1/2506 1534/2/2506 1533/3/2506
f 1473/1/2507 1474/2/2507 1534/3/2507
f 1474/1/2508 1535/2/2508 1534/3/2508
f 1474/1/2509 1475/2/2509 1536/3/2509
f 1474/1/2510 1536/2/2510 1535/3/2510
f 1475/1/2511 1476/2/2511 1536/3/2511
f 1476/1/2512 1537/2/2512 1536/3/2512
f 1476/1/2513 1477/2/2513 1538/3/2513
f 1476/1/2514 1538/2/2514 1537/3/2514
f 1477/1/2515 1478/2/2515 1538/3/2515
f 1478/1/2516 1539/2/2516 1538/3/2516
f 1478/1/2517 1479/2/2517 1540/3/2517
f 1478/1/2518 1540/2/2518 1539/3/2518
f 1479/1/2519 1480/2/2519 1540/3/2519
f 1480/1/2520 1541/2/2520 1540/3/2520
f 1480/1/2521 1481/2/2521 1542/3/2521
f 1480/1/2522 1542/2/2522 1541/3/2522
f 1481/1/2523 1482/2/2523 1542/3/2523
f 1482/1/2524 1543/2/2524 1542/3/2524
f 1482/1/2525 1483/2/2525 1544/3/2525
f 1482/1/2526 1544/2/2526 1543/3/2526
f 1483/1/2527 1484/2/2527 1544/3/2527
f 1484/1/2528 1545/2/2528 1544/3/2528
f 1484/1/2529 1485/2/2529 1546/3/2529
f 1484/1/2530 1546/2/2530 1545/3/2530
f 1485/1/2531 1486/2/2531 1546/3/2531
f 1486/1/2532 1547/2/2532 1546/3/2532
f 1486/1/2533 1487/2/2533 1548/3/2533
f 1486/1/2534 1548/2/2534 1547/3/2534
f 1487/1/2535 1488/2/2535 1548/3/2535
f 1488/1/2536 1549/2/2536 1548/3/2536
f 1488/1/2537 1489/2/2537 1550/3/2537
f 1488/1/2538 1550/2/2538 1549/3/2538
f 1489/1/2539 1490/2/2539 1550/3/2539
f 1490/1/2540 1551/2/2540 1550/3/2540
f 1490/1/2541 1491/2/2541 1552/3/2541
f 1490/1/2542 1552/2/2542 1551/3/2542
f 1491/1/2543 1492/2/2543 1552/3/2543
f 1492/1/2544 1553/2/2544 1552/3/2544
f 1492/1/2545 1493/2/2545 1554/3/2545
f 1492/1/2546 1554/2/2546 1553/3/2546
f 1493/1/2547 1494/2/2547 1554/3/2547
f 1494/1/2548 1555/2/2548 1554/3/2548
f 1494/1/2549 1495/2/2549 1556/3/2549
f 1494/1/2550 1556/2/2550 1555/3/2550
f 1495/1/2551 1496/2/2551 1556/3/2551
f 1496/1/2552 1557/2/2552 1556/3/2552
f 1496/1/2553 1497/2/2553 1558/3/2553
f 1496/1/2554 1558/2/2554 1557/3/2554
f 1497/1/2555 1498/2/2555 1558/3/2555
f 1498/1/2556 1559/2/2556 1558/3/2556
f 1498/1/2557 1499/2/2557 1560/3/2557
f 1498/1/2558 1560/2/2558 1559/3/2558
f 1499/1/2559 1500/2/2559 1560/3/2559
f 1500/1/2560 1561/2/2560 1560/3/2560
f 1500/1/2561 1501/2/2561 1562/3/2561
f 1500/1/2562 1562/2/2562 1561/3/2562
f 1501/4/2563 1502/5/2563 1562/6/2563
f 1502/1/2564 1563/2/2564 1562/3/2564
f 1502/1/2565 1503/2/2565 1564/3/2565
f 1502/1/2566 1564/2/2566 1563/3/2566
f 1503/1/2567 1504/2/2567 1564/3/2567
f 1504/1/2568 1565/2/2568 1564/3/2568
f 1504/1/2569 1505/2/2569 1566/3/2569
f 1504/4/2570 1566/5/2570 1565/6/2570
f 1505/1/2571 1506/2/2571 1566/3/2571
f 1506/1/2572 1567/2/2572 1566/3/2572
f 1506/1/2573 1507/2/2573 1568/3/2573
f 1506/1/2574 1568/2/2574 1567/3/2574
f 1507/1/2575 1508/2/2575 1568/3/2575
f 1508/1/2576 1569/2/2576 1568/3/2576
f 1508/1/2577 1509/2/2577 1570/3/2577
f 1508/1/2578 1570/2/2578 1569/3/2578
f 1509/4/2579 1510/5/2579 1570/6/2579
f 1510/4/2580 1571/5/2580 1570/6/2580
f 1510/1/2581 1511/2/2581 1572/3/2581
f 1510/1/2582 1572/2/2582 1571/3/2582
f 1511/1/2583 1512/2/2583 1572/3/2583
f 1512/1/2584 1573/2/2584 1572/3/2584
f 1512/1/2585 1513/2/2585 1574/3/2585
f 1512/1/2586 1574/2/2586 1573/3/2586
f 1513/1/2587 1514/2/2587 1574/3/2587
f 1514/1/2588 1575/2/2588 1574/3/2588
f 1514/1/2589 1515/2/2589 1576/3/2589
f 1514/1/2590 1576/2/2590 1575/3/2590
f 1515/1/2591 1516/2/2591 1576/3/2591
f 1516/1/2592 1577/2/2592 1576/3/2592
f 1516/1/2593 1517/2/2593 1578/3/2593
f 1516/1/2594 1578/2/2594 1577/3/2594
f 1517/1/2595 1518/2/2595 1578/3/2595
f 1518/1/2596 1579/2/2596 1578/3/2596
f 1518/1/2597 1519/2/2597 1580/3/2597
f 1518/1/2598 1580/2/2598 1579/3/2598
f 1519/1/2599 1520/2/2599 1580/3/2599
f 1520/1/2600 1581/2/2600 1580/3/2600
f 1520/1/2601 1521/2/2601 1582/3/2601
f 1520/1/2602 1582/2/2602 1581/3/2602
f 1521/1/2603 1522/2/2603 1582/3/2603
f 1522/1/2604 1583/2/2604 1582/3/2604
f 1522/1/2605 1523/2/2605 1584/3/2605
f 1522/1/2606 1584/2/2606 1583/3/2606
f 1523/1/2607 1524/2/2607 1584/3/2607
f 1524/1/2608 1585/2/2608 1584/3/2608
f 1524/1/2491 1525/2/2491 1586/3/2491
f 1524/1/2609 1586/2/2609 1585/3/2609
f 1526/1/2610 1527/2/2610 1588/3/2610
f 1526/1/2611 1588/2/2611 1587/3/2611
f 1527/1/2612 1528/2/2612 1588/3/2612
f 1528/1/2613 1589/2/2613 1588/3/2613
f 1528/1/2614 1529/2/2614 1590/3/2614
f 1528/1/2615 1590/2/2615 1589/3/2615
f 1529/1/2616 1530/2/2616 1590/3/2616
f 1530/1/2617 1591/2/2617 1590/3/2617
f 1530/1/2618 1531/2/2618 1592/3/2618
f 1530/1/2619 1592/2/2619 1591/3/2619
f 1531/1/2620 1532/2/2620 1592/3/2620
f 1532/1/2621 1593/2/2621 1592/3/2621
f 1532/1/2622 1533/2/2622 1594/3/2622
f 1532/1/2623 1594/2/2623 1593/3/2623
f 1533/1/2624 1534/2/2624 1594/3/2624
f 1534/1/2625 1595/2/2625 1594/3/2625
f 1534/1/2626 1535/2/2626 1596/3/2626
f 1534/1/2627 1596/2/2627 1595/3/2627
f 1535/1/2628 1536/2/2628 1596/3/2628
f 1536/1/2629 1597/2/2629 1596/3/2629
f 1536/1/2630 1537/2/2630 1598/3/2630
f 1536/1/2631 1598/2/2631 1597/3/2631
f 1537/1/2632 1538/2/2632 1598/3/2632
f 1538/1/2633 1599/2/2633 1598/3/2633
f 1538/1/2634 1539/2/2634 1600/3/2634
f 1538/1/2635 1600/2/2635 1599/3/2635
f 1539/1/2636 1540/2/2636 1600/3/2636
f 1540/1/2637 1601/2/2637 1600/3/2637
f 1540/1/2638 1541/2/2638 1602/3/2638
f 1540/1/2639 1602/2/2639 1601/3/2639
f 1541/1/2640 1542/2/2640 1602/3/2640
f 1542/1/2641 1603/2/2641 1602/3/2641
f 1542/1/2642 1543/2/2642 1604/3/2642
f 1542/1/2643 1604/2/2643 1603/3/2643
f 1543/1/2644 1544/2/2644 1604/3/2644
f 1544/1/2645 1605/2/2645 1604/3/2645
f 1544/1/2646 1545/2/2646 1606/3/2646
f 1544/1/2647 1606/2/2647 1605/3/2647
f 1545/1/2648 1546/2/2648 1606/3/2648
f 1546/1/2649 1607/2/2649 1606/3/2649
f 1546/1/2650 1547/2/2650 1608/3/2650
f 1546/1/2651 1608/2/2651 1607/3/2651
f 1547/1/2652 1548/2/2652 1608/3/2652
f 1548/1/2653 1609/2/2653 1608/3/2653
f 1548/1/2654 1549/2/2654 1610/3/2654
f 1548/1/2655 1610/2/2655 1609/3/2655
f 1549/1/2656 1550/2/2656 1610/3/2656
f 1550/4/2657 1611/5/2657 1610/6/2657
f 1550/1/2658 1551/2/2658 1612/3/2658
f 1550/1/2659 1612/2/2659 1611/3/2659
f 1551/1/2660 1552/2/2660 1612/3/2660
f 1552/1/2661 1613/2/2661 1612/3/2661
f 1552/1/2662 1553/2/2662 1614/3/2662
f 1552/4/2663 1614/5/2663 1613/6/2663
f 1553/1/2664 1554/2/2664 1614/3/2664
f 1554/1/2665 1615/2/2665 1614/3/2665
f 1554/1/2666 1555/2/2666 1616/3/2666
f 1554/1/2667 1616/2/2667 1615/3/2667
f 1555/1/2668 1556/2/2668 1616/3/2668
f 1556/1/2669 1617/2/2669 1616/3/2669
f 1556/1/2670 1557/2/2670 1618/3/2670
f 1556/1/2671 1618/2/2671 1617/3/2671
f 1557/1/2672 1558/2/2672 1618/3/2672
f 1558/1/2673 1619/2/2673 1618/3/2673
f 1558/1/2674 1559/2/2674 1620/3/2674
f 1558/1/2675 1620/2/2675 1619/3/2675
f 1559/1/2676 1560/2/2676 1620/3/2676
f 1560/1/2677 1621/2/2677 1620/3/2677
f 1560/1/2678 1561/2/2678 1622/3/2678
f 1560/1/2679 1622/2/2679 1621/3/2679
f 1561/1/2680 1562/2/2680 1622/3/2680
f 1562/1/2681 1623/2/2681 1622/3/2681
f 1562/1/2682 1563/2/2682 1624/3/2682
f 1562/1/2683 1624/2/2683 1623/3/2683
f 1563/1/2684 1564/2/2684 1624/3/2684
f 1564/1/2685 1625/2/2685 1624/3/2685
f 1564/1/2686 1565/2/2686 1626/3/2686
f 1564/1/2687 1626/2/2687 1625/3/2687
f 1565/4/2688 1566/5/2688 1626/6/2688
f 1566/1/2689 1627/2/2689 1626/3/2689
f 1566/1/2690 1567/2/2690 1628/3/2690
f 1566/1/2691 1628/2/2691 1627/3/2691
f 1567/1/2692 1568/2/2692 1628/3/2692
f 1568/1/2693 1629/2/2693 1628/3/2693
f 1568/1/2694 1569/2/2694 1630/3/2694
f 1568/1/2695 1630/2/2695 1629/3/2695
f 1569/1/2696 1570/2/2696 1630/3/2696
f 1570/1/2697 1631/2/2697 1630/3/2697
f 1570/4/2698 1571/5/2698 1632/6/2698
f 1570/1/2699 1632/2/2699 1631/3/2699
f 1571/1/2700 1572/2/2700 1632/3/2700
f 1572/1/2701 1633/2/2701 1632/3/2701
f 1572/1/2702 1573/2/2702 1634/3/2702
f 1572/1/2703 1634/2/2703 1633/3/2703
f 1573/1/2704 1574/2/2704 1634/3/2704
f 1574/1/2705 1635/2/2705 1634/3/2705
f 1574/1/2706 1575/2/2706 1636/3/2706
f 1574/1/2707 1636/2/2707 1635/3/2707
f 1575/1/2708 1576/2/2708 1636/3/2708
f 1576/1/2709 1637/2/2709 1636/3/2709
f 1576/1/2710 1577/2/2710 1638/3/2710
f 1576/1/2711 1638/2/2711 1637/3/2711
f 1577/1/2712 1578/2/2712 1638/3/2712
f 1578/1/2713 1639/2/2713 1638/3/2713
f 1578/1/2714 1579/2/2714 1640/3/2714
f 1578/1/2715 1640/2/2715 1639/3/2715
f 1579/1/2716 1580/2/2716 1640/3/2716
f 1580/1/2717 1641/2/2717 1640/3/2717
f 1580/1/2718 1581/2/2718 1642/3/2718
f 1580/1/2719 1642/2/2719 1641/3/2719
f 1581/1/2720 1582/2/2720 1642/3/2720
f 1582/1/2721 1643/2/2721 1642/3/2721
f 1582/1/2722 1583/2/2722 1644/3/2722
f 1582/1/2723 1644/2/2723 1643/3/2723
f 1583/1/2724 1584/2/2724 1644/3/2724
f 1584/1/2725 1645/2/2725 1644/3/2725
f 1584/1/2726 1585/2/2726 1646/3/2726
f 1584/1/2727 1646/2/2727 1645/3/2727
f 1585/1/2728 1586/2/2728 1646/3/2728
f 1586/1/2729 1647/2/2729 1646/3/2729
f 1587/1/2611 1588/2/2611 1648/3/2611
f 1588/1/2730 1649/2/2730 1648/3/2730
f 1588/1/2731 1589/2/2731 1650/3/2731
f 1588/1/2732 1650/2/2732 1649/3/2732
f 1589/1/2733 1590/2/2733 1650/3/2733
f 1590/1/2734 1651/2/2734 1650/3/2734
f 1590/1/2735 1591/2/2735 1652/3/2735
f 1590/1/2736 1652/2/2736 1651/3/2736
f 1591/1/2737 1592/2/2737 1652/3/2737
f 1592/1/2738 1653/2/2738 1652/3/2738
f 1592/1/2739 1593/2/2739 1654/3/2739
f 1592/1/2740 1654/2/2740 1653/3/2740
f 1593/1/2741 1594/2/2741 1654/3/2741
f 1594/1/2742 1655/2/2742 1654/3/2742
f 1594/1/2743 1595/2/2743 1656/3/2743
f 1594/1/2744 1656/2/2744 1655/3/2744
f 1595/1/2745 1596/2/2745 1656/3/2745
f 1596/1/2746 1657/2/2746 1656/3/2746
f 1596/1/2747 1597/2/2747 1658/3/2747
f 1596/1/2748 1658/2/2748 1657/3/2748
f 1597/1/2749 1598/2/2749 1658/3/2749
f 1598/1/2750 1659/2/2750 1658/3/2750
f 1598/1/2751 1599/2/2751 1660/3/2751
f 1598/1/2752 1660/2/2752 1659/3/2752
f 1599/1/2753 1600/2/2753 1660/3/2753
f 1600/1/2754 1661/2/2754 1660/3/2754
f 1600/1/2755 1601/2/2755 1662/3/2755
f 1600/1/2756 1662/2/2756 1661/3/2756
f 1601/4/2757 1602/5/2757 1662/6/2757
f 1602/1/2758 1663/2/2758 1662/3/2758
f 1602/1/2759 1603/2/2759 1664/3/2759
f 1602/1/2760 1664/2/2760 1663/3/2760
f 1603/1/2761 1604/2/2761 1664/3/2761
f 1604/1/2762 1665/2/2762 1664/3/2762
f 1604/1/2763 1605/2/2763 1666/3/2763
f 1604/1/2764 1666/2/2764 1665/3/2764
f 1605/1/2765 1606/2/2765 1666/3/2765
f 1606/1/2766 1667/2/2766 1666/3/2766
f 1606/1/2767 1607/2/2767 1668/3/2767
f 1606/1/2768 1668/2/2768 1667/3/2768
f 1607/1/2769 1608/2/2769 1668/3/2769
f 1608/1/2770 1669/2/2770 1668/3/2770
f 1608/1/2771 1609/2/2771 1670/3/2771
f 1608/1/2772 1670/2/2772 1669/3/2772
f 1609/1/2773 1610/2/2773 1670/3/2773
f 1610/1/2774 1671/2/2774 1670/3/2774
f 1610/4/2775 1611/5/2775 1672/6/2775
f 1610/1/2776 1672/2/2776 1671/3/2776
f 1611/1/2777 1612/2/2777 1672/3/2777
f 1612/1/2778 1673/2/2778 1672/3/2778
f 1612/1/2779 1613/2/2779 1674/3/2779
f 1612/1/2780 1674/2/2780 1673/3/2780
f 1613/1/2781 1614/2/2781 1674/3/2781
f 1614/1/2782 1675/2/2782 1674/3/2782
f 1614/1/2783 1615/2/2783 1676/3/2783
f 1614/1/2784 1676/2/2784 1675/3/2784
f 1615/1/2785 1616/2/2785 1676/3/2785
f 1616/1/2786 1677/2/2786 1676/3/2786
f 1616/1/2787 1617/2/2787 1678/3/2787
f 1616/1/2788 1678/2/2788 1677/3/2788
f 1617/4/2789 1618/5/2789 1678/6/2789
f 1618/4/2790 1679/5/2790 1678/6/2790
f 1618/1/2791 1619/2/2791 1680/3/2791
f 1618/4/2792 1680/5/2792 1679/6/2792
f 1619/1/2793 1620/2/2793 1680/3/2793
f 1620/1/2794 1681/2/2794 1680/3/2794
f 1620/1/2795 1621/2/2795 1682/3/2795
f 1620/1/2796 1682/2/2796 1681/3/2796
f 1621/1/2797 1622/2/2797 1682/3/2797
f 1622/1/2798 1683/2/2798 1682/3/2798
f 1622/1/2799 1623/2/2799 1684/3/2799
f 1622/1/2800 1684/2/2800 1683/3/2800
f 1623/1/2801 1624/2/2801 1684/3/2801
f 1624/4/2802 1685/5/2802 1684/6/2802
f 1624/1/2803 1625/2/2803 1686/3/2803
f 1624/1/2804 1686/2/2804 1685/3/2804
f 1625/1/2805 1626/2/2805 1686/3/2805
f 1626/1/2806 1687/2/2806 1686/3/2806
f 1626/1/2807 1627/2/2807 1688/3/2807
f 1626/1/2808 1688/2/2808 1687/3/2808
f 1627/1/2809 1628/2/2809 1688/3/2809
f 1628/1/2810 1689/2/2810 1688/3/2810
f 1628/1/2811 1629/2/2811 1690/3/2811
f 1628/4/2812 1690/5/2812 1689/6/2812
f 1629/1/2813 1630/2/2813 1690/3/2813
f 1630/1/2814 1691/2/2814 1690/3/2814
f 1630/1/2815 1631/2/2815 1692/3/2815
f 1630/1/2816 1692/2/2816 1691/3/2816
f 1631/1/2817 1632/2/2817 1692/3/2817
f 1632/1/2818 1693/2/2818 1692/3/2818
f 1632/1/2819 1633/2/2819 1694/3/2819
f 1632/4/2820 1694/5/2820 1693/6/2820
f 1633/1/2821 1634/2/2821 1694/3/2821
f 1634/1/2822 1695/2/2822 1694/3/2822
f 1634/1/2823 1635/2/2823 1696/3/2823
f 1634/1/2824 1696/2/2824 1695/3/2824
f 1635/1/2825 1636/2/2825 1696/3/2825
f 1636/1/2826 1697/2/2826 1696/3/2826
f 1636/1/2827 1637/2/2827 1698/3/2827
f 1636/1/2828 1698/2/2828 1697/3/2828
f 1637/1/2829 1638/2/2829 1698/3/2829
f 1638/1/2830 1699/2/2830 1698/3/2830
f 1638/1/2831 1639/2/2831 1700/3/2831
f 1638/1/2832 1700/2/2832 1699/3/2832
f 1639/1/2833 1640/2/2833 1700/3/2833
f 1640/1/2834 1701/2/2834 1700/3/2834
f 1640/1/2835 1641/2/2835 1702/3/2835
f 1640/1/2836 1702/2/2836 1701/3/2836
f 1641/1/2837 1642/2/2837 1702/3/2837
f 1642/1/2838 1703/2/2838 1702/3/2838
f 1642/1/2839 1643/2/2839 1704/3/2839
f 1642/1/2840 1704/2/2840 1703/3/2840
f 1643/1/2841 1644/2/2841 1704/3/2841
f 1644/1/2842 1705/2/2842 1704/3/2842
f 1644/1/2843 1645/2/2843 1706/3/2843
f 1644/1/2844 1706/2/2844 1705/3/2844
f 1645/1/2845 1646/2/2845 1706/3/2845
f 1646/1/2846 1707/2/2846 1706/3/2846
f 1646/1/2729 1647/2/2729 1708/3/2729
f 1646/1/2847 1708/2/2847 1707/3/2847
f 1648/1/2848 1649/2/2848 1710/3/2848
f 1648/1/2849 1710/2/2849 1709/3/2849
f 1649/1/2850 1650/2/2850 1710/3/2850
f 1650/1/2851 1711/2/2851 1710/3/2851
f 1650/1/2852 1651/2/2852 1712/3/2852
f 1650/1/2853 1712/2/2853 1711/3/2853
f 1651/1/2854 1652/2/2854 1712/3/2854
f 1652/1/2855 1713/2/2855 1712/3/2855
f 1652/1/2856 1653/2/2856 1714/3/2856
f 1652/1/2857 1714/2/2857 1713/3/2857
f 1653/1/2858 1654/2/2858 1714/3/2858
f 1654/1/2859 1715/2/2859 1714/3/2859
f 1654/1/2860 1655/2/2860 1716/3/2860
f 1654/1/2861 1716/2/2861 1715/3/2861
f 1655/1/2862 1656/2/2862 1716/3/2862
f 1656/1/2863 1717/2/2863 1716/3/2863
f 1656/1/2864 1657/2/2864 1718/3/2864
f 1656/1/2865 1718/2/2865 1717/3/2865
f 1657/1/2866 1658/2/2866 1718/3/2866
f 1658/1/2867 1719/2/2867 1718/3/2867
f 1658/1/2868 1659/2/2868 1720/3/2868
f 1658/1/2869 1720/2/2869 1719/3/2869
f 1659/1/2870 1660/2/2870 1720/3/2870
f 1660/1/2871 1721/2/2871 1720/3/2871
f 1660/1/2872 1661/2/2872 1722/3/2872
f 1660/1/2873 1722/2/2873 1721/3/2873
f 1661/1/2874 1662/2/2874 1722/3/2874
f 1662/1/2875 1723/2/2875 1722/3/2875
f 1662/1/2876 1663/2/2876 1724/3/2876
f 1662/1/2877 1724/2/2877 1723/3/2877
f 1663/1/2878 1664/2/2878 1724/3/2878
f 1664/1/2879 1725/2/2879 1724/3/2879
f 1664/4/2880 1665/5/2880 1726/6/2880
f 1664/1/2881 1726/2/2881 1725/3/2881
f 1665/4/2882 1666/5/2882 1726/6/2882
f 1666/4/2883 1727/5/2883 1726/6/2883
f 1666/1/2884 1667/2/2884 1728/3/2884
f 1666/4/2885 1728/5/2885 1727/6/2885
f 1667/1/2886 1668/2/2886 1728/3/2886
f 1668/4/2887 1729/5/2887 1728/6/2887
f 1668/1/2888 1669/2/2888 1730/3/2888
f 1668/1/2889 1730/2/2889 1729/3/2889
f 1669/1/2890 1670/2/2890 1730/3/2890
f 1670/1/2891 1731/2/2891 1730/3/2891
f 1670/1/2892 1671/2/2892 1732/3/2892
f 1670/1/2893 1732/2/2893 1731/3/2893
f 1671/1/2894 1672/2/2894 1732/3/2894
f 1672/1/2895 1733/2/2895 1732/3/2895
f 1672/1/2896 1673/2/2896 1734/3/2896
f 1672/1/2897 1734/2/2897 1733/3/2897
f 1673/1/2898 1674/2/2898 1734/3/2898
f 1674/1/2899 1735/2/2899 1734/3/2899
f 1674/1/2900 1675/2/2900 1736/3/2900
f 1674/1/2901 1736/2/2901 1735/3/2901
f 1675/1/2902 1676/2/2902 1736/3/2902
f 1676/4/2903 1737/5/2903 1736/6/2903
f 1676/4/2904 1677/5/2904 1738/6/2904
f 1676/4/2905 1738/5/2905 1737/6/2905
f 1677/4/2906 1678/5/2906 1738/6/2906
f 1678/1/2907 1739/2/2907 1738/3/2907
f 1678/1/2908 1679/2/2908 1740/3/2908
f 1678/4/2909 1740/5/2909 1739/6/2909
f 1679/1/2910 1680/2/2910 1740/3/2910
f 1680/4/2911 1741/5/2911 1740/6/2911
f 1680/1/2912 1681/2/2912 1742/3/2912
f 1680/1/2913 1742/2/2913 1741/3/2913
f 1681/1/2914 1682/2/2914 1742/3/2914
f 1682/4/2915 1743/5/2915 1742/6/2915
f 1682/1/2916 1683/2/2916 1744/3/2916
f 1682/1/2917 1744/2/2917 1743/3/2917
f 1683/1/2918 1684/2/2918 1744/3/2918
f 1684/1/2919 1745/2/2919 1744/3/2919
f 1684/4/2920 1685/5/2920 1746/6/2920
f 1684/1/2921 1746/2/2921 1745/3/2921
f 1685/1/2922 1686/2/2922 1746/3/2922
f 1686/4/2923 1747/5/2923 1746/6/2923
f 1686/4/2924 1687/5/2924 1748/6/2924
f 1686/4/2925 1748/5/2925 1747/6/2925
f 1687/4/2926 1688/5/2926 1748/6/2926
f 1688/4/2927 1749/5/2927 1748/6/2927
f 1688/4/2928 1689/5/2928 1750/6/2928
f 1688/4/2929 1750/5/2929 1749/6/2929
f 1689/4/2930 1690/5/2930 1750/6/2930
f 1690/4/2931 1751/5/2931 1750/6/2931
f 1690/4/2932 1691/5/2932 1752/6/2932
f 1690/4/2933 1752/5/2933 1751/6/2933
f 1691/4/2934 1692/5/2934 1752/6/2934
f 1692/4/2935 1753/5/2935 1752/6/2935
f 1692/1/2936 1693/2/2936 1754/3/2936
f 1692/1/2937 1754/2/2937 1753/3/2937
f 1693/1/2938 1694/2/2938 1754/3/2938
f 1694/4/2939 1755/5/2939 1754/6/2939
f 1694/1/2940 1695/2/2940 1756/3/2940
f 1694/1/2941 1756/2/2941 1755/3/2941
f 1695/1/2942 1696/2/2942 1756/3/2942
f 1696/1/2943 1757/2/2943 1756/3/2943
f 1696/1/2944 1697/2/2944 1758/3/2944
f 1696/1/2945 1758/2/2945 1757/3/2945
f 1697/1/2946 1698/2/2946 1758/3/2946
f 1698/1/2947 1759/2/2947 1758/3/2947
f 1698/1/2948 1699/2/2948 1760/3/2948
f 1698/1/2949 1760/2/2949 1759/3/2949
f 1699/1/2950 1700/2/2950 1760/3/2950
f 1700/1/2951 1761/2/2951 1760/3/2951
f 1700/1/2952 1701/2/2952 1762/3/2952
f 1700/1/2953 1762/2/2953 1761/3/2953
f 1701/1/2954 1702/2/2954 1762/3/2954
f 1702/1/2955 1763/2/2955 1762/3/2955
f 1702/1/2956 1703/2/2956 1764/3/2956
f 1702/1/2957 1764/2/2957 1763/3/2957
f 1703/1/2958 1704/2/2958 1764/3/2958
f 1704/1/2959 1765/2/2959 1764/3/2959
f 1704/1/2960 1705/2/2960 1766/3/2960
f 1704/1/2961 1766/2/2961 1765/3/2961
f 1705/1/2962 1706/2/2962 1766/3/2962
f 1706/1/2963 1767/2/2963 1766/3/2963
f 1706/1/2964 1707/2/2964 1768/3/2964
f 1706/1/2965 1768/2/2965 1767/3/2965
f 1707/1/2966 1708/2/2966 1768/3/2966
f 1708/1/2967 1769/2/2967 1768/3/2967
f 1709/1/2849 1710/2/2849 1770/3/2849
f 1710/1/2968 1771/2/2968 1770/3/2968
f 1710/1/2969 1711/2/2969 1772/3/2969
f 1710/1/2970 1772/2/2970 1771/3/2970
f 1711/1/2971 1712/2/2971 1772/3/2971
f 1712/1/2972 1773/2/2972 1772/3/2972
f 1712/1/2973 1713/2/2973 1774/3/2973
f 1712/1/2974 1774/2/2974 1773/3/2974
f 1713/1/2975 1714/2/2975 1774/3/2975
f 1714/1/2976 1775/2/2976 1774/3/2976
f 1714/1/2977 1715/2/2977 1776/3/2977
f 1714/1/2978 1776/2/2978 1775/3/2978
f 1715/1/2979 1716/2/2979 1776/3/2979
f 1716/1/2980 1777/2/2980 1776/3/2980
f 1716/1/2981 1717/2/2981 1778/3/2981
f 1716/1/2982 1778/2/2982 1777/3/2982
f 1717/1/2983 1718/2/2983 1778/3/2983
f 1718/1/2984 1779/2/2984 1778/3/2984
f 1718/1/2985 1719/2/2985 1780/3/2985
f 1718/1/2986 1780/2/2986 1779/3/2986
f 1719/1/2987 1720/2/2987 1780/3/2987
f 1720/1/2988 1781/2/2988 1780/3/2988
f 1720/1/2989 1721/2/2989 1782/3/2989
f 1720/1/2990 1782/2/2990 1781/3/2990
f 1721/1/2991 1722/2/2991 1782/3/2991
f 1722/1/2992 1783/2/2992 1782/3/2992
f 1722/4/2993 1723/5/2993 1784/6/2993
f 1722/1/2994 1784/2/2994 1783/3/2994
f 1723/4/2995 1724/5/2995 1784/6/2995
f 1724/1/2996 1785/2/2996 1784/3/2996
f 1724/1/2997 1725/2/2997 1786/3/2997
f 1724/1/2998 1786/2/2998 1785/3/2998
f 1725/1/2999 1726/2/2999 1786/3/2999
f 1726/1/3000 1787/2/3000 1786/3/3000
f 1726/4/3001 1727/5/3001 1788/6/3001
f 1726/4/3002 1788/5/3002 1787/6/3002
f 1727/4/3003 1728/5/3003 1788/6/3003
f 1728/4/3004 1789/5/3004 1788/6/3004
f 1728/1/3005 1729/2/3005 1790/3/3005
f 1728/4/3006 1790/5/3006 1789/6/3006
f 1729/1/3007 1730/2/3007 1790/3/3007
f 1730/1/3008 1791/2/3008 1790/3/3008
f 1730/1/3009 1731/2/3009 1792/3/3009
f 1730/1/3010 1792/2/3010 1791/3/3010
f 1731/1/3011 1732/2/3011 1792/3/3011
f 1732/1/3012 1793/2/3012 1792/3/3012
f 1732/1/3013 1733/2/3013 1794/3/3013
f 1732/1/3014 1794/2/3014 1793/3/3014
f 1733/1/3015 1734/2/3015 1794/3/3015
f 1734/1/3016 1795/2/3016 1794/3/3016
f 1734/1/3017 1735/2/3017 1796/3/3017
f 1734/4/3018 1796/5/3018 1795/6/3018
f 1735/1/3019 1736/2/3019 1796/3/3019
f 1736/1/3020 1797/2/3020 1796/3/3020
f 1736/4/3021 1737/5/3021 1798/6/3021
f 1736/4/3022 1798/5/3022 1797/6/3022
f 1737/4/3023 1738/5/3023 1798/6/3023
f 1738/1/3024 1799/2/3024 1798/3/3024
f 1738/1/3025 1739/2/3025 1800/3/3025
f 1738/4/3026 1800/5/3026 1799/6/3026
f 1739/4/3027 1740/5/3027 1800/6/3027
f 1740/4/3028 1801/5/3028 1800/6/3028
f 1740/4/3029 1741/5/3029 1802/6/3029
f 1740/1/3030 1802/2/3030 1801/3/3030
f 1741/1/3031 1742/2/3031 1802/3/3031
f 1742/1/3032 1803/2/3032 1802/3/3032
f 1742/4/3033 1743/5/3033 1804/6/3033
f 1742/4/3034 1804/5/3034 1803/6/3034
f 1743/1/3035 1744/2/3035 1804/3/3035
f 1744/4/3036 1805/5/3036 1804/6/3036
f 1744/1/3037 1745/2/3037 1806/3/3037
f 1744/1/3038 1806/2/3038 1805/3/3038
f 1745/1/3039 1746/2/3039 1806/3/3039
f 1746/1/3040 1807/2/3040 1806/3/3040
f 1746/1/3041 1747/2/3041 1808/3/3041
f 1746/1/3042 1808/2/3042 1807/3/3042
f 1747/1/3043 1748/2/3043 1808/3/3043
f 1748/1/3044 1809/2/3044 1808/3/3044
f 1748/1/3045 1749/2/3045 1810/3/3045
f 1748/1/3046 1810/2/3046 1809/3/3046
f 1749/1/3047 1750/2/3047 1810/3/3047
f 1750/1/3048 1811/2/3048 1810/3/3048
f 1750/1/3049 1751/2/3049 1812/3/3049
f 1750/1/3050 1812/2/3050 1811/3/3050
f 1751/4/3051 1752/5/3051 1812/6/3051
f 1752/4/3052 1813/5/3052 1812/6/3052
f 1752/4/3053 1753/5/3053 1814/6/3053
f 1752/4/3054 1814/5/3054 1813/6/3054
f 1753/1/3055 1754/2/3055 1814/3/3055
f 1754/4/3056 1815/5/3056 1814/6/3056
f 1754/4/3057 1755/5/3057 1816/6/3057
f 1754/4/3058 1816/5/3058 1815/6/3058
f 1755/1/3059 1756/2/3059 1816/3/3059
f 1756/1/3060 1817/2/3060 1816/3/3060
f 1756/1/3061 1757/2/3061 1818/3/3061
f 1756/1/3062 1818/2/3062 1817/3/3062
f 1757/1/3063 1758/2/3063 1818/3/3063
f 1758/1/3064 1819/2/3064 1818/3/3064
f 1758/1/3065 1759/2/3065 1820/3/3065
f 1758/1/3066 1820/2/3066 1819/3/3066
f 1759/1/3067 1760/2/3067 1820/3/3067
f 1760/1/3068 1821/2/3068 1820/3/3068
f 1760/1/3069 1761/2/3069 1822/3/3069
f 1760/1/3070 1822/2/3070 1821/3/3070
f 1761/1/3071 1762/2/3071 1822/3/3071
f 1762/1/3072 1823/2/3072 1822/3/3072
f 1762/1/3073 1763/2/3073 1824/3/3073
f 1762/1/3074 1824/2/3074 1823/3/3074
f 1763/1/3075 1764/2/3075 1824/3/3075
f 1764/1/3076 1825/2/3076 1824/3/3076
f 1764/1/3077 1765/2/3077 1826/3/3077
f 1764/1/3078 1826/2/3078 1825/3/3078
f 1765/1/3079 1766/2/3079 1826/3/3079
f 1766/1/3080 1827/2/3080 1826/3/3080
f 1766/1/3081 1767/2/3081 1828/3/3081
f 1766/1/3082 1828/2/3082 1827/3/3082
f 1767/1/3083 1768/2/3083 1828/3/3083
f 1768/1/3084 1829/2/3084 1828/3/3084
f 1768/1/2967 1769/2/2967 1830/3/2967
f 1768/1/3085 1830/2/3085 1829/3/3085
f 1770/1/3086 1771/2/3086 1832/3/3086
f 1770/1/3087 1832/2/3087 1831/3/3087
f 1771/1/3088 1772/2/3088 1832/3/3088
f 1772/1/3089 1833/2/3089 1832/3/3089
f 1772/1/3090 1773/2/3090 1834/3/3090
f 1772/1/3091 1834/2/3091 1833/3/3091
f 1773/1/3092 1774/2/3092 1834/3/3092
f 1774/1/3093 1835/2/3093 1834/3/3093
f 1774/1/3094 1775/2/3094 1836/3/3094
f 1774/1/3095 1836/2/3095 1835/3/3095
f 1775/1/3096 1776/2/3096 1836/3/3096
f 1776/1/3097 1837/2/3097 1836/3/3097
f 1776/1/3098 1777/2/3098 1838/3/3098
f 1776/1/3099 1838/2/3099 1837/3/3099
f 1777/1/3100 1778/2/3100 1838/3/3100
f 1778/1/3101 1839/2/3101 1838/3/3101
f 1778/1/3102 1779/2/3102 1840/3/3102
f 1778/1/3103 1840/2/3103 1839/3/3103
f 1779/1/3104 1780/2/3104 1840/3/3104
f 1780/1/3105 1841/2/3105 1840/3/3105
f 1780/1/3106 1781/2/3106 1842/3/3106
f 1780/1/3107 1842/2/3107 1841/3/3107
f 1781/1/3108 1782/2/3108 1842/3/3108
f 1782/1/3109 1843/2/3109 1842/3/3109
f 1782/1/3110 1783/2/3110 1844/3/3110
f 1782/1/3111 1844/2/3111 1843/3/3111
f 1783/1/3112 1784/2/3112 1844/3/3112
f 1784/1/3113 1845/2/3113 1844/3/3113
f 1784/1/3114 1785/2/3114 1846/3/3114
f 1784/1/3115 1846/2/3115 1845/3/3115
f 1785/1/3116 1786/2/3116 1846/3/3116
f 1786/1/3117 1847/2/3117 1846/3/3117
f 1786/1/3118 1787/2/3118 1848/3/3118
f 1786/1/3119 1848/2/3119 1847/3/3119
f 1787/4/3120 1788/5/3120 1848/6/3120
f 1788/1/3121 1849/2/3121 1848/3/3121
f 1788/4/3122 1789/5/3122 1850/6/3122
f 1788/4/3123 1850/5/3123 1849/6/3123
f 1789/4/3124 1790/5/3124 1850/6/3124
f 1790/4/3125 1851/5/3125 1850/6/3125
f 1790/1/3126 1791/2/3126 1852/3/3126
f 1790/1/3127 1852/2/3127 1851/3/3127
f 1791/1/3128 1792/2/3128 1852/3/3128
f 1792/1/3129 1853/2/3129 1852/3/3129
f 1792/1/3130 1793/2/3130 1854/3/3130
f 1792/1/3131 1854/2/3131 1853/3/3131
f 1793/1/3132 1794/2/3132 1854/3/3132
f 1794/1/3133 1855/2/3133 1854/3/3133
f 1794/1/3134 1795/2/3134 1856/3/3134
f 1794/1/3135 1856/2/3135 1855/3/3135
f 1795/4/3136 1796/5/3136 1856/6/3136
f 1796/4/3137 1857/5/3137 1856/6/3137
f 1796/1/3138 1797/2/3138 1858/3/3138
f 1796/1/3139 1858/2/3139 1857/3/3139
f 1797/4/3140 1798/5/3140 1858/6/3140
f 1798/4/3141 1859/5/3141 1858/6/3141
f 1798/1/3142 1799/2/3142 1860/3/3142
f 1798/4/3143 1860/5/3143 1859/6/3143
f 1799/4/3144 1800/5/3144 1860/6/3144
f 1800/1/3145 1861/2/3145 1860/3/3145
f 1800/4/3146 1801/5/3146 1862/6/3146
f 1800/1/3147 1862/2/3147 1861/3/3147
f 1801/1/3148 1802/2/3148 1862/3/3148
f 1802/1/3149 1863/2/3149 1862/3/3149
f 1802/1/3150 1803/2/3150 1864/3/3150
f 1802/1/3151 1864/2/3151 1863/3/3151
f 1803/1/3152 1804/2/3152 1864/3/3152
f 1804/1/3153 1865/2/3153 1864/3/3153
f 1804/4/3154 1805/5/3154 1866/6/3154
f 1804/4/3155 1866/5/3155 1865/6/3155
f 1805/1/3156 1806/2/3156 1866/3/3156
f 1806/1/3157 1867/2/3157 1866/3/3157
f 1806/1/3158 1807/2/3158 1868/3/3158
f 1806/1/3159 1868/2/3159 1867/3/3159
f 1807/1/3160 1808/2/3160 1868/3/3160
f 1808/1/3161 1869/2/3161 1868/3/3161
f 1808/1/3162 1809/2/3162 1870/3/3162
f 1808/4/3163 1870/5/3163 1869/6/3163
f 1809/1/3164 1810/2/3164 1870/3/3164
f 1810/1/3165 1871/2/3165 1870/3/3165
f 1810/1/3166 1811/2/3166 1872/3/3166
f 1810/1/3167 1872/2/3167 1871/3/3167
f 1811/1/3168 1812/2/3168 1872/3/3168
f 1812/1/3169 1873/2/3169 1872/3/3169
f 1812/4/3170 1813/5/3170 1874/6/3170
f 1812/1/3171 1874/2/3171 1873/3/3171
f 1813/4/3172 1814/5/3172 1874/6/3172
f 1814/4/3173 1875/5/3173 1874/6/3173
f 1814/4/3174 1815/5/3174 1876/6/3174
f 1814/4/3175 1876/5/3175 1875/6/3175
f 1815/4/3176 1816/5/3176 1876/6/3176
f 1816/4/3177 1877/5/3177 1876/6/3177
f 1816/4/3178 1817/5/3178 1878/6/3178
f 1816/1/3179 1878/2/3179 1877/3/3179
f 1817/1/3180 1818/2/3180 1878/3/3180
f 1818/1/3181 1879/2/3181 1878/3/3181
f 1818/1/3182 1819/2/3182 1880/3/3182
f 1818/1/3183 1880/2/3183 1879/3/3183
f 1819/1/3184 1820/2/3184 1880/3/3184
f 1820/1/3185 1881/2/3185 1880/3/3185
f 1820/1/3186 1821/2/3186 1882/3/3186
f 1820/1/3187 1882/2/3187 1881/3/3187
f 1821/1/3188 1822/2/3188 1882/3/3188
f 1822/1/3189 1883/2/3189 1882/3/3189
f 1822/1/3190 1823/2/3190 1884/3/3190
f 1822/1/3191 1884/2/3191 1883/3/3191
f 1823/1/3192 1824/2/3192 1884/3/3192
f 1824/1/3193 1885/2/3193 1884/3/3193
f 1824/1/3194 1825/2/3194 1886/3/3194
f 1824/1/3195 1886/2/3195 1885/3/3195
f 1825/1/3196 1826/2/3196 1886/3/3196
f 1826/1/3197 1887/2/3197 1886/3/3197
f 1826/1/3198 1827/2/3198 1888/3/3198
f 1826/1/3199 1888/2/3199 1887/3/3199
f 1827/1/3200 1828/2/3200 1888/3/3200
f 1828/1/3201 1889/2/3201 1888/3/3201
f 1828/1/3202 1829/2/3202 1890/3/3202
f 1828/1/3203 1890/2/3203 1889/3/3203
f 1829/1/3204 1830/2/3204 1890/3/3204
f 1830/1/3205 1891/2/3205 1890/3/3205
f 1831/1/3087 1832/2/3087 1892/3/3087
f 1832/1/3206 1893/2/3206 1892/3/3206
f 1832/1/3207 1833/2/3207 1894/3/3207
f 1832/1/3208 1894/2/3208 1893/3/3208
f 1833/1/3209 1834/2/3209 1894/3/3209
f 1834/1/3210 1895/2/3210 1894/3/3210
f 1834/1/3211 1835/2/3211 1896/3/3211
f 1834/1/3212 1896/2/3212 1895/3/3212
f 1835/1/3213 1836/2/3213 1896/3/3213
f 1836/1/3214 1897/2/3214 1896/3/3214
f 1836/1/3215 1837/2/3215 1898/3/3215
f 1836/1/3216 1898/2/3216 1897/3/3216
f 1837/1/3217 1838/2/3217 1898/3/3217
f 1838/1/3218 1899/2/3218 1898/3/3218
f 1838/1/3219 1839/2/3219 1900/3/3219
f 1838/1/3220 1900/2/3220 1899/3/3220
f 1839/1/3221 1840/2/3221 1900/3/3221
f 1840/1/3222 1901/2/3222 1900/3/3222
f 1840/1/3223 1841/2/3223 1902/3/3223
f 1840/1/3224 1902/2/3224 1901/3/3224
f 1841/1/3225 1842/2/3225 1902/3/3225
f 1842/1/3226 1903/2/3226 1902/3/3226
f 1842/1/3227 1843/2/3227 1904/3/3227
f 1842/1/3228 1904/2/3228 1903/3/3228
f 1843/1/3229 1844/2/3229 1904/3/3229
f 1844/1/3230 1905/2/3230 1904/3/3230
f 1844/1/3231 1845/2/3231 1906/3/3231
f 1844/1/3232 1906/2/3232 1905/3/3232
f 1845/1/3233 1846/2/3233 1906/3/3233
f 1846/1/3234 1907/2/3234 1906/3/3234
f 1846/4/3235 1847/5/3235 1908/6/3235
f 1846/1/3236 1908/2/3236 1907/3/3236
f 1847/1/3237 1848/2/3237 1908/3/3237
f 1848/4/3238 1909/5/3238 1908/6/3238
f 1848/1/3239 1849/2/3239 1910/3/3239
f 1848/1/3240 1910/2/3240 1909/3/3240
f 1849/4/3241 1850/5/3241 1910/6/3241
f 1850/4/3242 1911/5/3242 1910/6/3242
f 1850/4/3243 1851/5/3243 1912/6/3243
f 1850/4/3244 1912/5/3244 1911/6/3244
f 1851/1/3245 1852/2/3245 1912/3/3245
f 1852/1/3246 1913/2/3246 1912/3/3246
f 1852/4/3247 1853/5/3247 1914/6/3247
f 1852/1/3248 1914/2/3248 1913/3/3248
f 1853/4/3249 1854/5/3249 1914/6/3249
f 1854/1/3250 1915/2/3250 1914/3/3250
f 1854/1/3251 1855/2/3251 1916/3/3251
f 1854/1/3252 1916/2/3252 1915/3/3252
f 1855/1/3253 1856/2/3253 1916/3/3253
f 1856/1/3254 1917/2/3254 1916/3/3254
f 1856/4/3255 1857/5/3255 1918/6/3255
f 1856/1/3256 1918/2/3256 1917/3/3256
f 1857/4/3257 1858/5/3257 1918/6/3257
f 1858/4/3258 1919/5/3258 1918/6/3258
f 1858/4/3259 1859/5/3259 1920/6/3259
f 1858/4/3260 1920/5/3260 1919/6/3260
f 1859/4/3261 1860/5/3261 1920/6/3261
f 1860/4/3262 1921/5/3262 1920/6/3262
f 1860/4/3263 1861/5/3263 1922/6/3263
f 1860/1/3264 1922/2/3264 1921/3/3264
f 1861/4/3265 1862/5/3265 1922/6/3265
f 1862/4/3266 1923/5/3266 1922/6/3266
f 1862/1/3267 1863/2/3267 1924/3/3267
f 1862/4/3268 1924/5/3268 1923/6/3268
f 1863/1/3269 1864/2/3269 1924/3/3269
f 1864/1/3270 1925/2/3270 1924/3/3270
f 1864/4/3271 1865/5/3271 1926/6/3271
f 1864/1/3272 1926/2/3272 1925/3/3272
f 1865/4/3273 1866/5/3273 1926/6/3273
f 1866/1/3274 1927/2/3274 1926/3/3274
f 1866/1/3275 1867/2/3275 1928/3/3275
f 1866/4/3276 1928/5/3276 1927/6/3276
f 1867/4/3277 1868/5/3277 1928/6/3277
f 1868/4/3278 1929/5/3278 1928/6/3278
f 1868/1/3279 1869/2/3279 1930/3/3279
f 1868/1/3280 1930/2/3280 1929/3/3280
f 1869/4/3281 1870/5/3281 1930/6/3281
f 1870/4/3282 1931/5/3282 1930/6/3282
f 1870/1/3283 1871/2/3283 1932/3/3283
f 1870/1/3284 1932/2/3284 1931/3/3284
f 1871/1/3285 1872/2/3285 1932/3/3285
f 1872/1/3286 1933/2/3286 1932/3/3286
f 1872/1/3287 1873/2/3287 1934/3/3287
f 1872/1/3288 1934/2/3288 1933/3/3288
f 1873/1/3289 1874/2/3289 1934/3/3289
f 1874/1/3290 1935/2/3290 1934/3/3290
f 1874/4/3291 1875/5/3291 1936/6/3291
f 1874/4/3292 1936/5/3292 1935/6/3292
f 1875/4/3293 1876/5/3293 1936/6/3293
f 1876/4/3294 1937/5/3294 1936/6/3294
f 1876/4/3295 1877/5/3295 1938/6/3295
f 1876/4/3296 1938/5/3296 1937/6/3296
f 1877/1/3297 1878/2/3297 1938/3/3297
f 1878/1/3298 1939/2/3298 1938/3/3298
f 1878/1/3299 1879/2/3299 1940/3/3299
f 1878/1/3300 1940/2/3300 1939/3/3300
f 1879/1/3301 1880/2/3301 1940/3/3301
f 1880/1/3302 1941/2/3302 1940/3/3302
f 1880/1/3303 1881/2/3303 1942/3/3303
f 1880/1/3304 1942/2/3304 1941/3/3304
f 1881/1/3305 1882/2/3305 1942/3/3305
f 1882/1/3306 1943/2/3306 1942/3/3306
f 1882/1/3307 1883/2/3307 1944/3/3307
f 1882/1/3308 1944/2/3308 1943/3/3308
f 1883/1/3309 1884/2/3309 1944/3/3309
f 1884/1/3310 1945/2/3310 1944/3/3310
f 1884/1/3311 1885/2/3311 1946/3/3311
f 1884/1/3312 1946/2/3312 1945/3/3312
f 1885/1/3313 1886/2/3313 1946/3/3313
f 1886/1/3314 1947/2/3314 1946/3/3314
f 1886/1/3315 1887/2/3315 1948/3/3315
f 1886/1/3316 1948/2/3316 1947/3/3316
f 1887/1/3317 1888/2/3317 1948/3/3317
f 1888/1/3318 1949/2/3318 1948/3/3318
f 1888/1/3319 1889/2/3319 1950/3/3319
f 1888/1/3320 1950/2/3320 1949/3/3320
f 1889/1/3321 1890/2/3321 1950/3/3321
f 1890/1/3322 1951/2/3322 1950/3/3322
f 1890/1/3205 1891/2/3205 1952/3/3205
f 1890/1/3323 1952/2/3323 1951/3/3323
f 1892/1/3324 1893/2/3324 1954/3/3324
f 1892/1/3325 1954/2/3325 1953/3/3325
f 1893/1/3326 1894/2/3326 1954/3/3326
f 1894/1/3327 1955/2/3327 1954/3/3327
f 1894/1/3328 1895/2/3328 1956/3/3328
f 1894/1/3329 1956/2/3329 1955/3/3329
f 1895/1/3330 1896/2/3330 1956/3/3330
f 1896/1/3331 1957/2/3331 1956/3/3331
f 1896/1/3332 1897/2/3332 1958/3/3332
f 1896/1/3333 1958/2/3333 1957/3/3333
f 1897/1/3334 1898/2/3334 1958/3/3334
f 1898/1/3335 1959/2/3335 1958/3/3335
f 1898/1/3336 1899/2/3336 1960/3/3336
f 1898/1/3337 1960/2/3337 1959/3/3337
f 1899/1/3338 1900/2/3338 1960/3/3338
f 1900/1/3339 1961/2/3339 1960/3/3339
f 1900/1/3340 1901/2/3340 1962/3/3340
f 1900/1/3341 1962/2/3341 1961/3/3341
f 1901/1/3342 1902/2/3342 1962/3/3342
f 1902/1/3343 1963/2/3343 1962/3/3343
f 1902/1/3344 1903/2/3344 1964/3/3344
f 1902/1/3345 1964/2/3345 1963/3/3345
f 1903/1/3346 1904/2/3346 1964/3/3346
f 1904/1/3347 1965/2/3347 1964/3/3347
f 1904/1/3348 1905/2/3348 1966/3/3348
f 1904/1/3349 1966/2/3349 1965/3/3349
f 1905/1/3350 1906/2/3350 1966/3/3350
f 1906/1/3351 1967/2/3351 1966/3/3351
f 1906/1/3352 1907/2/3352 1968/3/3352
f 1906/1/3353 1968/2/3353 1967/3/3353
f 1907/1/3354 1908/2/3354 1968/3/3354
f 1908/1/3355 1969/2/3355 1968/3/3355
f 1908/4/3356 1909/5/3356 1970/6/3356
f 1908/1/3357 1970/2/3357 1969/3/3357
f 1909/1/3358 1910/2/3358 1970/3/3358
f 1910/1/3359 1971/2/3359 1970/3/3359
f 1910/4/3360 1911/5/3360 1972/6/3360
f 1910/4/3361 1972/5/3361 1971/6/3361
f 1911/4/3362 1912/5/3362 1972/6/3362
f 1912/4/3363 1973/5/3363 1972/6/3363
f 1912/1/3364 1913/2/3364 1974/3/3364
f 1912/1/3365 1974/2/3365 1973/3/3365
f 1913/1/3366 1914/2/3366 1974/3/3366
f 1914/1/3367 1975/2/3367 1974/3/3367
f 1914/1/3368 1915/2/3368 1976/3/3368
f 1914/1/3369 1976/2/3369 1975/3/3369
f 1915/1/3370 1916/2/3370 1976/3/3370
f 1916/1/3371 1977/2/3371 1976/3/3371
f 1916/1/3372 1917/2/3372 1978/3/3372
f 1916/1/3373 1978/2/3373 1977/3/3373
f 1917/1/3374 1918/2/3374 1978/3/3374
f 1918/4/3375 1979/5/3375 1978/6/3375
f 1918/1/3376 1919/2/3376 1980/3/3376
f 1918/4/3377 1980/5/3377 1979/6/3377
f 1919/4/3378 1920/5/3378 1980/6/3378
f 1920/4/3379 1981/5/3379 1980/6/3379
f 1920/4/3380 1921/5/3380 1982/6/3380
f 1920/7/3381 1982/8/3381 1981/9/3381
f 1921/4/3382 1922/5/3382 1982/6/3382
f 1922/4/3383 1983/5/3383 1982/6/3383
f 1922/4/3384 1923/5/3384 1984/6/3384
f 1922/4/3385 1984/5/3385 1983/6/3385
f 1923/1/3386 1924/2/3386 1984/3/3386
f 1924/1/3387 1985/2/3387 1984/3/3387
f 1924/1/3388 1925/2/3388 1986/3/3388
f 1924/4/3389 1986/5/3389 1985/6/3389
f 1925/1/3390 1926/2/3390 1986/3/3390
f 1926/1/3391 1987/2/3391 1986/3/3391
f 1926/1/3392 1927/2/3392 1988/3/3392
f 1926/1/3393 1988/2/3393 1987/3/3393
f 1927/4/3394 1928/5/3394 1988/6/3394
f 1928/1/3395 1989/2/3395 1988/3/3395
f 1928/1/3396 1929/2/3396 1990/3/3396
f 1928/1/3397 1990/2/3397 1989/3/3397
f 1929/1/3398 1930/2/3398 1990/3/3398
f 1930/1/3399 1991/2/3399 1990/3/3399
f 1930/4/3400 1931/5/3400 1992/6/3400
f 1930/1/3401 1992/2/3401 1991/3/3401
f 1931/1/3402 1932/2/3402 1992/3/3402
f 1932/1/3403 1993/2/3403 1992/3/3403
f 1932/1/3404 1933/2/3404 1994/3/3404
f 1932/1/3405 1994/2/3405 1993/3/3405
f 1933/1/3406 1934/2/3406 1994/3/3406
f 1934/1/3407 1995/2/3407 1994/3/3407
f 1934/1/3408 1935/2/3408 1996/3/3408
f 1934/1/3409 1996/2/3409 1995/3/3409
f 1935/4/3410 1936/5/3410 1996/6/3410
f 1936/4/3411 1997/5/3411 1996/6/3411
f 1936/4/3412 1937/5/3412 1998/6/3412
f 1936/1/3413 1998/2/3413 1997/3/3413
f 1937/4/3414 1938/5/3414 1998/6/3414
f 1938/4/3415 1999/5/3415 1998/6/3415
f 1938/4/3416 1939/5/3416 2000/6/3416
f 1938/4/3417 2000/5/3417 1999/6/3417
f 1939/1/3418 1940/2/3418 2000/3/3418
f 1940/1/3419 2001/2/3419 2000/3/3419
f 1940/1/3420 1941/2/3420 2002/3/3420
f 1940/1/3421 2002/2/3421 2001/3/3421
f 1941/1/3422 1942/2/3422 2002/3/3422
f 1942/4/3423 2003/5/3423 2002/6/3423
f 1942/1/3424 1943/2/3424 2004/3/3424
f 1942/1/3425 2004/2/3425 2003/3/3425
f 1943/1/3426 1944/2/3426 2004/3/3426
f 1944/1/3427 2005/2/3427 2004/3/3427
f 1944/1/3428 1945/2/3428 2006/3/3428
f 1944/1/3429 2006/2/3429 2005/3/3429
f 1945/1/3430 1946/2/3430 2006/3/3430
f 1946/1/3431 2007/2/3431 2006/3/3431
f 1946/1/3432 1947/2/3432 2008/3/3432
f 1946/1/3433 2008/2/3433 2007/3/3433
f 1947/1/3434 1948/2/3434 2008/3/3434
f 1948/1/3435 2009/2/3435 2008/3/3435
f 1948/1/3436 1949/2/3436 2010/3/3436
f 1948/1/3437 2010/2/3437 2009/3/3437
f 1949/1/3438 1950/2/3438 2010/3/3438
f 1950/1/3439 2011/2/3439 2010/3/3439
f 1950/1/3440 1951/2/3440 2012/3/3440
f 1950/1/3441 2012/2/3441 2011/3/3441
f 1951/1/3442 1952/2/3442 2012/3/3442
f 1952/1/3443 2013/2/3443 2012/3/3443
f 1953/1/3325 1954/2/3325 2014/3/3325
f 1954/1/3444 2015/2/3444 2014/3/3444
f 1954/1/3445 1955/2/3445 2016/3/3445
f 1954/1/3446 2016/2/3446 2015/3/3446
f 1955/1/3447 1956/2/3447 2016/3/3447
f 1956/1/3448 2017/2/3448 2016/3/3448
f 1956/1/3449 1957/2/3449 2018/3/3449
f 1956/1/3450 2018/2/3450 2017/3/3450
f 1957/1/3451 1958/2/3451 2018/3/3451
f 1958/1/3452 2019/2/3452 2018/3/3452
f 1958/1/3453 1959/2/3453 2020/3/3453
f 1958/1/3454 2020/2/3454 2019/3/3454
f 1959/1/3455 1960/2/3455 2020/3/3455
f 1960/1/3456 2021/2/3456 2020/3/3456
f 1960/1/3457 1961/2/3457 2022/3/3457
f 1960/1/3458 2022/2/3458 2021/3/3458
f 1961/1/3459 1962/2/3459 2022/3/3459
f 1962/1/3460 2023/2/3460 2022/3/3460
f 1962/1/3461 1963/2/3461 2024/3/3461
f 1962/1/3462 2024/2/3462 2023/3/3462
f 1963/1/3463 1964/2/3463 2024/3/3463
f 1964/1/3464 2025/2/3464 2024/3/3464
f 1964/1/3465 1965/2/3465 2026/3/3465
f 1964/1/3466 2026/2/3466 2025/3/3466
f 1965/1/3467 1966/2/3467 2026/3/3467
f 1966/1/3468 2027/2/3468 2026/3/3468
f 1966/1/3469 1967/2/3469 2028/3/3469
f 1966/1/3470 2028/2/3470 2027/3/3470
f 1967/1/3471 1968/2/3471 2028/3/3471
f 1968/1/3472 2029/2/3472 2028/3/3472
f 1968/1/3473 1969/2/3473 2030/3/3473
f 1968/1/3474 2030/2/3474 2029/3/3474
f 1969/1/3475 1970/2/3475 2030/3/3475
f 1970/1/3476 2031/2/3476 2030/3/3476
f 1970/1/3477 1971/2/3477 2032/3/3477
f 1970/4/3478 2032/5/3478 2031/6/3478
f 1971/4/3479 1972/5/3479 2032/6/3479
f 1972/4/3480 2033/5/3480 2032/6/3480
f 1972/4/3481 1973/5/3481 2034/6/3481
f 1972/4/3482 2034/5/3482 2033/6/3482
f 1973/1/3483 1974/2/3483 2034/3/3483
f 1974/1/3484 2035/2/3484 2034/3/3484
f 1974/1/3485 1975/2/3485 2036/3/3485
f 1974/1/3486 2036/2/3486 2035/3/3486
f 1975/1/3487 1976/2/3487 2036/3/3487
f 1976/1/3488 2037/2/3488 2036/3/3488
f 1976/1/3489 1977/2/3489 2038/3/3489
f 1976/4/3490 2038/5/3490 2037/6/3490
f 1977/1/3491 1978/2/3491 2038/3/3491
f 1978/1/3492 2039/2/3492 2038/3/3492
f 1978/1/3493 1979/2/3493 2040/3/3493
f 1978/1/3494 2040/2/3494 2039/3/3494
f 1979/1/3495 1980/2/3495 2040/3/3495
f 1980/1/3496 2041/2/3496 2040/3/3496
f 1980/4/3497 1981/5/3497 2042/6/3497
f 1980/4/3498 2042/5/3498 2041/6/3498
f 1981/7/3499 1982/8/3499 2042/9/3499
f 1982/7/3500 2043/8/3500 2042/9/3500
f 1982/4/3501 1983/5/3501 2044/6/3501
f 1982/4/3502 2044/5/3502 2043/6/3502
f 1983/4/3503 1984/5/3503 2044/6/3503
f 1984/1/3504 2045/2/3504 2044/3/3504
f 1984/1/3505 1985/2/3505 2046/3/3505
f 1984/1/3506 2046/2/3506 2045/3/3506
f 1985/1/3507 1986/2/3507 2046/3/3507
f 1986/1/3508 2047/2/3508 2046/3/3508
f 1986/1/3509 1987/2/3509 2048/3/3509
f 1986/1/3510 2048/2/3510 2047/3/3510
f 1987/1/3511 1988/2/3511 2048/3/3511
f 1988/1/3512 2049/2/3512 2048/3/3512
f 1988/4/3513 1989/5/3513 2050/6/3513
f 1988/4/3514 2050/5/3514 2049/6/3514
f 1989/4/3515 1990/5/3515 2050/6/3515
f 1990/4/3516 2051/5/3516 2050/6/3516
f 1990/1/3517 1991/2/3517 2052/3/3517
f 1990/1/3518 2052/2/3518 2051/3/3518
f 1991/4/3519 1992/5/3519 2052/6/3519
f 1992/1/3520 2053/2/3520 2052/3/3520
f 1992/1/3521 1993/2/3521 2054/3/3521
f 1992/1/3522 2054/2/3522 2053/3/3522
f 1993/1/3523 1994/2/3523 2054/3/3523
f 1994/1/3524 2055/2/3524 2054/3/3524
f 1994/1/3525 1995/2/3525 2056/3/3525
f 1994/1/3526 2056/2/3526 2055/3/3526
f 1995/1/3527 1996/2/3527 2056/3/3527
f 1996/4/3528 2057/5/3528 2056/6/3528
f 1996/4/3529 1997/5/3529 2058/6/3529
f 1996/4/3530 2058/5/3530 2057/6/3530
f 1997/4/3531 1998/5/3531 2058/6/3531
f 1998/4/3532 2059/5/3532 2058/6/3532
f 1998/4/3533 1999/5/3533 2060/6/3533
f 1998/4/3534 2060/5/3534 2059/6/3534
f 1999/4/3535 2000/5/3535 2060/6/3535
f 2000/4/3536 2061/5/3536 2060/6/3536
f 2000/1/3537 2001/2/3537 2062/3/3537
f 2000/4/3538 2062/5/3538 2061/6/3538
f 2001/1/3539 2002/2/3539 2062/3/3539
f 2002/1/3540 2063/2/3540 2062/3/3540
f 2002/4/3541 2003/5/3541 2064/6/3541
f 2002/4/3542 2064/5/3542 2063/6/3542
f 2003/1/3543 2004/2/3543 2064/3/3543
f 2004/4/3544 2065/5/3544 2064/6/3544
f 2004/1/3545 2005/2/3545 2066/3/3545
f 2004/1/3546 2066/2/3546 2065/3/3546
f 2005/1/3547 2006/2/3547 2066/3/3547
f 2006/1/3548 2067/2/3548 2066/3/3548
f 2006/1/3549 2007/2/3549 2068/3/3549
f 2006/1/3550 2068/2/3550 2067/3/3550
f 2007/1/3551 2008/2/3551 2068/3/3551
f 2008/1/3552 2069/2/3552 2068/3/3552
f 2008/1/3553 2009/2/3553 2070/3/3553
f 2008/1/3554 2070/2/3554 2069/3/3554
f 2009/1/3555 2010/2/3555 2070/3/3555
f 2010/1/3556 2071/2/3556 2070/3/3556
f 2010/1/3557 2011/2/3557 2072/3/3557
f 2010/1/3558 2072/2/3558 2071/3/3558
f 2011/1/3559 2012/2/3559 2072/3/3559
f 2012/1/3560 2073/2/3560 2072/3/3560
f 2012/1/3443 2013/2/3443 2074/3/3443
f 2012/1/3561 2074/2/3561 2073/3/3561
f 2014/1/3562 2015/2/3562 2076/3/3562
f 2014/1/3563 2076/2/3563 2075/3/3563
f 2015/1/3564 2016/2/3564 2076/3/3564
f 2016/1/3565 2077/2/3565 2076/3/3565
f 2016/1/3566 2017/2/3566 2078/3/3566
f 2016/1/3567 2078/2/3567 2077/3/3567
f 2017/1/3568 2018/2/3568 2078/3/3568
f 2018/1/3569 2079/2/3569 2078/3/3569
f 2018/1/3570 2019/2/3570 2080/3/3570
f 2018/1/3571 2080/2/3571 2079/3/3571
f 2019/1/3572 2020/2/3572 2080/3/3572
f 2020/1/3573 2081/2/3573 2080/3/3573
f 2020/1/3574 2021/2/3574 2082/3/3574
f 2020/1/3575 2082/2/3575 2081/3/3575
f 2021/1/3576 2022/2/3576 2082/3/3576
f 2022/1/3577 2083/2/3577 2082/3/3577
f 2022/1/3578 2023/2/3578 2084/3/3578
f 2022/1/3579 2084/2/3579 2083/3/3579
f 2023/1/3580 2024/2/3580 2084/3/3580
f 2024/1/3581 2085/2/3581 2084/3/3581
f 2024/1/3582 2025/2/3582 2086/3/3582
f 2024/1/3583 2086/2/3583 2085/3/3583
f 2025/1/3584 2026/2/3584 2086/3/3584
f 2026/1/3585 2087/2/3585 2086/3/3585
f 2026/1/3586 2027/2/3586 2088/3/3586
f 2026/1/3587 2088/2/3587 2087/3/3587
f 2027/1/3588 2028/2/3588 2088/3/3588
f 2028/1/3589 2089/2/3589 2088/3/3589
f 2028/1/3590 2029/2/3590 2090/3/3590
f 2028/1/3591 2090/2/3591 2089/3/3591
f 2029/1/3592 2030/2/3592 2090/3/3592
f 2030/1/3593 2091/2/3593 2090/3/3593
f 2030/1/3594 2031/2/3594 2092/3/3594
f 2030/1/3595 2092/2/3595 2091/3/3595
f 2031/4/3596 2032/5/3596 2092/6/3596
f 2032/4/3597 2093/5/3597 2092/6/3597
f 2032/4/3598 2033/5/3598 2094/6/3598
f 2032/1/3599 2094/2/3599 2093/3/3599
f 2033/4/3600 2034/5/3600 2094/6/3600
f 2034/4/3601 2095/5/3601 2094/6/3601
f 2034/4/3602 2035/5/3602 2096/6/3602
f 2034/1/3603 2096/2/3603 2095/3/3603
f 2035/4/3604 2036/5/3604 2096/6/3604
f 2036/1/3605 2097/2/3605 2096/3/3605
f 2036/1/3606 2037/2/3606 2098/3/3606
f 2036/1/3607 2098/2/3607 2097/3/3607
f 2037/4/3608 2038/5/3608 2098/6/3608
f 2038/1/3609 2099/2/3609 2098/3/3609
f 2038/1/3610 2039/2/3610 2100/3/3610
f 2038/1/3611 2100/2/3611 2099/3/3611
f 2039/1/3612 2040/2/3612 2100/3/3612
f 2040/1/3613 2101/2/3613 2100/3/3613
f 2040/1/3614 2041/2/3614 2102/3/3614
f 2040/1/3615 2102/2/3615 2101/3/3615
f 2041/4/3616 2042/5/3616 2102/6/3616
f 2042/4/3617 2103/5/3617 2102/6/3617
f 2042/4/3618 2043/5/3618 2104/6/3618
f 2042/4/3619 2104/5/3619 2103/6/3619
f 2043/4/3620 2044/5/3620 2104/6/3620
f 2044/1/3621 2105/2/3621 2104/3/3621
f 2044/1/3622 2045/2/3622 2106/3/3622
f 2044/1/3623 2106/2/3623 2105/3/3623
f 2045/1/3624 2046/2/3624 2106/3/3624
f 2046/1/3625 2107/2/3625 2106/3/3625
f 2046/1/3626 2047/2/3626 2108/3/3626
f 2046/1/3627 2108/2/3627 2107/3/3627
f 2047/1/3628 2048/2/3628 2108/3/3628
f 2048/1/3629 2109/2/3629 2108/3/3629
f 2048/4/3630 2049/5/3630 2110/6/3630
f 2048/4/3631 2110/5/3631 2109/6/3631
f 2049/4/3632 2050/5/3632 2110/6/3632
f 2050/4/3633 2111/5/3633 2110/6/3633
f 2050/1/3634 2051/2/3634 2112/3/3634
f 2050/1/3635 2112/2/3635 2111/3/3635
f 2051/1/3636 2052/2/3636 2112/3/3636
f 2052/1/3637 2113/2/3637 2112/3/3637
f 2052/1/3638 2053/2/3638 2114/3/3638
f 2052/1/3639 2114/2/3639 2113/3/3639
f 2053/1/3640 2054/2/3640 2114/3/3640
f 2054/4/3641 2115/5/3641 2114/6/3641
f 2054/4/3642 2055/5/3642 2116/6/3642
f 2054/4/3643 2116/5/3643 2115/6/3643
f 2055/1/3644 2056/2/3644 2116/3/3644
f 2056/4/3645 2117/5/3645 2116/6/3645
f 2056/4/3646 2057/5/3646 2118/6/3646
f 2056/4/3647 2118/5/3647 2117/6/3647
f 2057/4/3648 2058/5/3648 2118/6/3648
f 2058/4/3649 2119/5/3649 2118/6/3649
f 2058/4/3650 2059/5/3650 2120/6/3650
f 2058/4/3651 2120/5/3651 2119/6/3651
f 2059/4/3652 2060/5/3652 2120/6/3652
f 2060/4/3653 2121/5/3653 2120/6/3653
f 2060/4/3654 2061/5/3654 2122/6/3654
f 2060/4/3655 2122/5/3655 2121/6/3655
f 2061/4/3656 2062/5/3656 2122/6/3656
f 2062/4/3657 2123/5/3657 2122/6/3657
f 2062/1/3658 2063/2/3658 2124/3/3658
f 2062/1/3659 2124/2/3659 2123/3/3659
f 2063/4/3660 2064/5/3660 2124/6/3660
f 2064/4/3661 2125/5/3661 2124/6/3661
f 2064/4/3662 2065/5/3662 2126/6/3662
f 2064/4/3663 2126/5/3663 2125/6/3663
f 2065/1/3664 2066/2/3664 2126/3/3664
f 2066/1/3665 2127/2/3665 2126/3/3665
f 2066/1/3666 2067/2/3666 2128/3/3666
f 2066/1/3667 2128/2/3667 2127/3/3667
f 2067/1/3668 2068/2/3668 2128/3/3668
f 2068/1/3669 2129/2/3669 2128/3/3669
f 2068/1/3670 2069/2/3670 2130/3/3670
f 2068/1/3671 2130/2/3671 2129/3/3671
f 2069/1/3672 2070/2/3672 2130/3/3672
f 2070/1/3673 2131/2/3673 2130/3/3673
f 2070/1/3674 2071/2/3674 2132/3/3674
f 2070/1/3675 2132/2/3675 2131/3/3675
f 2071/1/3676 2072/2/3676 2132/3/3676
f 2072/1/3677 2133/2/3677 2132/3/3677
f 2072/1/3678 2073/2/3678 2134/3/3678
f 2072/1/3679 2134/2/3679 2133/3/3679
f 2073/1/3680 2074/2/3680 2134/3/3680
f 2074/1/3681 2135/2/3681 2134/3/3681
f 2075/1/3563 2076/2/3563 2136/3/3563
f 2076/1/3682 2137/2/3682 2136/3/3682
f 2076/1/3683 2077/2/3683 2138/3/3683
f 2076/1/3684 2138/2/3684 2137/3/3684
f 2077/1/3685 2078/2/3685 2138/3/3685
f 2078/1/3686 2139/2/3686 2138/3/3686
f 2078/1/3687 2079/2/3687 2140/3/3687
f 2078/1/3688 2140/2/3688 2139/3/3688
f 2079/1/3689 2080/2/3689 2140/3/3689
f 2080/1/3690 2141/2/3690 2140/3/3690
f 2080/1/3691 2081/2/3691 2142/3/3691
f 2080/1/3692 2142/2/3692 2141/3/3692
f 2081/1/3693 2082/2/3693 2142/3/3693
f 2082/1/3694 2143/2/3694 2142/3/3694
f 2082/1/3695 2083/2/3695 2144/3/3695
f 2082/1/3696 2144/2/3696 2143/3/3696
f 2083/1/3697 2084/2/3697 2144/3/3697
f 2084/1/3698 2145/2/3698 2144/3/3698
f 2084/1/3699 2085/2/3699 2146/3/3699
f 2084/1/3700 2146/2/3700 2145/3/3700
f 2085/1/3701 2086/2/3701 2146/3/3701
f 2086/1/3702 2147/2/3702 2146/3/3702
f 2086/1/3703 2087/2/3703 2148/3/3703
f 2086/1/3704 2148/2/3704 2147/3/3704
f 2087/1/3705 2088/2/3705 2148/3/3705
f 2088/1/3706 2149/2/3706 2148/3/3706
f 2088/1/3707 2089/2/3707 2150/3/3707
f 2088/1/3708 2150/2/3708 2149/3/3708
f 2089/1/3709 2090/2/3709 2150/3/3709
f 2090/1/3710 2151/2/3710 2150/3/3710
f 2090/1/3711 2091/2/3711 2152/3/3711
f 2090/1/3712 2152/2/3712 2151/3/3712
f 2091/1/3713 2092/2/3713 2152/3/3713
f 2092/1/3714 2153/2/3714 2152/3/3714
f 2092/4/3715 2093/5/3715 2154/6/3715
f 2092/1/3716 2154/2/3716 2153/3/3716
f 2093/1/3717 2094/2/3717 2154/3/3717
f 2094/1/3718 2155/2/3718 2154/3/3718
f 2094/4/3719 2095/5/3719 2156/6/3719
f 2094/4/3720 2156/5/3720 2155/6/3720
f 2095/1/3721 2096/2/3721 2156/3/3721
f 2096/1/3722 2157/2/3722 2156/3/3722
f 2096/1/3723 2097/2/3723 2158/3/3723
f 2096/4/3724 2158/5/3724 2157/6/3724
f 2097/1/3725 2098/2/3725 2158/3/3725
f 2098/1/3726 2159/2/3726 2158/3/3726
f 2098/1/3727 2099/2/3727 2160/3/3727
f 2098/1/3728 2160/2/3728 2159/3/3728
f 2099/1/3729 2100/2/3729 2160/3/3729
f 2100/1/3730 2161/2/3730 2160/3/3730
f 2100/1/3731 2101/2/3731 2162/3/3731
f 2100/1/3732 2162/2/3732 2161/3/3732
f 2101/1/3733 2102/2/3733 2162/3/3733
f 2102/1/3734 2163/2/3734 2162/3/3734
f 2102/1/3735 2103/2/3735 2164/3/3735
f 2102/1/3736 2164/2/3736 2163/3/3736
f 2103/4/3737 2104/5/3737 2164/6/3737
f 2104/4/3738 2165/5/3738 2164/6/3738
f 2104/4/3739 2105/5/3739 2166/6/3739
f 2104/1/3740 2166/2/3740 2165/3/3740
f 2105/4/3741 2106/5/3741 2166/6/3741
f 2106/1/3742 2167/2/3742 2166/3/3742
f 2106/1/3743 2107/2/3743 2168/3/3743
f 2106/1/3744 2168/2/3744 2167/3/3744
f 2107/1/3745 2108/2/3745 2168/3/3745
f 2108/4/3746 2169/5/3746 2168/6/3746
f 2108/4/3747 2109/5/3747 2170/6/3747
f 2108/1/3748 2170/2/3748 2169/3/3748
f 2109/4/3749 2110/5/3749 2170/6/3749
f 2110/1/3750 2171/2/3750 2170/3/3750
f 2110/1/3751 2111/2/3751 2172/3/3751
f 2110/1/3752 2172/2/3752 2171/3/3752
f 2111/1/3753 2112/2/3753 2172/3/3753
f 2112/1/3754 2173/2/3754 2172/3/3754
f 2112/1/3755 2113/2/3755 2174/3/3755
f 2112/1/3756 2174/2/3756 2173/3/3756
f 2113/1/3757 2114/2/3757 2174/3/3757
f 2114/4/3758 2175/5/3758 2174/6/3758
f 2114/1/3759 2115/2/3759 2176/3/3759
f 2114/1/3760 2176/2/3760 2175/3/3760
f 2115/1/3761 2116/2/3761 2176/3/3761
f 2116/4/3762 2177/5/3762 2176/6/3762
f 2116/4/3763 2117/5/3763 2178/6/3763
f 2116/4/3764 2178/5/3764 2177/6/3764
f 2117/4/3765 2118/5/3765 2178/6/3765
f 2118/1/3766 2179/2/3766 2178/3/3766
f 2118/1/3767 2119/2/3767 2180/3/3767
f 2118/4/3768 2180/5/3768 2179/6/3768
f 2119/4/3769 2120/5/3769 2180/6/3769
f 2120/4/3770 2181/5/3770 2180/6/3770
f 2120/4/3771 2121/5/3771 2182/6/3771
f 2120/1/3772 2182/2/3772 2181/3/3772
f 2121/4/3773 2122/5/3773 2182/6/3773
f 2122/4/3774 2183/5/3774 2182/6/3774
f 2122/4/3775 2123/5/3775 2184/6/3775
f 2122/4/3776 2184/5/3776 2183/6/3776
f 2123/1/3777 2124/2/3777 2184/3/3777
f 2124/1/3778 2185/2/3778 2184/3/3778
f 2124/4/3779 2125/5/3779 2186/6/3779
f 2124/4/3780 2186/5/3780 2185/6/3780
f 2125/4/3781 2126/5/3781 2186/6/3781
f 2126/4/3782 2187/5/3782 2186/6/3782
f 2126/1/3783 2127/2/3783 2188/3/3783
f 2126/4/3784 2188/5/3784 2187/6/3784
f 2127/1/3785 2128/2/3785 2188/3/3785
f 2128/1/3786 2189/2/3786 2188/3/3786
f 2128/1/3787 2129/2/3787 2190/3/3787
f 2128/1/3788 2190/2/3788 2189/3/3788
f 2129/1/3789 2130/2/3789 2190/3/3789
f 2130/1/3790 2191/2/3790 2190/3/3790
f 2130/1/3791 2131/2/3791 2192/3/3791
f 2130/1/3792 2192/2/3792 2191/3/3792
f 2131/1/3793 2132/2/3793 2192/3/3793
f 2132/1/3794 2193/2/3794 2192/3/3794
f 2132/1/3795 2133/2/3795 2194/3/3795
f 2132/1/3796 2194/2/3796 2193/3/3796
f 2133/1/3797 2134/2/3797 2194/3/3797
f 2134/1/3798 2195/2/3798 2194/3/3798
f 2134/1/3681 2135/2/3681 2196/3/3681
f 2134/1/3799 2196/2/3799 2195/3/3799
f 2136/1/3800 2137/2/3800 2198/3/3800
f 2136/1/3801 2198/2/3801 2197/3/3801
f 2137/1/3802 2138/2/3802 2198/3/3802
f 2138/1/3803 2199/2/3803 2198/3/3803
f 2138/1/3804 2139/2/3804 2200/3/3804
f 2138/1/3805 2200/2/3805 2199/3/3805
f 2139/1/3806 2140/2/3806 2200/3/3806
f 2140/1/3807 2201/2/3807 2200/3/3807
f 2140/1/3808 2141/2/3808 2202/3/3808
f 2140/1/3809 2202/2/3809 2201/3/3809
f 2141/1/3810 2142/2/3810 2202/3/3810
f 2142/1/3811 2203/2/3811 2202/3/3811
f 2142/1/3812 2143/2/3812 2204/3/3812
f 2142/1/3813 2204/2/3813 2203/3/3813
f 2143/1/3814 2144/2/3814 2204/3/3814
f 2144/1/3815 2205/2/3815 2204/3/3815
f 2144/1/3816 2145/2/3816 2206/3/3816
f 2144/1/3817 2206/2/3817 2205/3/3817
f 2145/1/3818 2146/2/3818 2206/3/3818
f 2146/1/3819 2207/2/3819 2206/3/3819
f 2146/1/3820 2147/2/3820 2208/3/3820
f 2146/1/3821 2208/2/3821 2207/3/3821
f 2147/1/3822 2148/2/3822 2208/3/3822
f 2148/1/3823 2209/2/3823 2208/3/3823
f 2148/1/3824 2149/2/3824 2210/3/3824
f 2148/1/3825 2210/2/3825 2209/3/3825
f 2149/1/3826 2150/2/3826 2210/3/3826
f 2150/1/3827 2211/2/3827 2210/3/3827
f 2150/1/3828 2151/2/3828 2212/3/3828
f 2150/1/3829 2212/2/3829 2211/3/3829
f 2151/1/3830 2152/2/3830 2212/3/3830
f 2152/1/3831 2213/2/3831 2212/3/3831
f 2152/1/3832 2153/2/3832 2214/3/3832
f 2152/1/3833 2214/2/3833 2213/3/3833
f 2153/1/3834 2154/2/3834 2214/3/3834
f 2154/1/3835 2215/2/3835 2214/3/3835
f 2154/1/3836 2155/2/3836 2216/3/3836
f 2154/1/3837 2216/2/3837 2215/3/3837
f 2155/1/3838 2156/2/3838 2216/3/3838
f 2156/1/3839 2217/2/3839 2216/3/3839
f 2156/1/3840 2157/2/3840 2218/3/3840
f 2156/1/3841 2218/2/3841 2217/3/3841
f 2157/4/3842 2158/5/3842 2218/6/3842
f 2158/4/3843 2219/5/3843 2218/6/3843
f 2158/1/3844 2159/2/3844 2220/3/3844
f 2158/1/3845 2220/2/3845 2219/3/3845
f 2159/1/3846 2160/2/3846 2220/3/3846
f 2160/1/3847 2221/2/3847 2220/3/3847
f 2160/1/3848 2161/2/3848 2222/3/3848
f 2160/1/3849 2222/2/3849 2221/3/3849
f 2161/1/3850 2162/2/3850 2222/3/3850
f 2162/1/3851 2223/2/3851 2222/3/3851
f 2162/1/3852 2163/2/3852 2224/3/3852
f 2162/1/3853 2224/2/3853 2223/3/3853
f 2163/1/3854 2164/2/3854 2224/3/3854
f 2164/1/3855 2225/2/3855 2224/3/3855
f 2164/4/3856 2165/5/3856 2226/6/3856
f 2164/1/3857 2226/2/3857 2225/3/3857
f 2165/4/3858 2166/5/3858 2226/6/3858
f 2166/4/3859 2227/5/3859 2226/6/3859
f 2166/10/3860 2167/11/3860 2228/12/3860
f 2166/4/3861 2228/5/3861 2227/6/3861
f 2167/10/3862 2168/11/3862 2228/12/3862
f 2168/4/3863 2229/5/3863 2228/6/3863
f 2168/1/3864 2169/2/3864 2230/3/3864
f 2168/4/3865 2230/5/3865 2229/6/3865
f 2169/1/3866 2170/2/3866 2230/3/3866
f 2170/4/3867 2231/5/3867 2230/6/3867
f 2170/1/3868 2171/2/3868 2232/3/3868
f 2170/1/3869 2232/2/3869 2231/3/3869
f 2171/1/3870 2172/2/3870 2232/3/3870
f 2172/1/3871 2233/2/3871 2232/3/3871
f 2172/1/3872 2173/2/3872 2234/3/3872
f 2172/1/3873 2234/2/3873 2233/3/3873
f 2173/1/3874 2174/2/3874 2234/3/3874
f 2174/4/3875 2235/5/3875 2234/6/3875
f 2174/4/3876 2175/5/3876 2236/6/3876
f 2174/4/3877 2236/5/3877 2235/6/3877
f 2175/1/3878 2176/2/3878 2236/3/3878
f 2176/1/3879 2237/2/3879 2236/3/3879
f 2176/4/3880 2177/5/3880 2238/6/3880
f 2176/4/3881 2238/5/3881 2237/6/3881
f 2177/4/3882 2178/5/3882 2238/6/3882
f 2178/4/3883 2239/5/3883 2238/6/3883
f 2178/1/3884 2179/2/3884 2240/3/3884
f 2178/1/3885 2240/2/3885 2239/3/3885
f 2179/1/3886 2180/2/3886 2240/3/3886
f 2180/1/3887 2241/2/3887 2240/3/3887
f 2180/4/3888 2181/5/3888 2242/6/3888
f 2180/4/3889 2242/5/3889 2241/6/3889
f 2181/1/3890 2182/2/3890 2242/3/3890
f 2182/4/3891 2243/5/3891 2242/6/3891
f 2182/4/3892 2183/5/3892 2244/6/3892
f 2182/4/3893 2244/5/3893 2243/6/3893
f 2183/4/3894 2184/5/3894 2244/6/3894
f 2184/4/3895 2245/5/3895 2244/6/3895
f 2184/1/3896 2185/2/3896 2246/3/3896
f 2184/1/3897 2246/2/3897 2245/3/3897
f 2185/4/3898 2186/5/3898 2246/6/3898
f 2186/4/3899 2247/5/3899 2246/6/3899
f 2186/4/3900 2187/5/3900 2248/6/3900
f 2186/1/3901 2248/2/3901 2247/3/3901
f 2187/4/3902 2188/5/3902 2248/6/3902
f 2188/4/3903 2249/5/3903 2248/6/3903
f 2188/1/3904 2189/2/3904 2250/3/3904
f 2188/1/3905 2250/2/3905 2249/3/3905
f 2189/1/3906 2190/2/3906 2250/3/3906
f 2190/1/3907 2251/2/3907 2250/3/3907
f 2190/1/3908 2191/2/3908 2252/3/3908
f 2190/1/3909 2252/2/3909 2251/3/3909
f 2191/1/3910 2192/2/3910 2252/3/3910
f 2192/1/3911 2253/2/3911 2252/3/3911
f 2192/1/3912 2193/2/3912 2254/3/3912
f 2192/1/3913 2254/2/3913 2253/3/3913
f 2193/1/3914 2194/2/3914 2254/3/3914
f 2194/1/3915 2255/2/3915 2254/3/3915
f 2194/1/3916 2195/2/3916 2256/3/3916
f 2194/1/3917 2256/2/3917 2255/3/3917
f 2195/1/3918 2196/2/3918 2256/3/3918
f 2196/1/3919 2257/2/3919 2256/3/3919
f 2197/1/3801 2198/2/3801 2258/3/3801
f 2198/1/3920 2259/2/3920 2258/3/3920
f 2198/1/3921 2199/2/3921 2260/3/3921
f 2198/1/3922 2260/2/3922 2259/3/3922
f 2199/1/3923 2200/2/3923 2260/3/3923
f 2200/1/3924 2261/2/3924 2260/3/3924
f 2200/1/3925 2201/2/3925 2262/3/3925
f 2200/1/3926 2262/2/3926 2261/3/3926
f 2201/1/3927 2202/2/3927 2262/3/3927
f 2202/1/3928 2263/2/3928 2262/3/3928
f 2202/1/3929 2203/2/3929 2264/3/3929
f 2202/1/3930 2264/2/3930 2263/3/3930
f 2203/1/3931 2204/2/3931 2264/3/3931
f 2204/1/3932 2265/2/3932 2264/3/3932
f 2204/1/3933 2205/2/3933 2266/3/3933
f 2204/1/3934 2266/2/3934 2265/3/3934
f 2205/1/3935 2206/2/3935 2266/3/3935
f 2206/1/3936 2267/2/3936 2266/3/3936
f 2206/1/3937 2207/2/3937 2268/3/3937
f 2206/1/3938 2268/2/3938 2267/3/3938
f 2207/1/3939 2208/2/3939 2268/3/3939
f 2208/1/3940 2269/2/3940 2268/3/3940
f 2208/1/3941 2209/2/3941 2270/3/3941
f 2208/1/3942 2270/2/3942 2269/3/3942
f 2209/1/3943 2210/2/3943 2270/3/3943
f 2210/1/3944 2271/2/3944 2270/3/3944
f 2210/1/3945 2211/2/3945 2272/3/3945
f 2210/1/3946 2272/2/3946 2271/3/3946
f 2211/1/3947 2212/2/3947 2272/3/3947
f 2212/1/3948 2273/2/3948 2272/3/3948
f 2212/1/3949 2213/2/3949 2274/3/3949
f 2212/1/3950 2274/2/3950 2273/3/3950
f 2213/1/3951 2214/2/3951 2274/3/3951
f 2214/1/3952 2275/2/3952 2274/3/3952
f 2214/1/3953 2215/2/3953 2276/3/3953
f 2214/1/3954 2276/2/3954 2275/3/3954
f 2215/1/3955 2216/2/3955 2276/3/3955
f 2216/1/3956 2277/2/3956 2276/3/3956
f 2216/1/3957 2217/2/3957 2278/3/3957
f 2216/1/3958 2278/2/3958 2277/3/3958
f 2217/1/3959 2218/2/3959 2278/3/3959
f 2218/1/3960 2279/2/3960 2278/3/3960
f 2218/4/3961 2219/5/3961 2280/6/3961
f 2218/1/3962 2280/2/3962 2279/3/3962
f 2219/1/3963 2220/2/3963 2280/3/3963
f 2220/1/3964 2281/2/3964 2280/3/3964
f 2220/1/3965 2221/2/3965 2282/3/3965
f 2220/4/3966 2282/5/3966 2281/6/3966
f 2221/1/3967 2222/2/3967 2282/3/3967
f 2222/1/3968 2283/2/3968 2282/3/3968
f 2222/1/3969 2223/2/3969 2284/3/3969
f 2222/1/3970 2284/2/3970 2283/3/3970
f 2223/1/3971 2224/2/3971 2284/3/3971
f 2224/1/3972 2285/2/3972 2284/3/3972
f 2224/1/3973 2225/2/3973 2286/3/3973
f 2224/1/3974 2286/2/3974 2285/3/3974
f 2225/1/3975 2226/2/3975 2286/3/3975
f 2226/1/3976 2287/2/3976 2286/3/3976
f 2226/1/3977 2227/2/3977 2288/3/3977
f 2226/1/3978 2288/2/3978 2287/3/3978
f 2227/1/3979 2228/2/3979 2288/3/3979
f 2228/1/3980 2289/2/3980 2288/3/3980
f 2228/4/3981 2229/5/3981 2290/6/3981
f 2228/1/3982 2290/2/3982 2289/3/3982
f 2229/4/3983 2230/5/3983 2290/6/3983
f 2230/4/3984 2291/5/3984 2290/6/3984
f 2230/4/3985 2231/5/3985 2292/6/3985
f 2230/4/3986 2292/5/3986 2291/6/3986
f 2231/4/3987 2232/5/3987 2292/6/3987
f 2232/4/3988 2293/5/3988 2292/6/3988
f 2232/4/3989 2233/5/3989 2294/6/3989
f 2232/4/3990 2294/5/3990 2293/6/3990
f 2233/4/3991 2234/5/3991 2294/6/3991
f 2234/4/3992 2295/5/3992 2294/6/3992
f 2234/1/3993 2235/2/3993 2296/3/3993
f 2234/4/3994 2296/5/3994 2295/6/3994
f 2235/1/3995 2236/2/3995 2296/3/3995
f 2236/1/3996 2297/2/3996 2296/3/3996
f 2236/1/3997 2237/2/3997 2298/3/3997
f 2236/4/3998 2298/5/3998 2297/6/3998
f 2237/4/3999 2238/5/3999 2298/6/3999
f 2238/1/4000 2299/2/4000 2298/3/4000
f 2238/4/4001 2239/5/4001 2300/6/4001
f 2238/1/4002 2300/2/4002 2299/3/4002
f 2239/1/4003 2240/2/4003 2300/3/4003
f 2240/1/4004 2301/2/4004 2300/3/4004
f 2240/1/4005 2241/2/4005 2302/3/4005
f 2240/1/4006 2302/2/4006 2301/3/4006
f 2241/1/4007 2242/2/4007 2302/3/4007
f 2242/1/4008 2303/2/4008 2302/3/4008
f 2242/4/4009 2243/5/4009 2304/6/4009
f 2242/4/4010 2304/5/4010 2303/6/4010
f 2243/4/4011 2244/5/4011 2304/6/4011
f 2244/4/4012 2305/5/4012 2304/6/4012
f 2244/4/4013 2245/5/4013 2306/6/4013
f 2244/1/4014 2306/2/4014 2305/3/4014
f 2245/1/4015 2246/2/4015 2306/3/4015
f 2246/1/4016 2307/2/4016 2306/3/4016
f 2246/4/4017 2247/5/4017 2308/6/4017
f 2246/4/4018 2308/5/4018 2307/6/4018
f 2247/1/4019 2248/2/4019 2308/3/4019
f 2248/1/4020 2309/2/4020 2308/3/4020
f 2248/4/4021 2249/5/4021 2310/6/4021
f 2248/1/4022 2310/2/4022 2309/3/4022
f 2249/1/4023 2250/2/4023 2310/3/4023
f 2250/4/4024 2311/5/4024 2310/6/4024
f 2250/1/4025 2251/2/4025 2312/3/4025
f 2250/1/4026 2312/2/4026 2311/3/4026
f 2251/1/4027 2252/2/4027 2312/3/4027
f 2252/1/4028 2313/2/4028 2312/3/4028
f 2252/1/4029 2253/2/4029 2314/3/4029
f 2252/1/4030 2314/2/4030 2313/3/4030
f 2253/1/4031 2254/2/4031 2314/3/4031
f 2254/1/4032 2315/2/4032 2314/3/4032
f 2254/1/4033 2255/2/4033 2316/3/4033
f 2254/1/4034 2316/2/4034 2315/3/4034
f 2255/1/4035 2256/2/4035 2316/3/4035
f 2256/1/4036 2317/2/4036 2316/3/4036
f 2256/1/3919 2257/2/3919 2318/3/3919
f 2256/1/4037 2318/2/4037 2317/3/4037
f 2258/1/4038 2259/2/4038 2320/3/4038
f 2258/1/4039 2320/2/4039 2319/3/4039
f 2259/1/4040 2260/2/4040 2320/3/4040
f 2260/1/4041 2321/2/4041 2320/3/4041
f 2260/1/4042 2261/2/4042 2322/3/4042
f 2260/1/4043 2322/2/4043 2321/3/4043
f 2261/1/4044 2262/2/4044 2322/3/4044
f 2262/1/4045 2323/2/4045 2322/3/4045
f 2262/1/4046 2263/2/4046 2324/3/4046
f 2262/1/4047 2324/2/4047 2323/3/4047
f 2263/1/4048 2264/2/4048 2324/3/4048
f 2264/1/4049 2325/2/4049 2324/3/4049
f 2264/1/4050 2265/2/4050 2326/3/4050
f 2264/1/4051 2326/2/4051 2325/3/4051
f 2265/1/4052 2266/2/4052 2326/3/4052
f 2266/1/4053 2327/2/4053 2326/3/4053
f 2266/1/4054 2267/2/4054 2328/3/4054
f 2266/1/4055 2328/2/4055 2327/3/4055
f 2267/1/4056 2268/2/4056 2328/3/4056
f 2268/1/4057 2329/2/4057 2328/3/4057
f 2268/1/4058 2269/2/4058 2330/3/4058
f 2268/1/4059 2330/2/4059 2329/3/4059
f 2269/1/4060 2270/2/4060 2330/3/4060
f 2270/1/4061 2331/2/4061 2330/3/4061
f 2270/1/4062 2271/2/4062 2332/3/4062
f 2270/1/4063 2332/2/4063 2331/3/4063
f 2271/1/4064 2272/2/4064 2332/3/4064
f 2272/1/4065 2333/2/4065 2332/3/4065
f 2272/1/4066 2273/2/4066 2334/3/4066
f 2272/1/4067 2334/2/4067 2333/3/4067
f 2273/1/4068 2274/2/4068 2334/3/4068
f 2274/1/4069 2335/2/4069 2334/3/4069
f 2274/1/4070 2275/2/4070 2336/3/4070
f 2274/1/4071 2336/2/4071 2335/3/4071
f 2275/1/4072 2276/2/4072 2336/3/4072
f 2276/1/4073 2337/2/4073 2336/3/4073
f 2276/1/4074 2277/2/4074 2338/3/4074
f 2276/1/4075 2338/2/4075 2337/3/4075
f 2277/1/4076 2278/2/4076 2338/3/4076
f 2278/1/4077 2339/2/4077 2338/3/4077
f 2278/1/4078 2279/2/4078 2340/3/4078
f 2278/1/4079 2340/2/4079 2339/3/4079
f 2279/1/4080 2280/2/4080 2340/3/4080
f 2280/4/4081 2341/5/4081 2340/6/4081
f 2280/4/4082 2281/5/4082 2342/6/4082
f 2280/4/4083 2342/5/4083 2341/6/4083
f 2281/4/4084 2282/5/4084 2342/6/4084
f 2282/4/4085 2343/5/4085 2342/6/4085
f 2282/1/4086 2283/2/4086 2344/3/4086
f 2282/1/4087 2344/2/4087 2343/3/4087
f 2283/1/4088 2284/2/4088 2344/3/4088
f 2284/1/4089 2345/2/4089 2344/3/4089
f 2284/4/4090 2285/5/4090 2346/6/4090
f 2284/1/4091 2346/2/4091 2345/3/4091
f 2285/4/4092 2286/5/4092 2346/6/4092
f 2286/4/4093 2347/5/4093 2346/6/4093
f 2286/1/4094 2287/2/4094 2348/3/4094
f 2286/4/4095 2348/5/4095 2347/6/4095
f 2287/1/4096 2288/2/4096 2348/3/4096
f 2288/1/4097 2349/2/4097 2348/3/4097
f 2288/1/4098 2289/2/4098 2350/3/4098
f 2288/1/4099 2350/2/4099 2349/3/4099
f 2289/1/4100 2290/2/4100 2350/3/4100
f 2290/4/4101 2351/5/4101 2350/6/4101
f 2290/4/4102 2291/5/4102 2352/6/4102
f 2290/1/4103 2352/2/4103 2351/3/4103
f 2291/4/4104 2292/5/4104 2352/6/4104
f 2292/1/4105 2353/2/4105 2352/3/4105
f 2292/1/4106 2293/2/4106 2354/3/4106
f 2292/1/4107 2354/2/4107 2353/3/4107
f 2293/1/4108 2294/2/4108 2354/3/4108
f 2294/1/4109 2355/2/4109 2354/3/4109
f 2294/4/4110 2295/5/4110 2356/6/4110
f 2294/1/4111 2356/2/4111 2355/3/4111
f 2295/1/4112 2296/2/4112 2356/3/4112
f 2296/1/4113 2357/2/4113 2356/3/4113
f 2296/1/4114 2297/2/4114 2358/3/4114
f 2296/1/4115 2358/2/4115 2357/3/4115
f 2297/4/4116 2298/5/4116 2358/6/4116
f 2298/4/4117 2359/5/4117 2358/6/4117
f 2298/4/4118 2299/5/4118 2360/6/4118
f 2298/1/4119 2360/2/4119 2359/3/4119
f 2299/4/4120 2300/5/4120 2360/6/4120
f 2300/4/4121 2361/5/4121 2360/6/4121
f 2300/1/4122 2301/2/4122 2362/3/4122
f 2300/1/4123 2362/2/4123 2361/3/4123
f 2301/1/4124 2302/2/4124 2362/3/4124
f 2302/1/4125 2363/2/4125 2362/3/4125
f 2302/1/4126 2303/2/4126 2364/3/4126
f 2302/1/4127 2364/2/4127 2363/3/4127
f 2303/4/4128 2304/5/4128 2364/6/4128
f 2304/4/4129 2365/5/4129 2364/6/4129
f 2304/4/4130 2305/5/4130 2366/6/4130
f 2304/4/4131 2366/5/4131 2365/6/4131
f 2305/1/4132 2306/2/4132 2366/3/4132
f 2306/4/4133 2367/5/4133 2366/6/4133
f 2306/1/4134 2307/2/4134 2368/3/4134
f 2306/1/4135 2368/2/4135 2367/3/4135
f 2307/4/4136 2308/5/4136 2368/6/4136
f 2308/1/4137 2369/2/4137 2368/3/4137
f 2308/4/4138 2309/5/4138 2370/6/4138
f 2308/4/4139 2370/5/4139 2369/6/4139
f 2309/1/4140 2310/2/4140 2370/3/4140
f 2310/1/4141 2371/2/4141 2370/3/4141
f 2310/4/4142 2311/5/4142 2372/6/4142
f 2310/1/4143 2372/2/4143 2371/3/4143
f 2311/1/4144 2312/2/4144 2372/3/4144
f 2312/1/4145 2373/2/4145 2372/3/4145
f 2312/1/4146 2313/2/4146 2374/3/4146
f 2312/1/4147 2374/2/4147 2373/3/4147
f 2313/1/4148 2314/2/4148 2374/3/4148
f 2314/1/4149 2375/2/4149 2374/3/4149
f 2314/1/4150 2315/2/4150 2376/3/4150
f 2314/1/4151 2376/2/4151 2375/3/4151
f 2315/1/4152 2316/2/4152 2376/3/4152
f 2316/1/4153 2377/2/4153 2376/3/4153
f 2316/1/4154 2317/2/4154 2378/3/4154
f 2316/1/4155 2378/2/4155 2377/3/4155
f 2317/1/4156 2318/2/4156 2378/3/4156
f 2318/1/4157 2379/2/4157 2378/3/4157
f 2319/1/4039 2320/2/4039 2380/3/4039
f 2320/1/4158 2381/2/4158 2380/3/4158
f 2320/1/4159 2321/2/4159 2382/3/4159
f 2320/1/4160 2382/2/4160 2381/3/4160
f 2321/1/4161 2322/2/4161 2382/3/4161
f 2322/1/4162 2383/2/4162 2382/3/4162
f 2322/1/4163 2323/2/4163 2384/3/4163
f 2322/1/4164 2384/2/4164 2383/3/4164
f 2323/1/4165 2324/2/4165 2384/3/4165
f 2324/1/4166 2385/2/4166 2384/3/4166
f 2324/1/4167 2325/2/4167 2386/3/4167
f 2324/1/4168 2386/2/4168 2385/3/4168
f 2325/1/4169 2326/2/4169 2386/3/4169
f 2326/1/4170 2387/2/4170 2386/3/4170
f 2326/1/4171 2327/2/4171 2388/3/4171
f 2326/1/4172 2388/2/4172 2387/3/4172
f 2327/1/4173 2328/2/4173 2388/3/4173
f 2328/1/4174 2389/2/4174 2388/3/4174
f 2328/1/4175 2329/2/4175 2390/3/4175
f 2328/1/4176 2390/2/4176 2389/3/4176
f 2329/1/4177 2330/2/4177 2390/3/4177
f 2330/1/4178 2391/2/4178 2390/3/4178
f 2330/1/4179 2331/2/4179 2392/3/4179
f 2330/1/4180 2392/2/4180 2391/3/4180
f 2331/1/4181 2332/2/4181 2392/3/4181
f 2332/1/4182 2393/2/4182 2392/3/4182
f 2332/1/4183 2333/2/4183 2394/3/4183
f 2332/1/4184 2394/2/4184 2393/3/4184
f 2333/1/4185 2334/2/4185 2394/3/4185
f 2334/1/4186 2395/2/4186 2394/3/4186
f 2334/1/4187 2335/2/4187 2396/3/4187
f 2334/1/4188 2396/2/4188 2395/3/4188
f 2335/1/4189 2336/2/4189 2396/3/4189
f 2336/1/4190 2397/2/4190 2396/3/4190
f 2336/1/4191 2337/2/4191 2398/3/4191
f 2336/1/4192 2398/2/4192 2397/3/4192
f 2337/1/4193 2338/2/4193 2398/3/4193
f 2338/1/4194 2399/2/4194 2398/3/4194
f 2338/1/4195 2339/2/4195 2400/3/4195
f 2338/1/4196 2400/2/4196 2399/3/4196
f 2339/1/4197 2340/2/4197 2400/3/4197
f 2340/1/4198 2401/2/4198 2400/3/4198
f 2340/1/4199 2341/2/4199 2402/3/4199
f 2340/1/4200 2402/2/4200 2401/3/4200
f 2341/1/4201 2342/2/4201 2402/3/4201
f 2342/1/4202 2403/2/4202 2402/3/4202
f 2342/4/4203 2343/5/4203 2404/6/4203
f 2342/4/4204 2404/5/4204 2403/6/4204
f 2343/1/4205 2344/2/4205 2404/3/4205
f 2344/1/4206 2405/2/4206 2404/3/4206
f 2344/1/4207 2345/2/4207 2406/3/4207
f 2344/1/4208 2406/2/4208 2405/3/4208
f 2345/1/4209 2346/2/4209 2406/3/4209
f 2346/1/4210 2407/2/4210 2406/3/4210
f 2346/4/4211 2347/5/4211 2408/6/4211
f 2346/1/4212 2408/2/4212 2407/3/4212
f 2347/4/4213 2348/5/4213 2408/6/4213
f 2348/4/4214 2409/5/4214 2408/6/4214
f 2348/1/4215 2349/2/4215 2410/3/4215
f 2348/4/4216 2410/5/4216 2409/6/4216
f 2349/1/4217 2350/2/4217 2410/3/4217
f 2350/4/4218 2411/5/4218 2410/6/4218
f 2350/1/4219 2351/2/4219 2412/3/4219
f 2350/1/4220 2412/2/4220 2411/3/4220
f 2351/1/4221 2352/2/4221 2412/3/4221
f 2352/1/4222 2413/2/4222 2412/3/4222
f 2352/1/4223 2353/2/4223 2414/3/4223
f 2352/4/4224 2414/5/4224 2413/6/4224
f 2353/1/4225 2354/2/4225 2414/3/4225
f 2354/1/4226 2415/2/4226 2414/3/4226
f 2354/1/4227 2355/2/4227 2416/3/4227
f 2354/1/4228 2416/2/4228 2415/3/4228
f 2355/1/4229 2356/2/4229 2416/3/4229
f 2356/1/4230 2417/2/4230 2416/3/4230
f 2356/1/4231 2357/2/4231 2418/3/4231
f 2356/1/4232 2418/2/4232 2417/3/4232
f 2357/1/4233 2358/2/4233 2418/3/4233
f 2358/1/4234 2419/2/4234 2418/3/4234
f 2358/4/4235 2359/5/4235 2420/6/4235
f 2358/1/4236 2420/2/4236 2419/3/4236
f 2359/1/4237 2360/2/4237 2420/3/4237
f 2360/1/4238 2421/2/4238 2420/3/4238
f 2360/4/4239 2361/5/4239 2422/6/4239
f 2360/4/4240 2422/5/4240 2421/6/4240
f 2361/4/4241 2362/5/4241 2422/6/4241
f 2362/4/4242 2423/5/4242 2422/6/4242
f 2362/1/4243 2363/2/4243 2424/3/4243
f 2362/4/4244 2424/5/4244 2423/6/4244
f 2363/4/4245 2364/5/4245 2424/6/4245
f 2364/4/4246 2425/5/4246 2424/6/4246
f 2364/4/4247 2365/5/4247 2426/6/4247
f 2364/4/4248 2426/5/4248 2425/6/4248
f 2365/4/4249 2366/5/4249 2426/6/4249
f 2366/1/4250 2427/2/4250 2426/3/4250
f 2366/4/4251 2367/5/4251 2428/6/4251
f 2366/1/4252 2428/2/4252 2427/3/4252
f 2367/1/4253 2368/2/4253 2428/3/4253
f 2368/1/4254 2429/2/4254 2428/3/4254
f 2368/1/4255 2369/2/4255 2430/3/4255
f 2368/1/4256 2430/2/4256 2429/3/4256
f 2369/4/4257 2370/5/4257 2430/6/4257
f 2370/1/4258 2431/2/4258 2430/3/4258
f 2370/1/4259 2371/2/4259 2432/3/4259
f 2370/1/4260 2432/2/4260 2431/3/4260
f 2371/1/4261 2372/2/4261 2432/3/4261
f 2372/1/4262 2433/2/4262 2432/3/4262
f 2372/1/4263 2373/2/4263 2434/3/4263
f 2372/1/4264 2434/2/4264 2433/3/4264
f 2373/1/4265 2374/2/4265 2434/3/4265
f 2374/1/4266 2435/2/4266 2434/3/4266
f 2374/1/4267 2375/2/4267 2436/3/4267
f 2374/1/4268 2436/2/4268 2435/3/4268
f 2375/1/4269 2376/2/4269 2436/3/4269
f 2376/1/4270 2437/2/4270 2436/3/4270
f 2376/1/4271 2377/2/4271 2438/3/4271
f 2376/1/4272 2438/2/4272 2437/3/4272
f 2377/1/4273 2378/2/4273 2438/3/4273
f 2378/1/4274 2439/2/4274 2438/3/4274
f 2378/1/4157 2379/2/4157 2440/3/4157
f 2378/1/4275 2440/2/4275 2439/3/4275
f 2380/1/4276 2381/2/4276 2442/3/4276
f 2380/1/4277 2442/2/4277 2441/3/4277
f 2381/1/4278 2382/2/4278 2442/3/4278
f 2382/1/4279 2443/2/4279 2442/3/4279
f 2382/1/4280 2383/2/4280 2444/3/4280
f 2382/1/4281 2444/2/4281 2443/3/4281
f 2383/1/4282 2384/2/4282 2444/3/4282
f 2384/1/4283 2445/2/4283 2444/3/4283
f 2384/1/4284 2385/2/4284 2446/3/4284
f 2384/1/4285 2446/2/4285 2445/3/4285
f 2385/1/4286 2386/2/4286 2446/3/4286
f 2386/1/4287 2447/2/4287 2446/3/4287
f 2386/1/4288 2387/2/4288 2448/3/4288
f 2386/1/4289 2448/2/4289 2447/3/4289
f 2387/1/4290 2388/2/4290 2448/3/4290
f 2388/1/4291 2449/2/4291 2448/3/4291
f 2388/1/4292 2389/2/4292 2450/3/4292
f 2388/1/4293 2450/2/4293 2449/3/4293
f 2389/1/4294 2390/2/4294 2450/3/4294
f 2390/1/4295 2451/2/4295 2450/3/4295
f 2390/1/4296 2391/2/4296 2452/3/4296
f 2390/1/4297 2452/2/4297 2451/3/4297
f 2391/1/4298 2392/2/4298 2452/3/4298
f 2392/1/4299 2453/2/4299 2452/3/4299
f 2392/1/4300 2393/2/4300 2454/3/4300
f 2392/1/4301 2454/2/4301 2453/3/4301
f 2393/1/4302 2394/2/4302 2454/3/4302
f 2394/1/4303 2455/2/4303 2454/3/4303
f 2394/1/4304 2395/2/4304 2456/3/4304
f 2394/1/4305 2456/2/4305 2455/3/4305
f 2395/1/4306 2396/2/4306 2456/3/4306
f 2396/1/4307 2457/2/4307 2456/3/4307
f 2396/1/4308 2397/2/4308 2458/3/4308
f 2396/1/4309 2458/2/4309 2457/3/4309
f 2397/1/4310 2398/2/4310 2458/3/4310
f 2398/1/4311 2459/2/4311 2458/3/4311
f 2398/1/4312 2399/2/4312 2460/3/4312
f 2398/1/4313 2460/2/4313 2459/3/4313
f 2399/1/4314 2400/2/4314 2460/3/4314
f 2400/1/4315 2461/2/4315 2460/3/4315
f 2400/1/4316 2401/2/4316 2462/3/4316
f 2400/1/4317 2462/2/4317 2461/3/4317
f 2401/1/4318 2402/2/4318 2462/3/4318
f 2402/1/4319 2463/2/4319 2462/3/4319
f 2402/1/4320 2403/2/4320 2464/3/4320
f 2402/1/4321 2464/2/4321 2463/3/4321
f 2403/4/4322 2404/5/4322 2464/6/4322
f 2404/1/4323 2465/2/4323 2464/3/4323
f 2404/1/4324 2405/2/4324 2466/3/4324
f 2404/1/4325 2466/2/4325 2465/3/4325
f 2405/1/4326 2406/2/4326 2466/3/4326
f 2406/1/4327 2467/2/4327 2466/3/4327
f 2406/1/4328 2407/2/4328 2468/3/4328
f 2406/1/4329 2468/2/4329 2467/3/4329
f 2407/1/4330 2408/2/4330 2468/3/4330
f 2408/4/4331 2469/5/4331 2468/6/4331
f 2408/1/4332 2409/2/4332 2470/3/4332
f 2408/4/4333 2470/5/4333 2469/6/4333
f 2409/1/4334 2410/2/4334 2470/3/4334
f 2410/1/4335 2471/2/4335 2470/3/4335
f 2410/4/4336 2411/5/4336 2472/6/4336
f 2410/4/4337 2472/5/4337 2471/6/4337
f 2411/1/4338 2412/2/4338 2472/3/4338
f 2412/4/4339 2473/5/4339 2472/6/4339
f 2412/1/4340 2413/2/4340 2474/3/4340
f 2412/1/4341 2474/2/4341 2473/3/4341
f 2413/1/4342 2414/2/4342 2474/3/4342
f 2414/1/4343 2475/2/4343 2474/3/4343
f 2414/1/4344 2415/2/4344 2476/3/4344
f 2414/1/4345 2476/2/4345 2475/3/4345
f 2415/1/4346 2416/2/4346 2476/3/4346
f 2416/1/4347 2477/2/4347 2476/3/4347
f 2416/1/4348 2417/2/4348 2478/3/4348
f 2416/1/4349 2478/2/4349 2477/3/4349
f 2417/1/4350 2418/2/4350 2478/3/4350
f 2418/1/4351 2479/2/4351 2478/3/4351
f 2418/1/4352 2419/2/4352 2480/3/4352
f 2418/1/4353 2480/2/4353 2479/3/4353
f 2419/1/4354 2420/2/4354 2480/3/4354
f 2420/1/4355 2481/2/4355 2480/3/4355
f 2420/1/4356 2421/2/4356 2482/3/4356
f 2420/4/4357 2482/5/4357 2481/6/4357
f 2421/4/4358 2422/5/4358 2482/6/4358
f 2422/4/4359 2483/5/4359 2482/6/4359
f 2422/1/4360 2423/2/4360 2484/3/4360
f 2422/4/4361 2484/5/4361 2483/6/4361
f 2423/1/4362 2424/2/4362 2484/3/4362
f 2424/1/4363 2485/2/4363 2484/3/4363
f 2424/4/4364 2425/5/4364 2486/6/4364
f 2424/4/4365 2486/5/4365 2485/6/4365
f 2425/4/4366 2426/5/4366 2486/6/4366
f 2426/4/4367 2487/5/4367 2486/6/4367
f 2426/4/4368 2427/5/4368 2488/6/4368
f 2426/4/4369 2488/5/4369 2487/6/4369
f 2427/4/4370 2428/5/4370 2488/6/4370
f 2428/4/4371 2489/5/4371 2488/6/4371
f 2428/1/4372 2429/2/4372 2490/3/4372
f 2428/1/4373 2490/2/4373 2489/3/4373
f 2429/1/4374 2430/2/4374 2490/3/4374
f 2430/1/4375 2491/2/4375 2490/3/4375
f 2430/1/4376 2431/2/4376 2492/3/4376
f 2430/1/4377 2492/2/4377 2491/3/4377
f 2431/1/4378 2432/2/4378 2492/3/4378
f 2432/1/4379 2493/2/4379 2492/3/4379
f 2432/1/4380 2433/2/4380 2494/3/4380
f 2432/4/4381 2494/5/4381 2493/6/4381
f 2433/1/4382 2434/2/4382 2494/3/4382
f 2434/1/4383 2495/2/4383 2494/3/4383
f 2434/1/4384 2435/2/4384 2496/3/4384
f 2434/1/4385 2496/2/4385 2495/3/4385
f 2435/1/4386 2436/2/4386 2496/3/4386
f 2436/1/4387 2497/2/4387 2496/3/4387
f 2436/1/4388 2437/2/4388 2498/3/4388
f 2436/1/4389 2498/2/4389 2497/3/4389
f 2437/1/4390 2438/2/4390 2498/3/4390
f 2438/1/4391 2499/2/4391 2498/3/4391
f 2438/1/4392 2439/2/4392 2500/3/4392
f 2438/1/4393 2500/2/4393 2499/3/4393
f 2439/1/4394 2440/2/4394 2500/3/4394
f 2440/1/4395 2501/2/4395 2500/3/4395
f 2441/1/4277 2442/2/4277 2502/3/4277
f 2442/1/4396 2503/2/4396 2502/3/4396
f 2442/1/4397 2443/2/4397 2504/3/4397
f 2442/1/4398 2504/2/4398 2503/3/4398
f 2443/1/4399 2444/2/4399 2504/3/4399
f 2444/1/4400 2505/2/4400 2504/3/4400
f 2444/1/4401 2445/2/4401 2506/3/4401
f 2444/1/4402 2506/2/4402 2505/3/4402
f 2445/1/4403 2446/2/4403 2506/3/4403
f 2446/1/4404 2507/2/4404 2506/3/4404
f 2446/1/4405 2447/2/4405 2508/3/4405
f 2446/1/4406 2508/2/4406 2507/3/4406
f 2447/1/4407 2448/2/4407 2508/3/4407
f 2448/1/4408 2509/2/4408 2508/3/4408
f 2448/1/4409 2449/2/4409 2510/3/4409
f 2448/1/4410 2510/2/4410 2509/3/4410
f 2449/1/4411 2450/2/4411 2510/3/4411
f 2450/1/4412 2511/2/4412 2510/3/4412
f 2450/1/4413 2451/2/4413 2512/3/4413
f 2450/1/4414 2512/2/4414 2511/3/4414
f 2451/1/4415 2452/2/4415 2512/3/4415
f 2452/1/4416 2513/2/4416 2512/3/4416
f 2452/1/4417 2453/2/4417 2514/3/4417
f 2452/1/4418 2514/2/4418 2513/3/4418
f 2453/1/4419 2454/2/4419 2514/3/4419
f 2454/1/4420 2515/2/4420 2514/3/4420
f 2454/1/4421 2455/2/4421 2516/3/4421
f 2454/1/4422 2516/2/4422 2515/3/4422
f 2455/1/4423 2456/2/4423 2516/3/4423
f 2456/1/4424 2517/2/4424 2516/3/4424
f 2456/1/4425 2457/2/4425 2518/3/4425
f 2456/1/4426 2518/2/4426 2517/3/4426
f 2457/1/4427 2458/2/4427 2518/3/4427
f 2458/1/4428 2519/2/4428 2518/3/4428
f 2458/1/4429 2459/2/4429 2520/3/4429
f 2458/1/4430 2520/2/4430 2519/3/4430
f 2459/1/4431 2460/2/4431 2520/3/4431
f 2460/1/4432 2521/2/4432 2520/3/4432
f 2460/1/4433 2461/2/4433 2522/3/4433
f 2460/1/4434 2522/2/4434 2521/3/4434
f 2461/1/4435 2462/2/4435 2522/3/4435
f 2462/1/4436 2523/2/4436 2522/3/4436
f 2462/1/4437 2463/2/4437 2524/3/4437
f 2462/1/4438 2524/2/4438 2523/3/4438
f 2463/4/4439 2464/5/4439 2524/6/4439
f 2464/1/4440 2525/2/4440 2524/3/4440
f 2464/1/4441 2465/2/4441 2526/3/4441
f 2464/1/4442 2526/2/4442 2525/3/4442
f 2465/1/4443 2466/2/4443 2526/3/4443
f 2466/1/4444 2527/2/4444 2526/3/4444
f 2466/1/4445 2467/2/4445 2528/3/4445
f 2466/1/4446 2528/2/4446 2527/3/4446
f 2467/1/4447 2468/2/4447 2528/3/4447
f 2468/1/4448 2529/2/4448 2528/3/4448
f 2468/1/4449 2469/2/4449 2530/3/4449
f 2468/1/4450 2530/2/4450 2529/3/4450
f 2469/1/4451 2470/2/4451 2530/3/4451
f 2470/1/4452 2531/2/4452 2530/3/4452
f 2470/1/4453 2471/2/4453 2532/3/4453
f 2470/1/4454 2532/2/4454 2531/3/4454
f 2471/1/4455 2472/2/4455 2532/3/4455
f 2472/4/4456 2533/5/4456 2532/6/4456
f 2472/1/4457 2473/2/4457 2534/3/4457
f 2472/1/4458 2534/2/4458 2533/3/4458
f 2473/1/4459 2474/2/4459 2534/3/4459
f 2474/1/4460 2535/2/4460 2534/3/4460
f 2474/1/4461 2475/2/4461 2536/3/4461
f 2474/1/4462 2536/2/4462 2535/3/4462
f 2475/1/4463 2476/2/4463 2536/3/4463
f 2476/4/4464 2537/5/4464 2536/6/4464
f 2476/1/4465 2477/2/4465 2538/3/4465
f 2476/4/4466 2538/5/4466 2537/6/4466
f 2477/1/4467 2478/2/4467 2538/3/4467
f 2478/1/4468 2539/2/4468 2538/3/4468
f 2478/1/4469 2479/2/4469 2540/3/4469
f 2478/4/4470 2540/5/4470 2539/6/4470
f 2479/1/4471 2480/2/4471 2540/3/4471
f 2480/1/4472 2541/2/4472 2540/3/4472
f 2480/1/4473 2481/2/4473 2542/3/4473
f 2480/1/4474 2542/2/4474 2541/3/4474
f 2481/4/4475 2482/5/4475 2542/6/4475
f 2482/4/4476 2543/5/4476 2542/6/4476
f 2482/4/4477 2483/5/4477 2544/6/4477
f 2482/4/4478 2544/5/4478 2543/6/4478
f 2483/4/4479 2484/5/4479 2544/6/4479
f 2484/4/4480 2545/5/4480 2544/6/4480
f 2484/4/4481 2485/5/4481 2546/6/4481
f 2484/4/4482 2546/5/4482 2545/6/4482
f 2485/4/4483 2486/5/4483 2546/6/4483
f 2486/4/4484 2547/5/4484 2546/6/4484
f 2486/4/4485 2487/5/4485 2548/6/4485
f 2486/4/4486 2548/5/4486 2547/6/4486
f 2487/4/4487 2488/5/4487 2548/6/4487
f 2488/4/4488 2549/5/4488 2548/6/4488
f 2488/4/4489 2489/5/4489 2550/6/4489
f 2488/4/4490 2550/5/4490 2549/6/4490
f 2489/1/4491 2490/2/4491 2550/3/4491
f 2490/1/4492 2551/2/4492 2550/3/4492
f 2490/1/4493 2491/2/4493 2552/3/4493
f 2490/1/4494 2552/2/4494 2551/3/4494
f 2491/1/4495 2492/2/4495 2552/3/4495
f 2492/1/4496 2553/2/4496 2552/3/4496
f 2492/1/4497 2493/2/4497 2554/3/4497
f 2492/1/4498 2554/2/4498 2553/3/4498
f 2493/4/4499 2494/5/4499 2554/6/4499
f 2494/1/4500 2555/2/4500 2554/3/4500
f 2494/1/4501 2495/2/4501 2556/3/4501
f 2494/1/4502 2556/2/4502 2555/3/4502
f 2495/1/4503 2496/2/4503 2556/3/4503
f 2496/1/4504 2557/2/4504 2556/3/4504
f 2496/1/4505 2497/2/4505 2558/3/4505
f 2496/1/4506 2558/2/4506 2557/3/4506
f 2497/1/4507 2498/2/4507 2558/3/4507
f 2498/1/4508 2559/2/4508 2558/3/4508
f 2498/1/4509 2499/2/4509 2560/3/4509
f 2498/1/4510 2560/2/4510 2559/3/4510
f 2499/1/4511 2500/2/4511 2560/3/4511
f 2500/1/4512 2561/2/4512 2560/3/4512
f 2500/1/4395 2501/2/4395 2562/3/4395
f 2500/1/4513 2562/2/4513 2561/3/4513
f 2502/1/4514 2503/2/4514 2564/3/4514
f 2502/1/4515 2564/2/4515 2563/3/4515
f 2503/1/4516 2504/2/4516 2564/3/4516
f 2504/1/4517 2565/2/4517 2564/3/4517
f 2504/1/4518 2505/2/4518 2566/3/4518
f 2504/1/4519 2566/2/4519 2565/3/4519
f 2505/1/4520 2506/2/4520 2566/3/4520
f 2506/1/4521 2567/2/4521 2566/3/4521
f 2506/1/4522 2507/2/4522 2568/3/4522
f 2506/1/4523 2568/2/4523 2567/3/4523
f 2507/1/4524 2508/2/4524 2568/3/4524
f 2508/1/4525 2569/2/4525 2568/3/4525
f 2508/1/4526 2509/2/4526 2570/3/4526
f 2508/1/4527 2570/2/4527 2569/3/4527
f 2509/1/4528 2510/2/4528 2570/3/4528
f 2510/1/4529 2571/2/4529 2570/3/4529
f 2510/1/4530 2511/2/4530 2572/3/4530
f 2510/1/4531 2572/2/4531 2571/3/4531
f 2511/1/4532 2512/2/4532 2572/3/4532
f 2512/1/4533 2573/2/4533 2572/3/4533
f 2512/1/4534 2513/2/4534 2574/3/4534
f 2512/1/4535 2574/2/4535 2573/3/4535
f 2513/1/4536 2514/2/4536 2574/3/4536
f 2514/1/4537 2575/2/4537 2574/3/4537
f 2514/1/4538 2515/2/4538 2576/3/4538
f 2514/1/4539 2576/2/4539 2575/3/4539
f 2515/1/4540 2516/2/4540 2576/3/4540
f 2516/1/4541 2577/2/4541 2576/3/4541
f 2516/1/4542 2517/2/4542 2578/3/4542
f 2516/1/4543 2578/2/4543 2577/3/4543
f 2517/1/4544 2518/2/4544 2578/3/4544
f 2518/1/4545 2579/2/4545 2578/3/4545
f 2518/1/4546 2519/2/4546 2580/3/4546
f 2518/1/4547 2580/2/4547 2579/3/4547
f 2519/1/4548 2520/2/4548 2580/3/4548
f 2520/1/4549 2581/2/4549 2580/3/4549
f 2520/1/4550 2521/2/4550 2582/3/4550
f 2520/1/4551 2582/2/4551 2581/3/4551
f 2521/1/4552 2522/2/4552 2582/3/4552
f 2522/1/4553 2583/2/4553 2582/3/4553
f 2522/1/4554 2523/2/4554 2584/3/4554
f 2522/1/4555 2584/2/4555 2583/3/4555
f 2523/1/4556 2524/2/4556 2584/3/4556
f 2524/1/4557 2585/2/4557 2584/3/4557
f 2524/1/4558 2525/2/4558 2586/3/4558
f 2524/1/4559 2586/2/4559 2585/3/4559
f 2525/1/4560 2526/2/4560 2586/3/4560
f 2526/1/4561 2587/2/4561 2586/3/4561
f 2526/1/4562 2527/2/4562 2588/3/4562
f 2526/1/4563 2588/2/4563 2587/3/4563
f 2527/1/4564 2528/2/4564 2588/3/4564
f 2528/1/4565 2589/2/4565 2588/3/4565
f 2528/1/4566 2529/2/4566 2590/3/4566
f 2528/1/4567 2590/2/4567 2589/3/4567
f 2529/1/4568 2530/2/4568 2590/3/4568
f 2530/1/4569 2591/2/4569 2590/3/4569
f 2530/1/4570 2531/2/4570 2592/3/4570
f 2530/1/4571 2592/2/4571 2591/3/4571
f 2531/1/4572 2532/2/4572 2592/3/4572
f 2532/1/4573 2593/2/4573 2592/3/4573
f 2532/4/4574 2533/5/4574 2594/6/4574
f 2532/1/4575 2594/2/4575 2593/3/4575
f 2533/1/4576 2534/2/4576 2594/3/4576
f 2534/1/4577 2595/2/4577 2594/3/4577
f 2534/1/4578 2535/2/4578 2596/3/4578
f 2534/1/4579 2596/2/4579 2595/3/4579
f 2535/1/4580 2536/2/4580 2596/3/4580
f 2536/1/4581 2597/2/4581 2596/3/4581
f 2536/1/4582 2537/2/4582 2598/3/4582
f 2536/1/4583 2598/2/4583 2597/3/4583
f 2537/1/4584 2538/2/4584 2598/3/4584
f 2538/1/4585 2599/2/4585 2598/3/4585
f 2538/1/4586 2539/2/4586 2600/3/4586
f 2538/1/4587 2600/2/4587 2599/3/4587
f 2539/4/4588 2540/5/4588 2600/6/4588
f 2540/4/4589 2601/5/4589 2600/6/4589
f 2540/1/4590 2541/2/4590 2602/3/4590
f 2540/1/4591 2602/2/4591 2601/3/4591
f 2541/1/4592 2542/2/4592 2602/3/4592
f 2542/1/4593 2603/2/4593 2602/3/4593
f 2542/4/4594 2543/5/4594 2604/6/4594
f 2542/1/4595 2604/2/4595 2603/3/4595
f 2543/4/4596 2544/5/4596 2604/6/4596
f 2544/4/4597 2605/5/4597 2604/6/4597
f 2544/4/4598 2545/5/4598 2606/6/4598
f 2544/4/4599 2606/5/4599 2605/6/4599
f 2545/4/4600 2546/5/4600 2606/6/4600
f 2546/1/4601 2607/2/4601 2606/3/4601
f 2546/4/4602 2547/5/4602 2608/6/4602
f 2546/4/4603 2608/5/4603 2607/6/4603
f 2547/4/4604 2548/5/4604 2608/6/4604
f 2548/4/4605 2609/5/4605 2608/6/4605
f 2548/4/4606 2549/5/4606 2610/6/4606
f 2548/4/4607 2610/5/4607 2609/6/4607
f 2549/4/4608 2550/5/4608 2610/6/4608
f 2550/1/4609 2611/2/4609 2610/3/4609
f 2550/1/4610 2551/2/4610 2612/3/4610
f 2550/1/4611 2612/2/4611 2611/3/4611
f 2551/1/4612 2552/2/4612 2612/3/4612
f 2552/1/4613 2613/2/4613 2612/3/4613
f 2552/1/4614 2553/2/4614 2614/3/4614
f 2552/1/4615 2614/2/4615 2613/3/4615
f 2553/1/4616 2554/2/4616 2614/3/4616
f 2554/1/4617 2615/2/4617 2614/3/4617
f 2554/1/4618 2555/2/4618 2616/3/4618
f 2554/1/4619 2616/2/4619 2615/3/4619
f 2555/1/4620 2556/2/4620 2616/3/4620
f 2556/1/4621 2617/2/4621 2616/3/4621
f 2556/1/4622 2557/2/4622 2618/3/4622
f 2556/1/4623 2618/2/4623 2617/3/4623
f 2557/1/4624 2558/2/4624 2618/3/4624
f 2558/1/4625 2619/2/4625 2618/3/4625
f 2558/1/4626 2559/2/4626 2620/3/4626
f 2558/1/4627 2620/2/4627 2619/3/4627
f 2559/1/4628 2560/2/4628 2620/3/4628
f 2560/1/4629 2621/2/4629 2620/3/4629
f 2560/1/4630 2561/2/4630 2622/3/4630
f 2560/1/4631 2622/2/4631 2621/3/4631
f 2561/1/4632 2562/2/4632 2622/3/4632
f 2562/1/4633 2623/2/4633 2622/3/4633
f 2563/1/4515 2564/2/4515 2624/3/4515
f 2564/1/4634 2625/2/4634 2624/3/4634
f 2564/1/4635 2565/2/4635 2626/3/4635
f 2564/1/4636 2626/2/4636 2625/3/4636
f 2565/1/4637 2566/2/4637 2626/3/4637
f 2566/1/4638 2627/2/4638 2626/3/4638
f 2566/1/4639 2567/2/4639 2628/3/4639
f 2566/1/4640 2628/2/4640 2627/3/4640
f 2567/1/4641 2568/2/4641 2628/3/4641
f 2568/1/4642 2629/2/4642 2628/3/4642
f 2568/1/4643 2569/2/4643 2630/3/4643
f 2568/1/4644 2630/2/4644 2629/3/4644
f 2569/1/4645 2570/2/4645 2630/3/4645
f 2570/1/4646 2631/2/4646 2630/3/4646
f 2570/1/4647 2571/2/4647 2632/3/4647
f 2570/1/4648 2632/2/4648 2631/3/4648
f 2571/1/4649 2572/2/4649 2632/3/4649
f 2572/1/4650 2633/2/4650 2632/3/4650
f 2572/1/4651 2573/2/4651 2634/3/4651
f 2572/1/4652 2634/2/4652 2633/3/4652
f 2573/1/4653 2574/2/4653 2634/3/4653
f 2574/1/4654 2635/2/4654 2634/3/4654
f 2574/1/4655 2575/2/4655 2636/3/4655
f 2574/1/4656 2636/2/4656 2635/3/4656
f 2575/1/4657 2576/2/4657 2636/3/4657
f 2576/1/4658 2637/2/4658 2636/3/4658
f 2576/1/4659 2577/2/4659 2638/3/4659
f 2576/1/4660 2638/2/4660 2637/3/4660
f 2577/1/4661 2578/2/4661 2638/3/4661
f 2578/1/4662 2639/2/4662 2638/3/4662
f 2578/1/4663 2579/2/4663 2640/3/4663
f 2578/1/4664 2640/2/4664 2639/3/4664
f 2579/1/4665 2580/2/4665 2640/3/4665
f 2580/1/4666 2641/2/4666 2640/3/4666
f 2580/1/4667 2581/2/4667 2642/3/4667
f 2580/1/4668 2642/2/4668 2641/3/4668
f 2581/1/4669 2582/2/4669 2642/3/4669
f 2582/1/4670 2643/2/4670 2642/3/4670
f 2582/1/4671 2583/2/4671 2644/3/4671
f 2582/1/4672 2644/2/4672 2643/3/4672
f 2583/1/4673 2584/2/4673 2644/3/4673
f 2584/1/4674 2645/2/4674 2644/3/4674
f 2584/1/4675 2585/2/4675 2646/3/4675
f 2584/1/4676 2646/2/4676 2645/3/4676
f 2585/1/4677 2586/2/4677 2646/3/4677
f 2586/1/4678 2647/2/4678 2646/3/4678
f 2586/1/4679 2587/2/4679 2648/3/4679
f 2586/1/4680 2648/2/4680 2647/3/4680
f 2587/1/4681 2588/2/4681 2648/3/4681
f 2588/1/4682 2649/2/4682 2648/3/4682
f 2588/1/4683 2589/2/4683 2650/3/4683
f 2588/1/4684 2650/2/4684 2649/3/4684
f 2589/1/4685 2590/2/4685 2650/3/4685
f 2590/1/4686 2651/2/4686 2650/3/4686
f 2590/1/4687 2591/2/4687 2652/3/4687
f 2590/1/4688 2652/2/4688 2651/3/4688
f 2591/1/4689 2592/2/4689 2652/3/4689
f 2592/1/4690 2653/2/4690 2652/3/4690
f 2592/1/4691 2593/2/4691 2654/3/4691
f 2592/1/4692 2654/2/4692 2653/3/4692
f 2593/1/4693 2594/2/4693 2654/3/4693
f 2594/1/4694 2655/2/4694 2654/3/4694
f 2594/1/4695 2595/2/4695 2656/3/4695
f 2594/1/4696 2656/2/4696 2655/3/4696
f 2595/1/4697 2596/2/4697 2656/3/4697
f 2596/1/4698 2657/2/4698 2656/3/4698
f 2596/1/4699 2597/2/4699 2658/3/4699
f 2596/1/4700 2658/2/4700 2657/3/4700
f 2597/1/4701 2598/2/4701 2658/3/4701
f 2598/1/4702 2659/2/4702 2658/3/4702
f 2598/1/4703 2599/2/4703 2660/3/4703
f 2598/1/4704 2660/2/4704 2659/3/4704
f 2599/1/4705 2600/2/4705 2660/3/4705
f 2600/1/4706 2661/2/4706 2660/3/4706
f 2600/4/4707 2601/5/4707 2662/6/4707
f 2600/1/4708 2662/2/4708 2661/3/4708
f 2601/4/4709 2602/5/4709 2662/6/4709
f 2602/4/4710 2663/5/4710 2662/6/4710
f 2602/4/4711 2603/5/4711 2664/6/4711
f 2602/1/4712 2664/2/4712 2663/3/4712
f 2603/4/4713 2604/5/4713 2664/6/4713
f 2604/1/4714 2665/2/4714 2664/3/4714
f 2604/4/4715 2605/5/4715 2666/6/4715
f 2604/4/4716 2666/5/4716 2665/6/4716
f 2605/1/4717 2606/2/4717 2666/3/4717
f 2606/1/4718 2667/2/4718 2666/3/4718
f 2606/4/4719 2607/5/4719 2668/6/4719
f 2606/1/4720 2668/2/4720 2667/3/4720
f 2607/4/4721 2608/5/4721 2668/6/4721
f 2608/4/4722 2669/5/4722 2668/6/4722
f 2608/4/4723 2609/5/4723 2670/6/4723
f 2608/4/4724 2670/5/4724 2669/6/4724
f 2609/1/4725 2610/2/4725 2670/3/4725
f 2610/1/4726 2671/2/4726 2670/3/4726
f 2610/1/4727 2611/2/4727 2672/3/4727
f 2610/1/4728 2672/2/4728 2671/3/4728
f 2611/1/4729 2612/2/4729 2672/3/4729
f 2612/1/4730 2673/2/4730 2672/3/4730
f 2612/1/4731 2613/2/4731 2674/3/4731
f 2612/1/4732 2674/2/4732 2673/3/4732
f 2613/1/4733 2614/2/4733 2674/3/4733
f 2614/1/4734 2675/2/4734 2674/3/4734
f 2614/1/4735 2615/2/4735 2676/3/4735
f 2614/1/4736 2676/2/4736 2675/3/4736
f 2615/1/4737 2616/2/4737 2676/3/4737
f 2616/1/4738 2677/2/4738 2676/3/4738
f 2616/1/4739 2617/2/4739 2678/3/4739
f 2616/1/4740 2678/2/4740 2677/3/4740
f 2617/1/4741 2618/2/4741 2678/3/4741
f 2618/1/4742 2679/2/4742 2678/3/4742
f 2618/1/4743 2619/2/4743 2680/3/4743
f 2618/1/4744 2680/2/4744 2679/3/4744
f 2619/1/4745 2620/2/4745 2680/3/4745
f 2620/1/4746 2681/2/4746 2680/3/4746
f 2620/1/4747 2621/2/4747 2682/3/4747
f 2620/1/4748 2682/2/4748 2681/3/4748
f 2621/1/4749 2622/2/4749 2682/3/4749
f 2622/1/4750 2683/2/4750 2682/3/4750
f 2622/1/4633 2623/2/4633 2684/3/4633
f 2622/1/4751 2684/2/4751 2683/3/4751
f 2624/1/4752 2625/2/4752 2686/3/4752
f 2624/1/4753 2686/2/4753 2685/3/4753
f 2625/1/4754 2626/2/4754 2686/3/4754
f 2626/1/4755 2687/2/4755 2686/3/4755
f 2626/1/4756 2627/2/4756 2688/3/4756
f 2626/1/4757 2688/2/4757 2687/3/4757
f 2627/1/4758 2628/2/4758 2688/3/4758
f 2628/1/4759 2689/2/4759 2688/3/4759
f 2628/1/4760 2629/2/4760 2690/3/4760
f 2628/1/4761 2690/2/4761 2689/3/4761
f 2629/1/4762 2630/2/4762 2690/3/4762
f 2630/1/4763 2691/2/4763 2690/3/4763
f 2630/1/4764 2631/2/4764 2692/3/4764
f 2630/1/4765 2692/2/4765 2691/3/4765
f 2631/1/4766 2632/2/4766 2692/3/4766
f 2632/1/4767 2693/2/4767 2692/3/4767
f 2632/1/4768 2633/2/4768 2694/3/4768
f 2632/1/4769 2694/2/4769 2693/3/4769
f 2633/1/4770 2634/2/4770 2694/3/4770
f 2634/1/4771 2695/2/4771 2694/3/4771
f 2634/1/4772 2635/2/4772 2696/3/4772
f 2634/1/4773 2696/2/4773 2695/3/4773
f 2635/1/4774 2636/2/4774 2696/3/4774
f 2636/1/4775 2697/2/4775 2696/3/4775
f 2636/1/4776 2637/2/4776 2698/3/4776
f 2636/1/4777 2698/2/4777 2697/3/4777
f 2637/1/4778 2638/2/4778 2698/3/4778
f 2638/1/4779 2699/2/4779 2698/3/4779
f 2638/1/4780 2639/2/4780 2700/3/4780
f 2638/1/4781 2700/2/4781 2699/3/4781
f 2639/1/4782 2640/2/4782 2700/3/4782
f 2640/1/4783 2701/2/4783 2700/3/4783
f 2640/1/4784 2641/2/4784 2702/3/4784
f 2640/1/4785 2702/2/4785 2701/3/4785
f 2641/1/4786 2642/2/4786 2702/3/4786
f 2642/1/4787 2703/2/4787 2702/3/4787
f 2642/1/4788 2643/2/4788 2704/3/4788
f 2642/1/4789 2704/2/4789 2703/3/4789
f 2643/1/4790 2644/2/4790 2704/3/4790
f 2644/1/4791 2705/2/4791 2704/3/4791
f 2644/1/4792 2645/2/4792 2706/3/4792
f 2644/1/4793 2706/2/4793 2705/3/4793
f 2645/1/4794 2646/2/4794 2706/3/4794
f 2646/1/4795 2707/2/4795 2706/3/4795
f 2646/1/4796 2647/2/4796 2708/3/4796
f 2646/1/4797 2708/2/4797 2707/3/4797
f 2647/1/4798 2648/2/4798 2708/3/4798
f 2648/1/4799 2709/2/4799 2708/3/4799
f 2648/1/4800 2649/2/4800 2710/3/4800
f 2648/1/4801 2710/2/4801 2709/3/4801
f 2649/1/4802 2650/2/4802 2710/3/4802
f 2650/1/4803 2711/2/4803 2710/3/4803
f 2650/1/4804 2651/2/4804 2712/3/4804
f 2650/1/4805 2712/2/4805 2711/3/4805
f 2651/1/4806 2652/2/4806 2712/3/4806
f 2652/1/4807 2713/2/4807 2712/3/4807
f 2652/1/4808 2653/2/4808 2714/3/4808
f 2652/1/4809 2714/2/4809 2713/3/4809
f 2653/1/4810 2654/2/4810 2714/3/4810
f 2654/1/4811 2715/2/4811 2714/3/4811
f 2654/1/4812 2655/2/4812 2716/3/4812
f 2654/1/4813 2716/2/4813 2715/3/4813
f 2655/1/4814 2656/2/4814 2716/3/4814
f 2656/1/4815 2717/2/4815 2716/3/4815
f 2656/1/4816 2657/2/4816 2718/3/4816
f 2656/1/4817 2718/2/4817 2717/3/4817
f 2657/1/4818 2658/2/4818 2718/3/4818
f 2658/1/4819 2719/2/4819 2718/3/4819
f 2658/1/4820 2659/2/4820 2720/3/4820
f 2658/1/4821 2720/2/4821 2719/3/4821
f 2659/1/4822 2660/2/4822 2720/3/4822
f 2660/1/4823 2721/2/4823 2720/3/4823
f 2660/1/4824 2661/2/4824 2722/3/4824
f 2660/1/4825 2722/2/4825 2721/3/4825
f 2661/1/4826 2662/2/4826 2722/3/4826
f 2662/1/4827 2723/2/4827 2722/3/4827
f 2662/4/4828 2663/5/4828 2724/6/4828
f 2662/1/4829 2724/2/4829 2723/3/4829
f 2663/4/4830 2664/5/4830 2724/6/4830
f 2664/1/4831 2725/2/4831 2724/3/4831
f 2664/1/4832 2665/2/4832 2726/3/4832
f 2664/1/4833 2726/2/4833 2725/3/4833
f 2665/1/4834 2666/2/4834 2726/3/4834
f 2666/1/4835 2727/2/4835 2726/3/4835
f 2666/4/4836 2667/5/4836 2728/6/4836
f 2666/1/4837 2728/2/4837 2727/3/4837
f 2667/4/4838 2668/5/4838 2728/6/4838
f 2668/4/4839 2729/5/4839 2728/6/4839
f 2668/4/4840 2669/5/4840 2730/6/4840
f 2668/4/4841 2730/5/4841 2729/6/4841
f 2669/1/4842 2670/2/4842 2730/3/4842
f 2670/1/4843 2731/2/4843 2730/3/4843
f 2670/1/4844 2671/2/4844 2732/3/4844
f 2670/1/4845 2732/2/4845 2731/3/4845
f 2671/1/4846 2672/2/4846 2732/3/4846
f 2672/1/4847 2733/2/4847 2732/3/4847
f 2672/1/4848 2673/2/4848 2734/3/4848
f 2672/1/4849 2734/2/4849 2733/3/4849
f 2673/1/4850 2674/2/4850 2734/3/4850
f 2674/1/4851 2735/2/4851 2734/3/4851
f 2674/1/4852 2675/2/4852 2736/3/4852
f 2674/1/4853 2736/2/4853 2735/3/4853
f 2675/1/4854 2676/2/4854 2736/3/4854
f 2676/1/4855 2737/2/4855 2736/3/4855
f 2676/1/4856 2677/2/4856 2738/3/4856
f 2676/1/4857 2738/2/4857 2737/3/4857
f 2677/1/4858 2678/2/4858 2738/3/4858
f 2678/1/4859 2739/2/4859 2738/3/4859
f 2678/1/4860 2679/2/4860 2740/3/4860
f 2678/1/4861 2740/2/4861 2739/3/4861
f 2679/1/4862 2680/2/4862 2740/3/4862
f 2680/1/4863 2741/2/4863 2740/3/4863
f 2680/1/4864 2681/2/4864 2742/3/4864
f 2680/1/4865 2742/2/4865 2741/3/4865
f 2681/1/4866 2682/2/4866 2742/3/4866
f 2682/1/4867 2743/2/4867 2742/3/4867
f 2682/1/4868 2683/2/4868 2744/3/4868
f 2682/1/4869 2744/2/4869 2743/3/4869
f 2683/1/4870 2684/2/4870 2744/3/4870
f 2684/1/4871 2745/2/4871 2744/3/4871
f 2685/1/4753 2686/2/4753 2746/3/4753
f 2686/1/4872 2747/2/4872 2746/3/4872
f 2686/1/4873 2687/2/4873 2748/3/4873
f 2686/1/4874 2748/2/4874 2747/3/4874
f 2687/1/4875 2688/2/4875 2748/3/4875
f 2688/1/4876 2749/2/4876 2748/3/4876
f 2688/1/4877 2689/2/4877 2750/3/4877
f 2688/1/4878 2750/2/4878 2749/3/4878
f 2689/1/4879 2690/2/4879 2750/3/4879
f 2690/1/4880 2751/2/4880 2750/3/4880
f 2690/1/4881 2691/2/4881 2752/3/4881
f 2690/1/4882 2752/2/4882 2751/3/4882
f 2691/1/4883 2692/2/4883 2752/3/4883
f 2692/1/4884 2753/2/4884 2752/3/4884
f 2692/1/4885 2693/2/4885 2754/3/4885
f 2692/1/4886 2754/2/4886 2753/3/4886
f 2693/1/4887 2694/2/4887 2754/3/4887
f 2694/1/4888 2755/2/4888 2754/3/4888
f 2694/1/4889 2695/2/4889 2756/3/4889
f 2694/1/4890 2756/2/4890 2755/3/4890
f 2695/1/4891 2696/2/4891 2756/3/4891
f 2696/1/4892 2757/2/4892 2756/3/4892
f 2696/1/4893 2697/2/4893 2758/3/4893
f 2696/1/4894 2758/2/4894 2757/3/4894
f 2697/1/4895 2698/2/4895 2758/3/4895
f 2698/1/4896 2759/2/4896 2758/3/4896
f 2698/1/4897 2699/2/4897 2760/3/4897
f 2698/1/4898 2760/2/4898 2759/3/4898
f 2699/1/4899 2700/2/4899 2760/3/4899
f 2700/1/4900 2761/2/4900 2760/3/4900
f 2700/1/4901 2701/2/4901 2762/3/4901
f 2700/1/4902 2762/2/4902 2761/3/4902
f 2701/1/4903 2702/2/4903 2762/3/4903
f 2702/1/4904 2763/2/4904 2762/3/4904
f 2702/4/4905 2703/5/4905 2764/6/4905
f 2702/1/4906 2764/2/4906 2763/3/4906
f 2703/1/4907 2704/2/4907 2764/3/4907
f 2704/1/4908 2765/2/4908 2764/3/4908
f 2704/1/4909 2705/2/4909 2766/3/4909
f 2704/1/4910 2766/2/4910 2765/3/4910
f 2705/1/4911 2706/2/4911 2766/3/4911
f 2706/1/4912 2767/2/4912 2766/3/4912
f 2706/1/4913 2707/2/4913 2768/3/4913
f 2706/1/4914 2768/2/4914 2767/3/4914
f 2707/1/4915 2708/2/4915 2768/3/4915
f 2708/1/4916 2769/2/4916 2768/3/4916
f 2708/1/4917 2709/2/4917 2770/3/4917
f 2708/1/4918 2770/2/4918 2769/3/4918
f 2709/1/4919 2710/2/4919 2770/3/4919
f 2710/1/4920 2771/2/4920 2770/3/4920
f 2710/1/4921 2711/2/4921 2772/3/4921
f 2710/1/4922 2772/2/4922 2771/3/4922
f 2711/1/4923 2712/2/4923 2772/3/4923
f 2712/1/4924 2773/2/4924 2772/3/4924
f 2712/1/4925 2713/2/4925 2774/3/4925
f 2712/1/4926 2774/2/4926 2773/3/4926
f 2713/1/4927 2714/2/4927 2774/3/4927
f 2714/1/4928 2775/2/4928 2774/3/4928
f 2714/1/4929 2715/2/4929 2776/3/4929
f 2714/1/4930 2776/2/4930 2775/3/4930
f 2715/1/4931 2716/2/4931 2776/3/4931
f 2716/1/4932 2777/2/4932 2776/3/4932
f 2716/1/4933 2717/2/4933 2778/3/4933
f 2716/1/4934 2778/2/4934 2777/3/4934
f 2717/1/4935 2718/2/4935 2778/3/4935
f 2718/1/4936 2779/2/4936 2778/3/4936
f 2718/1/4937 2719/2/4937 2780/3/4937
f 2718/1/4938 2780/2/4938 2779/3/4938
f 2719/1/4939 2720/2/4939 2780/3/4939
f 2720/1/4940 2781/2/4940 2780/3/4940
f 2720/1/4941 2721/2/4941 2782/3/4941
f 2720/1/4942 2782/2/4942 2781/3/4942
f 2721/1/4943 2722/2/4943 2782/3/4943
f 2722/1/4944 2783/2/4944 2782/3/4944
f 2722/1/4945 2723/2/4945 2784/3/4945
f 2722/1/4946 2784/2/4946 2783/3/4946
f 2723/1/4947 2724/2/4947 2784/3/4947
f 2724/4/4948 2785/5/4948 2784/6/4948
f 2724/1/4949 2725/2/4949 2786/3/4949
f 2724/1/4950 2786/2/4950 2785/3/4950
f 2725/1/4951 2726/2/4951 2786/3/4951
f 2726/1/4952 2787/2/4952 2786/3/4952
f 2726/1/4953 2727/2/4953 2788/3/4953
f 2726/1/4954 2788/2/4954 2787/3/4954
f 2727/1/4955 2728/2/4955 2788/3/4955
f 2728/4/4956 2789/5/4956 2788/6/4956
f 2728/4/4957 2729/5/4957 2790/6/4957
f 2728/4/4958 2790/5/4958 2789/6/4958
f 2729/1/4959 2730/2/4959 2790/3/4959
f 2730/1/4960 2791/2/4960 2790/3/4960
f 2730/1/4961 2731/2/4961 2792/3/4961
f 2730/1/4962 2792/2/4962 2791/3/4962
f 2731/1/4963 2732/2/4963 2792/3/4963
f 2732/1/4964 2793/2/4964 2792/3/4964
f 2732/1/4965 2733/2/4965 2794/3/4965
f 2732/1/4966 2794/2/4966 2793/3/4966
f 2733/1/4967 2734/2/4967 2794/3/4967
f 2734/1/4968 2795/2/4968 2794/3/4968
f 2734/1/4969 2735/2/4969 2796/3/4969
f 2734/1/4970 2796/2/4970 2795/3/4970
f 2735/1/4971 2736/2/4971 2796/3/4971
f 2736/1/4972 2797/2/4972 2796/3/4972
f 2736/1/4973 2737/2/4973 2798/3/4973
f 2736/1/4974 2798/2/4974 2797/3/4974
f 2737/1/4975 2738/2/4975 2798/3/4975
f 2738/1/4976 2799/2/4976 2798/3/4976
f 2738/1/4977 2739/2/4977 2800/3/4977
f 2738/1/4978 2800/2/4978 2799/3/4978
f 2739/1/4979 2740/2/4979 2800/3/4979
f 2740/1/4980 2801/2/4980 2800/3/4980
f 2740/1/4981 2741/2/4981 2802/3/4981
f 2740/1/4982 2802/2/4982 2801/3/4982
f 2741/1/4983 2742/2/4983 2802/3/4983
f 2742/1/4984 2803/2/4984 2802/3/4984
f 2742/1/4985 2743/2/4985 2804/3/4985
f 2742/1/4986 2804/2/4986 2803/3/4986
f 2743/1/4987 2744/2/4987 2804/3/4987
f 2744/1/4988 2805/2/4988 2804/3/4988
f 2744/1/4871 2745/2/4871 2806/3/4871
f 2744/1/4989 2806/2/4989 2805/3/4989
f 2746/1/4990 2747/2/4990 2808/3/4990
f 2746/1/1 2808/2/1 2807/3/1
f 2747/1/4991 2748/2/4991 2808/3/4991
f 2748/1/4992 2809/2/4992 2808/3/4992
f 2748/1/4993 2749/2/4993 2810/3/4993
f 2748/1/4994 2810/2/4994 2809/3/4994
f 2749/1/4995 2750/2/4995 2810/3/4995
f 2750/1/4996 2811/2/4996 2810/3/4996
f 2750/1/4997 2751/2/4997 2812/3/4997
f 2750/1/4998 2812/2/4998 2811/3/4998
f 2751/1/4999 2752/2/4999 2812/3/4999
f 2752/1/5000 2813/2/5000 2812/3/5000
f 2752/1/5001 2753/2/5001 2814/3/5001
f 2752/1/5002 2814/2/5002 2813/3/5002
f 2753/1/5003 2754/2/5003 2814/3/5003
f 2754/1/5004 2815/2/5004 2814/3/5004
f 2754/1/5005 2755/2/5005 2816/3/5005
f 2754/1/5006 2816/2/5006 2815/3/5006
f 2755/1/5007 2756/2/5007 2816/3/5007
f 2756/1/5008 2817/2/5008 2816/3/5008
f 2756/1/5009 2757/2/5009 2818/3/5009
f 2756/1/5010 2818/2/5010 2817/3/5010
f 2757/1/5011 2758/2/5011 2818/3/5011
f 2758/1/5012 2819/2/5012 2818/3/5012
f 2758/1/5013 2759/2/5013 2820/3/5013
f 2758/1/5014 2820/2/5014 2819/3/5014
f 2759/1/5015 2760/2/5015 2820/3/5015
f 2760/1/5016 2821/2/5016 2820/3/5016
f 2760/1/5017 2761/2/5017 2822/3/5017
f 2760/1/5018 2822/2/5018 2821/3/5018
f 2761/1/5019 2762/2/5019 2822/3/5019
f 2762/1/5020 2823/2/5020 2822/3/5020
f 2762/1/5021 2763/2/5021 2824/3/5021
f 2762/1/5022 2824/2/5022 2823/3/5022
f 2763/1/5023 2764/2/5023 2824/3/5023
f 2764/1/5024 2825/2/5024 2824/3/5024
f 2764/4/5025 2765/5/5025 2826/6/5025
f 2764/1/5026 2826/2/5026 2825/3/5026
f 2765/4/5027 2766/5/5027 2826/6/5027
f 2766/1/5028 2827/2/5028 2826/3/5028
f 2766/1/5029 2767/2/5029 2828/3/5029
f 2766/1/5030 2828/2/5030 2827/3/5030
f 2767/1/5031 2768/2/5031 2828/3/5031
f 2768/1/5032 2829/2/5032 2828/3/5032
f 2768/1/5033 2769/2/5033 2830/3/5033
f 2768/1/5034 2830/2/5034 2829/3/5034
f 2769/1/5035 2770/2/5035 2830/3/5035
f 2770/1/5036 2831/2/5036 2830/3/5036
f 2770/1/5037 2771/2/5037 2832/3/5037
f 2770/1/5038 2832/2/5038 2831/3/5038
f 2771/1/5039 2772/2/5039 2832/3/5039
f 2772/1/5040 2833/2/5040 2832/3/5040
f 2772/1/5041 2773/2/5041 2834/3/5041
f 2772/1/5042 2834/2/5042 2833/3/5042
f 2773/1/5043 2774/2/5043 2834/3/5043
f 2774/1/5044 2835/2/5044 2834/3/5044
f 2774/1/5045 2775/2/5045 2836/3/5045
f 2774/1/5046 2836/2/5046 2835/3/5046
f 2775/1/5047 2776/2/5047 2836/3/5047
f 2776/1/5048 2837/2/5048 2836/3/5048
f 2776/1/5049 2777/2/5049 2838/3/5049
f 2776/1/5050 2838/2/5050 2837/3/5050
f 2777/1/5051 2778/2/5051 2838/3/5051
f 2778/1/5052 2839/2/5052 2838/3/5052
f 2778/1/5053 2779/2/5053 2840/3/5053
f 2778/1/5054 2840/2/5054 2839/3/5054
f 2779/1/5055 2780/2/5055 2840/3/5055
f 2780/1/5056 2841/2/5056 2840/3/5056
f 2780/1/5057 2781/2/5057 2842/3/5057
f 2780/1/5058 2842/2/5058 2841/3/5058
f 2781/1/5059 2782/2/5059 2842/3/5059
f 2782/1/5060 2843/2/5060 2842/3/5060
f 2782/1/5061 2783/2/5061 2844/3/5061
f 2782/1/5062 2844/2/5062 2843/3/5062
f 2783/1/5063 2784/2/5063 2844/3/5063
f 2784/1/5064 2845/2/5064 2844/3/5064
f 2784/1/5065 2785/2/5065 2846/3/5065
f 2784/1/5066 2846/2/5066 2845/3/5066
f 2785/1/5067 2786/2/5067 2846/3/5067
f 2786/1/5068 2847/2/5068 2846/3/5068
f 2786/1/5069 2787/2/5069 2848/3/5069
f 2786/1/5070 2848/2/5070 2847/3/5070
f 2787/1/5071 2788/2/5071 2848/3/5071
f 2788/1/5072 2849/2/5072 2848/3/5072
f 2788/1/5073 2789/2/5073 2850/3/5073
f 2788/1/5074 2850/2/5074 2849/3/5074
f 2789/1/5075 2790/2/5075 2850/3/5075
f 2790/1/5076 2851/2/5076 2850/3/5076
f 2790/1/5077 2791/2/5077 2852/3/5077
f 2790/1/5078 2852/2/5078 2851/3/5078
f 2791/1/5079 2792/2/5079 2852/3/5079
f 2792/1/5080 2853/2/5080 2852/3/5080
f 2792/1/5081 2793/2/5081 2854/3/5081
f 2792/1/5082 2854/2/5082 2853/3/5082
f 2793/1/5083 2794/2/5083 2854/3/5083
f 2794/1/5084 2855/2/5084 2854/3/5084
f 2794/1/5085 2795/2/5085 2856/3/5085
f 2794/1/5086 2856/2/5086 2855/3/5086
f 2795/1/5087 2796/2/5087 2856/3/5087
f 2796/1/5088 2857/2/5088 2856/3/5088
f 2796/1/5089 2797/2/5089 2858/3/5089
f 2796/1/5090 2858/2/5090 2857/3/5090
f 2797/1/5091 2798/2/5091 2858/3/5091
f 2798/1/5092 2859/2/5092 2858/3/5092
f 2798/1/5093 2799/2/5093 2860/3/5093
f 2798/1/5094 2860/2/5094 2859/3/5094
f 2799/1/5095 2800/2/5095 2860/3/5095
f 2800/1/5096 2861/2/5096 2860/3/5096
f 2800/1/5097 2801/2/5097 2862/3/5097
f 2800/1/5098 2862/2/5098 2861/3/5098
f 2801/1/5099 2802/2/5099 2862/3/5099
f 2802/1/5100 2863/2/5100 2862/3/5100
f 2802/1/5101 2803/2/5101 2864/3/5101
f 2802/1/5102 2864/2/5102 2863/3/5102
f 2803/1/5103 2804/2/5103 2864/3/5103
f 2804/1/5104 2865/2/5104 2864/3/5104
f 2804/1/5105 2805/2/5105 2866/3/5105
f 2804/1/5106 2866/2/5106 2865/3/5106
f 2805/1/5107 2806/2/5107 2866/3/5107
f 2806/1/5108 2867/2/5108 2866/3/5108
f 2807/1/1 2808/2/1 2868/3/1
f 2808/1/1 2869/2/1 2868/3/1
f 2808/1/5109 2809/2/5109 2870/3/5109
f 2808/1/49 2870/2/49 2869/3/49
f 2809/1/5110 2810/2/5110 2870/3/5110
f 2810/1/5111 2871/2/5111 2870/3/5111
f 2810/1/5112 2811/2/5112 2872/3/5112
f 2810/1/5113 2872/2/5113 2871/3/5113
f 2811/1/5114 2812/2/5114 2872/3/5114
f 2812/1/5115 2873/2/5115 2872/3/5115
f 2812/1/5116 2813/2/5116 2874/3/5116
f 2812/1/5117 2874/2/5117 2873/3/5117
f 2813/1/5118 2814/2/5118 2874/3/5118
f 2814/1/5119 2875/2/5119 2874/3/5119
f 2814/1/5120 2815/2/5120 2876/3/5120
f 2814/1/5121 2876/2/5121 2875/3/5121
f 2815/1/5122 2816/2/5122 2876/3/5122
f 2816/1/5123 2877/2/5123 2876/3/5123
f 2816/1/5124 2817/2/5124 2878/3/5124
f 2816/1/5125 2878/2/5125 2877/3/5125
f 2817/1/5126 2818/2/5126 2878/3/5126
f 2818/1/5127 2879/2/5127 2878/3/5127
f 2818/1/5128 2819/2/5128 2880/3/5128
f 2818/1/5129 2880/2/5129 2879/3/5129
f 2819/1/5130 2820/2/5130 2880/3/5130
f 2820/1/5131 2881/2/5131 2880/3/5131
f 2820/1/5132 2821/2/5132 2882/3/5132
f 2820/1/5133 2882/2/5133 2881/3/5133
f 2821/1/5134 2822/2/5134 2882/3/5134
f 2822/1/5135 2883/2/5135 2882/3/5135
f 2822/1/5136 2823/2/5136 2884/3/5136
f 2822/1/5137 2884/2/5137 2883/3/5137
f 2823/1/5138 2824/2/5138 2884/3/5138
f 2824/1/5139 2885/2/5139 2884/3/5139
f 2824/1/5140 2825/2/5140 2886/3/5140
f 2824/1/5141 2886/2/5141 2885/3/5141
f 2825/1/5142 2826/2/5142 2886/3/5142
f 2826/1/5143 2887/2/5143 2886/3/5143
f 2826/1/5144 2827/2/5144 2888/3/5144
f 2826/1/5145 2888/2/5145 2887/3/5145
f 2827/1/5146 2828/2/5146 2888/3/5146
f 2828/4/5147 2889/5/5147 2888/6/5147
f 2828/4/5148 2829/5/5148 2890/6/5148
f 2828/4/5149 2890/5/5149 2889/6/5149
f 2829/4/5150 2830/5/5150 2890/6/5150
f 2830/4/5151 2891/5/5151 2890/6/5151
f 2830/1/5152 2831/2/5152 2892/3/5152
f 2830/4/5153 2892/5/5153 2891/6/5153
f 2831/1/5154 2832/2/5154 2892/3/5154
f 2832/1/5155 2893/2/5155 2892/3/5155
f 2832/1/5156 2833/2/5156 2894/3/5156
f 2832/1/5157 2894/2/5157 2893/3/5157
f 2833/1/5158 2834/2/5158 2894/3/5158
f 2834/1/5159 2895/2/5159 2894/3/5159
f 2834/1/5160 2835/2/5160 2896/3/5160
f 2834/1/5161 2896/2/5161 2895/3/5161
f 2835/1/5162 2836/2/5162 2896/3/5162
f 2836/1/5163 2897/2/5163 2896/3/5163
f 2836/1/5164 2837/2/5164 2898/3/5164
f 2836/1/5165 2898/2/5165 2897/3/5165
f 2837/1/5166 2838/2/5166 2898/3/5166
f 2838/1/5167 2899/2/5167 2898/3/5167
f 2838/1/5168 2839/2/5168 2900/3/5168
f 2838/1/5169 2900/2/5169 2899/3/5169
f 2839/1/5170 2840/2/5170 2900/3/5170
f 2840/1/5171 2901/2/5171 2900/3/5171
f 2840/1/5172 2841/2/5172 2902/3/5172
f 2840/1/5173 2902/2/5173 2901/3/5173
f 2841/1/5174 2842/2/5174 2902/3/5174
f 2842/1/5175 2903/2/5175 2902/3/5175
f 2842/1/5176 2843/2/5176 2904/3/5176
f 2842/1/5177 2904/2/5177 2903/3/5177
f 2843/1/5178 2844/2/5178 2904/3/5178
f 2844/1/5179 2905/2/5179 2904/3/5179
f 2844/1/5180 2845/2/5180 2906/3/5180
f 2844/1/5181 2906/2/5181 2905/3/5181
f 2845/1/5182 2846/2/5182 2906/3/5182
f 2846/1/5183 2907/2/5183 2906/3/5183
f 2846/1/5184 2847/2/5184 2908/3/5184
f 2846/1/5185 2908/2/5185 2907/3/5185
f 2847/1/5186 2848/2/5186 2908/3/5186
f 2848/1/5187 2909/2/5187 2908/3/5187
f 2848/1/5188 2849/2/5188 2910/3/5188
f 2848/1/5189 2910/2/5189 2909/3/5189
f 2849/1/5190 2850/2/5190 2910/3/5190
f 2850/1/5191 2911/2/5191 2910/3/5191
f 2850/1/5192 2851/2/5192 2912/3/5192
f 2850/1/5193 2912/2/5193 2911/3/5193
f 2851/1/5194 2852/2/5194 2912/3/5194
f 2852/1/5195 2913/2/5195 2912/3/5195
f 2852/1/5196 2853/2/5196 2914/3/5196
f 2852/1/5197 2914/2/5197 2913/3/5197
f 2853/1/5198 2854/2/5198 2914/3/5198
f 2854/1/5199 2915/2/5199 2914/3/5199
f 2854/1/5200 2855/2/5200 2916/3/5200
f 2854/1/5201 2916/2/5201 2915/3/5201
f 2855/1/5202 2856/2/5202 2916/3/5202
f 2856/1/5203 2917/2/5203 2916/3/5203
f 2856/1/5204 2857/2/5204 2918/3/5204
f 2856/1/5205 2918/2/5205 2917/3/5205
f 2857/1/5206 2858/2/5206 2918/3/5206
f 2858/1/5207 2919/2/5207 2918/3/5207
f 2858/1/5208 2859/2/5208 2920/3/5208
f 2858/1/5209 2920/2/5209 2919/3/5209
f 2859/1/5210 2860/2/5210 2920/3/5210
f 2860/1/5211 2921/2/5211 2920/3/5211
f 2860/1/5212 2861/2/5212 2922/3/5212
f 2860/1/5213 2922/2/5213 2921/3/5213
f 2861/1/5214 2862/2/5214 2922/3/5214
f 2862/1/5215 2923/2/5215 2922/3/5215
f 2862/1/5216 2863/2/5216 2924/3/5216
f 2862/1/5217 2924/2/5217 2923/3/5217
f 2863/1/5218 2864/2/5218 2924/3/5218
f 2864/1/5219 2925/2/5219 2924/3/5219
f 2864/1/5220 2865/2/5220 2926/3/5220
f 2864/1/5221 2926/2/5221 2925/3/5221
f 2865/1/5222 2866/2/5222 2926/3/5222
f 2866/1/5223 2927/2/5223 2926/3/5223
f 2866/1/5108 2867/2/5108 2928/3/5108
f 2866/1/5224 2928/2/5224 2927/3/5224
f 2868/1/1 2869/2/1 2930/3/1
f 2868/1/1 2930/2/1 2929/3/1
f 2869/1/49 2870/2/49 2930/3/49
f 2870/1/5225 2931/2/5225 2930/3/5225
f 2870/1/5226 2871/2/5226 2932/3/5226
f 2870/1/5227 2932/2/5227 2931/3/5227
f 2871/1/5228 2872/2/5228 2932/3/5228
f 2872/1/5229 2933/2/5229 2932/3/5229
f 2872/1/5230 2873/2/5230 2934/3/5230
f 2872/1/5231 2934/2/5231 2933/3/5231
f 2873/1/5232 2874/2/5232 2934/3/5232
f 2874/1/5233 2935/2/5233 2934/3/5233
f 2874/1/5234 2875/2/5234 2936/3/5234
f 2874/1/5235 2936/2/5235 2935/3/5235
f 2875/1/5236 2876/2/5236 2936/3/5236
f 2876/1/5237 2937/2/5237 2936/3/5237
f 2876/1/5238 2877/2/5238 2938/3/5238
f 2876/1/5239 2938/2/5239 2937/3/5239
f 2877/1/5240 2878/2/5240 2938/3/5240
f 2878/1/5241 2939/2/5241 2938/3/5241
f 2878/1/5242 2879/2/5242 2940/3/5242
f 2878/1/5243 2940/2/5243 2939/3/5243
f 2879/1/5244 2880/2/5244 2940/3/5244
f 2880/1/5245 2941/2/5245 2940/3/5245
f 2880/1/5246 2881/2/5246 2942/3/5246
f 2880/1/5247 2942/2/5247 2941/3/5247
f 2881/1/5248 2882/2/5248 2942/3/5248
f 2882/1/5249 2943/2/5249 2942/3/5249
f 2882/1/5250 2883/2/5250 2944/3/5250
f 2882/1/5251 2944/2/5251 2943/3/5251
f 2883/1/5252 2884/2/5252 2944/3/5252
f 2884/1/5253 2945/2/5253 2944/3/5253
f 2884/1/5254 2885/2/5254 2946/3/5254
f 2884/1/5255 2946/2/5255 2945/3/5255
f 2885/1/5256 2886/2/5256 2946/3/5256
f 2886/1/5257 2947/2/5257 2946/3/5257
f 2886/1/5258 2887/2/5258 2948/3/5258
f 2886/1/5259 2948/2/5259 2947/3/5259
f 2887/1/5260 2888/2/5260 2948/3/5260
f 2888/1/5261 2949/2/5261 2948/3/5261
f 2888/1/5262 2889/2/5262 2950/3/5262
f 2888/1/5263 2950/2/5263 2949/3/5263
f 2889/1/5264 2890/2/5264 2950/3/5264
f 2890/1/5265 2951/2/5265 2950/3/5265
f 2890/4/5266 2891/5/5266 2952/6/5266
f 2890/1/5267 2952/2/5267 2951/3/5267
f 2891/1/5268 2892/2/5268 2952/3/5268
f 2892/1/5269 2953/2/5269 2952/3/5269
f 2892/1/5270 2893/2/5270 2954/3/5270
f 2892/4/5271 2954/5/5271 2953/6/5271
f 2893/1/5272 2894/2/5272 2954/3/5272
f 2894/1/5273 2955/2/5273 2954/3/5273
f 2894/1/5274 2895/2/5274 2956/3/5274
f 2894/1/5275 2956/2/5275 2955/3/5275
f 2895/1/5276 2896/2/5276 2956/3/5276
f 2896/1/5277 2957/2/5277 2956/3/5277
f 2896/1/5278 2897/2/5278 2958/3/5278
f 2896/1/5279 2958/2/5279 2957/3/5279
f 2897/1/5280 2898/2/5280 2958/3/5280
f 2898/1/5281 2959/2/5281 2958/3/5281
f 2898/1/5282 2899/2/5282 2960/3/5282
f 2898/1/5283 2960/2/5283 2959/3/5283
f 2899/1/5284 2900/2/5284 2960/3/5284
f 2900/1/5285 2961/2/5285 2960/3/5285
f 2900/1/5286 2901/2/5286 2962/3/5286
f 2900/1/5287 2962/2/5287 2961/3/5287
f 2901/1/5288 2902/2/5288 2962/3/5288
f 2902/1/5289 2963/2/5289 2962/3/5289
f 2902/1/5290 2903/2/5290 2964/3/5290
f 2902/1/5291 2964/2/5291 2963/3/5291
f 2903/1/5292 2904/2/5292 2964/3/5292
f 2904/1/5293 2965/2/5293 2964/3/5293
f 2904/1/5294 2905/2/5294 2966/3/5294
f 2904/1/5295 2966/2/5295 2965/3/5295
f 2905/1/5296 2906/2/5296 2966/3/5296
f 2906/1/5297 2967/2/5297 2966/3/5297
f 2906/1/5298 2907/2/5298 2968/3/5298
f 2906/1/5299 2968/2/5299 2967/3/5299
f 2907/1/5300 2908/2/5300 2968/3/5300
f 2908/1/5301 2969/2/5301 2968/3/5301
f 2908/1/5302 2909/2/5302 2970/3/5302
f 2908/1/5303 2970/2/5303 2969/3/5303
f 2909/1/5304 2910/2/5304 2970/3/5304
f 2910/1/5305 2971/2/5305 2970/3/5305
f 2910/1/5306 2911/2/5306 2972/3/5306
f 2910/1/5307 2972/2/5307 2971/3/5307
f 2911/1/5308 2912/2/5308 2972/3/5308
f 2912/1/5309 2973/2/5309 2972/3/5309
f 2912/1/5310 2913/2/5310 2974/3/5310
f 2912/1/5311 2974/2/5311 2973/3/5311
f 2913/1/5312 2914/2/5312 2974/3/5312
f 2914/1/5313 2975/2/5313 2974/3/5313
f 2914/1/5314 2915/2/5314 2976/3/5314
f 2914/1/5315 2976/2/5315 2975/3/5315
f 2915/1/5316 2916/2/5316 2976/3/5316
f 2916/1/5317 2977/2/5317 2976/3/5317
f 2916/1/5318 2917/2/5318 2978/3/5318
f 2916/1/5319 2978/2/5319 2977/3/5319
f 2917/1/5320 2918/2/5320 2978/3/5320
f 2918/1/5321 2979/2/5321 2978/3/5321
f 2918/1/5322 2919/2/5322 2980/3/5322
f 2918/1/5323 2980/2/5323 2979/3/5323
f 2919/1/5324 2920/2/5324 2980/3/5324
f 2920/1/5325 2981/2/5325 2980/3/5325
f 2920/1/5326 2921/2/5326 2982/3/5326
f 2920/1/5327 2982/2/5327 2981/3/5327
f 2921/1/5328 2922/2/5328 2982/3/5328
f 2922/1/5329 2983/2/5329 2982/3/5329
f 2922/1/5330 2923/2/5330 2984/3/5330
f 2922/1/5331 2984/2/5331 2983/3/5331
f 2923/1/5332 2924/2/5332 2984/3/5332
f 2924/1/5333 2985/2/5333 2984/3/5333
f 2924/1/5334 2925/2/5334 2986/3/5334
f 2924/1/5335 2986/2/5335 2985/3/5335
f 2925/1/5336 2926/2/5336 2986/3/5336
f 2926/1/5337 2987/2/5337 2986/3/5337
f 2926/1/5338 2927/2/5338 2988/3/5338
f 2926/1/5339 2988/2/5339 2987/3/5339
f 2927/1/5340 2928/2/5340 2988/3/5340
f 2928/1/5341 2989/2/5341 2988/3/5341
f 2929/1/1 2930/2/1 2990/3/1
f 2930/1/1 2991/2/1 2990/3/1
f 2930/1/1 2931/2/1 2992/3/1
f 2930/1/1 2992/2/1 2991/3/1
f 2931/1/5342 2932/2/5342 2992/3/5342
f 2932/1/5343 2993/2/5343 2992/3/5343
f 2932/1/5344 2933/2/5344 2994/3/5344
f 2932/1/5345 2994/2/5345 2993/3/5345
f 2933/1/5346 2934/2/5346 2994/3/5346
f 2934/1/5347 2995/2/5347 2994/3/5347
f 2934/1/5348 2935/2/5348 2996/3/5348
f 2934/1/5349 2996/2/5349 2995/3/5349
f 2935/1/5350 2936/2/5350 2996/3/5350
f 2936/1/5351 2997/2/5351 2996/3/5351
f 2936/1/5352 2937/2/5352 2998/3/5352
f 2936/1/5353 2998/2/5353 2997/3/5353
f 2937/1/5354 2938/2/5354 2998/3/5354
f 2938/1/5355 2999/2/5355 2998/3/5355
f 2938/1/5356 2939/2/5356 3000/3/5356
f 2938/1/5357 3000/2/5357 2999/3/5357
f 2939/1/5358 2940/2/5358 3000/3/5358
f 2940/1/5359 3001/2/5359 3000/3/5359
f 2940/1/5360 2941/2/5360 3002/3/5360
f 2940/1/5361 3002/2/5361 3001/3/5361
f 2941/1/5362 2942/2/5362 3002/3/5362
f 2942/1/5363 3003/2/5363 3002/3/5363
f 2942/1/5364 2943/2/5364 3004/3/5364
f 2942/1/5365 3004/2/5365 3003/3/5365
f 2943/1/5366 2944/2/5366 3004/3/5366
f 2944/1/5367 3005/2/5367 3004/3/5367
f 2944/1/5368 2945/2/5368 3006/3/5368
f 2944/1/5369 3006/2/5369 3005/3/5369
f 2945/1/5370 2946/2/5370 3006/3/5370
f 2946/1/5371 3007/2/5371 3006/3/5371
f 2946/1/5372 2947/2/5372 3008/3/5372
f 2946/1/5373 3008/2/5373 3007/3/5373
f 2947/1/5374 2948/2/5374 3008/3/5374
f 2948/1/5375 3009/2/5375 3008/3/5375
f 2948/1/5376 2949/2/5376 3010/3/5376
f 2948/1/5377 3010/2/5377 3009/3/5377
f 2949/1/5378 2950/2/5378 3010/3/5378
f 2950/1/5379 3011/2/5379 3010/3/5379
f 2950/1/5380 2951/2/5380 3012/3/5380
f 2950/1/5381 3012/2/5381 3011/3/5381
f 2951/1/5382 2952/2/5382 3012/3/5382
f 2952/1/5383 3013/2/5383 3012/3/5383
f 2952/1/5384 2953/2/5384 3014/3/5384
f 2952/1/5385 3014/2/5385 3013/3/5385
f 2953/1/5386 2954/2/5386 3014/3/5386
f 2954/1/5387 3015/2/5387 3014/3/5387
f 2954/1/5388 2955/2/5388 3016/3/5388
f 2954/1/5389 3016/2/5389 3015/3/5389
f 2955/1/5390 2956/2/5390 3016/3/5390
f 2956/1/5391 3017/2/5391 3016/3/5391
f 2956/1/5392 2957/2/5392 3018/3/5392
f 2956/1/5393 3018/2/5393 3017/3/5393
f 2957/1/5394 2958/2/5394 3018/3/5394
f 2958/1/5395 3019/2/5395 3018/3/5395
f 2958/1/5396 2959/2/5396 3020/3/5396
f 2958/1/5397 3020/2/5397 3019/3/5397
f 2959/1/5398 2960/2/5398 3020/3/5398
f 2960/1/5399 3021/2/5399 3020/3/5399
f 2960/1/5400 2961/2/5400 3022/3/5400
f 2960/1/5401 3022/2/5401 3021/3/5401
f 2961/1/5402 2962/2/5402 3022/3/5402
f 2962/1/5403 3023/2/5403 3022/3/5403
f 2962/1/5404 2963/2/5404 3024/3/5404
f 2962/1/5405 3024/2/5405 3023/3/5405
f 2963/1/5406 2964/2/5406 3024/3/5406
f 2964/1/5407 3025/2/5407 3024/3/5407
f 2964/1/5408 2965/2/5408 3026/3/5408
f 2964/1/5409 3026/2/5409 3025/3/5409
f 2965/1/5410 2966/2/5410 3026/3/5410
f 2966/1/5411 3027/2/5411 3026/3/5411
f 2966/1/5412 2967/2/5412 3028/3/5412
f 2966/1/5413 3028/2/5413 3027/3/5413
f 2967/1/5414 2968/2/5414 3028/3/5414
f 2968/1/5415 3029/2/5415 3028/3/5415
f 2968/1/5416 2969/2/5416 3030/3/5416
f 2968/1/5417 3030/2/5417 3029/3/5417
f 2969/1/5418 2970/2/5418 3030/3/5418
f 2970/1/5419 3031/2/5419 3030/3/5419
f 2970/1/5420 2971/2/5420 3032/3/5420
f 2970/1/5421 3032/2/5421 3031/3/5421
f 2971/1/5422 2972/2/5422 3032/3/5422
f 2972/1/5423 3033/2/5423 3032/3/5423
f 2972/1/5424 2973/2/5424 3034/3/5424
f 2972/1/5425 3034/2/5425 3033/3/5425
f 2973/1/5426 2974/2/5426 3034/3/5426
f 2974/1/5427 3035/2/5427 3034/3/5427
f 2974/1/5428 2975/2/5428 3036/3/5428
f 2974/1/5429 3036/2/5429 3035/3/5429
f 2975/1/5430 2976/2/5430 3036/3/5430
f 2976/1/5431 3037/2/5431 3036/3/5431
f 2976/1/5432 2977/2/5432 3038/3/5432
f 2976/1/5433 3038/2/5433 3037/3/5433
f 2977/1/5434 2978/2/5434 3038/3/5434
f 2978/1/5435 3039/2/5435 3038/3/5435
f 2978/1/5436 2979/2/5436 3040/3/5436
f 2978/1/5437 3040/2/5437 3039/3/5437
f 2979/1/5438 2980/2/5438 3040/3/5438
f 2980/1/5439 3041/2/5439 3040/3/5439
f 2980/1/5440 2981/2/5440 3042/3/5440
f 2980/1/5441 3042/2/5441 3041/3/5441
f 2981/1/5442 2982/2/5442 3042/3/5442
f 2982/1/5443 3043/2/5443 3042/3/5443
f 2982/1/5444 2983/2/5444 3044/3/5444
f 2982/1/5445 3044/2/5445 3043/3/5445
f 2983/1/5446 2984/2/5446 3044/3/5446
f 2984/1/5447 3045/2/5447 3044/3/5447
f 2984/1/5448 2985/2/5448 3046/3/5448
f 2984/1/5449 3046/2/5449 3045/3/5449
f 2985/1/5450 2986/2/5450 3046/3/5450
f 2986/1/5451 3047/2/5451 3046/3/5451
f 2986/1/5452 2987/2/5452 3048/3/5452
f 2986/1/5453 3048/2/5453 3047/3/5453
f 2987/1/5454 2988/2/5454 3048/3/5454
f 2988/1/5455 3049/2/5455 3048/3/5455
f 2988/1/5341 2989/2/5341 3050/3/5341
f 2988/1/5456 3050/2/5456 3049/3/5456
f 2990/1/1 2991/2/1 3052/3/1
f 2990/1/1 3052/2/1 3051/3/1
f 2991/1/1 2992/2/1 3052/3/1
f 2992/1/1 3053/2/1 3052/3/1
f 2992/1/1 2993/2/1 3054/3/1
f 2992/1/1 3054/2/1 3053/3/1
f 2993/1/5457 2994/2/5457 3054/3/5457
f 2994/1/5458 3055/2/5458 3054/3/5458
f 2994/1/5459 2995/2/5459 3056/3/5459
f 2994/1/5460 3056/2/5460 3055/3/5460
f 2995/1/5461 2996/2/5461 3056/3/5461
f 2996/1/5462 3057/2/5462 3056/3/5462
f 2996/1/5463 2997/2/5463 3058/3/5463
f 2996/1/5464 3058/2/5464 3057/3/5464
f 2997/1/5465 2998/2/5465 3058/3/5465
f 2998/1/5466 3059/2/5466 3058/3/5466
f 2998/1/5467 2999/2/5467 3060/3/5467
f 2998/1/5468 3060/2/5468 3059/3/5468
f 2999/1/5469 3000/2/5469 3060/3/5469
f 3000/1/5470 3061/2/5470 3060/3/5470
f 3000/1/5471 3001/2/5471 3062/3/5471
f 3000/1/5472 3062/2/5472 3061/3/5472
f 3001/1/5473 3002/2/5473 3062/3/5473
f 3002/1/5474 3063/2/5474 3062/3/5474
f 3002/1/5475 3003/2/5475 3064/3/5475
f 3002/1/5476 3064/2/5476 3063/3/5476
f 3003/1/5477 3004/2/5477 3064/3/5477
f 3004/1/5478 3065/2/5478 3064/3/5478
f 3004/1/5479 3005/2/5479 3066/3/5479
f 3004/1/5480 3066/2/5480 3065/3/5480
f 3005/1/5481 3006/2/5481 3066/3/5481
f 3006/1/5482 3067/2/5482 3066/3/5482
f 3006/1/5483 3007/2/5483 3068/3/5483
f 3006/1/5484 3068/2/5484 3067/3/5484
f 3007/1/5485 3008/2/5485 3068/3/5485
f 3008/1/5486 3069/2/5486 3068/3/5486
f 3008/1/5487 3009/2/5487 3070/3/5487
f 3008/1/5488 3070/2/5488 3069/3/5488
f 3009/1/5489 3010/2/5489 3070/3/5489
f 3010/1/5490 3071/2/5490 3070/3/5490
f 3010/1/5491 3011/2/5491 3072/3/5491
f 3010/1/5492 3072/2/5492 3071/3/5492
f 3011/1/5493 3012/2/5493 3072/3/5493
f 3012/1/5494 3073/2/5494 3072/3/5494
f 3012/1/5495 3013/2/5495 3074/3/5495
f 3012/1/5496 3074/2/5496 3073/3/5496
f 3013/1/5497 3014/2/5497 3074/3/5497
f 3014/1/5498 3075/2/5498 3074/3/5498
f 3014/1/5499 3015/2/5499 3076/3/5499
f 3014/1/5500 3076/2/5500 3075/3/5500
f 3015/1/5501 3016/2/5501 3076/3/5501
f 3016/1/5502 3077/2/5502 3076/3/5502
f 3016/1/5503 3017/2/5503 3078/3/5503
f 3016/1/5504 3078/2/5504 3077/3/5504
f 3017/1/5505 3018/2/5505 3078/3/5505
f 3018/1/5506 3079/2/5506 3078/3/5506
f 3018/1/5507 3019/2/5507 3080/3/5507
f 3018/1/5508 3080/2/5508 3079/3/5508
f 3019/1/5509 3020/2/5509 3080/3/5509
f 3020/1/5510 3081/2/5510 3080/3/5510
f 3020/1/5511 3021/2/5511 3082/3/5511
f 3020/1/5512 3082/2/5512 3081/3/5512
f 3021/1/5513 3022/2/5513 3082/3/5513
f 3022/1/5514 3083/2/5514 3082/3/5514
f 3022/1/5515 3023/2/5515 3084/3/5515
f 3022/1/5516 3084/2/5516 3083/3/5516
f 3023/1/5517 3024/2/5517 3084/3/5517
f 3024/1/5518 3085/2/5518 3084/3/5518
f 3024/1/5519 3025/2/5519 3086/3/5519
f 3024/1/5520 3086/2/5520 3085/3/5520
f 3025/1/5521 3026/2/5521 3086/3/5521
f 3026/1/5522 3087/2/5522 3086/3/5522
f 3026/1/5523 3027/2/5523 3088/3/5523
f 3026/1/5524 3088/2/5524 3087/3/5524
f 3027/1/5525 3028/2/5525 3088/3/5525
f 3028/1/5526 3089/2/5526 3088/3/5526
f 3028/1/5527 3029/2/5527 3090/3/5527
f 3028/1/5528 3090/2/5528 3089/3/5528
f 3029/1/5529 3030/2/5529 3090/3/5529
f 3030/1/5530 3091/2/5530 3090/3/5530
f 3030/1/5531 3031/2/5531 3092/3/5531
f 3030/1/5532 3092/2/5532 3091/3/5532
f 3031/1/5533 3032/2/5533 3092/3/5533
f 3032/1/5534 3093/2/5534 3092/3/5534
f 3032/1/5535 3033/2/5535 3094/3/5535
f 3032/1/5536 3094/2/5536 3093/3/5536
f 3033/1/5537 3034/2/5537 3094/3/5537
f 3034/1/5538 3095/2/5538 3094/3/5538
f 3034/1/5539 3035/2/5539 3096/3/5539
f 3034/1/5540 3096/2/5540 3095/3/5540
f 3035/1/5541 3036/2/5541 3096/3/5541
f 3036/1/5542 3097/2/5542 3096/3/5542
f 3036/1/5543 3037/2/5543 3098/3/5543
f 3036/1/5544 3098/2/5544 3097/3/5544
f 3037/1/5545 3038/2/5545 3098/3/5545
f 3038/1/5546 3099/2/5546 3098/3/5546
f 3038/1/5547 3039/2/5547 3100/3/5547
f 3038/1/5548 3100/2/5548 3099/3/5548
f 3039/1/5549 3040/2/5549 3100/3/5549
f 3040/1/5550 3101/2/5550 3100/3/5550
f 3040/1/5551 3041/2/5551 3102/3/5551
f 3040/1/5552 3102/2/5552 3101/3/5552
f 3041/1/5553 3042/2/5553 3102/3/5553
f 3042/1/5554 3103/2/5554 3102/3/5554
f 3042/1/5555 3043/2/5555 3104/3/5555
f 3042/1/5556 3104/2/5556 3103/3/5556
f 3043/1/5557 3044/2/5557 3104/3/5557
f 3044/1/5558 3105/2/5558 3104/3/5558
f 3044/1/5559 3045/2/5559 3106/3/5559
f 3044/1/5560 3106/2/5560 3105/3/5560
f 3045/1/5561 3046/2/5561 3106/3/5561
f 3046/1/5562 3107/2/5562 3106/3/5562
f 3046/1/5563 3047/2/5563 3108/3/5563
f 3046/1/5564 3108/2/5564 3107/3/5564
f 3047/1/5565 3048/2/5565 3108/3/5565
f 3048/1/5566 3109/2/5566 3108/3/5566
f 3048/1/5567 3049/2/5567 3110/3/5567
f 3048/1/5568 3110/2/5568 3109/3/5568
f 3049/1/1 3050/2/1 3110/3/1
f 3050/1/1 3111/2/1 3110/3/1
f 3051/1/1 3052/2/1 3112/3/1
f 3052/1/1 3113/2/1 3112/3/1
f 3052/1/1 3053/2/1 3114/3/1
f 3052/1/1 3114/2/1 3113/3/1
f 3053/1/1 3054/2/1 3114/3/1
f 3054/1/1 3115/2/1 3114/3/1
f 3054/1/5569 3055/2/5569 3116/3/5569
f 3054/1/1 3116/2/1 3115/3/1
f 3055/1/5570 3056/2/5570 3116/3/5570
f 3056/1/5571 3117/2/5571 3116/3/5571
f 3056/1/5572 3057/2/5572 3118/3/5572
f 3056/1/5573 3118/2/5573 3117/3/5573
f 3057/1/5574 3058/2/5574 3118/3/5574
f 3058/1/5575 3119/2/5575 3118/3/5575
f 3058/1/5576 3059/2/5576 3120/3/5576
f 3058/1/5577 3120/2/5577 3119/3/5577
f 3059/1/5578 3060/2/5578 3120/3/5578
f 3060/1/5579 3121/2/5579 3120/3/5579
f 3060/1/5580 3061/2/5580 3122/3/5580
f 3060/1/5581 3122/2/5581 3121/3/5581
f 3061/1/5582 3062/2/5582 3122/3/5582
f 3062/1/5583 3123/2/5583 3122/3/5583
f 3062/1/5584 3063/2/5584 3124/3/5584
f 3062/1/5585 3124/2/5585 3123/3/5585
f 3063/1/5586 3064/2/5586 3124/3/5586
f 3064/1/5587 3125/2/5587 3124/3/5587
f 3064/1/5588 3065/2/5588 3126/3/5588
f 3064/1/5589 3126/2/5589 3125/3/5589
f 3065/1/5590 3066/2/5590 3126/3/5590
f 3066/1/5591 3127/2/5591 3126/3/5591
f 3066/1/5592 3067/2/5592 3128/3/5592
f 3066/1/5593 3128/2/5593 3127/3/5593
f 3067/1/5594 3068/2/5594 3128/3/5594
f 3068/1/5595 3129/2/5595 3128/3/5595
f 3068/1/5596 3069/2/5596 3130/3/5596
f 3068/1/5597 3130/2/5597 3129/3/5597
f 3069/1/5598 3070/2/5598 3130/3/5598
f 3070/1/5599 3131/2/5599 3130/3/5599
f 3070/1/5600 3071/2/5600 3132/3/5600
f 3070/1/5601 3132/2/5601 3131/3/5601
f 3071/1/5602 3072/2/5602 3132/3/5602
f 3072/1/5603 3133/2/5603 3132/3/5603
f 3072/1/5604 3073/2/5604 3134/3/5604
f 3072/1/5605 3134/2/5605 3133/3/5605
f 3073/1/5606 3074/2/5606 3134/3/5606
f 3074/1/5607 3135/2/5607 3134/3/5607
f 3074/1/5608 3075/2/5608 3136/3/5608
f 3074/1/5609 3136/2/5609 3135/3/5609
f 3075/1/5610 3076/2/5610 3136/3/5610
f 3076/1/5611 3137/2/5611 3136/3/5611
f 3076/1/5612 3077/2/5612 3138/3/5612
f 3076/1/5613 3138/2/5613 3137/3/5613
f 3077/1/5614 3078/2/5614 3138/3/5614
f 3078/1/5615 3139/2/5615 3138/3/5615
f 3078/1/5616 3079/2/5616 3140/3/5616
f 3078/1/5617 3140/2/5617 3139/3/5617
f 3079/1/5618 3080/2/5618 3140/3/5618
f 3080/1/5619 3141/2/5619 3140/3/5619
f 3080/1/5620 3081/2/5620 3142/3/5620
f 3080/1/5621 3142/2/5621 3141/3/5621
f 3081/1/5622 3082/2/5622 3142/3/5622
f 3082/1/5623 3143/2/5623 3142/3/5623
f 3082/1/5624 3083/2/5624 3144/3/5624
f 3082/1/5625 3144/2/5625 3143/3/5625
f 3083/1/5626 3084/2/5626 3144/3/5626
f 3084/1/5627 3145/2/5627 3144/3/5627
f 3084/1/5628 3085/2/5628 3146/3/5628
f 3084/1/5629 3146/2/5629 3145/3/5629
f 3085/1/5630 3086/2/5630 3146/3/5630
f 3086/1/5631 3147/2/5631 3146/3/5631
f 3086/1/5632 3087/2/5632 3148/3/5632
f 3086/1/5633 3148/2/5633 3147/3/5633
f 3087/1/5634 3088/2/5634 3148/3/5634
f 3088/1/5635 3149/2/5635 3148/3/5635
f 3088/1/5636 3089/2/5636 3150/3/5636
f 3088/1/5637 3150/2/5637 3149/3/5637
f 3089/1/5638 3090/2/5638 3150/3/5638
f 3090/1/5639 3151/2/5639 3150/3/5639
f 3090/1/5640 3091/2/5640 3152/3/5640
f 3090/1/5641 3152/2/5641 3151/3/5641
f 3091/1/5642 3092/2/5642 3152/3/5642
f 3092/1/5643 3153/2/5643 3152/3/5643
f 3092/1/5644 3093/2/5644 3154/3/5644
f 3092/1/5645 3154/2/5645 3153/3/5645
f 3093/1/5646 3094/2/5646 3154/3/5646
f 3094/1/5647 3155/2/5647 3154/3/5647
f 3094/1/5648 3095/2/5648 3156/3/5648
f 3094/1/5649 3156/2/5649 3155/3/5649
f 3095/1/5650 3096/2/5650 3156/3/5650
f 3096/1/5651 3157/2/5651 3156/3/5651
f 3096/1/5652 3097/2/5652 3158/3/5652
f 3096/1/5653 3158/2/5653 3157/3/5653
f 3097/1/5654 3098/2/5654 3158/3/5654
f 3098/1/5655 3159/2/5655 3158/3/5655
f 3098/1/5656 3099/2/5656 3160/3/5656
f 3098/1/5657 3160/2/5657 3159/3/5657
f 3099/1/5658 3100/2/5658 3160/3/5658
f 3100/1/5659 3161/2/5659 3160/3/5659
f 3100/1/5660 3101/2/5660 3162/3/5660
f 3100/1/5661 3162/2/5661 3161/3/5661
f 3101/1/5662 3102/2/5662 3162/3/5662
f 3102/1/5663 3163/2/5663 3162/3/5663
f 3102/1/5664 3103/2/5664 3164/3/5664
f 3102/1/5665 3164/2/5665 3163/3/5665
f 3103/1/5666 3104/2/5666 3164/3/5666
f 3104/1/5667 3165/2/5667 3164/3/5667
f 3104/1/5668 3105/2/5668 3166/3/5668
f 3104/1/5669 3166/2/5669 3165/3/5669
f 3105/1/5670 3106/2/5670 3166/3/5670
f 3106/1/5671 3167/2/5671 3166/3/5671
f 3106/1/5672 3107/2/5672 3168/3/5672
f 3106/1/5673 3168/2/5673 3167/3/5673
f 3107/1/5674 3108/2/5674 3168/3/5674
f 3108/1/5675 3169/2/5675 3168/3/5675
f 3108/1/5676 3109/2/5676 3170/3/5676
f 3108/1/5677 3170/2/5677 3169/3/5677
f 3109/1/1 3110/2/1 3170/3/1
f 3110/1/1 3171/2/1 3170/3/1
f 3110/1/1 3111/2/1 3172/3/1
f 3110/1/1 3172/2/1 3171/3/1
f 3112/1/1 3113/2/1 3174/3/1
f 3112/1/1 3174/2/1 3173/3/1
f 3113/1/1 3114/2/1 3174/3/1
f 3114/1/1 3175/2/1 3174/3/1
f 3114/1/1 3115/2/1 3176/3/1
f 3114/1/1 3176/2/1 3175/3/1
f 3115/1/1 3116/2/1 3176/3/1
f 3116/1/1 3177/2/1 3176/3/1
f 3116/1/5678 3117/2/5678 3178/3/5678
f 3116/1/1 3178/2/1 3177/3/1
f 3117/1/5679 3118/2/5679 3178/3/5679
f 3118/1/5680 3179/2/5680 3178/3/5680
f 3118/1/5681 3119/2/5681 3180/3/5681
f 3118/1/5682 3180/2/5682 3179/3/5682
f 3119/1/5683 3120/2/5683 3180/3/5683
f 3120/1/5684 3181/2/5684 3180/3/5684
f 3120/1/5685 3121/2/5685 3182/3/5685
f 3120/1/5686 3182/2/5686 3181/3/5686
f 3121/1/5687 3122/2/5687 3182/3/5687
f 3122/1/5688 3183/2/5688 3182/3/5688
f 3122/1/5689 3123/2/5689 3184/3/5689
f 3122/1/5690 3184/2/5690 3183/3/5690
f 3123/1/5691 3124/2/5691 3184/3/5691
f 3124/1/5692 3185/2/5692 3184/3/5692
f 3124/1/5693 3125/2/5693 3186/3/5693
f 3124/1/5694 3186/2/5694 3185/3/5694
f 3125/1/5695 3126/2/5695 3186/3/5695
f 3126/1/5696 3187/2/5696 3186/3/5696
f 3126/1/5697 3127/2/5697 3188/3/5697
f 3126/1/5698 3188/2/5698 3187/3/5698
f 3127/1/5699 3128/2/5699 3188/3/5699
f 3128/1/5700 3189/2/5700 3188/3/5700
f 3128/1/5701 3129/2/5701 3190/3/5701
f 3128/1/5702 3190/2/5702 3189/3/5702
f 3129/1/5703 3130/2/5703 3190/3/5703
f 3130/1/5704 3191/2/5704 3190/3/5704
f 3130/1/5705 3131/2/5705 3192/3/5705
f 3130/1/5706 3192/2/5706 3191/3/5706
f 3131/1/5707 3132/2/5707 3192/3/5707
f 3132/1/5708 3193/2/5708 3192/3/5708
f 3132/1/5709 3133/2/5709 3194/3/5709
f 3132/1/5710 3194/2/5710 3193/3/5710
f 3133/1/5711 3134/2/5711 3194/3/5711
f 3134/1/5712 3195/2/5712 3194/3/5712
f 3134/1/5713 3135/2/5713 3196/3/5713
f 3134/1/5714 3196/2/5714 3195/3/5714
f 3135/1/5715 3136/2/5715 3196/3/5715
f 3136/1/5716 3197/2/5716 3196/3/5716
f 3136/1/5717 3137/2/5717 3198/3/5717
f 3136/1/5718 3198/2/5718 3197/3/5718
f 3137/1/5719 3138/2/5719 3198/3/5719
f 3138/1/5720 3199/2/5720 3198/3/5720
f 3138/1/5721 3139/2/5721 3200/3/5721
f 3138/1/5722 3200/2/5722 3199/3/5722
f 3139/1/5723 3140/2/5723 3200/3/5723
f 3140/1/5724 3201/2/5724 3200/3/5724
f 3140/1/5725 3141/2/5725 3202/3/5725
f 3140/1/5726 3202/2/5726 3201/3/5726
f 3141/1/5727 3142/2/5727 3202/3/5727
f 3142/1/5728 3203/2/5728 3202/3/5728
f 3142/1/5729 3143/2/5729 3204/3/5729
f 3142/1/5730 3204/2/5730 3203/3/5730
f 3143/1/5731 3144/2/5731 3204/3/5731
f 3144/1/5732 3205/2/5732 3204/3/5732
f 3144/1/5733 3145/2/5733 3206/3/5733
f 3144/1/5734 3206/2/5734 3205/3/5734
f 3145/1/5735 3146/2/5735 3206/3/5735
f 3146/1/5736 3207/2/5736 3206/3/5736
f 3146/1/5737 3147/2/5737 3208/3/5737
f 3146/1/5738 3208/2/5738 3207/3/5738
f 3147/1/5739 3148/2/5739 3208/3/5739
f 3148/1/5740 3209/2/5740 3208/3/5740
f 3148/1/5741 3149/2/5741 3210/3/5741
f 3148/1/5742 3210/2/5742 3209/3/5742
f 3149/1/5743 3150/2/5743 3210/3/5743
f 3150/1/5744 3211/2/5744 3210/3/5744
f 3150/1/5745 3151/2/5745 3212/3/5745
f 3150/1/5746 3212/2/5746 3211/3/5746
f 3151/1/5747 3152/2/5747 3212/3/5747
f 3152/1/5748 3213/2/5748 3212/3/5748
f 3152/1/5749 3153/2/5749 3214/3/5749
f 3152/1/5750 3214/2/5750 3213/3/5750
f 3153/1/5751 3154/2/5751 3214/3/5751
f 3154/1/5752 3215/2/5752 3214/3/5752
f 3154/1/5753 3155/2/5753 3216/3/5753
f 3154/1/5754 3216/2/5754 3215/3/5754
f 3155/1/5755 3156/2/5755 3216/3/5755
f 3156/1/5756 3217/2/5756 3216/3/5756
f 3156/1/5757 3157/2/5757 3218/3/5757
f 3156/1/5758 3218/2/5758 3217/3/5758
f 3157/1/5759 3158/2/5759 3218/3/5759
f 3158/1/5760 3219/2/5760 3218/3/5760
f 3158/1/5761 3159/2/5761 3220/3/5761
f 3158/1/5762 3220/2/5762 3219/3/5762
f 3159/1/5763 3160/2/5763 3220/3/5763
f 3160/1/5764 3221/2/5764 3220/3/5764
f 3160/1/5765 3161/2/5765 3222/3/5765
f 3160/1/5766 3222/2/5766 3221/3/5766
f 3161/1/5767 3162/2/5767 3222/3/5767
f 3162/1/5768 3223/2/5768 3222/3/5768
f 3162/1/5769 3163/2/5769 3224/3/5769
f 3162/1/5770 3224/2/5770 3223/3/5770
f 3163/1/5771 3164/2/5771 3224/3/5771
f 3164/1/5772 3225/2/5772 3224/3/5772
f 3164/1/5773 3165/2/5773 3226/3/5773
f 3164/1/5774 3226/2/5774 3225/3/5774
f 3165/1/5775 3166/2/5775 3226/3/5775
f 3166/1/5776 3227/2/5776 3226/3/5776
f 3166/1/5777 3167/2/5777 3228/3/5777
f 3166/1/5778 3228/2/5778 3227/3/5778
f 3167/1/5779 3168/2/5779 3228/3/5779
f 3168/1/5780 3229/2/5780 3228/3/5780
f 3168/1/5781 3169/2/5781 3230/3/5781
f 3168/1/5782 3230/2/5782 3229/3/5782
f 3169/1/1 3170/2/1 3230/3/1
f 3170/1/1 3231/2/1 3230/3/1
f 3170/1/1 3171/2/1 3232/3/1
f 3170/1/1 3232/2/1 3231/3/1
f 3171/1/1 3172/2/1 3232/3/1
f 3172/1/1 3233/2/1 3232/3/1
f 3173/1/1 3174/2/1 3234/3/1
f 3174/1/1 3235/2/1 3234/3/1
f 3174/1/1 3175/2/1 3236/3/1
f 3174/1/1 3236/2/1 3235/3/1
f 3175/1/1 3176/2/1 3236/3/1
f 3176/1/1 3237/2/1 3236/3/1
f 3176/1/1 3177/2/1 3238/3/1
f 3176/1/1 3238/2/1 3237/3/1
f 3177/1/1 3178/2/1 3238/3/1
f 3178/1/1 3239/2/1 3238/3/1
f 3178/1/5783 3179/2/5783 3240/3/5783
f 3178/1/1 3240/2/1 3239/3/1
f 3179/1/5784 3180/2/5784 3240/3/5784
f 3180/1/5785 3241/2/5785 3240/3/5785
f 3180/1/5786 3181/2/5786 3242/3/5786
f 3180/1/5787 3242/2/5787 3241/3/5787
f 3181/1/5788 3182/2/5788 3242/3/5788
f 3182/1/5789 3243/2/5789 3242/3/5789
f 3182/1/5790 3183/2/5790 3244/3/5790
f 3182/1/5791 3244/2/5791 3243/3/5791
f 3183/1/5792 3184/2/5792 3244/3/5792
f 3184/1/5793 3245/2/5793 3244/3/5793
f 3184/1/5794 3185/2/5794 3246/3/5794
f 3184/1/5795 3246/2/5795 3245/3/5795
f 3185/1/5796 3186/2/5796 3246/3/5796
f 3186/1/5797 3247/2/5797 3246/3/5797
f 3186/1/5798 3187/2/5798 3248/3/5798
f 3186/1/5799 3248/2/5799 3247/3/5799
f 3187/1/5800 3188/2/5800 3248/3/5800
f 3188/1/5801 3249/2/5801 3248/3/5801
f 3188/1/5802 3189/2/5802 3250/3/5802
f 3188/1/5803 3250/2/5803 3249/3/5803
f 3189/1/5804 3190/2/5804 3250/3/5804
f 3190/1/5805 3251/2/5805 3250/3/5805
f 3190/1/5806 3191/2/5806 3252/3/5806
f 3190/1/5807 3252/2/5807 3251/3/5807
f 3191/1/5808 3192/2/5808 3252/3/5808
f 3192/1/5809 3253/2/5809 3252/3/5809
f 3192/1/5810 3193/2/5810 3254/3/5810
f 3192/1/5811 3254/2/5811 3253/3/5811
f 3193/1/5812 3194/2/5812 3254/3/5812
f 3194/1/5813 3255/2/5813 3254/3/5813
f 3194/1/5814 3195/2/5814 3256/3/5814
f 3194/1/5815 3256/2/5815 3255/3/5815
f 3195/1/5816 3196/2/5816 3256/3/5816
f 3196/1/5817 3257/2/5817 3256/3/5817
f 3196/1/5818 3197/2/5818 3258/3/5818
f 3196/1/5819 3258/2/5819 3257/3/5819
f 3197/1/5820 3198/2/5820 3258/3/5820
f 3198/1/5821 3259/2/5821 3258/3/5821
f 3198/1/5822 3199/2/5822 3260/3/5822
f 3198/1/5823 3260/2/5823 3259/3/5823
f 3199/1/5824 3200/2/5824 3260/3/5824
f 3200/1/5825 3261/2/5825 3260/3/5825
f 3200/1/5826 3201/2/5826 3262/3/5826
f 3200/1/5827 3262/2/5827 3261/3/5827
f 3201/1/5828 3202/2/5828 3262/3/5828
f 3202/1/5829 3263/2/5829 3262/3/5829
f 3202/1/5830 3203/2/5830 3264/3/5830
f 3202/1/5831 3264/2/5831 3263/3/5831
f 3203/1/5832 3204/2/5832 3264/3/5832
f 3204/1/5833 3265/2/5833 3264/3/5833
f 3204/1/5834 3205/2/5834 3266/3/5834
f 3204/1/5835 3266/2/5835 3265/3/5835
f 3205/1/5836 3206/2/5836 3266/3/5836
f 3206/1/5837 3267/2/5837 3266/3/5837
f 3206/1/5838 3207/2/5838 3268/3/5838
f 3206/1/5839 3268/2/5839 3267/3/5839
f 3207/1/5840 3208/2/5840 3268/3/5840
f 3208/1/5841 3269/2/5841 3268/3/5841
f 3208/1/5842 3209/2/5842 3270/3/5842
f 3208/1/5843 3270/2/5843 3269/3/5843
f 3209/1/5844 3210/2/5844 3270/3/5844
f 3210/1/5845 3271/2/5845 3270/3/5845
f 3210/1/5846 3211/2/5846 3272/3/5846
f 3210/1/5847 3272/2/5847 3271/3/5847
f 3211/1/5848 3212/2/5848 3272/3/5848
f 3212/1/5849 3273/2/5849 3272/3/5849
f 3212/1/5850 3213/2/5850 3274/3/5850
f 3212/1/5851 3274/2/5851 3273/3/5851
f 3213/1/5852 3214/2/5852 3274/3/5852
f 3214/1/5853 3275/2/5853 3274/3/5853
f 3214/1/5854 3215/2/5854 3276/3/5854
f 3214/1/5855 3276/2/5855 3275/3/5855
f 3215/1/5856 3216/2/5856 3276/3/5856
f 3216/1/5857 3277/2/5857 3276/3/5857
f 3216/1/5858 3217/2/5858 3278/3/5858
f 3216/1/5859 3278/2/5859 3277/3/5859
f 3217/1/5860 3218/2/5860 3278/3/5860
f 3218/1/5861 3279/2/5861 3278/3/5861
f 3218/1/5862 3219/2/5862 3280/3/5862
f 3218/1/5863 3280/2/5863 3279/3/5863
f 3219/1/5864 3220/2/5864 3280/3/5864
f 3220/1/5865 3281/2/5865 3280/3/5865
f 3220/1/5866 3221/2/5866 3282/3/5866
f 3220/1/5867 3282/2/5867 3281/3/5867
f 3221/1/5868 3222/2/5868 3282/3/5868
f 3222/1/5869 3283/2/5869 3282/3/5869
f 3222/1/5870 3223/2/5870 3284/3/5870
f 3222/1/5871 3284/2/5871 3283/3/5871
f 3223/1/5872 3224/2/5872 3284/3/5872
f 3224/1/5873 3285/2/5873 3284/3/5873
f 3224/1/5874 3225/2/5874 3286/3/5874
f 3224/1/5875 3286/2/5875 3285/3/5875
f 3225/1/5876 3226/2/5876 3286/3/5876
f 3226/1/5877 3287/2/5877 3286/3/5877
f 3226/1/5878 3227/2/5878 3288/3/5878
f 3226/1/5879 3288/2/5879 3287/3/5879
f 3227/1/5880 3228/2/5880 3288/3/5880
f 3228/1/5881 3289/2/5881 3288/3/5881
f 3228/1/5882 3229/2/5882 3290/3/5882
f 3228/1/5883 3290/2/5883 3289/3/5883
f 3229/1/1 3230/2/1 3290/3/1
f 3230/1/1 3291/2/1 3290/3/1
f 3230/1/1 3231/2/1 3292/3/1
f 3230/1/1 3292/2/1 3291/3/1
f 3231/1/1 3232/2/1 3292/3/1
f 3232/1/1 3293/2/1 3292/3/1
f 3232/1/1 3233/2/1 3294/3/1
f 3232/1/1 3294/2/1 3293/3/1
f 3234/1/1 3235/2/1 3296/3/1
f 3234/1/1 3296/2/1 3295/3/1
f 3235/1/1 3236/2/1 3296/3/1
f 3236/1/1 3297/2/1 3296/3/1
f 3236/1/1 3237/2/1 3298/3/1
f 3236/1/1 3298/2/1 3297/3/1
f 3237/1/1 3238/2/1 3298/3/1
f 3238/1/1 3299/2/1 3298/3/1
f 3238/1/1 3239/2/1 3300/3/1
f 3238/1/1 3300/2/1 3299/3/1
f 3239/1/1 3240/2/1 3300/3/1
f 3240/1/1 3301/2/1 3300/3/1
f 3240/1/5884 3241/2/5884 3302/3/5884
f 3240/1/1 3302/2/1 3301/3/1
f 3241/1/5885 3242/2/5885 3302/3/5885
f 3242/1/5886 3303/2/5886 3302/3/5886
f 3242/1/5887 3243/2/5887 3304/3/5887
f 3242/1/5888 3304/2/5888 3303/3/5888
f 3243/1/5889 3244/2/5889 3304/3/5889
f 3244/1/5890 3305/2/5890 3304/3/5890
f 3244/1/5891 3245/2/5891 3306/3/5891
f 3244/1/5892 3306/2/5892 3305/3/5892
f 3245/1/5893 3246/2/5893 3306/3/5893
f 3246/1/5894 3307/2/5894 3306/3/5894
f 3246/1/5895 3247/2/5895 3308/3/5895
f 3246/1/5896 3308/2/5896 3307/3/5896
f 3247/1/5897 3248/2/5897 3308/3/5897
f 3248/1/5898 3309/2/5898 3308/3/5898
f 3248/1/5899 3249/2/5899 3310/3/5899
f 3248/1/5900 3310/2/5900 3309/3/5900
f 3249/1/5901 3250/2/5901 3310/3/5901
f 3250/1/5902 3311/2/5902 3310/3/5902
f 3250/1/5903 3251/2/5903 3312/3/5903
f 3250/1/5904 3312/2/5904 3311/3/5904
f 3251/1/5905 3252/2/5905 3312/3/5905
f 3252/1/5906 3313/2/5906 3312/3/5906
f 3252/1/5907 3253/2/5907 3314/3/5907
f 3252/1/5908 3314/2/5908 3313/3/5908
f 3253/1/5909 3254/2/5909 3314/3/5909
f 3254/1/5910 3315/2/5910 3314/3/5910
f 3254/1/5911 3255/2/5911 3316/3/5911
f 3254/1/5912 3316/2/5912 3315/3/5912
f 3255/1/5913 3256/2/5913 3316/3/5913
f 3256/1/5914 3317/2/5914 3316/3/5914
f 3256/1/5915 3257/2/5915 3318/3/5915
f 3256/1/5916 3318/2/5916 3317/3/5916
f 3257/1/5917 3258/2/5917 3318/3/5917
f 3258/1/5918 3319/2/5918 3318/3/5918
f 3258/1/5919 3259/2/5919 3320/3/5919
f 3258/1/5920 3320/2/5920 3319/3/5920
f 3259/1/5921 3260/2/5921 3320/3/5921
f 3260/1/5922 3321/2/5922 3320/3/5922
f 3260/1/5923 3261/2/5923 3322/3/5923
f 3260/1/5924 3322/2/5924 3321/3/5924
f 3261/1/5925 3262/2/5925 3322/3/5925
f 3262/1/5926 3323/2/5926 3322/3/5926
f 3262/1/5927 3263/2/5927 3324/3/5927
f 3262/1/5928 3324/2/5928 3323/3/5928
f 3263/1/5929 3264/2/5929 3324/3/5929
f 3264/1/5930 3325/2/5930 3324/3/5930
f 3264/1/5931 3265/2/5931 3326/3/5931
f 3264/1/5932 3326/2/5932 3325/3/5932
f 3265/1/5933 3266/2/5933 3326/3/5933
f 3266/1/5934 3327/2/5934 3326/3/5934
f 3266/1/5935 3267/2/5935 3328/3/5935
f 3266/1/5936 3328/2/5936 3327/3/5936
f 3267/1/5937 3268/2/5937 3328/3/5937
f 3268/1/5938 3329/2/5938 3328/3/5938
f 3268/1/5939 3269/2/5939 3330/3/5939
f 3268/1/5940 3330/2/5940 3329/3/5940
f 3269/1/5941 3270/2/5941 3330/3/5941
f 3270/1/5942 3331/2/5942 3330/3/5942
f 3270/1/5943 3271/2/5943 3332/3/5943
f 3270/1/5944 3332/2/5944 3331/3/5944
f 3271/1/5945 3272/2/5945 3332/3/5945
f 3272/1/5946 3333/2/5946 3332/3/5946
f 3272/1/5947 3273/2/5947 3334/3/5947
f 3272/1/5948 3334/2/5948 3333/3/5948
f 3273/1/5949 3274/2/5949 3334/3/5949
f 3274/1/5950 3335/2/5950 3334/3/5950
f 3274/1/5951 3275/2/5951 3336/3/5951
f 3274/1/5952 3336/2/5952 3335/3/5952
f 3275/1/5953 3276/2/5953 3336/3/5953
f 3276/1/5954 3337/2/5954 3336/3/5954
f 3276/1/5955 3277/2/5955 3338/3/5955
f 3276/1/5956 3338/2/5956 3337/3/5956
f 3277/1/5957 3278/2/5957 3338/3/5957
f 3278/1/5958 3339/2/5958 3338/3/5958
f 3278/1/5959 3279/2/5959 3340/3/5959
f 3278/1/5960 3340/2/5960 3339/3/5960
f 3279/1/5961 3280/2/5961 3340/3/5961
f 3280/1/5962 3341/2/5962 3340/3/5962
f 3280/1/5963 3281/2/5963 3342/3/5963
f 3280/1/5964 3342/2/5964 3341/3/5964
f 3281/1/5965 3282/2/5965 3342/3/5965
f 3282/1/5966 3343/2/5966 3342/3/5966
f 3282/1/5967 3283/2/5967 3344/3/5967
f 3282/1/5968 3344/2/5968 3343/3/5968
f 3283/1/5969 3284/2/5969 3344/3/5969
f 3284/1/5970 3345/2/5970 3344/3/5970
f 3284/1/5971 3285/2/5971 3346/3/5971
f 3284/1/5972 3346/2/5972 3345/3/5972
f 3285/1/5973 3286/2/5973 3346/3/5973
f 3286/1/5974 3347/2/5974 3346/3/5974
f 3286/1/5975 3287/2/5975 3348/3/5975
f 3286/1/5976 3348/2/5976 3347/3/5976
f 3287/1/5977 3288/2/5977 3348/3/5977
f 3288/1/5978 3349/2/5978 3348/3/5978
f 3288/1/5979 3289/2/5979 3350/3/5979
f 3288/1/5978 3350/2/5978 3349/3/5978
f 3289/1/1 3290/2/1 3350/3/1
f 3290/1/1 3351/2/1 3350/3/1
f 3290/1/1 3291/2/1 3352/3/1
f 3290/1/1 3352/2/1 3351/3/1
f 3291/1/1 3292/2/1 3352/3/1
f 3292/1/1 3353/2/1 3352/3/1
f 3292/1/1 3293/2/1 3354/3/1
f 3292/1/1 3354/2/1 3353/3/1
f 3293/1/1 3294/2/1 3354/3/1
f 3294/1/1 3355/2/1 3354/3/1
f 3295/1/1 3296/2/1 3356/3/1
f 3296/1/1 3357/2/1 3356/3/1
f 3296/1/1 3297/2/1 3358/3/1
f 3296/1/1 3358/2/1 3357/3/1
f 3297/1/1 3298/2/1 3358/3/1
f 3298/1/1 3359/2/1 3358/3/1
f 3298/1/1 3299/2/1 3360/3/1
f 3298/1/1 3360/2/1 3359/3/1
f 3299/1/1 3300/2/1 3360/3/1
f 3300/1/1 3361/2/1 3360/3/1
f 3300/1/1 3301/2/1 3362/3/1
f 3300/1/1 3362/2/1 3361/3/1
f 3301/1/1 3302/2/1 3362/3/1
f 3302/1/1 3363/2/1 3362/3/1
f 3302/1/5980 3303/2/5980 3364/3/5980
f 3302/1/1 3364/2/1 3363/3/1
f 3303/1/5981 3304/2/5981 3364/3/5981
f 3304/1/5982 3365/2/5982 3364/3/5982
f 3304/1/5983 3305/2/5983 3366/3/5983
f 3304/1/5984 3366/2/5984 3365/3/5984
f 3305/1/5985 3306/2/5985 3366/3/5985
f 3306/1/5986 3367/2/5986 3366/3/5986
f 3306/1/5987 3307/2/5987 3368/3/5987
f 3306/1/5988 3368/2/5988 3367/3/5988
f 3307/1/5989 3308/2/5989 3368/3/5989
f 3308/1/5990 3369/2/5990 3368/3/5990
f 3308/1/5991 3309/2/5991 3370/3/5991
f 3308/1/5992 3370/2/5992 3369/3/5992
f 3309/1/5993 3310/2/5993 3370/3/5993
f 3310/1/5994 3371/2/5994 3370/3/5994
f 3310/1/5995 3311/2/5995 3372/3/5995
f 3310/1/5996 3372/2/5996 3371/3/5996
f 3311/1/5997 3312/2/5997 3372/3/5997
f 3312/1/5998 3373/2/5998 3372/3/5998
f 3312/1/5999 3313/2/5999 3374/3/5999
f 3312/1/6000 3374/2/6000 3373/3/6000
f 3313/1/6001 3314/2/6001 3374/3/6001
f 3314/1/6002 3375/2/6002 3374/3/6002
f 3314/1/6003 3315/2/6003 3376/3/6003
f 3314/1/6004 3376/2/6004 3375/3/6004
f 3315/1/6005 3316/2/6005 3376/3/6005
f 3316/1/6006 3377/2/6006 3376/3/6006
f 3316/1/6007 3317/2/6007 3378/3/6007
f 3316/1/6008 3378/2/6008 3377/3/6008
f 3317/1/6009 3318/2/6009 3378/3/6009
f 3318/1/6010 3379/2/6010 3378/3/6010
f 3318/1/6011 3319/2/6011 3380/3/6011
f 3318/1/6012 3380/2/6012 3379/3/6012
f 3319/1/6013 3320/2/6013 3380/3/6013
f 3320/1/6014 3381/2/6014 3380/3/6014
f 3320/1/6015 3321/2/6015 3382/3/6015
f 3320/1/6016 3382/2/6016 3381/3/6016
f 3321/1/6017 3322/2/6017 3382/3/6017
f 3322/1/6018 3383/2/6018 3382/3/6018
f 3322/1/6019 3323/2/6019 3384/3/6019
f 3322/1/6020 3384/2/6020 3383/3/6020
f 3323/1/6021 3324/2/6021 3384/3/6021
f 3324/1/6022 3385/2/6022 3384/3/6022
f 3324/1/6023 3325/2/6023 3386/3/6023
f 3324/1/6024 3386/2/6024 3385/3/6024
f 3325/1/6025 3326/2/6025 3386/3/6025
f 3326/1/6026 3387/2/6026 3386/3/6026
f 3326/1/6027 3327/2/6027 3388/3/6027
f 3326/1/6028 3388/2/6028 3387/3/6028
f 3327/1/6029 3328/2/6029 3388/3/6029
f 3328/1/6030 3389/2/6030 3388/3/6030
f 3328/1/6031 3329/2/6031 3390/3/6031
f 3328/1/6032 3390/2/6032 3389/3/6032
f 3329/1/6033 3330/2/6033 3390/3/6033
f 3330/1/6034 3391/2/6034 3390/3/6034
f 3330/1/6035 3331/2/6035 3392/3/6035
f 3330/1/6036 3392/2/6036 3391/3/6036
f 3331/1/6037 3332/2/6037 3392/3/6037
f 3332/1/6038 3393/2/6038 3392/3/6038
f 3332/1/6039 3333/2/6039 3394/3/6039
f 3332/1/6040 3394/2/6040 3393/3/6040
f 3333/1/6041 3334/2/6041 3394/3/6041
f 3334/1/6042 3395/2/6042 3394/3/6042
f 3334/1/6043 3335/2/6043 3396/3/6043
f 3334/1/6044 3396/2/6044 3395/3/6044
f 3335/1/6045 3336/2/6045 3396/3/6045
f 3336/1/6046 3397/2/6046 3396/3/6046
f 3336/1/6047 3337/2/6047 3398/3/6047
f 3336/1/6048 3398/2/6048 3397/3/6048
f 3337/1/6049 3338/2/6049 3398/3/6049
f 3338/1/6050 3399/2/6050 3398/3/6050
f 3338/1/6051 3339/2/6051 3400/3/6051
f 3338/1/6052 3400/2/6052 3399/3/6052
f 3339/1/6053 3340/2/6053 3400/3/6053
f 3340/1/6054 3401/2/6054 3400/3/6054
f 3340/1/6055 3341/2/6055 3402/3/6055
f 3340/1/6056 3402/2/6056 3401/3/6056
f 3341/1/6057 3342/2/6057 3402/3/6057
f 3342/1/6058 3403/2/6058 3402/3/6058
f 3342/1/6059 3343/2/6059 3404/3/6059
f 3342/1/6060 3404/2/6060 3403/3/6060
f 3343/1/6061 3344/2/6061 3404/3/6061
f 3344/1/6062 3405/2/6062 3404/3/6062
f 3344/1/6063 3345/2/6063 3406/3/6063
f 3344/1/6064 3406/2/6064 3405/3/6064
f 3345/1/6065 3346/2/6065 3406/3/6065
f 3346/1/6066 3407/2/6066 3406/3/6066
f 3346/1/6067 3347/2/6067 3408/3/6067
f 3346/1/6068 3408/2/6068 3407/3/6068
f 3347/1/6069 3348/2/6069 3408/3/6069
f 3348/1/1 3409/2/1 3408/3/1
f 3348/1/1 3349/2/1 3410/3/1
f 3348/1/1 3410/2/1 3409/3/1
f 3349/1/1 3350/2/1 3410/3/1
f 3350/1/1 3411/2/1 3410/3/1
f 3350/1/1 3351/2/1 3412/3/1
f 3350/1/1 3412/2/1 3411/3/1
f 3351/1/1 3352/2/1 3412/3/1
f 3352/1/1 3413/2/1 3412/3/1
f 3352/1/1 3353/2/1 3414/3/1
f 3352/1/1 3414/2/1 3413/3/1
f 3353/1/1 3354/2/1 3414/3/1
f 3354/1/1 3415/2/1 3414/3/1
f 3354/1/1 3355/2/1 3416/3/1
f 3354/1/1 3416/2/1 3415/3/1
f 3356/1/1 3357/2/1 3418/3/1
f 3356/1/1 3418/2/1 3417/3/1
f 3357/1/1 3358/2/1 3418/3/1
f 3358/1/1 3419/2/1 3418/3/1
f 3358/1/1 3359/2/1 3420/3/1
f 3358/1/1 3420/2/1 3419/3/1
f 3359/1/1 3360/2/1 3420/3/1
f 3360/1/1 3421/2/1 3420/3/1
f 3360/1/1 3361/2/1 3422/3/1
f 3360/1/1 3422/2/1 3421/3/1
f 3361/1/1 3362/2/1 3422/3/1
f 3362/1/1 3423/2/1 3422/3/1
f 3362/1/1 3363/2/1 3424/3/1
f 3362/1/1 3424/2/1 3423/3/1
f 3363/1/1 3364/2/1 3424/3/1
f 3364/1/1 3425/2/1 3424/3/1
f 3364/1/5678 3365/2/5678 3426/3/5678
f 3364/1/1 3426/2/1 3425/3/1
f 3365/1/6070 3366/2/6070 3426/3/6070
f 3366/1/6071 3427/2/6071 3426/3/6071
f 3366/1/6072 3367/2/6072 3428/3/6072
f 3366/1/6073 3428/2/6073 3427/3/6073
f 3367/1/6074 3368/2/6074 3428/3/6074
f 3368/1/6075 3429/2/6075 3428/3/6075
f 3368/1/6076 3369/2/6076 3430/3/6076
f 3368/1/6077 3430/2/6077 3429/3/6077
f 3369/1/6078 3370/2/6078 3430/3/6078
f 3370/1/6079 3431/2/6079 3430/3/6079
f 3370/1/6080 3371/2/6080 3432/3/6080
f 3370/1/6081 3432/2/6081 3431/3/6081
f 3371/1/6082 3372/2/6082 3432/3/6082
f 3372/1/6083 3433/2/6083 3432/3/6083
f 3372/1/6084 3373/2/6084 3434/3/6084
f 3372/1/6085 3434/2/6085 3433/3/6085
f 3373/1/6086 3374/2/6086 3434/3/6086
f 3374/1/6087 3435/2/6087 3434/3/6087
f 3374/1/6088 3375/2/6088 3436/3/6088
f 3374/1/6089 3436/2/6089 3435/3/6089
f 3375/1/6090 3376/2/6090 3436/3/6090
f 3376/1/6091 3437/2/6091 3436/3/6091
f 3376/1/6092 3377/2/6092 3438/3/6092
f 3376/1/6093 3438/2/6093 3437/3/6093
f 3377/1/6094 3378/2/6094 3438/3/6094
f 3378/1/6095 3439/2/6095 3438/3/6095
f 3378/1/6096 3379/2/6096 3440/3/6096
f 3378/1/6097 3440/2/6097 3439/3/6097
f 3379/1/6098 3380/2/6098 3440/3/6098
f 3380/1/6099 3441/2/6099 3440/3/6099
f 3380/1/6100 3381/2/6100 3442/3/6100
f 3380/1/6101 3442/2/6101 3441/3/6101
f 3381/1/6102 3382/2/6102 3442/3/6102
f 3382/1/6103 3443/2/6103 3442/3/6103
f 3382/1/6104 3383/2/6104 3444/3/6104
f 3382/1/6105 3444/2/6105 3443/3/6105
f 3383/1/6106 3384/2/6106 3444/3/6106
f 3384/1/6107 3445/2/6107 3444/3/6107
f 3384/4/6108 3385/5/6108 3446/6/6108
f 3384/1/6109 3446/2/6109 3445/3/6109
f 3385/4/6110 3386/5/6110 3446/6/6110
f 3386/1/6111 3447/2/6111 3446/3/6111
f 3386/1/6112 3387/2/6112 3448/3/6112
f 3386/1/6113 3448/2/6113 3447/3/6113
f 3387/1/6114 3388/2/6114 3448/3/6114
f 3388/1/6115 3449/2/6115 3448/3/6115
f 3388/1/6116 3389/2/6116 3450/3/6116
f 3388/1/6117 3450/2/6117 3449/3/6117
f 3389/1/6118 3390/2/6118 3450/3/6118
f 3390/1/6119 3451/2/6119 3450/3/6119
f 3390/1/6120 3391/2/6120 3452/3/6120
f 3390/1/6121 3452/2/6121 3451/3/6121
f 3391/1/6122 3392/2/6122 3452/3/6122
f 3392/1/6123 3453/2/6123 3452/3/6123
f 3392/1/6124 3393/2/6124 3454/3/6124
f 3392/1/6125 3454/2/6125 3453/3/6125
f 3393/1/6126 3394/2/6126 3454/3/6126
f 3394/1/6127 3455/2/6127 3454/3/6127
f 3394/1/6128 3395/2/6128 3456/3/6128
f 3394/1/6129 3456/2/6129 3455/3/6129
f 3395/1/6130 3396/2/6130 3456/3/6130
f 3396/1/6131 3457/2/6131 3456/3/6131
f 3396/1/6132 3397/2/6132 3458/3/6132
f 3396/1/6133 3458/2/6133 3457/3/6133
f 3397/1/6134 3398/2/6134 3458/3/6134
f 3398/1/6135 3459/2/6135 3458/3/6135
f 3398/1/6136 3399/2/6136 3460/3/6136
f 3398/1/6137 3460/2/6137 3459/3/6137
f 3399/1/6138 3400/2/6138 3460/3/6138
f 3400/1/6139 3461/2/6139 3460/3/6139
f 3400/1/6140 3401/2/6140 3462/3/6140
f 3400/1/6141 3462/2/6141 3461/3/6141
f 3401/1/6142 3402/2/6142 3462/3/6142
f 3402/1/6143 3463/2/6143 3462/3/6143
f 3402/1/6144 3403/2/6144 3464/3/6144
f 3402/1/6145 3464/2/6145 3463/3/6145
f 3403/1/6146 3404/2/6146 3464/3/6146
f 3404/1/6147 3465/2/6147 3464/3/6147
f 3404/1/6148 3405/2/6148 3466/3/6148
f 3404/1/6149 3466/2/6149 3465/3/6149
f 3405/1/6150 3406/2/6150 3466/3/6150
f 3406/1/6151 3467/2/6151 3466/3/6151
f 3406/1/6152 3407/2/6152 3468/3/6152
f 3406/1/6153 3468/2/6153 3467/3/6153
f 3407/1/6154 3408/2/6154 3468/3/6154
f 3408/1/1 3469/2/1 3468/3/1
f 3408/1/1 3409/2/1 3470/3/1
f 3408/1/1 3470/2/1 3469/3/1
f 3409/1/1 3410/2/1 3470/3/1
f 3410/1/1 3471/2/1 3470/3/1
f 3410/1/1 3411/2/1 3472/3/1
f 3410/1/1 3472/2/1 3471/3/1
f 3411/1/1 3412/2/1 3472/3/1
f 3412/1/1 3473/2/1 3472/3/1
f 3412/1/1 3413/2/1 3474/3/1
f 3412/1/1 3474/2/1 3473/3/1
f 3413/1/1 3414/2/1 3474/3/1
f 3414/1/1 3475/2/1 3474/3/1
f 3414/1/1 3415/2/1 3476/3/1
f 3414/1/1 3476/2/1 3475/3/1
f 3415/1/1 3416/2/1 3476/3/1
f 3416/1/1 3477/2/1 3476/3/1
f 3417/1/1 3418/2/1 3478/3/1
f 3418/1/1 3479/2/1 3478/3/1
f 3418/1/1 3419/2/1 3480/3/1
f 3418/1/1 3480/2/1 3479/3/1
f 3419/1/1 3420/2/1 3480/3/1
f 3420/1/1 3481/2/1 3480/3/1
f 3420/1/1 3421/2/1 3482/3/1
f 3420/1/1 3482/2/1 3481/3/1
f 3421/1/1 3422/2/1 3482/3/1
f 3422/1/1 3483/2/1 3482/3/1
f 3422/1/1 3423/2/1 3484/3/1
f 3422/1/1 3484/2/1 3483/3/1
f 3423/1/1 3424/2/1 3484/3/1
f 3424/1/1 3485/2/1 3484/3/1
f 3424/1/1 3425/2/1 3486/3/1
f 3424/1/1 3486/2/1 3485/3/1
f 3425/1/1 3426/2/1 3486/3/1
f 3426/1/1 3487/2/1 3486/3/1
f 3426/1/6155 3427/2/6155 3488/3/6155
f 3426/1/1 3488/2/1 3487/3/1
f 3427/1/6156 3428/2/6156 3488/3/6156
f 3428/1/6157 3489/2/6157 3488/3/6157
f 3428/1/6158 3429/2/6158 3490/3/6158
f 3428/1/6159 3490/2/6159 3489/3/6159
f 3429/1/6160 3430/2/6160 3490/3/6160
f 3430/1/6161 3491/2/6161 3490/3/6161
f 3430/1/6162 3431/2/6162 3492/3/6162
f 3430/1/6163 3492/2/6163 3491/3/6163
f 3431/1/6164 3432/2/6164 3492/3/6164
f 3432/1/6165 3493/2/6165 3492/3/6165
f 3432/1/6166 3433/2/6166 3494/3/6166
f 3432/1/6167 3494/2/6167 3493/3/6167
f 3433/1/6168 3434/2/6168 3494/3/6168
f 3434/1/6169 3495/2/6169 3494/3/6169
f 3434/1/6170 3435/2/6170 3496/3/6170
f 3434/1/6171 3496/2/6171 3495/3/6171
f 3435/1/6172 3436/2/6172 3496/3/6172
f 3436/1/6173 3497/2/6173 3496/3/6173
f 3436/1/6174 3437/2/6174 3498/3/6174
f 3436/1/6175 3498/2/6175 3497/3/6175
f 3437/1/6176 3438/2/6176 3498/3/6176
f 3438/1/6177 3499/2/6177 3498/3/6177
f 3438/1/6178 3439/2/6178 3500/3/6178
f 3438/1/6179 3500/2/6179 3499/3/6179
f 3439/1/6180 3440/2/6180 3500/3/6180
f 3440/1/6181 3501/2/6181 3500/3/6181
f 3440/1/6182 3441/2/6182 3502/3/6182
f 3440/1/6183 3502/2/6183 3501/3/6183
f 3441/1/6184 3442/2/6184 3502/3/6184
f 3442/1/6185 3503/2/6185 3502/3/6185
f 3442/1/6186 3443/2/6186 3504/3/6186
f 3442/1/6187 3504/2/6187 3503/3/6187
f 3443/1/6188 3444/2/6188 3504/3/6188
f 3444/1/6189 3505/2/6189 3504/3/6189
f 3444/1/6190 3445/2/6190 3506/3/6190
f 3444/1/6191 3506/2/6191 3505/3/6191
f 3445/1/6192 3446/2/6192 3506/3/6192
f 3446/1/6193 3507/2/6193 3506/3/6193
f 3446/1/6194 3447/2/6194 3508/3/6194
f 3446/1/6195 3508/2/6195 3507/3/6195
f 3447/1/6196 3448/2/6196 3508/3/6196
f 3448/1/6197 3509/2/6197 3508/3/6197
f 3448/1/6198 3449/2/6198 3510/3/6198
f 3448/1/6199 3510/2/6199 3509/3/6199
f 3449/1/6200 3450/2/6200 3510/3/6200
f 3450/1/6201 3511/2/6201 3510/3/6201
f 3450/1/6202 3451/2/6202 3512/3/6202
f 3450/1/6203 3512/2/6203 3511/3/6203
f 3451/1/6204 3452/2/6204 3512/3/6204
f 3452/1/6205 3513/2/6205 3512/3/6205
f 3452/1/6206 3453/2/6206 3514/3/6206
f 3452/1/6207 3514/2/6207 3513/3/6207
f 3453/1/6208 3454/2/6208 3514/3/6208
f 3454/1/6209 3515/2/6209 3514/3/6209
f 3454/1/6210 3455/2/6210 3516/3/6210
f 3454/1/6211 3516/2/6211 3515/3/6211
f 3455/1/6212 3456/2/6212 3516/3/6212
f 3456/1/6213 3517/2/6213 3516/3/6213
f 3456/1/6214 3457/2/6214 3518/3/6214
f 3456/1/6215 3518/2/6215 3517/3/6215
f 3457/1/6216 3458/2/6216 3518/3/6216
f 3458/1/6217 3519/2/6217 3518/3/6217
f 3458/1/6218 3459/2/6218 3520/3/6218
f 3458/1/6219 3520/2/6219 3519/3/6219
f 3459/1/6220 3460/2/6220 3520/3/6220
f 3460/1/6221 3521/2/6221 3520/3/6221
f 3460/1/6222 3461/2/6222 3522/3/6222
f 3460/1/6223 3522/2/6223 3521/3/6223
f 3461/1/6224 3462/2/6224 3522/3/6224
f 3462/1/6225 3523/2/6225 3522/3/6225
f 3462/1/6226 3463/2/6226 3524/3/6226
f 3462/1/6227 3524/2/6227 3523/3/6227
f 3463/1/6228 3464/2/6228 3524/3/6228
f 3464/1/6229 3525/2/6229 3524/3/6229
f 3464/1/6230 3465/2/6230 3526/3/6230
f 3464/1/6231 3526/2/6231 3525/3/6231
f 3465/1/6232 3466/2/6232 3526/3/6232
f 3466/1/6233 3527/2/6233 3526/3/6233
f 3466/1/6234 3467/2/6234 3528/3/6234
f 3466/1/6235 3528/2/6235 3527/3/6235
f 3467/1/6236 3468/2/6236 3528/3/6236
f 3468/1/1 3529/2/1 3528/3/1
f 3468/1/1 3469/2/1 3530/3/1
f 3468/1/1 3530/2/1 3529/3/1
f 3469/1/1 3470/2/1 3530/3/1
f 3470/1/1 3531/2/1 3530/3/1
f 3470/1/1 3471/2/1 3532/3/1
f 3470/1/1 3532/2/1 3531/3/1
f 3471/1/1 3472/2/1 3532/3/1
f 3472/1/1 3533/2/1 3532/3/1
f 3472/1/1 3473/2/1 3534/3/1
f 3472/1/1 3534/2/1 3533/3/1
f 3473/1/1 3474/2/1 3534/3/1
f 3474/1/1 3535/2/1 3534/3/1
f 3474/1/1 3475/2/1 3536/3/1
f 3474/1/1 3536/2/1 3535/3/1
f 3475/1/1 3476/2/1 3536/3/1
f 3476/1/1 3537/2/1 3536/3/1
f 3476/1/1 3477/2/1 3538/3/1
f 3476/1/1 3538/2/1 3537/3/1
f 3478/1/1 3479/2/1 3540/3/1
f 3478/1/1 3540/2/1 3539/3/1
f 3479/1/1 3480/2/1 3540/3/1
f 3480/1/1 3541/2/1 3540/3/1
f 3480/1/1 3481/2/1 3542/3/1
f 3480/1/1 3542/2/1 3541/3/1
f 3481/1/1 3482/2/1 3542/3/1
f 3482/1/1 3543/2/1 3542/3/1
f 3482/1/1 3483/2/1 3544/3/1
f 3482/1/1 3544/2/1 3543/3/1
f 3483/1/1 3484/2/1 3544/3/1
f 3484/1/1 3545/2/1 3544/3/1
f 3484/1/1 3485/2/1 3546/3/1
f 3484/1/1 3546/2/1 3545/3/1
f 3485/1/1 3486/2/1 3546/3/1
f 3486/1/1 3547/2/1 3546/3/1
f 3486/1/1 3487/2/1 3548/3/1
f 3486/1/1 3548/2/1 3547/3/1
f 3487/1/1 3488/2/1 3548/3/1
f 3488/1/1 3549/2/1 3548/3/1
f 3488/1/1 3489/2/1 3550/3/1
f 3488/1/1 3550/2/1 3549/3/1
f 3489/1/6237 3490/2/6237 3550/3/6237
f 3490/1/6238 3551/2/6238 3550/3/6238
f 3490/1/6239 3491/2/6239 3552/3/6239
f 3490/1/6240 3552/2/6240 3551/3/6240
f 3491/1/6241 3492/2/6241 3552/3/6241
f 3492/1/6242 3553/2/6242 3552/3/6242
f 3492/1/6243 3493/2/6243 3554/3/6243
f 3492/1/6244 3554/2/6244 3553/3/6244
f 3493/1/6245 3494/2/6245 3554/3/6245
f 3494/1/6246 3555/2/6246 3554/3/6246
f 3494/1/6247 3495/2/6247 3556/3/6247
f 3494/1/6248 3556/2/6248 3555/3/6248
f 3495/1/6249 3496/2/6249 3556/3/6249
f 3496/1/6250 3557/2/6250 3556/3/6250
f 3496/1/6251 3497/2/6251 3558/3/6251
f 3496/1/6252 3558/2/6252 3557/3/6252
f 3497/1/6253 3498/2/6253 3558/3/6253
f 3498/1/6254 3559/2/6254 3558/3/6254
f 3498/1/6255 3499/2/6255 3560/3/6255
f 3498/1/6256 3560/2/6256 3559/3/6256
f 3499/1/6257 3500/2/6257 3560/3/6257
f 3500/1/6258 3561/2/6258 3560/3/6258
f 3500/1/6259 3501/2/6259 3562/3/6259
f 3500/1/6260 3562/2/6260 3561/3/6260
f 3501/1/6261 3502/2/6261 3562/3/6261
f 3502/1/6262 3563/2/6262 3562/3/6262
f 3502/1/6263 3503/2/6263 3564/3/6263
f 3502/1/6264 3564/2/6264 3563/3/6264
f 3503/1/6265 3504/2/6265 3564/3/6265
f 3504/1/6266 3565/2/6266 3564/3/6266
f 3504/1/6267 3505/2/6267 3566/3/6267
f 3504/1/6268 3566/2/6268 3565/3/6268
f 3505/1/6269 3506/2/6269 3566/3/6269
f 3506/1/6270 3567/2/6270 3566/3/6270
f 3506/1/6271 3507/2/6271 3568/3/6271
f 3506/1/6272 3568/2/6272 3567/3/6272
f 3507/1/6273 3508/2/6273 3568/3/6273
f 3508/1/6274 3569/2/6274 3568/3/6274
f 3508/1/6275 3509/2/6275 3570/3/6275
f 3508/1/6276 3570/2/6276 3569/3/6276
f 3509/1/6277 3510/2/6277 3570/3/6277
f 3510/1/6278 3571/2/6278 3570/3/6278
f 3510/1/6279 3511/2/6279 3572/3/6279
f 3510/1/6280 3572/2/6280 3571/3/6280
f 3511/1/6281 3512/2/6281 3572/3/6281
f 3512/1/6282 3573/2/6282 3572/3/6282
f 3512/1/6283 3513/2/6283 3574/3/6283
f 3512/1/6284 3574/2/6284 3573/3/6284
f 3513/1/6285 3514/2/6285 3574/3/6285
f 3514/1/6286 3575/2/6286 3574/3/6286
f 3514/1/6287 3515/2/6287 3576/3/6287
f 3514/1/6288 3576/2/6288 3575/3/6288
f 3515/1/6289 3516/2/6289 3576/3/6289
f 3516/1/6290 3577/2/6290 3576/3/6290
f 3516/1/6291 3517/2/6291 3578/3/6291
f 3516/1/6292 3578/2/6292 3577/3/6292
f 3517/1/6293 3518/2/6293 3578/3/6293
f 3518/1/6294 3579/2/6294 3578/3/6294
f 3518/1/6295 3519/2/6295 3580/3/6295
f 3518/1/6296 3580/2/6296 3579/3/6296
f 3519/1/6297 3520/2/6297 3580/3/6297
f 3520/1/6298 3581/2/6298 3580/3/6298
f 3520/1/6299 3521/2/6299 3582/3/6299
f 3520/1/6300 3582/2/6300 3581/3/6300
f 3521/1/6301 3522/2/6301 3582/3/6301
f 3522/1/6302 3583/2/6302 3582/3/6302
f 3522/1/6303 3523/2/6303 3584/3/6303
f 3522/1/6304 3584/2/6304 3583/3/6304
f 3523/1/6305 3524/2/6305 3584/3/6305
f 3524/1/6306 3585/2/6306 3584/3/6306
f 3524/1/6307 3525/2/6307 3586/3/6307
f 3524/1/6308 3586/2/6308 3585/3/6308
f 3525/1/6309 3526/2/6309 3586/3/6309
f 3526/1/6310 3587/2/6310 3586/3/6310
f 3526/1/6311 3527/2/6311 3588/3/6311
f 3526/1/6312 3588/2/6312 3587/3/6312
f 3527/1/1 3528/2/1 3588/3/1
f 3528/1/1 3589/2/1 3588/3/1
f 3528/1/1 3529/2/1 3590/3/1
f 3528/1/1 3590/2/1 3589/3/1
f 3529/1/1 3530/2/1 3590/3/1
f 3530/1/1 3591/2/1 3590/3/1
f 3530/1/1 3531/2/1 3592/3/1
f 3530/1/1 3592/2/1 3591/3/1
f 3531/1/1 3532/2/1 3592/3/1
f 3532/1/1 3593/2/1 3592/3/1
f 3532/1/1 3533/2/1 3594/3/1
f 3532/1/1 3594/2/1 3593/3/1
f 3533/1/1 3534/2/1 3594/3/1
f 3534/1/1 3595/2/1 3594/3/1
f 3534/1/1 3535/2/1 3596/3/1
f 3534/1/1 3596/2/1 3595/3/1
f 3535/1/1 3536/2/1 3596/3/1
f 3536/1/1 3597/2/1 3596/3/1
f 3536/1/1 3537/2/1 3598/3/1
f 3536/1/1 3598/2/1 3597/3/1
f 3537/1/1 3538/2/1 3598/3/1
f 3538/1/1 3599/2/1 3598/3/1
f 3539/1/1 3540/2/1 3600/3/1
f 3540/1/1 3601/2/1 3600/3/1
f 3540/1/1 3541/2/1 3602/3/1
f 3540/1/1 3602/2/1 3601/3/1
f 3541/1/1 3542/2/1 3602/3/1
f 3542/1/1 3603/2/1 3602/3/1
f 3542/1/1 3543/2/1 3604/3/1
f 3542/1/1 3604/2/1 3603/3/1
f 3543/1/1 3544/2/1 3604/3/1
f 3544/1/1 3605/2/1 3604/3/1
f 3544/1/1 3545/2/1 3606/3/1
f 3544/1/1 3606/2/1 3605/3/1
f 3545/1/1 3546/2/1 3606/3/1
f 3546/1/1 3607/2/1 3606/3/1
f 3546/1/1 3547/2/1 3608/3/1
f 3546/1/1 3608/2/1 3607/3/1
f 3547/1/1 3548/2/1 3608/3/1
f 3548/1/1 3609/2/1 3608/3/1
f 3548/1/1 3549/2/1 3610/3/1
f 3548/1/1 3610/2/1 3609/3/1
f 3549/1/1 3550/2/1 3610/3/1
f 3550/1/1 3611/2/1 3610/3/1
f 3550/1/1 3551/2/1 3612/3/1
f 3550/1/1 3612/2/1 3611/3/1
f 3551/1/6313 3552/2/6313 3612/3/6313
f 3552/1/6314 3613/2/6314 3612/3/6314
f 3552/1/6315 3553/2/6315 3614/3/6315
f 3552/1/6314 3614/2/6314 3613/3/6314
f 3553/1/6316 3554/2/6316 3614/3/6316
f 3554/1/6317 3615/2/6317 3614/3/6317
f 3554/1/6318 3555/2/6318 3616/3/6318
f 3554/1/6319 3616/2/6319 3615/3/6319
f 3555/1/6320 3556/2/6320 3616/3/6320
f 3556/1/6321 3617/2/6321 3616/3/6321
f 3556/1/6322 3557/2/6322 3618/3/6322
f 3556/1/6323 3618/2/6323 3617/3/6323
f 3557/1/6324 3558/2/6324 3618/3/6324
f 3558/1/6325 3619/2/6325 3618/3/6325
f 3558/1/6326 3559/2/6326 3620/3/6326
f 3558/1/6327 3620/2/6327 3619/3/6327
f 3559/1/6328 3560/2/6328 3620/3/6328
f 3560/1/6329 3621/2/6329 3620/3/6329
f 3560/1/6330 3561/2/6330 3622/3/6330
f 3560/1/6331 3622/2/6331 3621/3/6331
f 3561/1/6332 3562/2/6332 3622/3/6332
f 3562/1/6333 3623/2/6333 3622/3/6333
f 3562/1/6334 3563/2/6334 3624/3/6334
f 3562/1/6335 3624/2/6335 3623/3/6335
f 3563/1/6336 3564/2/6336 3624/3/6336
f 3564/1/6337 3625/2/6337 3624/3/6337
f 3564/1/6338 3565/2/6338 3626/3/6338
f 3564/1/6339 3626/2/6339 3625/3/6339
f 3565/1/6340 3566/2/6340 3626/3/6340
f 3566/1/6341 3627/2/6341 3626/3/6341
f 3566/1/6342 3567/2/6342 3628/3/6342
f 3566/1/6343 3628/2/6343 3627/3/6343
f 3567/1/6344 3568/2/6344 3628/3/6344
f 3568/1/6345 3629/2/6345 3628/3/6345
f 3568/1/6346 3569/2/6346 3630/3/6346
f 3568/1/6347 3630/2/6347 3629/3/6347
f 3569/1/6348 3570/2/6348 3630/3/6348
f 3570/1/6349 3631/2/6349 3630/3/6349
f 3570/1/6350 3571/2/6350 3632/3/6350
f 3570/1/6351 3632/2/6351 3631/3/6351
f 3571/1/6352 3572/2/6352 3632/3/6352
f 3572/1/6353 3633/2/6353 3632/3/6353
f 3572/1/6354 3573/2/6354 3634/3/6354
f 3572/1/6355 3634/2/6355 3633/3/6355
f 3573/1/6356 3574/2/6356 3634/3/6356
f 3574/1/6357 3635/2/6357 3634/3/6357
f 3574/1/6358 3575/2/6358 3636/3/6358
f 3574/1/6359 3636/2/6359 3635/3/6359
f 3575/1/6360 3576/2/6360 3636/3/6360
f 3576/1/6361 3637/2/6361 3636/3/6361
f 3576/1/6362 3577/2/6362 3638/3/6362
f 3576/1/6363 3638/2/6363 3637/3/6363
f 3577/1/6364 3578/2/6364 3638/3/6364
f 3578/1/6365 3639/2/6365 3638/3/6365
f 3578/1/6366 3579/2/6366 3640/3/6366
f 3578/1/6367 3640/2/6367 3639/3/6367
f 3579/1/6368 3580/2/6368 3640/3/6368
f 3580/1/6369 3641/2/6369 3640/3/6369
f 3580/1/6370 3581/2/6370 3642/3/6370
f 3580/1/6371 3642/2/6371 3641/3/6371
f 3581/1/6372 3582/2/6372 3642/3/6372
f 3582/1/6373 3643/2/6373 3642/3/6373
f 3582/1/6374 3583/2/6374 3644/3/6374
f 3582/1/6375 3644/2/6375 3643/3/6375
f 3583/1/6376 3584/2/6376 3644/3/6376
f 3584/1/6377 3645/2/6377 3644/3/6377
f 3584/1/6378 3585/2/6378 3646/3/6378
f 3584/1/6379 3646/2/6379 3645/3/6379
f 3585/1/6380 3586/2/6380 3646/3/6380
f 3586/1/6381 3647/2/6381 3646/3/6381
f 3586/1/6382 3587/2/6382 3648/3/6382
f 3586/1/6381 3648/2/6381 3647/3/6381
f 3587/1/1 3588/2/1 3648/3/1
f 3588/1/1 3649/2/1 3648/3/1
f 3588/1/1 3589/2/1 3650/3/1
f 3588/1/1 3650/2/1 3649/3/1
f 3589/1/1 3590/2/1 3650/3/1
f 3590/1/1 3651/2/1 3650/3/1
f 3590/1/1 3591/2/1 3652/3/1
f 3590/1/1 3652/2/1 3651/3/1
f 3591/1/1 3592/2/1 3652/3/1
f 3592/1/1 3653/2/1 3652/3/1
f 3592/1/1 3593/2/1 3654/3/1
f 3592/1/1 3654/2/1 3653/3/1
f 3593/1/1 3594/2/1 3654/3/1
f 3594/1/1 3655/2/1 3654/3/1
f 3594/1/1 3595/2/1 3656/3/1
f 3594/1/1 3656/2/1 3655/3/1
f 3595/1/1 3596/2/1 3656/3/1
f 3596/1/1 3657/2/1 3656/3/1
f 3596/1/1 3597/2/1 3658/3/1
f 3596/1/1 3658/2/1 3657/3/1
f 3597/1/1 3598/2/1 3658/3/1
f 3598/1/1 3659/2/1 3658/3/1
f 3598/1/1 3599/2/1 3660/3/1
f 3598/1/1 3660/2/1 3659/3/1
f 3600/1/1 3601/2/1 3662/3/1
f 3600/1/1 3662/2/1 3661/3/1
f 3601/1/1 3602/2/1 3662/3/1
f 3602/1/1 3663/2/1 3662/3/1
f 3602/1/1 3603/2/1 3664/3/1
f 3602/1/1 3664/2/1 3663/3/1
f 3603/1/1 3604/2/1 3664/3/1
f 3604/1/1 3665/2/1 3664/3/1
f 3604/1/1 3605/2/1 3666/3/1
f 3604/1/1 3666/2/1 3665/3/1
f 3605/1/1 3606/2/1 3666/3/1
f 3606/1/1 3667/2/1 3666/3/1
f 3606/1/1 3607/2/1 3668/3/1
f 3606/1/1 3668/2/1 3667/3/1
f 3607/1/1 3608/2/1 3668/3/1
f 3608/1/1 3669/2/1 3668/3/1
f 3608/1/1 3609/2/1 3670/3/1
f 3608/1/1 3670/2/1 3669/3/1
f 3609/1/1 3610/2/1 3670/3/1
f 3610/1/1 3671/2/1 3670/3/1
f 3610/1/1 3611/2/1 3672/3/1
f 3610/1/1 3672/2/1 3671/3/1
f 3611/1/1 3612/2/1 3672/3/1
f 3612/1/1 3673/2/1 3672/3/1
f 3612/1/1 3613/2/1 3674/3/1
f 3612/1/1 3674/2/1 3673/3/1
f 3613/1/1 3614/2/1 3674/3/1
f 3614/1/1 3675/2/1 3674/3/1
f 3614/1/6383 3615/2/6383 3676/3/6383
f 3614/1/1 3676/2/1 3675/3/1
f 3615/1/6384 3616/2/6384 3676/3/6384
f 3616/1/6385 3677/2/6385 3676/3/6385
f 3616/1/6386 3617/2/6386 3678/3/6386
f 3616/1/6385 3678/2/6385 3677/3/6385
f 3617/1/6387 3618/2/6387 3678/3/6387
f 3618/1/6388 3679/2/6388 3678/3/6388
f 3618/1/6389 3619/2/6389 3680/3/6389
f 3618/1/6388 3680/2/6388 3679/3/6388
f 3619/1/6390 3620/2/6390 3680/3/6390
f 3620/1/6391 3681/2/6391 3680/3/6391
f 3620/1/6392 3621/2/6392 3682/3/6392
f 3620/1/6391 3682/2/6391 3681/3/6391
f 3621/1/6393 3622/2/6393 3682/3/6393
f 3622/1/6394 3683/2/6394 3682/3/6394
f 3622/1/6395 3623/2/6395 3684/3/6395
f 3622/1/6394 3684/2/6394 3683/3/6394
f 3623/1/6396 3624/2/6396 3684/3/6396
f 3624/1/6397 3685/2/6397 3684/3/6397
f 3624/1/6398 3625/2/6398 3686/3/6398
f 3624/1/6397 3686/2/6397 3685/3/6397
f 3625/1/6399 3626/2/6399 3686/3/6399
f 3626/1/6400 3687/2/6400 3686/3/6400
f 3626/1/6401 3627/2/6401 3688/3/6401
f 3626/1/6400 3688/2/6400 3687/3/6400
f 3627/1/6402 3628/2/6402 3688/3/6402
f 3628/1/6403 3689/2/6403 3688/3/6403
f 3628/1/6404 3629/2/6404 3690/3/6404
f 3628/1/6403 3690/2/6403 3689/3/6403
f 3629/1/6405 3630/2/6405 3690/3/6405
f 3630/1/6406 3691/2/6406 3690/3/6406
f 3630/1/6407 3631/2/6407 3692/3/6407
f 3630/1/6406 3692/2/6406 3691/3/6406
f 3631/1/6408 3632/2/6408 3692/3/6408
f 3632/1/6409 3693/2/6409 3692/3/6409
f 3632/1/6410 3633/2/6410 3694/3/6410
f 3632/1/6409 3694/2/6409 3693/3/6409
f 3633/1/6411 3634/2/6411 3694/3/6411
f 3634/1/6412 3695/2/6412 3694/3/6412
f 3634/1/6413 3635/2/6413 3696/3/6413
f 3634/1/6412 3696/2/6412 3695/3/6412
f 3635/1/6414 3636/2/6414 3696/3/6414
f 3636/1/6415 3697/2/6415 3696/3/6415
f 3636/1/6416 3637/2/6416 3698/3/6416
f 3636/1/6415 3698/2/6415 3697/3/6415
f 3637/1/6417 3638/2/6417 3698/3/6417
f 3638/1/6418 3699/2/6418 3698/3/6418
f 3638/1/6419 3639/2/6419 3700/3/6419
f 3638/1/6418 3700/2/6418 3699/3/6418
f 3639/1/6420 3640/2/6420 3700/3/6420
f 3640/1/6421 3701/2/6421 3700/3/6421
f 3640/1/6422 3641/2/6422 3702/3/6422
f 3640/1/6421 3702/2/6421 3701/3/6421
f 3641/1/6423 3642/2/6423 3702/3/6423
f 3642/1/6424 3703/2/6424 3702/3/6424
f 3642/1/6425 3643/2/6425 3704/3/6425
f 3642/1/6424 3704/2/6424 3703/3/6424
f 3643/1/6426 3644/2/6426 3704/3/6426
f 3644/1/6427 3705/2/6427 3704/3/6427
f 3644/1/6428 3645/2/6428 3706/3/6428
f 3644/1/6427 3706/2/6427 3705/3/6427
f 3645/1/6429 3646/2/6429 3706/3/6429
f 3646/1/1 3707/2/1 3706/3/1
f 3646/1/1 3647/2/1 3708/3/1
f 3646/1/1 3708/2/1 3707/3/1
f 3647/1/1 3648/2/1 3708/3/1
f 3648/1/1 3709/2/1 3708/3/1
f 3648/1/1 3649/2/1 3710/3/1
f 3648/1/1 3710/2/1 3709/3/1
f 3649/1/1 3650/2/1 3710/3/1
f 3650/1/1 3711/2/1 3710/3/1
f 3650/1/1 3651/2/1 3712/3/1
f 3650/1/1 3712/2/1 3711/3/1
f 3651/1/1 3652/2/1 3712/3/1
f 3652/1/1 3713/2/1 3712/3/1
f 3652/1/1 3653/2/1 3714/3/1
f 3652/1/1 3714/2/1 3713/3/1
f 3653/1/1 3654/2/1 3714/3/1
f 3654/1/1 3715/2/1 3714/3/1
f 3654/1/1 3655/2/1 3716/3/1
f 3654/1/1 3716/2/1 3715/3/1
f 3655/1/1 3656/2/1 3716/3/1
f 3656/1/1 3717/2/1 3716/3/1
f 3656/1/1 3657/2/1 3718/3/1
f 3656/1/1 3718/2/1 3717/3/1
f 3657/1/1 3658/2/1 3718/3/1
f 3658/1/1 3719/2/1 3718/3/1
f 3658/1/1 3659/2/1 3720/3/1
f 3658/1/1 3720/2/1 3719/3/1
f 3659/1/1 3660/2/1 3720/3/1
f 3660/1/1 3721/2/1 3720/3/1
f 1/10/6430 3723/11/6430 2/12/6430
f 2/10/6430 3724/11/6430 3/12/6430
f 3/10/6430 3725/11/6430 4/12/6430
f 4/10/6430 3726/11/6430 5/12/6430
f 5/10/6430 3727/11/6430 6/12/6430
f 6/10/6430 3728/11/6430 7/12/6430
f 7/10/6430 3729/11/6430 8/12/6430
f 8/10/6430 3730/11/6430 9/12/6430
f 9/10/6430 3731/11/6430 10/12/6430
f 10/10/6430 3732/11/6430 11/12/6430
f 11/10/6430 3733/11/6430 12/12/6430
f 12/10/6430 3734/11/6430 13/12/6430
f 13/10/6430 3735/11/6430 14/12/6430
f 14/10/6430 3736/11/6430 15/12/6430
f 15/10/6430 3737/11/6430 16/12/6430
f 16/10/6430 3738/11/6430 17/12/6430
f 17/10/6430 3739/11/6430 18/12/6430
f 18/10/6430 3740/11/6430 19/12/6430
f 19/10/6430 3741/11/6430 20/12/6430
f 20/10/6430 3742/11/6430 21/12/6430
f 21/10/6430 3743/11/6430 22/12/6430
f 22/10/6430 3744/11/6430 23/12/6430
f 23/10/6430 3745/11/6430 24/12/6430
f 24/10/6430 3746/11/6430 25/12/6430
f 25/10/6430 3747/11/6430 26/12/6430
f 26/10/6430 3748/11/6430 27/12/6430
f 27/10/6430 3749/11/6430 28/12/6430
f 28/10/6430 3750/11/6430 29/12/6430
f 29/10/6430 3751/11/6430 30/12/6430
f 30/10/6430 3752/11/6430 31/12/6430
f 31/10/6430 3753/11/6430 32/12/6430
f 32/10/6430 3754/11/6430 33/12/6430
f 33/10/6430 3755/11/6430 34/12/6430
f 34/10/6430 3756/11/6430 35/12/6430
f 35/10/6430 3757/11/6430 36/12/6430
f 36/10/6430 3758/11/6430 37/12/6430
f 37/10/6430 3759/11/6430 38/12/6430
f 38/10/6430 3760/11/6430 39/12/6430
f 39/10/6430 3761/11/6430 40/12/6430
f 40/10/6430 3762/11/6430 41/12/6430
f 41/10/6430 3763/11/6430 42/12/6430
f 42/10/6430 3764/11/6430 43/12/6430
f 43/10/6430 3765/11/6430 44/12/6430
f 44/10/6430 3766/11/6430 45/12/6430
f 45/10/6430 3767/11/6430 46/12/6430
f 46/10/6430 3768/11/6430 47/12/6430
f 47/10/6430 3769/11/6430 48/12/6430
f 48/10/6430 3770/11/6430 49/12/6430
f 49/10/6430 3771/11/6430 50/12/6430
f 50/10/6430 3772/11/6430 51/12/6430
f 51/10/6430 3773/11/6430 52/12/6430
f 52/10/6430 3774/11/6430 53/12/6430
f 53/10/6430 3775/11/6430 54/12/6430
f 54/10/6430 3776/11/6430 55/12/6430
f 55/10/6430 3777/11/6430 56/12/6430
f 56/10/6430 3778/11/6430 57/12/6430
f 57/10/6430 3779/11/6430 58/12/6430
f 58/10/6430 3780/11/6430 59/12/6430
f 59/10/6430 3781/11/6430 60/12/6430
f 60/10/6430 3782/11/6430 61/12/6430
f 61/10/6431 3783/11/6431 122/12/6431
f 122/10/6431 3784/11/6431 183/12/6431
f 183/10/6431 3785/11/6431 244/12/6431
f 244/10/6431 3786/11/6431 305/12/6431
f 305/10/6431 3787/11/6431 366/12/6431
f 366/10/6431 3788/11/6431 427/12/6431
f 427/10/6431 3789/11/6431 488/12/6431
f 488/10/6431 3790/11/6431 549/12/6431
f 549/10/6431 3791/11/6431 610/12/6431
f 610/10/6431 3792/11/6431 671/12/6431
f 671/10/6431 3793/11/6431 732/12/6431
f 732/10/6431 3794/11/6431 793/12/6431
f 793/10/6431 3795/11/6431 854/12/6431
f 854/10/6431 3796/11/6431 915/12/6431
f 915/10/6431 3797/11/6431 976/12/6431
f 976/10/6431 3798/11/6431 1037/12/6431
f 1037/10/6431 3799/11/6431 1098/12/6431
f 1098/10/6431 3800/11/6431 1159/12/6431
f 1159/10/6431 3801/11/6431 1220/12/6431
f 1220/10/6431 3802/11/6431 1281/12/6431
f 1281/10/6431 3803/11/6431 1342/12/6431
f 1342/10/6431 3804/11/6431 1403/12/6431
f 1403/10/6431 3805/11/6431 1464/12/6431
f 1464/10/6431 3806/11/6431 1525/12/6431
f 1525/10/6431 3807/11/6431 1586/12/6431
f 1586/10/6431 3808/11/6431 1647/12/6431
f 1647/10/6431 3809/11/6431 1708/12/6431
f 1708/10/6431 3810/11/6431 1769/12/6431
f 1769/10/6431 3811/11/6431 1830/12/6431
f 1830/10/6431 3812/11/6431 1891/12/6431
f 1891/10/6431 3813/11/6431 1952/12/6431
f 1952/10/6431 3814/11/6431 2013/12/6431
f 2013/10/6431 3815/11/6431 2074/12/6431
f 2074/10/6431 3816/11/6431 2135/12/6431
f 2135/10/6431 3817/11/6431 2196/12/6431
f 2196/10/6431 3818/11/6431 2257/12/6431
f 2257/10/6431 3819/11/6431 2318/12/6431
f 2318/10/6431 3820/11/6431 2379/12/6431
f 2379/10/6431 3821/11/6431 2440/12/6431
f 2440/10/6431 3822/11/6431 2501/12/6431
f 2501/10/6431 3823/11/6431 2562/12/6431
f 2562/10/6431 3824/11/6431 2623/12/6431
f 2623/10/6431 3825/11/6431 2684/12/6431
f 2684/10/6431 3826/11/6431 2745/12/6431
f 2745/10/6431 3827/11/6431 2806/12/6431
f 2806/10/6431 3828/11/6431 2867/12/6431
f 2867/10/6431 3829/11/6431 2928/12/6431
f 2928/10/6431 3830/11/6431 2989/12/6431
f 2989/10/6431 3831/11/6431 3050/12/6431
f 3050/10/6431 3832/11/6431 3111/12/6431
f 3111/10/6431 3833/11/6431 3172/12/6431
f 3172/10/6431 3834/11/6431 3233/12/6431
f 3233/10/6431 3835/11/6431 3294/12/6431
f 3294/10/6431 3836/11/6431 3355/12/6431
f 3355/10/6431 3837/11/6431 3416/12/6431
f 3416/10/6431 3838/11/6431 3477/12/6431
f 3477/10/6431 3839/11/6431 3538/12/6431
f 3538/10/6431 3840/11/6431 3599/12/6431
f 3599/10/6431 3841/11/6431 3660/12/6431
f 3660/10/6431 3842/11/6431 3721/12/6431
f 3721/10/6432 3843/11/6432 3720/12/6432
f 3720/10/6432 3844/11/6432 3719/12/6432
f 3719/10/6432 3845/11/6432 3718/12/6432
f 3718/10/6432 3846/11/6432 3717/12/6432
f 3717/10/6432 3847/11/6432 3716/12/6432
f 3716/10/6432 3848/11/6432 3715/12/6432
f 3715/10/6432 3849/11/6432 3714/12/6432
f 3714/10/6432 3850/11/6432 3713/12/6432
f 3713/10/6432 3851/11/6432 3712/12/6432
f 3712/10/6432 3852/11/6432 3711/12/6432
f 3711/10/6432 3853/11/6432 3710/12/6432
f 3710/10/6432 3854/11/6432 3709/12/6432
f 3709/10/6432 3855/11/6432 3708/12/6432
f 3708/10/6432 3856/11/6432 3707/12/6432
f 3707/10/6432 3857/11/6432 3706/12/6432
f 3706/10/6432 3858/11/6432 3705/12/6432
f 3705/10/6432 3859/11/6432 3704/12/6432
f 3704/10/6432 3860/11/6432 3703/12/6432
f 3703/10/6432 3861/11/6432 3702/12/6432
f 3702/10/6432 3862/11/6432 3701/12/6432
f 3701/10/6432 3863/11/6432 3700/12/6432
f 3700/10/6432 3864/11/6432 3699/12/6432
f 3699/10/6432 3865/11/6432 3698/12/6432
f 3698/10/6432 3866/11/6432 3697/12/6432
f 3697/10/6432 3867/11/6432 3696/12/6432
f 3696/10/6432 3868/11/6432 3695/12/6432
f 3695/10/6432 3869/11/6432 3694/12/6432
f 3694/10/6432 3870/11/6432 3693/12/6432
f 3693/10/6432 3871/11/6432 3692/12/6432
f 3692/10/6432 3872/11/6432 3691/12/6432
f 3691/10/6432 3873/11/6432 3690/12/6432
f 3690/10/6432 3874/11/6432 3689/12/6432
f 3689/10/6432 3875/11/6432 3688/12/6432
f 3688/10/6432 3876/11/6432 3687/12/6432
f 3687/10/6432 3877/11/6432 3686/12/6432
f 3686/10/6432 3878/11/6432 3685/12/6432
f 3685/10/6432 3879/11/6432 3684/12/6432
f 3684/10/6432 3880/11/6432 3683/12/6432
f 3683/10/6432 3881/11/6432 3682/12/6432
f 3682/10/6432 3882/11/6432 3681/12/6432
f 3681/10/6432 3883/11/6432 3680/12/6432
f 3680/10/6432 3884/11/6432 3679/12/6432
f 3679/10/6432 3885/11/6432 3678/12/6432
f 3678/10/6432 3886/11/6432 3677/12/6432
f 3677/10/6432 3887/11/6432 3676/12/6432
f 3676/10/6432 3888/11/6432 3675/12/6432
f 3675/10/6432 3889/11/6432 3674/12/6432
f 3674/10/6432 3890/11/6432 3673/12/6432
f 3673/10/6432 3891/11/6432 3672/12/6432
f 3672/10/6432 3892/11/6432 3671/12/6432
f 3671/10/6432 3893/11/6432 3670/12/6432
f 3670/10/6432 3894/11/6432 3669/12/6432
f 3669/10/6432 3895/11/6432 3668/12/6432
f 3668/10/6432 3896/11/6432 3667/12/6432
f 3667/10/6432 3897/11/6432 3666/12/6432
f 3666/10/6432 3898/11/6432 3665/12/6432
f 3665/10/6432 3899/11/6432 3664/12/6432
f 3664/10/6432 3900/11/6432 3663/12/6432
f 3663/10/6432 3901/11/6432 3662/12/6432
f 3662/10/6432 3902/11/6432 3661/12/6432
f 3661/10/6433 3903/11/6433 3600/12/6433
f 3600/10/6433 3904/11/6433 3539/12/6433
f 3539/10/6433 3905/11/6433 3478/12/6433
f 3478/10/6433 3906/11/6433 3417/12/6433
f 3417/10/6433 3907/11/6433 3356/12/6433
f 3356/10/6433 3908/11/6433 3295/12/6433
f 3295/10/6433 3909/11/6433 3234/12/6433
f 3234/10/6433 3910/11/6433 3173/12/6433
f 3173/10/6433 3911/11/6433 3112/12/6433
f 3112/10/6433 3912/11/6433 3051/12/6433
f 3051/10/6433 3913/11/6433 2990/12/6433
f 2990/10/6433 3914/11/6433 2929/12/6433
f 2929/10/6433 3915/11/6433 2868/12/6433
f 2868/10/6433 3916/11/6433 2807/12/6433
f 2807/10/6433 3917/11/6433 2746/12/6433
f 2746/10/6433 3918/11/6433 2685/12/6433
f 2685/10/6433 3919/11/6433 2624/12/6433
f 2624/10/6433 3920/11/6433 2563/12/6433
f 2563/10/6433 3921/11/6433 2502/12/6433
f 2502/10/6433 3922/11/6433 2441/12/6433
f 2441/10/6433 3923/11/6433 2380/12/6433
f 2380/10/6433 3924/11/6433 2319/12/6433
f 2319/10/6433 3925/11/6433 2258/12/6433
f 2258/10/6433 3926/11/6433 2197/12/6433
f 2197/10/6433 3927/11/6433 2136/12/6433
f 2136/10/6433 3928/11/6433 2075/12/6433
f 2075/10/6433 3929/11/6433 2014/12/6433
f 2014/10/6433 3930/11/6433 1953/12/6433
f 1953/10/6433 3931/11/6433 1892/12/6433
f 1892/10/6433 3932/11/6433 1831/12/6433
f 1831/10/6433 3933/11/6433 1770/12/6433
f 1770/10/6433 3934/11/6433 1709/12/6433
f 1709/10/6433 3935/11/6433 1648/12/6433
f 1648/10/6433 3936/11/6433 1587/12/6433
f 1587/10/6433 3937/11/6433 1526/12/6433
f 1526/10/6433 3938/11/6433 1465/12/6433
f 1465/10/6433 3939/11/6433 1404/12/6433
f 1404/10/6433 3940/11/6433 1343/12/6433
f 1343/10/6433 3941/11/6433 1282/12/6433
f 1282/10/6433 3942/11/6433 1221/12/6433
f 1221/10/6433 3943/11/6433 1160/12/6433
f 1160/10/6433 3944/11/6433 1099/12/6433
f 1099/10/6433 3945/11/6433 1038/12/6433
f 1038/10/6433 3946/11/6433 977/12/6433
f 977/10/6433 3947/11/6433 916/12/6433
f 916/10/6433 3948/11/6433 855/12/6433
f 855/10/6433 3949/11/6433 794/12/6433
f 794/10/6433 3950/11/6433 733/12/6433
f 733/10/6433 3951/11/6433 672/12/6433
f 672/10/6433 3952/11/6433 611/12/6433
f 611/10/6433 3953/11/6433 550/12/6433
f 550/10/6433 3954/11/6433 489/12/6433
f 489/10/6433 3955/11/6433 428/12/6433
f 428/10/6433 3956/11/6433 367/12/6433
f 367/10/6433 3957/11/6433 306/12/6433
f 306/10/6433 3958/11/6433 245/12/6433
f 245/10/6433 3959/11/6433 184/12/6433
f 184/10/6433 3960/11/6433 123/12/6433
f 123/10/6433 3961/11/6433 62/12/6433
f 62/10/6433 3722/11/6433 1/12/6433
f 3843/13/6434 3841/14/6434 3840/15/6434
f 1/10/6430 3722/11/6430 3723/12/6430
f 2/10/6430 3723/11/6430 3724/12/6430
f 3/10/6430 3724/11/6430 3725/12/6430
f 4/10/6430 3725/11/6430 3726/12/6430
f 5/10/6430 3726/11/6430 3727/12/6430
f 6/10/6430 3727/11/6430 3728/12/6430
f 7/10/6430 3728/11/6430 3729/12/6430
f 8/10/6430 3729/11/6430 3730/12/6430
f 9/10/6430 3730/11/6430 3731/12/6430
f 10/10/6430 3731/11/6430 3732/12/6430
f 11/10/6430 3732/11/6430 3733/12/6430
f 12/10/6430 3733/11/6430 3734/12/6430
f 13/10/6430 3734/11/6430 3735/12/6430
f 14/10/6430 3735/11/6430 3736/12/6430
f 15/10/6430 3736/11/6430 3737/12/6430
f 16/10/6430 3737/11/6430 3738/12/6430
f 17/10/6430 3738/11/6430 3739/12/6430
f 18/10/6430 3739/11/6430 3740/12/6430
f 19/10/6430 3740/11/6430 3741/12/6430
f 20/10/6430 3741/11/6430 3742/12/6430
f 21/10/6430 3742/11/6430 3743/12/6430
f 22/10/6430 3743/11/6430 3744/12/6430
f 23/10/6430 3744/11/6430 3745/12/6430
f 24/10/6430 3745/11/6430 3746/12/6430
f 25/10/6430 3746/11/6430 3747/12/6430
f 26/10/6430 3747/11/6430 3748/12/6430
f 27/10/6430 3748/11/6430 3749/12/6430
f 28/10/6430 3749/11/6430 3750/12/6430
f 29/10/6430 3750/11/6430 3751/12/6430
f 30/10/6430 3751/11/6430 3752/12/6430
f 31/10/6430 3752/11/6430 3753/12/6430
f 32/10/6430 3753/11/6430 3754/12/6430
f 33/10/6430 3754/11/6430 3755/12/6430
f 34/10/6430 3755/11/6430 3756/12/6430
f 35/10/6430 3756/11/6430 3757/12/6430
f 36/10/6430 3757/11/6430 3758/12/6430
f 37/10/6430 3758/11/6430 3759/12/6430
f 38/10/6430 3759/11/6430 3760/12/6430
f 39/10/6430 3760/11/6430 3761/12/6430
f 40/10/6430 3761/11/6430 3762/12/6430
f 41/10/6430 3762/11/6430 3763/12/6430
f 42/10/6430 3763/11/6430 3764/12/6430
f 43/10/6430 3764/11/6430 3765/12/6430
f 44/10/6430 3765/11/6430 3766/12/6430
f 45/10/6430 3766/11/6430 3767/12/6430
f 46/10/6430 3767/11/6430 3768/12/6430
f 47/10/6430 3768/11/6430 3769/12/6430
f 48/10/6430 3769/11/6430 3770/12/6430
f 49/10/6430 3770/11/6430 3771/12/6430
f 50/10/6430 3771/11/6430 3772/12/6430
f 51/10/6430 3772/11/6430 3773/12/6430
f 52/10/6430 3773/11/6430 3774/12/6430
f 53/10/6430 3774/11/6430 3775/12/6430
f 54/10/6430 3775/11/6430 3776/12/6430
f 55/10/6430 3776/11/6430 3777/12/6430
f 56/10/6430 3777/11/6430 3778/12/6430
f 57/10/6430 3778/11/6430 3779/12/6430
f 58/10/6430 3779/11/6430 3780/12/6430
f 59/10/6430 3780/11/6430 3781/12/6430
f 60/10/6430 3781/11/6430 3782/12/6430
f 61/10/6431 3782/11/6431 3783/12/6431
f 122/10/6431 3783/11/6431 3784/12/6431
f 183/10/6431 3784/11/6431 3785/12/6431
f 244/10/6431 3785/11/6431 3786/12/6431
f 305/10/6431 3786/11/6431 3787/12/6431
f 366/10/6431 3787/11/6431 3788/12/6431
f 427/10/6431 3788/11/6431 3789/12/6431
f 488/10/6431 3789/11/6431 3790/12/6431
f 549/10/6431 3790/11/6431 3791/12/6431
f 610/10/6431 3791/11/6431 3792/12/6431
f 671/10/6431 3792/11/6431 3793/12/6431
f 732/10/6431 3793/11/6431 3794/12/6431
f 793/10/6431 3794/11/6431 3795/12/6431
f 854/10/6431 3795/11/6431 3796/12/6431
f 915/10/6431 3796/11/6431 3797/12/6431
f 976/10/6431 3797/11/6431 3798/12/6431
f 1037/10/6431 3798/11/6431 3799/12/6431
f 1098/10/6431 3799/11/6431 3800/12/6431
f 1159/10/6431 3800/11/6431 3801/12/6431
f 1220/10/6431 3801/11/6431 3802/12/6431
f 1281/10/6431 3802/11/6431 3803/12/6431
f 1342/10/6431 3803/11/6431 3804/12/6431
f 1403/10/6431 3804/11/6431 3805/12/6431
f 1464/10/6431 3805/11/6431 3806/12/6431
f 1525/10/6431 3806/11/6431 3807/12/6431
f 1586/10/6431 3807/11/6431 3808/12/6431
f 1647/10/6431 3808/11/6431 3809/12/6431
f 1708/10/6431 3809/11/6431 3810/12/6431
f 1769/10/6431 3810/11/6431 3811/12/6431
f 1830/10/6431 3811/11/6431 3812/12/6431
f 1891/10/6431 3812/11/6431 3813/12/6431
f 1952/10/6431 3813/11/6431 3814/12/6431
f 2013/10/6431 3814/11/6431 3815/12/6431
f 2074/10/6431 3815/11/6431 3816/12/6431
f 2135/10/6431 3816/11/6431 3817/12/6431
f 2196/10/6431 3817/11/6431 3818/12/6431
f 2257/10/6431 3818/11/6431 3819/12/6431
f 2318/10/6431 3819/11/6431 3820/12/6431
f 2379/10/6431 3820/11/6431 3821/12/6431
f 2440/10/6431 3821/11/6431 3822/12/6431
f 2501/10/6431 3822/11/6431 3823/12/6431
f 2562/10/6431 3823/11/6431 3824/12/6431
f 2623/10/6431 3824/11/6431 3825/12/6431
f 2684/10/6431 3825/11/6431 3826/12/6431
f 2745/10/6431 3826/11/6431 3827/12/6431
f 2806/10/6431 3827/11/6431 3828/12/6431
f 2867/10/6431 3828/11/6431 3829/12/6431
f 2928/10/6431 3829/11/6431 3830/12/6431
f 2989/10/6431 3830/11/6431 3831/12/6431
f 3050/10/6431 3831/11/6431 3832/12/6431
f 3111/10/6431 3832/11/6431 3833/12/6431
f 3172/10/6431 3833/11/6431 3834/12/6431
f 3233/10/6431 3834/11/6431 3835/12/6431
f 3294/10/6431 3835/11/6431 3836/12/6431
f 3355/10/6431 3836/11/6431 3837/12/6431
f 3416/10/6431 3837/11/6431 3838/12/6431
f 3477/10/6431 3838/11/6431 3839/12/6431
f 3538/10/6431 3839/11/6431 3840/12/6431
f 3599/10/6431 3840/11/6431 3841/12/6431
f 3660/10/6431 3841/11/6431 3842/12/6431
f 3721/10/6432 3842/11/6432 3843/12/6432
f 3720/10/6432 3843/11/6432 3844/12/6432
f 3719/10/6432 3844/11/6432 3845/12/6432
f 3718/10/6432 3845/11/6432 3846/12/6432
f 3717/10/6432 3846/11/6432 3847/12/6432
f 3716/10/6432 3847/11/6432 3848/12/6432
f 3715/10/6432 3848/11/6432 3849/12/6432
f 3714/10/6432 3849/11/6432 3850/12/6432
f 3713/10/6432 3850/11/6432 3851/12/6432
f 3712/10/6432 3851/11/6432 3852/12/6432
f 3711/10/6432 3852/11/6432 3853/12/6432
f 3710/10/6432 3853/11/6432 3854/12/6432
f 3709/10/6432 3854/11/6432 3855/12/6432
f 3708/10/6432 3855/11/6432 3856/12/6432
f 3707/10/6432 3856/11/6432 3857/12/6432
f 3706/10/6432 3857/11/6432 3858/12/6432
f 3705/10/6432 3858/11/6432 3859/12/6432
f 3704/10/6432 3859/11/6432 3860/12/6432
f 3703/10/6432 3860/11/6432 3861/12/6432
f 3702/10/6432 3861/11/6432 3862/12/6432
f 3701/10/6432 3862/11/6432 3863/12/6432
f 3700/10/6432 3863/11/6432 3864/12/6432
f 3699/10/6432 3864/11/6432 3865/12/6432
f 3698/10/6432 3865/11/6432 3866/12/6432
f 3697/10/6432 3866/11/6432 3867/12/6432
f 3696/10/6432 3867/11/6432 3868/12/6432
f 3695/10/6432 3868/11/6432 3869/12/6432
f 3694/10/6432 3869/11/6432 3870/12/6432
f 3693/10/6432 3870/11/6432 3871/12/6432
f 3692/10/6432 3871/11/6432 3872/12/6432
f 3691/10/6432 3872/11/6432 3873/12/6432
f 3690/10/6432 3873/11/6432 3874/12/6432
f 3689/10/6432 3874/11/6432 3875/12/6432
f 3688/10/6432 3875/11/6432 3876/12/6432
f 3687/10/6432 3876/11/6432 3877/12/6432
f 3686/10/6432 3877/11/6432 3878/12/6432
f 3685/10/6432 3878/11/6432 3879/12/6432
f 3684/10/6432 3879/11/6432 3880/12/6432
f 3683/10/6432 3880/11/6432 3881/12/6432
f 3682/10/6432 3881/11/6432 3882/12/6432
f 3681/10/6432 3882/11/6432 3883/12/6432
f 3680/10/6432 3883/11/6432 3884/12/6432
f 3679/10/6432 3884/11/6432 3885/12/6432
f 3678/10/6432 3885/11/6432 3886/12/6432
f 3677/10/6432 3886/11/6432 3887/12/6432
f 3676/10/6432 3887/11/6432 3888/12/6432
f 3675/10/6432 3888/11/6432 3889/12/6432
f 3674/10/6432 3889/11/6432 3890/12/6432
f 3673/10/6432 3890/11/6432 3891/12/6432
f 3672/10/6432 3891/11/6432 3892/12/6432
f 3671/10/6432 3892/11/6432 3893/12/6432
f 3670/10/6432 3893/11/6432 3894/12/6432
f 3669/10/6432 3894/11/6432 3895/12/6432
f 3668/10/6432 3895/11/6432 3896/12/6432
f 3667/10/6432 3896/11/6432 3897/12/6432
f 3666/10/6432 3897/11/6432 3898/12/6432
f 3665/10/6432 3898/11/6432 3899/12/6432
f 3664/10/6432 3899/11/6432 3900/12/6432
f 3663/10/6432 3900/11/6432 3901/12/6432
f 3662/10/6432 3901/11/6432 3902/12/6432
f 3661/10/6433 3902/11/6433 3903/12/6433
f 3600/10/6433 3903/11/6433 3904/12/6433
f 3539/10/6433 3904/11/6433 3905/12/6433
f 3478/10/6433 3905/11/6433 3906/12/6433
f 3417/10/6433 3906/11/6433 3907/12/6433
f 3356/10/6433 3907/11/6433 3908/12/6433
f 3295/10/6433 3908/11/6433 3909/12/6433
f 3234/10/6433 3909/11/6433 3910/12/6433
f 3173/10/6433 3910/11/6433 3911/12/6433
f 3112/10/6433 3911/11/6433 3912/12/6433
f 3051/10/6433 3912/11/6433 3913/12/6433
f 2990/10/6433 3913/11/6433 3914/12/6433
f 2929/10/6433 3914/11/6433 3915/12/6433
f 2868/10/6433 3915/11/6433 3916/12/6433
f 2807/10/6433 3916/11/6433 3917/12/6433
f 2746/10/6433 3917/11/6433 3918/12/6433
f 2685/10/6433 3918/11/6433 3919/12/6433
f 2624/10/6433 3919/11/6433 3920/12/6433
f 2563/10/6433 3920/11/6433 3921/12/6433
f 2502/10/6433 3921/11/6433 3922/12/6433
f 2441/10/6433 3922/11/6433 3923/12/6433
f 2380/10/6433 3923/11/6433 3924/12/6433
f 2319/10/6433 3924/11/6433 3925/12/6433
f 2258/10/6433 3925/11/6433 3926/12/6433
f 2197/10/6433 3926/11/6433 3927/12/6433
f 2136/10/6433 3927/11/6433 3928/12/6433
f 2075/10/6433 3928/11/6433 3929/12/6433
f 2014/10/6433 3929/11/6433 3930/12/6433
f 1953/10/6433 3930/11/6433 3931/12/6433
f 1892/10/6433 3931/11/6433 3932/12/6433
f 1831/10/6433 3932/11/6433 3933/12/6433
f 1770/10/6433 3933/11/6433 3934/12/6433
f 1709/10/6433 3934/11/6433 3935/12/6433
f 1648/10/6433 3935/11/6433 3936/12/6433
f 1587/10/6433 3936/11/6433 3937/12/6433
f 1526/10/6433 3937/11/6433 3938/12/6433
f 1465/10/6433 3938/11/6433 3939/12/6433
f 1404/10/6433 3939/11/6433 3940/12/6433
f 1343/10/6433 3940/11/6433 3941/12/6433
f 1282/10/6433 3941/11/6433 3942/12/6433
f 1221/10/6433 3942/11/6433 3943/12/6433
f 1160/10/6433 3943/11/6433 3944/12/6433
f 1099/10/6433 3944/11/6433 3945/12/6433
f 1038/10/6433 3945/11/6433 3946/12/6433
f 977/10/6433 3946/11/6433 3947/12/6433
f 916/10/6433 3947/11/6433 3948/12/6433
f 855/10/6433 3948/11/6433 3949/12/6433
f 794/10/6433 3949/11/6433 3950/12/6433
f 733/10/6433 3950/11/6433 3951/12/6433
f 672/10/6433 3951/11/6433 3952/12/6433
f 611/10/6433 3952/11/6433 3953/12/6433
f 550/10/6433 3953/11/6433 3954/12/6433
f 489/10/6433 3954/11/6433 3955/12/6433
f 428/10/6433 3955/11/6433 3956/12/6433
f 367/10/6433 3956/11/6433 3957/12/6433
f 306/10/6433 3957/11/6433 3958/12/6433
f 245/10/6433 3958/11/6433 3959/12/6433
f 184/10/6433 3959/11/6433 3960/12/6433
f 123/10/6433 3960/11/6433 3961/12/6433
f 62/10/6433 3961/11/6433 3722/12/6433
f 3723/13/6434 3722/14/6434 3961/15/6434
f 3723/13/6434 3961/14/6434 3960/15/6434
f 3724/13/6434 3723/14/6434 3960/15/6434
f 3724/13/6434 3960/14/6434 3959/15/6434
f 3725/13/6434 3724/14/6434 3959/15/6434
f 3725/13/6434 3959/14/6434 3958/15/6434
f 3726/13/6434 3725/14/6434 3958/15/6434
f 3726/13/6434 3958/14/6434 3957/15/6434
f 3727/13/6434 3726/14/6434 3957/15/6434
f 3727/13/6434 3957/14/6434 3956/15/6434
f 3728/13/6434 3727/14/6434 3956/15/6434
f 3728/13/6434 3956/14/6434 3955/15/6434
f 3729/13/6434 3728/14/6434 3955/15/6434
f 3729/13/6434 3955/14/6434 3954/15/6434
f 3730/13/6434 3729/14/6434 3954/15/6434
f 3730/13/6434 3954/14/6434 3953/15/6434
f 3731/13/6434 3730/14/6434 3953/15/6434
f 3731/13/6434 3953/14/6434 3952/15/6434
f 3732/13/6434 3731/14/6434 3952/15/6434
f 3732/13/6434 3952/14/6434 3951/15/6434
f 3733/13/6434 3732/14/6434 3951/15/6434
f 3733/13/6434 3951/14/6434 3950/15/6434
f 3734/13/6434 3733/14/6434 3950/15/6434
f 3734/13/6434 3950/14/6434 3949/15/6434
f 3735/13/6434 3734/14/6434 3949/15/6434
f 3735/13/6434 3949/14/6434 3948/15/6434
f 3736/13/6434 3735/14/6434 3948/15/6434
f 3736/13/6434 3948/14/6434 3947/15/6434
f 3737/13/6434 3736/14/6434 3947/15/6434
f 3737/13/6434 3947/14/6434 3946/15/6434
f 3738/13/6434 3737/14/6434 3946/15/6434
f 3738/13/6434 3946/14/6434 3945/15/6434
f 3739/13/6434 3738/14/6434 3945/15/6434
f 3739/13/6434 3945/14/6434 3944/15/6434
f 3740/13/6434 3739/14/6434 3944/15/6434
f 3740/13/6434 3944/14/6434 3943/15/6434
f 3741/13/6434 3740/14/6434 3943/15/6434
f 3741/13/6434 3943/14/6434 3942/15/6434
f 3742/13/6434 3741/14/6434 3942/15/6434
f 3742/13/6434 3942/14/6434 3941/15/6434
f 3743/13/6434 3742/14/6434 3941/15/6434
f 3743/13/6434 3941/14/6434 3940/15/6434
f 3744/13/6434 3743/14/6434 3940/15/6434
f 3744/13/6434 3940/14/6434 3939/15/6434
f 3745/13/6434 3744/14/6434 3939/15/6434
f 3745/13/6434 3939/14/6434 3938/15/6434
f 3746/13/6434 3745/14/6434 3938/15/6434
f 3746/13/6434 3938/14/6434 3937/15/6434
f 3747/13/6434 3746/14/6434 3937/15/6434
f 3747/13/6434 3937/14/6434 3936/15/6434
f 3748/13/6434 3747/14/6434 3936/15/6434
f 3748/13/6434 3936/14/6434 3935/15/6434
f 3749/13/6434 3748/14/6434 3935/15/6434
f 3749/13/6434 3935/14/6434 3934/15/6434
f 3750/13/6434 3749/14/6434 3934/15/6434
f 3750/13/6434 3934/14/6434 3933/15/6434
f 3751/13/6434 3750/14/6434 3933/15/6434
f 3751/13/6434 3933/14/6434 3932/15/6434
f 3752/13/6434 3751/14/6434 3932/15/6434
f 3752/13/6434 3932/14/6434 3812/15/6434
f 3932/13/6434 3931/14/6434 3872/15/6434
f 3754/13/6434 3810/14/6434 3809/15/6434
f 3753/13/6434 3752/14/6434 3811/15/6434
f 3810/13/6434 3754/14/6434 3753/15/6434
f 3755/13/6434 3809/14/6434 3808/15/6434
f 3809/13/6434 3755/14/6434 3754/15/6434
f 3931/13/6434 3930/14/6434 3873/15/6434
f 3757/13/6434 3807/14/6434 3806/15/6434
f 3807/13/6434 3757/14/6434 3756/15/6434
f 3758/13/6434 3806/14/6434 3805/15/6434
f 3806/13/6434 3758/14/6434 3757/15/6434
f 3930/13/6434 3929/14/6434 3874/15/6434
f 3805/13/6434 3759/14/6434 3758/15/6434
f 3759/13/6434 3805/14/6434 3804/15/6434
f 3804/13/6434 3760/14/6434 3759/15/6434
f 3760/13/6434 3804/14/6434 3803/15/6434
f 3929/13/6434 3928/14/6434 3875/15/6434
f 3756/13/6434 3755/14/6434 3808/15/6434
f 3760/13/6434 3803/14/6434 3761/15/6434
f 3802/13/6434 3761/14/6434 3803/15/6434
f 3761/13/6434 3802/14/6434 3762/15/6434
f 3928/13/6434 3927/14/6434 3876/15/6434
f 3762/13/6434 3802/14/6434 3801/15/6434
f 3763/13/6434 3801/14/6434 3800/15/6434
f 3801/13/6434 3763/14/6434 3762/15/6434
f 3927/13/6434 3926/14/6434 3877/15/6434
f 3764/13/6434 3800/14/6434 3799/15/6434
f 3800/13/6434 3764/14/6434 3763/15/6434
f 3926/13/6434 3925/14/6434 3878/15/6434
f 3764/13/6434 3799/14/6434 3765/15/6434
f 3765/13/6434 3799/14/6434 3798/15/6434
f 3925/13/6434 3924/14/6434 3879/15/6434
f 3765/13/6434 3798/14/6434 3766/15/6434
f 3766/13/6434 3798/14/6434 3797/15/6434
f 3924/13/6434 3923/14/6434 3880/15/6434
f 3766/13/6434 3797/14/6434 3767/15/6434
f 3923/13/6434 3922/14/6434 3881/15/6434
f 3767/13/6434 3797/14/6434 3796/15/6434
f 3922/13/6434 3921/14/6434 3882/15/6434
f 3767/13/6434 3796/14/6434 3768/15/6434
f 3921/13/6434 3920/14/6434 3883/15/6434
f 3768/13/6434 3796/14/6434 3795/15/6434
f 3920/13/6434 3919/14/6434 3884/15/6434
f 3768/13/6434 3795/14/6434 3769/15/6434
f 3919/13/6434 3918/14/6434 3885/15/6434
f 3807/13/6434 3756/14/6434 3808/15/6434
f 3769/13/6434 3795/14/6434 3794/15/6434
f 3918/13/6434 3917/14/6434 3886/15/6434
f 3769/13/6434 3794/14/6434 3770/15/6434
f 3917/13/6434 3916/14/6434 3887/15/6434
f 3770/13/6434 3794/14/6434 3793/15/6434
f 3916/13/6434 3915/14/6434 3888/15/6434
f 3770/13/6434 3793/14/6434 3771/15/6434
f 3915/13/6434 3914/14/6434 3889/15/6434
f 3810/13/6434 3753/14/6434 3811/15/6434
f 3771/13/6434 3793/14/6434 3792/15/6434
f 3914/13/6434 3913/14/6434 3890/15/6434
f 3771/13/6434 3792/14/6434 3772/15/6434
f 3913/13/6434 3912/14/6434 3891/15/6434
f 3811/13/6434 3752/14/6434 3812/15/6434
f 3772/13/6434 3792/14/6434 3791/15/6434
f 3912/13/6434 3911/14/6434 3892/15/6434
f 3773/13/6434 3772/14/6434 3791/15/6434
f 3911/13/6434 3910/14/6434 3893/15/6434
f 3774/13/6434 3773/14/6434 3791/15/6434
f 3812/13/6434 3932/14/6434 3872/15/6434
f 3910/13/6434 3909/14/6434 3894/15/6434
f 3775/13/6434 3774/14/6434 3790/15/6434
f 3774/13/6434 3791/14/6434 3790/15/6434
f 3909/13/6434 3908/14/6434 3895/15/6434
f 3776/13/6434 3775/14/6434 3789/15/6434
f 3931/13/6434 3873/14/6434 3872/15/6434
f 3908/13/6434 3907/14/6434 3896/15/6434
f 3777/13/6434 3776/14/6434 3788/15/6434
f 3930/13/6434 3874/14/6434 3873/15/6434
f 3775/13/6434 3790/14/6434 3789/15/6434
f 3907/13/6434 3906/14/6434 3897/15/6434
f 3778/13/6434 3777/14/6434 3787/15/6434
f 3929/13/6434 3875/14/6434 3874/15/6434
f 3906/13/6434 3905/14/6434 3898/15/6434
f 3875/13/6434 3928/14/6434 3876/15/6434
f 3779/13/6434 3778/14/6434 3786/15/6434
f 3776/13/6434 3789/14/6434 3788/15/6434
f 3905/13/6434 3904/14/6434 3899/15/6434
f 3876/13/6434 3927/14/6434 3877/15/6434
f 3780/13/6434 3779/14/6434 3785/15/6434
f 3903/13/6434 3902/14/6434 3901/15/6434
f 3904/13/6434 3903/14/6434 3900/15/6434
f 3877/13/6434 3926/14/6434 3878/15/6434
f 3783/13/6434 3782/14/6434 3781/15/6434
f 3781/13/6434 3780/14/6434 3783/15/6434
f 3783/13/6434 3780/14/6434 3784/15/6434
f 3903/13/6434 3901/14/6434 3900/15/6434
f 3900/13/6434 3899/14/6434 3904/15/6434
f 3784/13/6434 3780/14/6434 3785/15/6434
f 3899/13/6434 3898/14/6434 3905/15/6434
f 3898/13/6434 3897/14/6434 3906/15/6434
f 3785/13/6434 3779/14/6434 3786/15/6434
f 3897/13/6434 3896/14/6434 3907/15/6434
f 3896/13/6434 3895/14/6434 3908/15/6434
f 3787/13/6434 3786/14/6434 3778/15/6434
f 3788/13/6434 3787/14/6434 3777/15/6434
f 3895/13/6434 3894/14/6434 3909/15/6434
f 3894/13/6434 3893/14/6434 3910/15/6434
f 3893/13/6434 3892/14/6434 3911/15/6434
f 3892/13/6434 3891/14/6434 3912/15/6434
f 3878/13/6434 3925/14/6434 3879/15/6434
f 3879/13/6434 3924/14/6434 3880/15/6434
f 3891/13/6434 3890/14/6434 3913/15/6434
f 3890/13/6434 3889/14/6434 3914/15/6434
f 3880/13/6434 3923/14/6434 3881/15/6434
f 3889/13/6434 3888/14/6434 3915/15/6434
f 3888/13/6434 3887/14/6434 3916/15/6434
f 3887/13/6434 3886/14/6434 3917/15/6434
f 3886/13/6434 3885/14/6434 3918/15/6434
f 3922/13/6434 3882/14/6434 3881/15/6434
f 3921/13/6434 3883/14/6434 3882/15/6434
f 3885/13/6434 3884/14/6434 3919/15/6434
f 3884/13/6434 3883/14/6434 3920/15/6434
f 3812/13/6434 3872/14/6434 3813/15/6434
f 3813/13/6434 3871/14/6434 3814/15/6434
f 3871/13/6434 3813/14/6434 3872/15/6434
f 3814/13/6434 3871/14/6434 3870/15/6434
f 3815/13/6434 3870/14/6434 3869/15/6434
f 3870/13/6434 3815/14/6434 3814/15/6434
f 3816/13/6434 3869/14/6434 3868/15/6434
f 3869/13/6434 3816/14/6434 3815/15/6434
f 3816/13/6434 3868/14/6434 3817/15/6434
f 3817/13/6434 3867/14/6434 3818/15/6434
f 3867/13/6434 3817/14/6434 3868/15/6434
f 3818/13/6434 3867/14/6434 3866/15/6434
f 3819/13/6434 3866/14/6434 3865/15/6434
f 3866/13/6434 3819/14/6434 3818/15/6434
f 3820/13/6434 3865/14/6434 3864/15/6434
f 3865/13/6434 3820/14/6434 3819/15/6434
f 3820/13/6434 3864/14/6434 3821/15/6434
f 3821/13/6434 3863/14/6434 3822/15/6434
f 3863/13/6434 3821/14/6434 3864/15/6434
f 3822/13/6434 3862/14/6434 3823/15/6434
f 3862/13/6434 3822/14/6434 3863/15/6434
f 3823/13/6434 3862/14/6434 3861/15/6434
f 3824/13/6434 3861/14/6434 3860/15/6434
f 3861/13/6434 3824/14/6434 3823/15/6434
f 3824/13/6434 3860/14/6434 3825/15/6434
f 3825/13/6434 3859/14/6434 3826/15/6434
f 3859/13/6434 3825/14/6434 3860/15/6434
f 3826/13/6434 3858/14/6434 3827/15/6434
f 3858/13/6434 3826/14/6434 3859/15/6434
f 3827/13/6434 3858/14/6434 3857/15/6434
f 3828/13/6434 3857/14/6434 3856/15/6434
f 3857/13/6434 3828/14/6434 3827/15/6434
f 3829/13/6434 3856/14/6434 3855/15/6434
f 3856/13/6434 3829/14/6434 3828/15/6434
f 3830/13/6434 3855/14/6434 3854/15/6434
f 3855/13/6434 3830/14/6434 3829/15/6434
f 3830/13/6434 3854/14/6434 3831/15/6434
f 3854/13/6434 3853/14/6434 3831/15/6434
f 3831/13/6434 3853/14/6434 3832/15/6434
f 3853/13/6434 3852/14/6434 3832/15/6434
f 3832/13/6434 3852/14/6434 3833/15/6434
f 3852/13/6434 3851/14/6434 3833/15/6434
f 3833/13/6434 3851/14/6434 3834/15/6434
f 3851/13/6434 3850/14/6434 3834/15/6434
f 3850/13/6434 3849/14/6434 3835/15/6434
f 3850/13/6434 3835/14/6434 3834/15/6434
f 3849/13/6434 3848/14/6434 3836/15/6434
f 3849/13/6434 3836/14/6434 3835/15/6434
f 3848/13/6434 3847/14/6434 3837/15/6434
f 3848/13/6434 3837/14/6434 3836/15/6434
f 3847/13/6434 3846/14/6434 3838/15/6434
f 3847/13/6434 3838/14/6434 3837/15/6434
f 3846/13/6434 3845/14/6434 3839/15/6434
f 3846/13/6434 3839/14/6434 3838/15/6434
f 3845/13/6434 3844/14/6434 3840/15/6434
f 3843/13/6434 3842/14/6434 3841/15/6434
f 3845/13/6434 3840/14/6434 3839/15/6434
f 3844/13/6434 3843/14/6434 3840/15/6434
