# Blender 5.0.1
# www.blender.org
mtllib cabin.mtl
o cabin_Structure
v -8.350000 0.000000 4.512500
v -8.350000 0.150000 4.662500
v -8.500000 0.150000 4.512500
v -8.350000 1.450000 4.662500
v -8.350000 1.600000 4.512500
v -8.500000 1.450000 4.512500
v -8.350000 0.000000 -10.187500
v -8.500000 0.150000 -10.187500
v -8.350000 0.150000 -10.337500
v -8.350000 1.600000 -10.187500
v -8.350000 1.450000 -10.337500
v -8.500000 1.450000 -10.187500
v 8.350000 0.000000 4.512500
v 8.500000 0.150000 4.512500
v 8.350000 0.150000 4.662500
v 8.350000 1.600000 4.512500
v 8.350000 1.450000 4.662500
v 8.500000 1.450000 4.512500
v 8.350000 0.000000 -10.187500
v 8.350000 0.150000 -10.337500
v 8.500000 0.150000 -10.187500
v 8.350000 1.600000 -10.187500
v 8.500000 1.450000 -10.187500
v 8.350000 1.450000 -10.337500
v -8.170198 0.098743 4.721608
v -8.144897 0.215144 4.827534
v -8.197186 0.181425 4.711609
v -8.112417 0.659083 4.785138
v -8.183434 0.799927 4.744618
v -8.215533 0.750430 4.740443
v -8.138195 0.053672 4.568115
v -8.264150 0.187419 4.619401
v -8.119891 0.175781 4.549922
v -8.156185 0.794774 4.588267
v -8.173241 0.661415 4.515788
v -8.224733 0.690360 4.619133
v -7.187984 0.136528 4.744451
v -7.072878 0.233865 4.739932
v -7.162900 0.240318 4.807847
v -7.148021 0.782853 4.745512
v -7.163091 0.674670 4.798025
v -7.107568 0.722925 4.676475
v -7.154524 0.057182 4.644732
v -7.203212 0.204316 4.475847
v -7.025144 0.160727 4.601693
v -7.116106 0.809801 4.634685
v -7.103062 0.745871 4.597057
v -7.154191 0.729698 4.512058
v -6.809313 0.135237 4.723554
v -6.804776 0.278411 4.818586
v -6.959192 0.233433 4.745308
v -6.865268 0.690950 4.827003
v -6.818377 0.763403 4.754406
v -6.897778 0.698757 4.717430
v -6.881387 0.124576 4.642544
v -6.908520 0.267626 4.595434
v -6.792653 0.240791 4.505116
v -6.805457 0.772572 4.597960
v -6.863454 0.647342 4.468728
v -6.921621 0.672255 4.659148
v -5.351063 0.140612 4.709781
v -5.269073 0.217430 4.756928
v -5.392540 0.209144 4.824315
v -5.392336 0.765400 4.746458
v -5.428597 0.669708 4.847012
v -5.253907 0.700330 4.706148
v -5.441523 0.160753 4.586817
v -5.366619 0.228464 4.501141
v -5.340988 0.244347 4.576244
v -5.380239 0.736263 4.607461
v -5.263805 0.686301 4.571092
v -5.426401 0.628980 4.536564
v -5.101366 0.165598 4.757335
v -5.038231 0.246357 4.837425
v -5.217303 0.226831 4.715515
v -5.034806 0.678719 4.801730
v -5.110904 0.743557 4.706141
v -5.200776 0.670206 4.707760
v -5.030506 0.180031 4.633706
v -5.151082 0.226874 4.641985
v -5.037328 0.285246 4.481020
v -5.066498 0.777304 4.598711
v -5.032155 0.611086 4.553151
v -5.156610 0.648326 4.608385
v -3.707578 0.180839 4.753400
v -3.609354 0.288189 4.724501
v -3.665118 0.291059 4.774650
v -3.702684 0.741288 4.715434
v -3.672569 0.636029 4.783607
v -3.533471 0.582346 4.667121
v -3.683259 0.204137 4.648955
v -3.626989 0.262387 4.526462
v -3.611076 0.290224 4.624090
v -3.666354 0.751234 4.610054
v -3.573695 0.608327 4.601799
v -3.638667 0.599536 4.537057
v -3.367153 0.140223 4.704704
v -3.317144 0.246913 4.815778
v -3.408258 0.299622 4.683259
v -3.331352 0.625332 4.843954
v -3.373991 0.687258 4.683187
v -3.418879 0.616953 4.745822
v -3.335066 0.164900 4.595008
v -3.442312 0.273691 4.603611
v -3.387103 0.215711 4.532313
v -3.341253 0.710555 4.633049
v -3.370488 0.599163 4.468374
v -3.407739 0.606719 4.572183
v -2.431127 0.178248 4.742924
v -2.401903 0.263041 4.730659
v -2.476465 0.278315 4.779937
v -2.510755 0.695468 4.706687
v -2.496609 0.617867 4.823532
v -2.358493 0.664271 4.664185
v -2.459563 0.130532 4.578554
v -2.442518 0.307857 4.465338
v -2.363066 0.252032 4.603223
v -2.470153 0.699641 4.563570
v -2.328505 0.641909 4.640023
v -2.459254 0.634472 4.557896
v -2.174391 0.187140 4.747199
v -2.165825 0.286508 4.814519
v -2.216693 0.302665 4.735681
v -2.160929 0.601387 4.831028
v -2.139423 0.757702 4.757918
v -2.275738 0.662727 4.689360
v -2.126099 0.156780 4.591271
v -2.214351 0.253541 4.651192
v -2.162916 0.271132 4.557678
v -2.107330 0.751366 4.568009
v -2.167060 0.599435 4.557762
v -2.291585 0.679380 4.609507
v -0.333779 0.118270 4.760211
v -0.267035 0.211795 4.748265
v -0.328407 0.268088 4.769607
v -0.368928 0.742536 4.741664
v -0.310598 0.605414 4.785454
v -0.230067 0.639220 4.742010
v -0.337725 0.126156 4.612744
v -0.378762 0.292843 4.479517
v -0.293708 0.253601 4.577505
v -0.370017 0.725986 4.660887
v -0.263065 0.652588 4.565123
v -0.342262 0.637230 4.513015
v -0.032131 0.070278 4.735883
v -0.057636 0.203570 4.815183
v -0.173366 0.174181 4.730762
v -0.073360 0.775991 4.847168
v 0.016088 0.812361 4.730566
v -0.084647 0.753842 4.729608
v -0.021135 0.098076 4.599001
v -0.085639 0.189027 4.593185
v -0.002502 0.149566 4.498188
v -0.059162 0.886465 4.635882
v -0.011878 0.784545 4.551920
v -0.154776 0.739463 4.593254
v 1.498002 0.064444 4.741574
v 1.612212 0.176135 4.700056
v 1.552979 0.169083 4.777182
v 1.567676 0.882219 4.712889
v 1.552533 0.705975 4.780744
v 1.628079 0.702780 4.710841
v 1.507809 0.007211 4.610827
v 1.471937 0.147631 4.503799
v 1.668870 0.189417 4.577474
v 1.551317 0.866046 4.640081
v 1.580827 0.731071 4.648814
v 1.495610 0.745251 4.559150
v 1.798342 0.156295 4.669688
v 1.858916 0.316218 4.799298
v 1.733762 0.231164 4.746038
v 1.795307 0.597764 4.788527
v 1.873571 0.681251 4.665821
v 1.761846 0.617957 4.665692
v 1.867688 0.186597 4.600298
v 1.709289 0.262927 4.565296
v 1.832867 0.272421 4.485589
v 1.874044 0.707971 4.643357
v 1.819492 0.665215 4.506220
v 1.785165 0.650361 4.609684
v 3.825486 0.164054 4.673195
v 3.914064 0.251917 4.728653
v 3.843026 0.310025 4.829695
v 3.762970 0.742478 4.700662
v 3.820554 0.627215 4.821788
v 3.865888 0.592065 4.762182
v 3.831253 0.130024 4.609355
v 3.762783 0.243340 4.518340
v 3.924085 0.232648 4.634344
v 3.850482 0.714613 4.585466
v 3.893426 0.647258 4.600624
v 3.825936 0.680609 4.533499
v 4.152160 0.141386 4.697408
v 4.176823 0.212268 4.855988
v 4.032883 0.249815 4.667867
v 4.180323 0.654603 4.800136
v 4.129757 0.781189 4.689919
v 4.019355 0.677791 4.692934
v 4.144076 0.102772 4.618066
v 4.016923 0.163330 4.606097
v 4.158171 0.255293 4.485272
v 4.116692 0.832766 4.593405
v 4.150973 0.695211 4.478074
v 4.058012 0.678696 4.637948
v 5.454736 0.135116 4.755924
v 5.543653 0.186058 4.716190
v 5.456323 0.172722 4.767346
v 5.428843 0.756579 4.730810
v 5.404032 0.698593 4.840744
v 5.549276 0.675250 4.716239
v 5.404029 0.123421 4.601644
v 5.422319 0.235737 4.494172
v 5.547193 0.193514 4.633529
v 5.463814 0.776202 4.603289
v 5.540308 0.738006 4.652468
v 5.482730 0.721392 4.561996
v 5.753448 0.105176 4.665147
v 5.794656 0.223716 4.834128
v 5.658465 0.297556 4.703594
v 5.732395 0.661803 4.839066
v 5.786991 0.744137 4.667899
v 5.695231 0.657817 4.760580
v 5.776420 0.181965 4.603259
v 5.684469 0.215287 4.619008
v 5.751460 0.240363 4.507898
v 5.792970 0.751508 4.590064
v 5.724658 0.602680 4.523521
v 5.631495 0.624800 4.611809
v 7.531482 0.173981 4.694427
v 7.630799 0.256521 4.752808
v 7.534575 0.298772 4.763431
v 7.562023 0.727143 4.727529
v 7.549353 0.614572 4.793232
v 7.665964 0.664455 4.667902
v 7.520892 0.110481 4.564301
v 7.516324 0.258717 4.547241
v 7.663912 0.211714 4.660426
v 7.560484 0.724207 4.633906
v 7.618687 0.650616 4.610008
v 7.524354 0.661000 4.497983
v -8.317873 0.103938 -10.303864
v -8.361979 0.162532 -10.174141
v -8.408401 0.246108 -10.274430
v -8.315640 0.680338 -10.210871
v -8.315201 0.782729 -10.325403
v -8.385139 0.678100 -10.332903
v -8.300212 0.149077 -10.354174
v -8.395324 0.219803 -10.339294
v -8.350313 0.209636 -10.517097
v -8.317764 0.772188 -10.367595
v -8.304676 0.676578 -10.442247
v -8.420974 0.653677 -10.424337
v -6.708374 0.143739 -10.272087
v -6.607561 0.245358 -10.315336
v -6.660533 0.249932 -10.166092
v -6.672785 0.834155 -10.250618
v -6.695739 0.688155 -10.146834
v -6.546696 0.664329 -10.326910
v -6.679293 0.087286 -10.436520
v -6.713915 0.209615 -10.527818
v -6.547278 0.164547 -10.411604
v -6.668124 0.810339 -10.343797
v -6.521462 0.702285 -10.373540
v -6.662363 0.682078 -10.525269
v -6.347727 0.167956 -10.296730
v -6.337996 0.259179 -10.222355
v -6.426859 0.195031 -10.321413
v -6.324748 0.702657 -10.220791
v -6.384561 0.748662 -10.279909
v -6.491024 0.664828 -10.265854
v -6.332267 0.109214 -10.427750
v -6.421509 0.235821 -10.409585
v -6.331221 0.206508 -10.476130
v -6.368704 0.739467 -10.423728
v -6.392896 0.721817 -10.486311
v -6.424104 0.691402 -10.415820
v -4.762501 0.107887 -10.336709
v -4.590045 0.204278 -10.336754
v -4.742352 0.243182 -10.216190
v -4.698905 0.760220 -10.241673
v -4.702707 0.702482 -10.221540
v -4.645349 0.647477 -10.319805
v -4.715741 0.072702 -10.397046
v -4.685038 0.261970 -10.458441
v -4.639471 0.255687 -10.337732
v -4.703932 0.767278 -10.355494
v -4.676033 0.678823 -10.384606
v -4.682192 0.701701 -10.445171
v -4.423563 0.134552 -10.262596
v -4.439308 0.239152 -10.209312
v -4.528597 0.226348 -10.285906
v -4.443715 0.638093 -10.139567
v -4.374825 0.795314 -10.322209
v -4.488760 0.665870 -10.249498
v -4.407988 0.107204 -10.340699
v -4.521235 0.239457 -10.401362
v -4.436029 0.222615 -10.461062
v -4.416608 0.826183 -10.435621
v -4.442828 0.691096 -10.472692
v -4.484114 0.727312 -10.385296
v -2.953959 0.147332 -10.307108
v -2.769526 0.213454 -10.275753
v -2.877941 0.215566 -10.193095
v -2.858755 0.822754 -10.254787
v -2.887826 0.641104 -10.233530
v -2.813751 0.709924 -10.250872
v -2.902288 0.087564 -10.398799
v -2.908041 0.240596 -10.452185
v -2.770638 0.266780 -10.406446
v -2.881112 0.764284 -10.432188
v -2.777622 0.662111 -10.338031
v -2.928165 0.686264 -10.438009
v -2.588753 0.046495 -10.323176
v -2.600526 0.202605 -10.142416
v -2.719450 0.219491 -10.268396
v -2.632907 0.692505 -10.152854
v -2.557210 0.824990 -10.285044
v -2.648277 0.706959 -10.260483
v -2.621692 0.039611 -10.415659
v -2.662678 0.195040 -10.372417
v -2.619726 0.169344 -10.530676
v -2.592901 0.822004 -10.431342
v -2.606224 0.753442 -10.460512
v -2.666612 0.717824 -10.400362
v -0.792938 0.074539 -10.250252
v -0.703847 0.199681 -10.303186
v -0.819400 0.193556 -10.184748
v -0.842193 0.789614 -10.332310
v -0.859472 0.678202 -10.168953
v -0.723574 0.669215 -10.295324
v -0.859970 0.064579 -10.425848
v -0.818096 0.153728 -10.478806
v -0.687967 0.162528 -10.400837
v -0.827196 0.841621 -10.367235
v -0.782954 0.725580 -10.381002
v -0.811562 0.667487 -10.447861
v -0.522734 0.138400 -10.253250
v -0.508635 0.246232 -10.211143
v -0.598728 0.248842 -10.307885
v -0.542830 0.704006 -10.154331
v -0.529297 0.814209 -10.279882
v -0.604750 0.691544 -10.297531
v -0.491553 0.155810 -10.350910
v -0.600616 0.225305 -10.422831
v -0.488460 0.245459 -10.520741
v -0.468625 0.768126 -10.367901
v -0.481902 0.666325 -10.483331
v -0.582202 0.681548 -10.375240
v 1.000412 0.073788 -10.301717
v 1.080334 0.213041 -10.264374
v 0.944079 0.209994 -10.184534
v 0.990388 0.836724 -10.244539
v 0.931394 0.679186 -10.208391
v 1.073380 0.703879 -10.274807
v 0.934676 0.108186 -10.339146
v 0.944419 0.177990 -10.502024
v 1.122759 0.161980 -10.435200
v 1.012826 0.786316 -10.369593
v 1.101399 0.713205 -10.346505
v 1.018942 0.679204 -10.479958
v 1.295689 0.144172 -10.256365
v 1.307722 0.242923 -10.196466
v 1.153319 0.171195 -10.316786
v 1.269313 0.725069 -10.169613
v 1.338329 0.782799 -10.308125
v 1.157041 0.672874 -10.266144
v 1.294420 0.060440 -10.388381
v 1.165074 0.218982 -10.425367
v 1.253687 0.193780 -10.524211
v 1.282617 0.819982 -10.418013
v 1.287828 0.705539 -10.475883
v 1.227628 0.659906 -10.408319
v 2.585776 0.077800 -10.273294
v 2.760656 0.162786 -10.298273
v 2.624928 0.196922 -10.195169
v 2.608631 0.779228 -10.306467
v 2.682220 0.701332 -10.175392
v 2.763162 0.741231 -10.272674
v 2.638082 0.072621 -10.391697
v 2.615805 0.230799 -10.490221
v 2.698206 0.241226 -10.422162
v 2.590846 0.774783 -10.401907
v 2.692716 0.675879 -10.435158
v 2.624234 0.711994 -10.507919
v 2.960885 0.193742 -10.291439
v 3.001099 0.246022 -10.215023
v 2.856312 0.262302 -10.318522
v 2.930307 0.692186 -10.156714
v 2.909015 0.748346 -10.239857
v 2.820626 0.659082 -10.261263
v 2.979785 0.200727 -10.389875
v 2.861833 0.276522 -10.371393
v 2.923626 0.268100 -10.488562
v 2.914561 0.779858 -10.380497
v 2.960809 0.624309 -10.529470
v 2.866399 0.600751 -10.381945
v 4.379162 0.107545 -10.286228
v 4.431363 0.293870 -10.290254
v 4.339694 0.252992 -10.170520
v 4.355303 0.741517 -10.323241
v 4.375899 0.638454 -10.157698
v 4.488012 0.659776 -10.268017
v 4.376837 0.163622 -10.343630
v 4.384399 0.206592 -10.460831
v 4.430151 0.243911 -10.344028
v 4.376731 0.696919 -10.376493
v 4.466801 0.628963 -10.363329
v 4.339398 0.640684 -10.482323
v 4.704027 0.123497 -10.262859
v 4.682633 0.268175 -10.232430
v 4.630236 0.218390 -10.266722
v 4.657057 0.643752 -10.181068
v 4.655285 0.773880 -10.333393
v 4.626441 0.707601 -10.307927
v 4.719844 0.080403 -10.356078
v 4.624535 0.185528 -10.418556
v 4.671659 0.214795 -10.502171
v 4.669998 0.773334 -10.391985
v 4.729257 0.688361 -10.447938
v 4.561127 0.637001 -10.344475
v 6.613217 0.148381 -10.316746
v 6.683279 0.235085 -10.332178
v 6.649924 0.228074 -10.209514
v 6.641391 0.789064 -10.294529
v 6.587074 0.680137 -10.158684
v 6.704120 0.714714 -10.239910
v 6.606310 0.152654 -10.340036
v 6.576881 0.234290 -10.467518
v 6.709222 0.244079 -10.377023
v 6.606333 0.762709 -10.386909
v 6.723077 0.656137 -10.413898
v 6.628792 0.702733 -10.481480
v 6.964257 0.044680 -10.314333
v 6.901299 0.135273 -10.222202
v 6.875711 0.226278 -10.330288
v 6.878030 0.743096 -10.181515
v 6.912974 0.830424 -10.239296
v 6.786510 0.744047 -10.283605
v 6.923554 0.099964 -10.355308
v 6.822673 0.219799 -10.394230
v 6.967631 0.181961 -10.497365
v 6.942950 0.870476 -10.420462
v 6.955011 0.679972 -10.473712
v 6.837859 0.692278 -10.385639
v 8.428806 0.035342 -10.331936
v 8.499626 0.173316 -10.303562
v 8.369223 0.171777 -10.188820
v 8.365604 0.775513 -10.292311
v 8.348542 0.754785 -10.138908
v 8.530422 0.684195 -10.327059
v 8.406758 0.075943 -10.340184
v 8.393559 0.211942 -10.510888
v 8.532947 0.168730 -10.408379
v 8.434140 0.851726 -10.380028
v 8.530291 0.718010 -10.362133
v 8.408791 0.750292 -10.532146
v -8.509023 0.098456 4.026856
v -8.586364 0.167977 4.056758
v -8.632607 0.223975 3.996461
v -8.558948 0.687477 4.118255
v -8.592745 0.775070 4.024287
v -8.621918 0.657123 4.011680
v -8.596830 0.150985 2.508422
v -8.697457 0.229426 2.497945
v -8.587897 0.240903 2.362677
v -8.517357 0.840587 2.529637
v -8.577106 0.727180 2.363047
v -8.647689 0.724739 2.467824
v -8.419892 0.148798 4.025316
v -8.337809 0.164691 4.020596
v -8.416035 0.239733 4.057763
v -8.434111 0.786909 3.983390
v -8.484931 0.724786 4.063524
v -8.345385 0.662684 3.968955
v -8.489924 0.142360 2.515771
v -8.464268 0.170722 2.433873
v -8.388335 0.249905 2.453288
v -8.494200 0.769220 2.476309
v -8.314656 0.722433 2.517093
v -8.494632 0.690083 2.385759
v -8.560990 0.054832 2.194603
v -8.559694 0.199260 2.316627
v -8.655911 0.174389 2.186376
v -8.531883 0.697038 2.270830
v -8.522875 0.811696 2.124543
v -8.696935 0.745513 2.203686
v -8.546074 0.039764 0.411271
v -8.659668 0.116499 0.320926
v -8.591626 0.151650 0.248577
v -8.592258 0.828382 0.394624
v -8.512632 0.766362 0.278121
v -8.644394 0.698859 0.349518
v -8.491444 0.047730 2.207831
v -8.395249 0.174298 2.185292
v -8.483392 0.203831 2.303496
v -8.429857 0.884607 2.162763
v -8.449541 0.772401 2.290029
v -8.393445 0.762752 2.153845
v -8.460233 0.050172 0.374007
v -8.428706 0.146826 0.292399
v -8.309532 0.113262 0.375973
v -8.409108 0.849144 0.400189
v -8.384212 0.704056 0.403935
v -8.473375 0.775159 0.216816
v -8.536540 0.146946 0.092349
v -8.522030 0.281620 0.113518
v -8.616401 0.223391 0.029269
v -8.539940 0.632188 0.143533
v -8.555152 0.728724 0.044669
v -8.601107 0.613637 0.068037
v -8.501281 0.200839 -1.576451
v -8.652636 0.304256 -1.568711
v -8.527638 0.254220 -1.666628
v -8.582518 0.694970 -1.587392
v -8.579629 0.591855 -1.648802
v -8.641727 0.640254 -1.588987
v -8.436083 0.191211 0.034432
v -8.319541 0.314573 0.016774
v -8.485078 0.294127 0.117939
v -8.459374 0.747758 0.033154
v -8.451401 0.608253 0.142266
v -8.373550 0.612959 0.071929
v -8.406374 0.179959 -1.576815
v -8.486484 0.244803 -1.654820
v -8.318119 0.256988 -1.539332
v -8.409527 0.755549 -1.587389
v -8.372515 0.602121 -1.571610
v -8.403138 0.639200 -1.614941
v -8.534156 0.137556 -1.895311
v -8.517148 0.205761 -1.760949
v -8.651909 0.166461 -1.895585
v -8.520794 0.754897 -1.747858
v -8.514208 0.786419 -1.889237
v -8.657096 0.745344 -1.839159
v -8.514774 0.070551 -3.412943
v -8.627515 0.233622 -3.347906
v -8.593567 0.238133 -3.435571
v -8.572999 0.821091 -3.400891
v -8.546611 0.678360 -3.466528
v -8.616263 0.723742 -3.346971
v -8.498620 0.060948 -1.870513
v -8.386312 0.185193 -1.837557
v -8.407220 0.188924 -1.731031
v -8.440073 0.839937 -1.918125
v -8.455506 0.754211 -1.821811
v -8.394006 0.754272 -1.862985
v -8.415914 0.096986 -3.356025
v -8.430299 0.175901 -3.479158
v -8.364610 0.152030 -3.406889
v -8.486821 0.787492 -3.406218
v -8.355083 0.709743 -3.369674
v -8.427820 0.677913 -3.421857
v -8.507513 0.103363 -3.730320
v -8.591645 0.156495 -3.594662
v -8.646991 0.133320 -3.648490
v -8.555543 0.731383 -3.557564
v -8.597524 0.856881 -3.644037
v -8.657875 0.759301 -3.686723
v -8.564100 0.092430 -5.301168
v -8.641088 0.176219 -5.361204
v -8.502927 0.190099 -5.431692
v -8.563131 0.851933 -5.352618
v -8.568561 0.733287 -5.403987
v -8.628208 0.730625 -5.354474
v -8.435762 0.031974 -3.653663
v -8.367659 0.133681 -3.717047
v -8.488570 0.118013 -3.545320
v -8.472444 0.867946 -3.692742
v -8.466920 0.714728 -3.572425
v -8.369521 0.740779 -3.713218
v -8.474158 0.092501 -5.306126
v -8.429286 0.137923 -5.478270
v -8.345452 0.173389 -5.387287
v -8.405454 0.883381 -5.312139
v -8.394408 0.688216 -5.337035
v -8.419044 0.783254 -5.464134
v -8.585039 0.108617 -5.699844
v -8.529835 0.260068 -5.544802
v -8.635544 0.276481 -5.621462
v -8.515705 0.672994 -5.555855
v -8.527815 0.803590 -5.690054
v -8.603196 0.644359 -5.708687
v -8.598008 0.101869 -7.572232
v -8.623687 0.278268 -7.621307
v -8.514297 0.279696 -7.721892
v -8.525805 0.799038 -7.582397
v -8.517770 0.644094 -7.675382
v -8.681479 0.692488 -7.551409
v -8.400274 0.138664 -5.695836
v -8.309114 0.217851 -5.655664
v -8.499215 0.248325 -5.532482
v -8.458112 0.720463 -5.712257
v -8.413047 0.681863 -5.596704
v -8.338021 0.626313 -5.679377
v -8.460706 0.131135 -7.640341
v -8.488764 0.188788 -7.688959
v -8.332374 0.278630 -7.578105
v -8.406828 0.733483 -7.599684
v -8.350140 0.631312 -7.622119
v -8.473832 0.700075 -7.682446
v -8.554081 0.115536 -7.891315
v -8.562545 0.151751 -7.774403
v -8.641421 0.220859 -7.946502
v -8.522107 0.707316 -7.787967
v -8.594605 0.828802 -7.909777
v -8.646964 0.705731 -7.946499
v -8.546538 0.084444 -8.774317
v -8.629969 0.140808 -8.737660
v -8.593147 0.199988 -8.847845
v -8.508992 0.823169 -8.755060
v -8.590546 0.745473 -8.836010
v -8.696018 0.760258 -8.811422
v -8.450271 0.034312 -7.897443
v -8.321505 0.144679 -7.935185
v -8.449794 0.192008 -7.765960
v -8.439075 0.836418 -7.900001
v -8.437415 0.696796 -7.859731
v -8.337939 0.762238 -7.928059
v -8.472237 0.061791 -8.757236
v -8.448329 0.228134 -8.852487
v -8.337301 0.182762 -8.772282
v -8.448820 0.835386 -8.800879
v -8.322822 0.729812 -8.775850
v -8.443473 0.713350 -8.843845
v -8.585528 0.126641 -9.103926
v -8.503115 0.255148 -9.036135
v -8.631995 0.267444 -9.070595
v -8.556652 0.633816 -9.013212
v -8.569283 0.736296 -9.139114
v -8.691467 0.658805 -9.087501
v -8.550879 0.094294 -10.200541
v -8.699827 0.206468 -10.187795
v -8.546124 0.247677 -10.308098
v -8.555881 0.788507 -10.190500
v -8.509337 0.626530 -10.318273
v -8.670103 0.720231 -10.248447
v -8.470151 0.076649 -9.076229
v -8.387641 0.274355 -9.062147
v -8.405351 0.178800 -8.988653
v -8.408405 0.814264 -9.117006
v -8.469905 0.704304 -9.040977
v -8.332821 0.694037 -9.121912
v -8.453935 0.086099 -10.247442
v -8.459262 0.224502 -10.289082
v -8.315993 0.217559 -10.159584
v -8.455405 0.785088 -10.189774
v -8.330198 0.674384 -10.214695
v -8.463352 0.705369 -10.350960
v 8.450807 0.160711 4.447111
v 8.486524 0.197912 4.481874
v 8.344029 0.229443 4.421652
v 8.428028 0.678840 4.531005
v 8.400125 0.760174 4.396746
v 8.344207 0.620417 4.420514
v 8.421525 0.107090 3.178786
v 8.363889 0.240847 3.174580
v 8.465343 0.234535 3.045523
v 8.418736 0.749775 3.139929
v 8.416799 0.654972 3.056907
v 8.355949 0.638556 3.115625
v 8.525141 0.118337 4.443567
v 8.610712 0.267217 4.408319
v 8.528207 0.256734 4.564940
v 8.511363 0.742309 4.472713
v 8.513502 0.641651 4.551513
v 8.677773 0.645742 4.474275
v 8.592482 0.134893 3.150310
v 8.551608 0.192106 3.047406
v 8.646700 0.269451 3.136767
v 8.510487 0.715903 3.132061
v 8.603567 0.697652 3.175034
v 8.520407 0.653635 3.042607
v 8.403452 0.146067 2.824421
v 8.402179 0.255115 2.893754
v 8.300313 0.240012 2.846899
v 8.444577 0.709869 2.895122
v 8.402755 0.789191 2.854197
v 8.345943 0.734398 2.850076
v 8.438340 0.085584 1.543241
v 8.310928 0.252507 1.487025
v 8.487098 0.206625 1.363798
v 8.402547 0.774176 1.528325
v 8.428780 0.654900 1.405805
v 8.363115 0.650512 1.480556
v 8.588964 0.064167 2.845429
v 8.652739 0.172592 2.786802
v 8.594602 0.230187 2.955694
v 8.506715 0.842102 2.869751
v 8.540977 0.693863 2.916781
v 8.683882 0.719807 2.790619
v 8.550803 0.062081 1.529591
v 8.596252 0.216983 1.441414
v 8.605560 0.233064 1.508606
v 8.595562 0.790858 1.535507
v 8.626328 0.648666 1.477535
v 8.542463 0.727759 1.445536
v 8.420314 0.114997 1.148591
v 8.483093 0.177972 1.296435
v 8.345163 0.220069 1.162098
v 8.465123 0.627389 1.282535
v 8.476393 0.803193 1.196136
v 8.306172 0.676608 1.202067
v 8.471416 0.137099 -0.425327
v 8.326304 0.253143 -0.407989
v 8.435261 0.188117 -0.552703
v 8.456022 0.726316 -0.426766
v 8.451535 0.705144 -0.554997
v 8.305491 0.678016 -0.410838
v 8.539208 0.097631 1.230282
v 8.650831 0.243985 1.143776
v 8.573646 0.259426 1.265257
v 8.536937 0.746547 1.141779
v 8.509794 0.663150 1.272178
v 8.694538 0.702382 1.188717
v 8.569238 0.173412 -0.462301
v 8.522964 0.269417 -0.552958
v 8.648926 0.266165 -0.385783
v 8.546481 0.732622 -0.405408
v 8.693599 0.705350 -0.398860
v 8.535118 0.704347 -0.503716
v 8.447457 0.172729 -0.764207
v 8.414260 0.243563 -0.599546
v 8.327405 0.275147 -0.779495
v 8.460146 0.660044 -0.654279
v 8.414530 0.710139 -0.742465
v 8.390597 0.675794 -0.704342
v 8.407461 0.139788 -1.666736
v 8.340462 0.207948 -1.682282
v 8.406078 0.256980 -1.789545
v 8.409098 0.788584 -1.696755
v 8.411253 0.607419 -1.740362
v 8.331254 0.610265 -1.660187
v 8.569683 0.123209 -0.703595
v 8.681570 0.247972 -0.738512
v 8.559597 0.244546 -0.646137
v 8.503050 0.790658 -0.771093
v 8.597631 0.629547 -0.664819
v 8.636312 0.661290 -0.767471
v 8.511383 0.142420 -1.621539
v 8.551135 0.256089 -1.779052
v 8.602815 0.249103 -1.680298
v 8.551900 0.736637 -1.620258
v 8.638824 0.604174 -1.675233
v 8.554997 0.663502 -1.715846
v 8.493493 0.100663 -1.946168
v 8.473591 0.202345 -1.865105
v 8.362629 0.213433 -1.920954
v 8.475284 0.696362 -1.836265
v 8.448519 0.843367 -1.998334
v 8.375878 0.729391 -1.929935
v 8.436215 0.147703 -3.312696
v 8.336831 0.199499 -3.317434
v 8.497697 0.166319 -3.441733
v 8.451860 0.804760 -3.348878
v 8.429075 0.718689 -3.402809
v 8.369486 0.652952 -3.346545
v 8.594693 0.112465 -1.953078
v 8.673529 0.243560 -1.965575
v 8.590751 0.153078 -1.844952
v 8.532156 0.840572 -1.981468
v 8.585238 0.685546 -1.839257
v 8.600778 0.696448 -1.981296
v 8.583444 0.063526 -3.302692
v 8.570483 0.198284 -3.405370
v 8.625998 0.159817 -3.372122
v 8.526756 0.827239 -3.345903
v 8.697846 0.662336 -3.345892
v 8.536787 0.738485 -3.411249
v 8.418920 0.094008 -3.623209
v 8.457347 0.203582 -3.547596
v 8.359066 0.260239 -3.685440
v 8.431901 0.694187 -3.581492
v 8.495174 0.809804 -3.697721
v 8.374367 0.677803 -3.625074
v 8.491777 0.155963 -4.484151
v 8.329292 0.235524 -4.486301
v 8.424643 0.262652 -4.531973
v 8.416403 0.761375 -4.485995
v 8.493778 0.703225 -4.609926
v 8.394835 0.631225 -4.522124
v 8.516548 0.098853 -3.636254
v 8.646262 0.205188 -3.645324
v 8.528597 0.175414 -3.564255
v 8.579111 0.769656 -3.710232
v 8.588023 0.674902 -3.617353
v 8.694221 0.674333 -3.707709
v 8.544015 0.105302 -4.520391
v 8.583364 0.266408 -4.600675
v 8.612166 0.238974 -4.479695
v 8.589801 0.804472 -4.510181
v 8.687947 0.636722 -4.501220
v 8.526871 0.645335 -4.579423
v 8.425247 0.008358 -4.785230
v 8.487572 0.136237 -4.700261
v 8.326485 0.194530 -4.830891
v 8.418316 0.705020 -4.662042
v 8.440826 0.837939 -4.779115
v 8.305151 0.773219 -4.780965
v 8.455955 0.060398 -6.227344
v 8.371836 0.175595 -6.268090
v 8.425214 0.150297 -6.408102
v 8.454763 0.854781 -6.245480
v 8.473088 0.719093 -6.409128
v 8.389984 0.737200 -6.309248
v 8.572202 0.087241 -4.776150
v 8.628346 0.118653 -4.842813
v 8.536812 0.152155 -4.647366
v 8.525425 0.858667 -4.774763
v 8.536237 0.719709 -4.648717
v 8.662053 0.726729 -4.751812
v 8.542353 0.022616 -6.308637
v 8.568577 0.136187 -6.360770
v 8.646839 0.164799 -6.266973
v 8.513321 0.830572 -6.282741
v 8.677514 0.786875 -6.265815
v 8.598019 0.712799 -6.423672
v 8.465826 0.109462 -6.554882
v 8.454223 0.202308 -6.481131
v 8.368136 0.134551 -6.595085
v 8.457752 0.763559 -6.523680
v 8.491436 0.818520 -6.595540
v 8.321560 0.713345 -6.566048
v 8.420734 0.102842 -8.453258
v 8.356902 0.194682 -8.506536
v 8.422558 0.164000 -8.538273
v 8.482831 0.831285 -8.434389
v 8.493034 0.698194 -8.542530
v 8.344043 0.767756 -8.439801
v 8.576725 0.033846 -6.560756
v 8.680242 0.161421 -6.616241
v 8.503038 0.164120 -6.451012
v 8.595422 0.789493 -6.597600
v 8.523660 0.703316 -6.506665
v 8.635264 0.730943 -6.642046
v 8.537649 0.073436 -8.434774
v 8.521234 0.164612 -8.615599
v 8.668673 0.139486 -8.501926
v 8.561598 0.779880 -8.522495
v 8.612213 0.747257 -8.453806
v 8.544113 0.720922 -8.583174
v 8.444514 0.203001 -8.773367
v 8.448431 0.287054 -8.652662
v 8.307544 0.219450 -8.764209
v 8.462821 0.649062 -8.728211
v 8.422247 0.775094 -8.828459
v 8.332815 0.655318 -8.771334
v 8.497273 0.199730 -10.114014
v 8.371581 0.273351 -10.045513
v 8.442791 0.260785 -10.186607
v 8.420607 0.691529 -10.112519
v 8.434141 0.684594 -10.155699
v 8.311755 0.682239 -10.080521
v 8.561153 0.151487 -8.836710
v 8.643771 0.248947 -8.780993
v 8.534781 0.310580 -8.651414
v 8.573359 0.741178 -8.811798
v 8.520048 0.684684 -8.666502
v 8.682396 0.662284 -8.789526
v 8.595861 0.148641 -10.026954
v 8.540236 0.266004 -10.156826
v 8.629474 0.299000 -10.034864
v 8.542394 0.701032 -10.102886
v 8.630737 0.591628 -10.072075
v 8.541415 0.627533 -10.140623
v -7.750000 1.600000 3.912500
v -7.750000 10.599999 3.912500
v -7.750000 1.600000 -9.587500
v -7.750000 10.599999 -9.587500
v 7.750000 1.600000 3.912500
v 7.750000 10.599999 3.912500
v 7.750000 1.600000 -9.587500
v 7.750000 10.599999 -9.587500
v -9.100000 2.100000 3.662500
v 9.100000 2.099999 3.662500
v -9.100000 1.709084 3.850755
v 9.100000 1.709084 3.850755
v -9.100000 1.612536 4.273760
v 9.100000 1.612535 4.273760
v -9.100000 1.883058 4.612984
v 9.100000 1.883057 4.612984
v -9.100000 2.316942 4.612984
v 9.100000 2.316941 4.612984
v -9.100000 2.587464 4.273760
v 9.100000 2.587463 4.273760
v -9.100000 2.490916 3.850755
v 9.100000 2.490915 3.850755
v -9.100000 2.100000 -10.337500
v 9.100000 2.099999 -10.337500
v -9.100000 1.709084 -10.149244
v 9.100000 1.709084 -10.149244
v -9.100000 1.612536 -9.726240
v 9.100000 1.612535 -9.726240
v -9.100000 1.883058 -9.387016
v 9.100000 1.883057 -9.387016
v -9.100000 2.316942 -9.387016
v 9.100000 2.316941 -9.387016
v -9.100000 2.587464 -9.726240
v 9.100000 2.587463 -9.726240
v -9.100000 2.490916 -10.149244
v 9.100000 2.490915 -10.149244
v -8.000000 3.100000 -10.937500
v -8.000000 3.099999 5.262500
v -7.609084 2.911745 -10.937500
v -7.609084 2.911744 5.262500
v -7.512536 2.488739 -10.937500
v -7.512536 2.488739 5.262500
v -7.783058 2.149516 -10.937500
v -7.783058 2.149515 5.262500
v -8.216942 2.149516 -10.937500
v -8.216942 2.149515 5.262500
v -8.487464 2.488739 -10.937500
v -8.487464 2.488739 5.262500
v -8.390916 2.911745 -10.937500
v -8.390916 2.911744 5.262500
v 8.000000 3.100000 -10.937500
v 8.000000 3.099999 5.262500
v 8.390916 2.911745 -10.937500
v 8.390916 2.911744 5.262500
v 8.487464 2.488739 -10.937500
v 8.487464 2.488739 5.262500
v 8.216942 2.149516 -10.937500
v 8.216942 2.149515 5.262500
v 7.783058 2.149516 -10.937500
v 7.783058 2.149515 5.262500
v 7.512536 2.488739 -10.937500
v 7.512536 2.488739 5.262500
v 7.609084 2.911745 -10.937500
v 7.609084 2.911744 5.262500
v -9.100000 3.100000 3.662500
v 9.100000 3.099999 3.662500
v -9.100000 2.709084 3.850755
v 9.100000 2.709084 3.850755
v -9.100000 2.612536 4.273760
v 9.100000 2.612535 4.273760
v -9.100000 2.883058 4.612984
v 9.100000 2.883057 4.612984
v -9.100000 3.316942 4.612984
v 9.100000 3.316941 4.612984
v -9.100000 3.587464 4.273760
v 9.100000 3.587463 4.273760
v -9.100000 3.490916 3.850755
v 9.100000 3.490915 3.850755
v -9.100000 3.100000 -10.337500
v 9.100000 3.099999 -10.337500
v -9.100000 2.709084 -10.149244
v 9.100000 2.709084 -10.149244
v -9.100000 2.612536 -9.726240
v 9.100000 2.612535 -9.726240
v -9.100000 2.883058 -9.387016
v 9.100000 2.883057 -9.387016
v -9.100000 3.316942 -9.387016
v 9.100000 3.316941 -9.387016
v -9.100000 3.587464 -9.726240
v 9.100000 3.587463 -9.726240
v -9.100000 3.490916 -10.149244
v 9.100000 3.490915 -10.149244
v -8.000000 4.100000 -10.937500
v -8.000000 4.099999 5.262500
v -7.609084 3.911745 -10.937500
v -7.609084 3.911744 5.262500
v -7.512536 3.488739 -10.937500
v -7.512536 3.488739 5.262500
v -7.783058 3.149516 -10.937500
v -7.783058 3.149515 5.262500
v -8.216942 3.149516 -10.937500
v -8.216942 3.149515 5.262500
v -8.487464 3.488739 -10.937500
v -8.487464 3.488739 5.262500
v -8.390916 3.911745 -10.937500
v -8.390916 3.911744 5.262500
v 8.000000 4.100000 -10.937500
v 8.000000 4.099999 5.262500
v 8.390916 3.911745 -10.937500
v 8.390916 3.911744 5.262500
v 8.487464 3.488739 -10.937500
v 8.487464 3.488739 5.262500
v 8.216942 3.149516 -10.937500
v 8.216942 3.149515 5.262500
v 7.783058 3.149516 -10.937500
v 7.783058 3.149515 5.262500
v 7.512536 3.488739 -10.937500
v 7.512536 3.488739 5.262500
v 7.609084 3.911745 -10.937500
v 7.609084 3.911744 5.262500
v -9.100000 4.100000 3.662500
v 9.100000 4.099999 3.662500
v -9.100000 3.709084 3.850755
v 9.100000 3.709084 3.850755
v -9.100000 3.612536 4.273760
v 9.100000 3.612535 4.273760
v -9.100000 3.883058 4.612984
v 9.100000 3.883057 4.612984
v -9.100000 4.316942 4.612984
v 9.100000 4.316941 4.612984
v -9.100000 4.587464 4.273760
v 9.100000 4.587463 4.273760
v -9.100000 4.490916 3.850755
v 9.100000 4.490915 3.850755
v -9.100000 4.100000 -10.337500
v 9.100000 4.099999 -10.337500
v -9.100000 3.709084 -10.149244
v 9.100000 3.709084 -10.149244
v -9.100000 3.612536 -9.726240
v 9.100000 3.612535 -9.726240
v -9.100000 3.883058 -9.387016
v 9.100000 3.883057 -9.387016
v -9.100000 4.316942 -9.387016
v 9.100000 4.316941 -9.387016
v -9.100000 4.587464 -9.726240
v 9.100000 4.587463 -9.726240
v -9.100000 4.490916 -10.149244
v 9.100000 4.490915 -10.149244
v -8.000000 5.100000 -10.937500
v -8.000000 5.099999 5.262500
v -7.609084 4.911745 -10.937500
v -7.609084 4.911745 5.262500
v -7.512536 4.488739 -10.937500
v -7.512536 4.488739 5.262500
v -7.783058 4.149516 -10.937500
v -7.783058 4.149515 5.262500
v -8.216942 4.149516 -10.937500
v -8.216942 4.149515 5.262500
v -8.487464 4.488739 -10.937500
v -8.487464 4.488739 5.262500
v -8.390916 4.911745 -10.937500
v -8.390916 4.911745 5.262500
v 8.000000 5.100000 -10.937500
v 8.000000 5.099999 5.262500
v 8.390916 4.911745 -10.937500
v 8.390916 4.911745 5.262500
v 8.487464 4.488739 -10.937500
v 8.487464 4.488739 5.262500
v 8.216942 4.149516 -10.937500
v 8.216942 4.149515 5.262500
v 7.783058 4.149516 -10.937500
v 7.783058 4.149515 5.262500
v 7.512536 4.488739 -10.937500
v 7.512536 4.488739 5.262500
v 7.609084 4.911745 -10.937500
v 7.609084 4.911745 5.262500
v -9.100000 5.100000 3.662500
v 9.100000 5.099999 3.662500
v -9.100000 4.709085 3.850755
v 9.100000 4.709084 3.850755
v -9.100000 4.612536 4.273760
v 9.100000 4.612535 4.273760
v -9.100000 4.883059 4.612984
v 9.100000 4.883058 4.612984
v -9.100000 5.316942 4.612984
v 9.100000 5.316941 4.612984
v -9.100000 5.587464 4.273760
v 9.100000 5.587463 4.273760
v -9.100000 5.490916 3.850755
v 9.100000 5.490915 3.850755
v -9.100000 5.100000 -10.337500
v 9.100000 5.099999 -10.337500
v -9.100000 4.709085 -10.149244
v 9.100000 4.709084 -10.149244
v -9.100000 4.612536 -9.726240
v 9.100000 4.612535 -9.726240
v -9.100000 4.883059 -9.387016
v 9.100000 4.883058 -9.387016
v -9.100000 5.316942 -9.387016
v 9.100000 5.316941 -9.387016
v -9.100000 5.587464 -9.726240
v 9.100000 5.587463 -9.726240
v -9.100000 5.490916 -10.149244
v 9.100000 5.490915 -10.149244
v -8.000000 6.100000 -10.937500
v -8.000000 6.099999 5.262500
v -7.609084 5.911745 -10.937500
v -7.609084 5.911745 5.262500
v -7.512536 5.488740 -10.937500
v -7.512536 5.488739 5.262500
v -7.783058 5.149516 -10.937500
v -7.783058 5.149515 5.262500
v -8.216942 5.149516 -10.937500
v -8.216942 5.149515 5.262500
v -8.487464 5.488740 -10.937500
v -8.487464 5.488739 5.262500
v -8.390916 5.911745 -10.937500
v -8.390916 5.911745 5.262500
v 8.000000 6.100000 -10.937500
v 8.000000 6.099999 5.262500
v 8.390916 5.911745 -10.937500
v 8.390916 5.911745 5.262500
v 8.487464 5.488740 -10.937500
v 8.487464 5.488739 5.262500
v 8.216942 5.149516 -10.937500
v 8.216942 5.149515 5.262500
v 7.783058 5.149516 -10.937500
v 7.783058 5.149515 5.262500
v 7.512536 5.488740 -10.937500
v 7.512536 5.488739 5.262500
v 7.609084 5.911745 -10.937500
v 7.609084 5.911745 5.262500
v -9.100000 6.100000 3.662500
v 9.100000 6.099999 3.662500
v -9.100000 5.709085 3.850755
v 9.100000 5.709084 3.850755
v -9.100000 5.612536 4.273760
v 9.100000 5.612535 4.273760
v -9.100000 5.883059 4.612984
v 9.100000 5.883058 4.612984
v -9.100000 6.316942 4.612984
v 9.100000 6.316941 4.612984
v -9.100000 6.587464 4.273760
v 9.100000 6.587463 4.273760
v -9.100000 6.490916 3.850755
v 9.100000 6.490915 3.850755
v -9.100000 6.100000 -10.337500
v 9.100000 6.099999 -10.337500
v -9.100000 5.709085 -10.149244
v 9.100000 5.709084 -10.149244
v -9.100000 5.612536 -9.726240
v 9.100000 5.612535 -9.726240
v -9.100000 5.883059 -9.387016
v 9.100000 5.883058 -9.387016
v -9.100000 6.316942 -9.387016
v 9.100000 6.316941 -9.387016
v -9.100000 6.587464 -9.726240
v 9.100000 6.587463 -9.726240
v -9.100000 6.490916 -10.149244
v 9.100000 6.490915 -10.149244
v -8.000000 7.100000 -10.937500
v -8.000000 7.099999 5.262500
v -7.609084 6.911745 -10.937500
v -7.609084 6.911745 5.262500
v -7.512536 6.488740 -10.937500
v -7.512536 6.488739 5.262500
v -7.783058 6.149516 -10.937500
v -7.783058 6.149515 5.262500
v -8.216942 6.149516 -10.937500
v -8.216942 6.149515 5.262500
v -8.487464 6.488740 -10.937500
v -8.487464 6.488739 5.262500
v -8.390916 6.911745 -10.937500
v -8.390916 6.911745 5.262500
v 8.000000 7.100000 -10.937500
v 8.000000 7.099999 5.262500
v 8.390916 6.911745 -10.937500
v 8.390916 6.911745 5.262500
v 8.487464 6.488740 -10.937500
v 8.487464 6.488739 5.262500
v 8.216942 6.149516 -10.937500
v 8.216942 6.149515 5.262500
v 7.783058 6.149516 -10.937500
v 7.783058 6.149515 5.262500
v 7.512536 6.488740 -10.937500
v 7.512536 6.488739 5.262500
v 7.609084 6.911745 -10.937500
v 7.609084 6.911745 5.262500
v -9.100000 7.100000 3.662500
v 9.100000 7.099999 3.662500
v -9.100000 6.709085 3.850755
v 9.100000 6.709084 3.850755
v -9.100000 6.612536 4.273760
v 9.100000 6.612535 4.273760
v -9.100000 6.883059 4.612984
v 9.100000 6.883058 4.612984
v -9.100000 7.316942 4.612984
v 9.100000 7.316941 4.612984
v -9.100000 7.587464 4.273760
v 9.100000 7.587463 4.273760
v -9.100000 7.490916 3.850755
v 9.100000 7.490915 3.850755
v -9.100000 7.100000 -10.337500
v 9.100000 7.099999 -10.337500
v -9.100000 6.709085 -10.149244
v 9.100000 6.709084 -10.149244
v -9.100000 6.612536 -9.726240
v 9.100000 6.612535 -9.726240
v -9.100000 6.883059 -9.387016
v 9.100000 6.883058 -9.387016
v -9.100000 7.316942 -9.387016
v 9.100000 7.316941 -9.387016
v -9.100000 7.587464 -9.726240
v 9.100000 7.587463 -9.726240
v -9.100000 7.490916 -10.149244
v 9.100000 7.490915 -10.149244
v -8.000000 8.100000 -10.937500
v -8.000000 8.099999 5.262500
v -7.609084 7.911745 -10.937500
v -7.609084 7.911745 5.262500
v -7.512536 7.488740 -10.937500
v -7.512536 7.488739 5.262500
v -7.783058 7.149516 -10.937500
v -7.783058 7.149515 5.262500
v -8.216942 7.149516 -10.937500
v -8.216942 7.149515 5.262500
v -8.487464 7.488740 -10.937500
v -8.487464 7.488739 5.262500
v -8.390916 7.911745 -10.937500
v -8.390916 7.911745 5.262500
v 8.000000 8.100000 -10.937500
v 8.000000 8.099999 5.262500
v 8.390916 7.911745 -10.937500
v 8.390916 7.911745 5.262500
v 8.487464 7.488740 -10.937500
v 8.487464 7.488739 5.262500
v 8.216942 7.149516 -10.937500
v 8.216942 7.149515 5.262500
v 7.783058 7.149516 -10.937500
v 7.783058 7.149515 5.262500
v 7.512536 7.488740 -10.937500
v 7.512536 7.488739 5.262500
v 7.609084 7.911745 -10.937500
v 7.609084 7.911745 5.262500
v -9.100000 8.100000 3.662500
v 9.100000 8.099999 3.662500
v -9.100000 7.709085 3.850755
v 9.100000 7.709085 3.850755
v -9.100000 7.612537 4.273760
v 9.100000 7.612536 4.273760
v -9.100000 7.883059 4.612984
v 9.100000 7.883058 4.612984
v -9.100000 8.316942 4.612984
v 9.100000 8.316941 4.612984
v -9.100000 8.587464 4.273760
v 9.100000 8.587463 4.273760
v -9.100000 8.490916 3.850755
v 9.100000 8.490915 3.850755
v -9.100000 8.100000 -10.337500
v 9.100000 8.099999 -10.337500
v -9.100000 7.709085 -10.149244
v 9.100000 7.709085 -10.149244
v -9.100000 7.612537 -9.726240
v 9.100000 7.612536 -9.726240
v -9.100000 7.883059 -9.387016
v 9.100000 7.883058 -9.387016
v -9.100000 8.316942 -9.387016
v 9.100000 8.316941 -9.387016
v -9.100000 8.587464 -9.726240
v 9.100000 8.587463 -9.726240
v -9.100000 8.490916 -10.149244
v 9.100000 8.490915 -10.149244
v -8.000000 9.100001 -10.937500
v -8.000000 9.099999 5.262500
v -7.609084 8.911746 -10.937500
v -7.609084 8.911745 5.262500
v -7.512536 8.488740 -10.937500
v -7.512536 8.488739 5.262500
v -7.783058 8.149516 -10.937500
v -7.783058 8.149515 5.262500
v -8.216942 8.149516 -10.937500
v -8.216942 8.149515 5.262500
v -8.487464 8.488740 -10.937500
v -8.487464 8.488739 5.262500
v -8.390916 8.911746 -10.937500
v -8.390916 8.911745 5.262500
v 8.000000 9.100001 -10.937500
v 8.000000 9.099999 5.262500
v 8.390916 8.911746 -10.937500
v 8.390916 8.911745 5.262500
v 8.487464 8.488740 -10.937500
v 8.487464 8.488739 5.262500
v 8.216942 8.149516 -10.937500
v 8.216942 8.149515 5.262500
v 7.783058 8.149516 -10.937500
v 7.783058 8.149515 5.262500
v 7.512536 8.488740 -10.937500
v 7.512536 8.488739 5.262500
v 7.609084 8.911746 -10.937500
v 7.609084 8.911745 5.262500
v -9.100000 9.100001 3.662500
v 9.100000 9.099999 3.662500
v -9.100000 8.709085 3.850755
v 9.100000 8.709085 3.850755
v -9.100000 8.612536 4.273760
v 9.100000 8.612535 4.273760
v -9.100000 8.883060 4.612984
v 9.100000 8.883058 4.612984
v -9.100000 9.316943 4.612984
v 9.100000 9.316941 4.612984
v -9.100000 9.587464 4.273760
v 9.100000 9.587464 4.273760
v -9.100000 9.490916 3.850755
v 9.100000 9.490916 3.850755
v -9.100000 9.100001 -10.337500
v 9.100000 9.099999 -10.337500
v -9.100000 8.709085 -10.149244
v 9.100000 8.709085 -10.149244
v -9.100000 8.612536 -9.726240
v 9.100000 8.612535 -9.726240
v -9.100000 8.883060 -9.387016
v 9.100000 8.883058 -9.387016
v -9.100000 9.316943 -9.387016
v 9.100000 9.316941 -9.387016
v -9.100000 9.587464 -9.726240
v 9.100000 9.587464 -9.726240
v -9.100000 9.490916 -10.149244
v 9.100000 9.490916 -10.149244
v -8.000000 10.100001 -10.937500
v -8.000000 10.099999 5.262500
v -7.609084 9.911746 -10.937500
v -7.609084 9.911745 5.262500
v -7.512536 9.488740 -10.937500
v -7.512536 9.488740 5.262500
v -7.783058 9.149516 -10.937500
v -7.783058 9.149516 5.262500
v -8.216942 9.149516 -10.937500
v -8.216942 9.149516 5.262500
v -8.487464 9.488740 -10.937500
v -8.487464 9.488740 5.262500
v -8.390916 9.911746 -10.937500
v -8.390916 9.911745 5.262500
v 8.000000 10.100001 -10.937500
v 8.000000 10.099999 5.262500
v 8.390916 9.911746 -10.937500
v 8.390916 9.911745 5.262500
v 8.487464 9.488740 -10.937500
v 8.487464 9.488740 5.262500
v 8.216942 9.149516 -10.937500
v 8.216942 9.149516 5.262500
v 7.783058 9.149516 -10.937500
v 7.783058 9.149516 5.262500
v 7.512536 9.488740 -10.937500
v 7.512536 9.488740 5.262500
v 7.609084 9.911746 -10.937500
v 7.609084 9.911745 5.262500
v -9.100000 10.100001 3.662500
v 9.100000 10.099999 3.662500
v -9.100000 9.709085 3.850755
v 9.100000 9.709085 3.850755
v -9.100000 9.612536 4.273760
v 9.100000 9.612536 4.273760
v -9.100000 9.883060 4.612984
v 9.100000 9.883058 4.612984
v -9.100000 10.316943 4.612984
v 9.100000 10.316941 4.612984
v -9.100000 10.587464 4.273760
v 9.100000 10.587464 4.273760
v -9.100000 10.490916 3.850755
v 9.100000 10.490916 3.850755
v -9.100000 10.100001 -10.337500
v 9.100000 10.099999 -10.337500
v -9.100000 9.709085 -10.149244
v 9.100000 9.709085 -10.149244
v -9.100000 9.612536 -9.726240
v 9.100000 9.612536 -9.726240
v -9.100000 9.883060 -9.387016
v 9.100000 9.883058 -9.387016
v -9.100000 10.316943 -9.387016
v 9.100000 10.316941 -9.387016
v -9.100000 10.587464 -9.726240
v 9.100000 10.587464 -9.726240
v -9.100000 10.490916 -10.149244
v 9.100000 10.490916 -10.149244
v -8.000000 10.600000 4.162500
v 8.000000 10.600000 4.162500
v 0.000000 17.803232 4.162500
v -8.000000 10.600000 -9.837500
v 8.000000 10.600000 -9.837500
v 0.000000 17.803232 -9.837500
v -9.932348 8.860106 6.362500
v -10.467651 9.454622 6.362500
v -9.932348 8.860106 -12.037500
v -10.467651 9.454622 -12.037500
v 0.267652 18.044228 6.362500
v -0.267652 18.638742 6.362500
v 0.267652 18.044228 -12.037500
v -0.267652 18.638742 -12.037500
v -9.357076 10.274510 5.912500
v -9.524359 10.460297 6.162500
v -9.710144 10.293014 5.912500
v -9.406072 10.328926 6.089277
v -9.535042 10.256453 6.056838
v -9.655729 10.342010 6.089277
v -9.537442 10.210639 5.912500
v -9.658184 10.608926 6.162500
v -9.825467 10.794712 5.912500
v -9.843970 10.441643 5.912500
v -9.776471 10.740296 6.089277
v -9.862028 10.619609 6.056838
v -9.907842 10.622009 5.912500
v -9.789555 10.490639 6.089277
v -9.357076 10.274510 -11.587500
v -9.710144 10.293014 -11.587500
v -9.524359 10.460297 -11.837500
v -9.537442 10.210639 -11.587500
v -9.535042 10.256453 -11.731838
v -9.655729 10.342010 -11.764277
v -9.406072 10.328926 -11.764277
v -9.825467 10.794712 -11.587500
v -9.658184 10.608926 -11.837500
v -9.843970 10.441643 -11.587500
v -9.776471 10.740296 -11.764277
v -9.862028 10.619609 -11.731838
v -9.789555 10.490639 -11.764277
v -9.907842 10.622009 -11.587500
v 0.025465 18.722588 5.912500
v 0.043969 19.075657 5.912500
v -0.141818 18.908373 6.162500
v 0.107840 18.895290 5.912500
v 0.062027 18.897690 6.056838
v -0.010447 19.026661 6.089277
v -0.023531 18.777002 6.089277
v -0.442926 19.242788 5.912500
v -0.275644 19.057003 6.162500
v -0.089858 19.224285 5.912500
v -0.393930 19.188374 6.089277
v -0.264960 19.260847 6.056838
v -0.144273 19.175289 6.089277
v -0.262559 19.306660 5.912500
v 0.025465 18.722588 -11.587500
v -0.141818 18.908373 -11.837500
v 0.043969 19.075657 -11.587500
v -0.023531 18.777002 -11.764277
v 0.062027 18.897690 -11.731838
v -0.010447 19.026661 -11.764277
v 0.107840 18.895290 -11.587500
v -0.442926 19.242788 -11.587500
v -0.089858 19.224285 -11.587500
v -0.275644 19.057003 -11.837500
v -0.262559 19.306660 -11.587500
v -0.264960 19.260847 -11.731838
v -0.144273 19.175289 -11.764277
v -0.393930 19.188374 -11.764277
v -9.976906 8.147170 6.587500
v -10.646036 8.890315 6.587500
v -9.976906 8.147170 6.237500
v -10.646036 8.890315 6.237500
v 0.446037 17.532030 6.587500
v -0.223093 18.275173 6.587500
v 0.446037 17.532030 6.237500
v -0.223093 18.275173 6.237500
v -9.976906 8.147170 -11.912500
v -10.646036 8.890315 -11.912500
v -9.976906 8.147170 -12.262501
v -10.646036 8.890315 -12.262501
v 0.446037 17.532030 -11.912500
v -0.223093 18.275173 -11.912500
v 0.446037 17.532030 -12.262501
v -0.223093 18.275173 -12.262501
v -0.267653 18.044226 6.362500
v 0.267652 18.638742 6.362500
v -0.267653 18.044226 -12.037500
v 0.267652 18.638742 -12.037500
v 9.932346 8.860106 6.362500
v 10.467651 9.454621 6.362500
v 9.932346 8.860106 -12.037500
v 10.467651 9.454621 -12.037500
v -0.025467 18.722588 5.912500
v 0.141816 18.908375 6.162500
v -0.043971 19.075657 5.912500
v 0.023530 18.777004 6.089277
v -0.062028 18.897690 6.056838
v 0.010445 19.026661 6.089277
v -0.107841 18.895290 5.912500
v 0.275642 19.057003 6.162500
v 0.442925 19.242790 5.912500
v 0.089856 19.224285 5.912500
v 0.393929 19.188374 6.089277
v 0.264959 19.260847 6.056838
v 0.262558 19.306660 5.912500
v 0.144271 19.175289 6.089277
v -0.025467 18.722588 -11.587500
v -0.043971 19.075657 -11.587500
v 0.141816 18.908375 -11.837500
v -0.107841 18.895290 -11.587500
v -0.062028 18.897690 -11.731838
v 0.010445 19.026661 -11.764277
v 0.023530 18.777002 -11.764277
v 0.442925 19.242790 -11.587500
v 0.275642 19.057003 -11.837500
v 0.089856 19.224285 -11.587500
v 0.393929 19.188374 -11.764277
v 0.264959 19.260847 -11.731838
v 0.144271 19.175289 -11.764277
v 0.262558 19.306660 -11.587500
v 9.357075 10.274512 5.912500
v 9.710142 10.293015 5.912500
v 9.524357 10.460298 6.162500
v 9.537441 10.210639 5.912500
v 9.535040 10.256452 6.056838
v 9.655727 10.342010 6.089277
v 9.406071 10.328925 6.089277
v 9.825464 10.794713 5.912500
v 9.658184 10.608926 6.162500
v 9.843967 10.441643 5.912500
v 9.776470 10.740296 6.089277
v 9.862028 10.619609 6.056838
v 9.789555 10.490640 6.089277
v 9.907841 10.622010 5.912500
v 9.357075 10.274512 -11.587500
v 9.524357 10.460298 -11.837500
v 9.710142 10.293015 -11.587500
v 9.406071 10.328925 -11.764277
v 9.535040 10.256452 -11.731838
v 9.655727 10.342010 -11.764277
v 9.537441 10.210639 -11.587500
v 9.825464 10.794713 -11.587500
v 9.843967 10.441643 -11.587500
v 9.658184 10.608926 -11.837500
v 9.907841 10.622010 -11.587500
v 9.862028 10.619609 -11.731838
v 9.789555 10.490640 -11.764277
v 9.776470 10.740296 -11.764277
v -0.446037 17.532028 6.587500
v 0.223094 18.275173 6.587500
v -0.446037 17.532028 6.237500
v 0.223094 18.275173 6.237500
v 9.976906 8.147168 6.587500
v 10.646036 8.890315 6.587500
v 9.976906 8.147168 6.237500
v 10.646036 8.890315 6.237500
v -0.446037 17.532028 -11.912500
v 0.223094 18.275173 -11.912500
v -0.446037 17.532028 -12.262501
v 0.223094 18.275173 -12.262501
v 9.976906 8.147168 -11.912500
v 10.646036 8.890315 -11.912500
v 9.976906 8.147168 -12.262501
v 10.646036 8.890315 -12.262501
v -0.636396 18.523232 6.462500
v 0.000000 19.159628 6.462500
v -0.636396 18.523232 -12.137501
v 0.000000 19.159628 -12.137501
v -0.000000 17.886835 6.462500
v 0.636396 18.523232 6.462500
v -0.000000 17.886835 -12.137501
v 0.636396 18.523232 -12.137501
v -0.225000 10.600000 4.432500
v -0.225000 17.803232 4.432500
v -0.225000 10.600000 4.132500
v -0.225000 17.803232 4.132500
v 0.225000 10.600000 4.432500
v 0.225000 17.803232 4.432500
v 0.225000 10.600000 4.132500
v 0.225000 17.803232 4.132500
v -4.400000 13.400357 4.432500
v -4.400000 13.850358 4.432500
v -4.400000 13.400357 4.132500
v -4.400000 13.850358 4.132500
v 4.400000 13.400357 4.432500
v 4.400000 13.850358 4.432500
v 4.400000 13.400357 4.132500
v 4.400000 13.850358 4.132500
v -0.225000 10.600000 -9.807500
v -0.225000 17.803232 -9.807500
v -0.225000 10.600000 -10.107500
v -0.225000 17.803232 -10.107500
v 0.225000 10.600000 -9.807500
v 0.225000 17.803232 -9.807500
v 0.225000 10.600000 -10.107500
v 0.225000 17.803232 -10.107500
v -4.400000 13.400357 -9.807500
v -4.400000 13.850358 -9.807500
v -4.400000 13.400357 -10.107500
v -4.400000 13.850358 -10.107500
v 4.400000 13.400357 -9.807500
v 4.400000 13.850358 -9.807500
v 4.400000 13.400357 -10.107500
v 4.400000 13.850358 -10.107500
v -5.700000 1.600000 -4.637500
v -5.700000 18.099998 -4.637500
v -5.700000 1.600000 -7.037500
v -5.700000 18.099998 -7.037500
v -3.300000 1.600000 -4.637500
v -3.300000 18.099998 -4.637500
v -3.300000 1.600000 -7.037500
v -3.300000 18.099998 -7.037500
v -5.760000 2.024999 -4.577500
v -5.760000 2.375000 -4.577500
v -5.760000 2.024999 -7.097500
v -5.760000 2.375000 -7.097500
v -3.240000 2.024999 -4.577500
v -3.240000 2.375000 -4.577500
v -3.240000 2.024999 -7.097500
v -3.240000 2.375000 -7.097500
v -5.760000 2.980665 -4.577500
v -5.760000 3.330665 -4.577500
v -5.760000 2.980665 -7.097500
v -5.760000 3.330665 -7.097500
v -3.240000 2.980665 -4.577500
v -3.240000 3.330665 -4.577500
v -3.240000 2.980665 -7.097500
v -3.240000 3.330665 -7.097500
v -5.760000 4.018180 -4.577500
v -5.760000 4.368180 -4.577500
v -5.760000 4.018180 -7.097500
v -5.760000 4.368180 -7.097500
v -3.240000 4.018180 -4.577500
v -3.240000 4.368180 -4.577500
v -3.240000 4.018180 -7.097500
v -3.240000 4.368180 -7.097500
v -5.760000 4.987949 -4.577500
v -5.760000 5.337949 -4.577500
v -5.760000 4.987949 -7.097500
v -5.760000 5.337949 -7.097500
v -3.240000 4.987949 -4.577500
v -3.240000 5.337949 -4.577500
v -3.240000 4.987949 -7.097500
v -3.240000 5.337949 -7.097500
v -5.760000 6.226299 -4.577500
v -5.760000 6.576299 -4.577500
v -5.760000 6.226299 -7.097500
v -5.760000 6.576299 -7.097500
v -3.240000 6.226299 -4.577500
v -3.240000 6.576299 -4.577500
v -3.240000 6.226299 -7.097500
v -3.240000 6.576299 -7.097500
v -5.760000 7.169768 -4.577500
v -5.760000 7.519769 -4.577500
v -5.760000 7.169768 -7.097500
v -5.760000 7.519769 -7.097500
v -3.240000 7.169768 -4.577500
v -3.240000 7.519769 -4.577500
v -3.240000 7.169768 -7.097500
v -3.240000 7.519769 -7.097500
v -5.760000 8.085659 -4.577500
v -5.760000 8.435659 -4.577500
v -5.760000 8.085659 -7.097500
v -5.760000 8.435659 -7.097500
v -3.240000 8.085659 -4.577500
v -3.240000 8.435659 -4.577500
v -3.240000 8.085659 -7.097500
v -3.240000 8.435659 -7.097500
v -5.760000 9.094978 -4.577500
v -5.760000 9.444979 -4.577500
v -5.760000 9.094978 -7.097500
v -5.760000 9.444979 -7.097500
v -3.240000 9.094978 -4.577500
v -3.240000 9.444979 -4.577500
v -3.240000 9.094978 -7.097500
v -3.240000 9.444979 -7.097500
v -5.760000 10.295988 -4.577500
v -5.760000 10.645988 -4.577500
v -5.760000 10.295988 -7.097500
v -5.760000 10.645988 -7.097500
v -3.240000 10.295988 -4.577500
v -3.240000 10.645988 -4.577500
v -3.240000 10.295988 -7.097500
v -3.240000 10.645988 -7.097500
v -5.760000 11.295406 -4.577500
v -5.760000 11.645407 -4.577500
v -5.760000 11.295406 -7.097500
v -5.760000 11.645407 -7.097500
v -3.240000 11.295406 -4.577500
v -3.240000 11.645407 -4.577500
v -3.240000 11.295406 -7.097500
v -3.240000 11.645407 -7.097500
v -5.760000 12.546069 -4.577500
v -5.760000 12.896070 -4.577500
v -5.760000 12.546069 -7.097500
v -5.760000 12.896070 -7.097500
v -3.240000 12.546069 -4.577500
v -3.240000 12.896070 -4.577500
v -3.240000 12.546069 -7.097500
v -3.240000 12.896070 -7.097500
v -5.760000 13.556290 -4.577500
v -5.760000 13.906290 -4.577500
v -5.760000 13.556290 -7.097500
v -5.760000 13.906290 -7.097500
v -3.240000 13.556290 -4.577500
v -3.240000 13.906290 -4.577500
v -3.240000 13.556290 -7.097500
v -3.240000 13.906290 -7.097500
v -5.760000 14.595385 -4.577500
v -5.760000 14.945385 -4.577500
v -5.760000 14.595385 -7.097500
v -5.760000 14.945385 -7.097500
v -3.240000 14.595385 -4.577500
v -3.240000 14.945385 -4.577500
v -3.240000 14.595385 -7.097500
v -3.240000 14.945385 -7.097500
v -5.760000 15.874789 -4.577500
v -5.760000 16.224789 -4.577500
v -5.760000 15.874789 -7.097500
v -5.760000 16.224789 -7.097500
v -3.240000 15.874789 -4.577500
v -3.240000 16.224789 -4.577500
v -3.240000 15.874789 -7.097500
v -3.240000 16.224789 -7.097500
v -5.760000 17.123857 -4.577500
v -5.760000 17.473858 -4.577500
v -5.760000 17.123857 -7.097500
v -5.760000 17.473858 -7.097500
v -3.240000 17.123857 -4.577500
v -3.240000 17.473858 -4.577500
v -3.240000 17.123857 -7.097500
v -3.240000 17.473858 -7.097500
v -5.870000 18.099998 -4.467500
v -5.870000 18.179998 -4.387500
v -5.950000 18.179998 -4.467500
v -5.870000 18.419998 -4.387500
v -5.870000 18.499998 -4.467500
v -5.950000 18.419998 -4.467500
v -5.870000 18.099998 -7.207500
v -5.950000 18.179998 -7.207500
v -5.870000 18.179998 -7.287500
v -5.870000 18.499998 -7.207500
v -5.870000 18.419998 -7.287500
v -5.950000 18.419998 -7.207500
v -3.130000 18.099998 -4.467500
v -3.050000 18.179998 -4.467500
v -3.130000 18.179998 -4.387500
v -3.130000 18.499998 -4.467500
v -3.130000 18.419998 -4.387500
v -3.050000 18.419998 -4.467500
v -3.130000 18.099998 -7.207500
v -3.130000 18.179998 -7.287500
v -3.050000 18.179998 -7.207500
v -3.130000 18.499998 -7.207500
v -3.050000 18.419998 -7.207500
v -3.130000 18.419998 -7.287500
v -5.730000 18.474998 -4.607500
v -5.730000 18.594997 -4.487500
v -5.850000 18.594997 -4.607500
v -5.730000 18.704998 -4.487500
v -5.730000 18.824999 -4.607500
v -5.850000 18.704998 -4.607500
v -5.730000 18.474998 -7.067500
v -5.850000 18.594997 -7.067500
v -5.730000 18.594997 -7.187500
v -5.730000 18.824999 -7.067500
v -5.730000 18.704998 -7.187500
v -5.850000 18.704998 -7.067500
v -3.270000 18.474998 -4.607500
v -3.150000 18.594997 -4.607500
v -3.270000 18.594997 -4.487500
v -3.270000 18.824999 -4.607500
v -3.270000 18.704998 -4.487500
v -3.150000 18.704998 -4.607500
v -3.270000 18.474998 -7.067500
v -3.270000 18.594997 -7.187500
v -3.150000 18.594997 -7.067500
v -3.270000 18.824999 -7.067500
v -3.150000 18.704998 -7.067500
v -3.270000 18.704998 -7.187500
v -5.100000 18.650000 -5.237500
v -5.100000 19.049999 -5.237500
v -5.100000 18.650000 -6.437500
v -5.100000 19.049999 -6.437500
v -3.900000 18.650000 -5.237500
v -3.900000 19.049999 -5.237500
v -3.900000 18.650000 -6.437500
v -3.900000 19.049999 -6.437500
v -1.460000 1.600000 4.822500
v -1.460000 1.640000 4.862500
v -1.500000 1.640000 4.822500
v -1.460000 7.560000 4.862500
v -1.460000 7.600000 4.822500
v -1.500000 7.560000 4.822500
v -1.460000 1.600000 4.602500
v -1.500000 1.640000 4.602500
v -1.460000 1.640000 4.562500
v -1.460000 7.600000 4.602500
v -1.460000 7.560000 4.562500
v -1.500000 7.560000 4.602500
v 1.460000 1.600000 4.822500
v 1.500000 1.640000 4.822500
v 1.460000 1.640000 4.862500
v 1.460000 7.600000 4.822500
v 1.460000 7.560000 4.862500
v 1.500000 7.560000 4.822500
v 1.460000 1.600000 4.602500
v 1.460000 1.640000 4.562500
v 1.500000 1.640000 4.602500
v 1.460000 7.600000 4.602500
v 1.500000 7.560000 4.602500
v 1.460000 7.560000 4.562500
v -1.040000 1.800000 4.912500
v -1.040000 7.400000 4.912500
v -1.040000 1.800000 4.552500
v -1.040000 7.400000 4.552500
v -0.960000 1.800000 4.912500
v -0.960000 7.400000 4.912500
v -0.960000 1.800000 4.552500
v -0.960000 7.400000 4.552500
v -0.540000 1.800000 4.912500
v -0.540000 7.400000 4.912500
v -0.540000 1.800000 4.552500
v -0.540000 7.400000 4.552500
v -0.460000 1.800000 4.912500
v -0.460000 7.400000 4.912500
v -0.460000 1.800000 4.552500
v -0.460000 7.400000 4.552500
v -0.040000 1.800000 4.912500
v -0.040000 7.400000 4.912500
v -0.040000 1.800000 4.552500
v -0.040000 7.400000 4.552500
v 0.040000 1.800000 4.912500
v 0.040000 7.400000 4.912500
v 0.040000 1.800000 4.552500
v 0.040000 7.400000 4.552500
v 0.460000 1.800000 4.912500
v 0.460000 7.400000 4.912500
v 0.460000 1.800000 4.552500
v 0.460000 7.400000 4.552500
v 0.540000 1.800000 4.912500
v 0.540000 7.400000 4.912500
v 0.540000 1.800000 4.552500
v 0.540000 7.400000 4.552500
v 0.960000 1.800000 4.912500
v 0.960000 7.400000 4.912500
v 0.960000 1.800000 4.552500
v 0.960000 7.400000 4.552500
v 1.040000 1.800000 4.912500
v 1.040000 7.400000 4.912500
v 1.040000 1.800000 4.552500
v 1.040000 7.400000 4.552500
v -1.860000 7.575000 5.022500
v -1.860000 7.615000 5.062500
v -1.900000 7.615000 5.022500
v -1.860000 7.985000 5.062500
v -1.860000 8.025000 5.022500
v -1.900000 7.985000 5.022500
v -1.860000 7.575000 4.602500
v -1.900000 7.615000 4.602500
v -1.860000 7.615000 4.562500
v -1.860000 8.025000 4.602500
v -1.860000 7.985000 4.562500
v -1.900000 7.985000 4.602500
v 1.860000 7.575000 5.022500
v 1.900000 7.615000 5.022500
v 1.860000 7.615000 5.062500
v 1.860000 8.025000 5.022500
v 1.860000 7.985000 5.062500
v 1.900000 7.985000 5.022500
v 1.860000 7.575000 4.602500
v 1.860000 7.615000 4.562500
v 1.900000 7.615000 4.602500
v 1.860000 8.025000 4.602500
v 1.900000 7.985000 4.602500
v 1.860000 7.985000 4.562500
v -1.900000 1.600000 5.062500
v -1.900000 7.600000 5.062500
v -1.900000 1.600000 4.562500
v -1.900000 7.600000 4.562500
v -1.500000 1.600000 5.062500
v -1.500000 7.600000 5.062500
v -1.500000 1.600000 4.562500
v -1.500000 7.600000 4.562500
v 1.500000 1.600000 5.062500
v 1.500000 7.600000 5.062500
v 1.500000 1.600000 4.562500
v 1.500000 7.600000 4.562500
v 1.900000 1.600000 5.062500
v 1.900000 7.600000 5.062500
v 1.900000 1.600000 4.562500
v 1.900000 7.600000 4.562500
v 0.960000 4.280000 4.962500
v 1.061304 4.357390 5.036101
v 0.921306 4.357390 5.081590
v 0.834780 4.357390 4.962500
v 0.921306 4.357390 4.843410
v 1.061304 4.357390 4.888899
v 0.998694 4.482610 5.081590
v 0.858696 4.482610 5.036101
v 0.858696 4.482610 4.888899
v 0.998694 4.482610 4.843410
v 1.085220 4.482610 4.962500
v 0.960000 4.560000 4.962500
v -6.110000 7.600000 4.972500
v -6.110000 7.640000 5.012500
v -6.150000 7.640000 4.972500
v -6.110000 7.860000 5.012500
v -6.110000 7.900000 4.972500
v -6.150000 7.860000 4.972500
v -6.110000 7.600000 4.652500
v -6.150000 7.640000 4.652500
v -6.110000 7.640000 4.612500
v -6.110000 7.900000 4.652500
v -6.110000 7.860000 4.612500
v -6.150000 7.860000 4.652500
v -3.490000 7.600000 4.972500
v -3.450000 7.640000 4.972500
v -3.490000 7.640000 5.012500
v -3.490000 7.900000 4.972500
v -3.490000 7.860000 5.012500
v -3.450000 7.860000 4.972500
v -3.490000 7.600000 4.652500
v -3.490000 7.640000 4.612500
v -3.450000 7.640000 4.652500
v -3.490000 7.900000 4.652500
v -3.450000 7.860000 4.652500
v -3.490000 7.860000 4.612500
v -6.260000 4.500000 5.172500
v -6.260000 4.540000 5.212500
v -6.300000 4.540000 5.172500
v -6.260000 4.760000 5.212500
v -6.260000 4.800000 5.172500
v -6.300000 4.760000 5.172500
v -6.260000 4.500000 4.652500
v -6.300000 4.540000 4.652500
v -6.260000 4.540000 4.612500
v -6.260000 4.800000 4.652500
v -6.260000 4.760000 4.612500
v -6.300000 4.760000 4.652500
v -3.340000 4.500000 5.172500
v -3.300000 4.540000 5.172500
v -3.340000 4.540000 5.212500
v -3.340000 4.800000 5.172500
v -3.340000 4.760000 5.212500
v -3.300000 4.760000 5.172500
v -3.340000 4.500000 4.652500
v -3.340000 4.540000 4.612500
v -3.300000 4.540000 4.652500
v -3.340000 4.800000 4.652500
v -3.300000 4.760000 4.652500
v -3.340000 4.760000 4.612500
v -6.200000 4.800000 5.012500
v -6.200000 7.600000 5.012500
v -6.200000 4.800000 4.612500
v -6.200000 7.600000 4.612500
v -5.900000 4.800000 5.012500
v -5.900000 7.600000 5.012500
v -5.900000 4.800000 4.612500
v -5.900000 7.600000 4.612500
v -3.700000 4.800000 5.012500
v -3.700000 7.600000 5.012500
v -3.700000 4.800000 4.612500
v -3.700000 7.600000 4.612500
v -3.400000 4.800000 5.012500
v -3.400000 7.600000 5.012500
v -3.400000 4.800000 4.612500
v -3.400000 7.600000 4.612500
v -4.860000 4.800000 5.012500
v -4.860000 7.600000 5.012500
v -4.860000 4.800000 4.812500
v -4.860000 7.600000 4.812500
v -4.740000 4.800000 5.012500
v -4.740000 7.600000 5.012500
v -4.740000 4.800000 4.812500
v -4.740000 7.600000 4.812500
v -5.900000 6.140000 5.012500
v -5.900000 6.260000 5.012500
v -5.900000 6.140000 4.812500
v -5.900000 6.260000 4.812500
v -3.700000 6.140000 5.012500
v -3.700000 6.260000 5.012500
v -3.700000 6.140000 4.812500
v -3.700000 6.260000 4.812500
v -7.370000 4.700000 4.802500
v -7.370000 4.730000 4.832500
v -7.400000 4.730000 4.802500
v -7.370000 7.670000 4.832500
v -7.370000 7.700000 4.802500
v -7.400000 7.670000 4.802500
v -7.370000 4.700000 4.722500
v -7.400000 4.730000 4.722500
v -7.370000 4.730000 4.692500
v -7.370000 7.700000 4.722500
v -7.370000 7.670000 4.692500
v -7.400000 7.670000 4.722500
v -6.330000 4.700000 4.802500
v -6.300000 4.730000 4.802500
v -6.330000 4.730000 4.832500
v -6.330000 7.700000 4.802500
v -6.330000 7.670000 4.832500
v -6.300000 7.670000 4.802500
v -6.330000 4.700000 4.722500
v -6.330000 4.730000 4.692500
v -6.300000 4.730000 4.722500
v -6.330000 7.700000 4.722500
v -6.300000 7.670000 4.722500
v -6.330000 7.670000 4.692500
v -7.356000 5.270000 4.902500
v -7.356000 5.450000 4.902500
v -7.356000 5.270000 4.722500
v -7.356000 5.450000 4.722500
v -6.344000 5.270000 4.902500
v -6.344000 5.450000 4.902500
v -6.344000 5.270000 4.722500
v -6.344000 5.450000 4.722500
v -7.356000 6.950000 4.902500
v -7.356000 7.130000 4.902500
v -7.356000 6.950000 4.722500
v -7.356000 7.130000 4.722500
v -6.344000 6.950000 4.902500
v -6.344000 7.130000 4.902500
v -6.344000 6.950000 4.722500
v -6.344000 7.130000 4.722500
v -3.270000 4.700000 4.802500
v -3.270000 4.730000 4.832500
v -3.300000 4.730000 4.802500
v -3.270000 7.670000 4.832500
v -3.270000 7.700000 4.802500
v -3.300000 7.670000 4.802500
v -3.270000 4.700000 4.722500
v -3.300000 4.730000 4.722500
v -3.270000 4.730000 4.692500
v -3.270000 7.700000 4.722500
v -3.270000 7.670000 4.692500
v -3.300000 7.670000 4.722500
v -2.230000 4.700000 4.802500
v -2.200000 4.730000 4.802500
v -2.230000 4.730000 4.832500
v -2.230000 7.700000 4.802500
v -2.230000 7.670000 4.832500
v -2.200000 7.670000 4.802500
v -2.230000 4.700000 4.722500
v -2.230000 4.730000 4.692500
v -2.200000 4.730000 4.722500
v -2.230000 7.700000 4.722500
v -2.200000 7.670000 4.722500
v -2.230000 7.670000 4.692500
v -3.256000 5.270000 4.902500
v -3.256000 5.450000 4.902500
v -3.256000 5.270000 4.722500
v -3.256000 5.450000 4.722500
v -2.244000 5.270000 4.902500
v -2.244000 5.450000 4.902500
v -2.244000 5.270000 4.722500
v -2.244000 5.450000 4.722500
v -3.256000 6.950000 4.902500
v -3.256000 7.130000 4.902500
v -3.256000 6.950000 4.722500
v -3.256000 7.130000 4.722500
v -2.244000 6.950000 4.902500
v -2.244000 7.130000 4.902500
v -2.244000 6.950000 4.722500
v -2.244000 7.130000 4.722500
v -6.200000 4.800000 5.137500
v -6.200000 4.849999 5.187500
v -6.250000 4.849999 5.137500
v -6.200000 4.889999 5.187500
v -6.200000 4.940000 5.137500
v -6.250000 4.889999 5.137500
v -6.200000 4.800000 4.687500
v -6.250000 4.849999 4.687500
v -6.200000 4.849999 4.637500
v -6.200000 4.940000 4.687500
v -6.200000 4.889999 4.637500
v -6.250000 4.889999 4.687500
v -3.400000 4.800000 5.137500
v -3.350000 4.849999 5.137500
v -3.400000 4.849999 5.187500
v -3.400000 4.940000 5.137500
v -3.400000 4.889999 5.187500
v -3.350000 4.889999 5.137500
v -3.400000 4.800000 4.687500
v -3.400000 4.849999 4.637500
v -3.350000 4.849999 4.687500
v -3.400000 4.940000 4.687500
v -3.350000 4.889999 4.687500
v -3.400000 4.889999 4.637500
v -6.060000 7.900000 4.947500
v -6.060000 7.940000 4.987500
v -6.100000 7.940000 4.947500
v -6.060000 7.980000 4.987500
v -6.060000 8.020000 4.947500
v -6.100000 7.980000 4.947500
v -6.060000 7.900000 4.677500
v -6.100000 7.940000 4.677500
v -6.060000 7.940000 4.637500
v -6.060000 8.020000 4.677500
v -6.060000 7.980000 4.637500
v -6.100000 7.980000 4.677500
v -3.540000 7.900000 4.947500
v -3.500000 7.940000 4.947500
v -3.540000 7.940000 4.987500
v -3.540000 8.020000 4.947500
v -3.540000 7.980000 4.987500
v -3.500000 7.980000 4.947500
v -3.540000 7.900000 4.677500
v -3.540000 7.940000 4.637500
v -3.500000 7.940000 4.677500
v -3.540000 8.020000 4.677500
v -3.500000 7.980000 4.677500
v -3.540000 7.980000 4.637500
v 3.490000 7.600000 4.972500
v 3.490000 7.640000 5.012500
v 3.450000 7.640000 4.972500
v 3.490000 7.860000 5.012500
v 3.490000 7.900000 4.972500
v 3.450000 7.860000 4.972500
v 3.490000 7.600000 4.652500
v 3.450000 7.640000 4.652500
v 3.490000 7.640000 4.612500
v 3.490000 7.900000 4.652500
v 3.490000 7.860000 4.612500
v 3.450000 7.860000 4.652500
v 6.110000 7.600000 4.972500
v 6.150000 7.640000 4.972500
v 6.110000 7.640000 5.012500
v 6.110000 7.900000 4.972500
v 6.110000 7.860000 5.012500
v 6.150000 7.860000 4.972500
v 6.110000 7.600000 4.652500
v 6.110000 7.640000 4.612500
v 6.150000 7.640000 4.652500
v 6.110000 7.900000 4.652500
v 6.150000 7.860000 4.652500
v 6.110000 7.860000 4.612500
v 3.340000 4.500000 5.172500
v 3.340000 4.540000 5.212500
v 3.300000 4.540000 5.172500
v 3.340000 4.760000 5.212500
v 3.340000 4.800000 5.172500
v 3.300000 4.760000 5.172500
v 3.340000 4.500000 4.652500
v 3.300000 4.540000 4.652500
v 3.340000 4.540000 4.612500
v 3.340000 4.800000 4.652500
v 3.340000 4.760000 4.612500
v 3.300000 4.760000 4.652500
v 6.260000 4.500000 5.172500
v 6.300000 4.540000 5.172500
v 6.260000 4.540000 5.212500
v 6.260000 4.800000 5.172500
v 6.260000 4.760000 5.212500
v 6.300000 4.760000 5.172500
v 6.260000 4.500000 4.652500
v 6.260000 4.540000 4.612500
v 6.300000 4.540000 4.652500
v 6.260000 4.800000 4.652500
v 6.300000 4.760000 4.652500
v 6.260000 4.760000 4.612500
v 3.400000 4.800000 5.012500
v 3.400000 7.600000 5.012500
v 3.400000 4.800000 4.612500
v 3.400000 7.600000 4.612500
v 3.700000 4.800000 5.012500
v 3.700000 7.600000 5.012500
v 3.700000 4.800000 4.612500
v 3.700000 7.600000 4.612500
v 5.900000 4.800000 5.012500
v 5.900000 7.600000 5.012500
v 5.900000 4.800000 4.612500
v 5.900000 7.600000 4.612500
v 6.200000 4.800000 5.012500
v 6.200000 7.600000 5.012500
v 6.200000 4.800000 4.612500
v 6.200000 7.600000 4.612500
v 4.740000 4.800000 5.012500
v 4.740000 7.600000 5.012500
v 4.740000 4.800000 4.812500
v 4.740000 7.600000 4.812500
v 4.860000 4.800000 5.012500
v 4.860000 7.600000 5.012500
v 4.860000 4.800000 4.812500
v 4.860000 7.600000 4.812500
v 3.700000 6.140000 5.012500
v 3.700000 6.260000 5.012500
v 3.700000 6.140000 4.812500
v 3.700000 6.260000 4.812500
v 5.900000 6.140000 5.012500
v 5.900000 6.260000 5.012500
v 5.900000 6.140000 4.812500
v 5.900000 6.260000 4.812500
v 2.230000 4.700000 4.802500
v 2.230000 4.730000 4.832500
v 2.200000 4.730000 4.802500
v 2.230000 7.670000 4.832500
v 2.230000 7.700000 4.802500
v 2.200000 7.670000 4.802500
v 2.230000 4.700000 4.722500
v 2.200000 4.730000 4.722500
v 2.230000 4.730000 4.692500
v 2.230000 7.700000 4.722500
v 2.230000 7.670000 4.692500
v 2.200000 7.670000 4.722500
v 3.270000 4.700000 4.802500
v 3.300000 4.730000 4.802500
v 3.270000 4.730000 4.832500
v 3.270000 7.700000 4.802500
v 3.270000 7.670000 4.832500
v 3.300000 7.670000 4.802500
v 3.270000 4.700000 4.722500
v 3.270000 4.730000 4.692500
v 3.300000 4.730000 4.722500
v 3.270000 7.700000 4.722500
v 3.300000 7.670000 4.722500
v 3.270000 7.670000 4.692500
v 2.244000 5.270000 4.902500
v 2.244000 5.450000 4.902500
v 2.244000 5.270000 4.722500
v 2.244000 5.450000 4.722500
v 3.256000 5.270000 4.902500
v 3.256000 5.450000 4.902500
v 3.256000 5.270000 4.722500
v 3.256000 5.450000 4.722500
v 2.244000 6.950000 4.902500
v 2.244000 7.130000 4.902500
v 2.244000 6.950000 4.722500
v 2.244000 7.130000 4.722500
v 3.256000 6.950000 4.902500
v 3.256000 7.130000 4.902500
v 3.256000 6.950000 4.722500
v 3.256000 7.130000 4.722500
v 6.330000 4.700000 4.802500
v 6.330000 4.730000 4.832500
v 6.300000 4.730000 4.802500
v 6.330000 7.670000 4.832500
v 6.330000 7.700000 4.802500
v 6.300000 7.670000 4.802500
v 6.330000 4.700000 4.722500
v 6.300000 4.730000 4.722500
v 6.330000 4.730000 4.692500
v 6.330000 7.700000 4.722500
v 6.330000 7.670000 4.692500
v 6.300000 7.670000 4.722500
v 7.370000 4.700000 4.802500
v 7.400000 4.730000 4.802500
v 7.370000 4.730000 4.832500
v 7.370000 7.700000 4.802500
v 7.370000 7.670000 4.832500
v 7.400000 7.670000 4.802500
v 7.370000 4.700000 4.722500
v 7.370000 4.730000 4.692500
v 7.400000 4.730000 4.722500
v 7.370000 7.700000 4.722500
v 7.400000 7.670000 4.722500
v 7.370000 7.670000 4.692500
v 6.344000 5.270000 4.902500
v 6.344000 5.450000 4.902500
v 6.344000 5.270000 4.722500
v 6.344000 5.450000 4.722500
v 7.356000 5.270000 4.902500
v 7.356000 5.450000 4.902500
v 7.356000 5.270000 4.722500
v 7.356000 5.450000 4.722500
v 6.344000 6.950000 4.902500
v 6.344000 7.130000 4.902500
v 6.344000 6.950000 4.722500
v 6.344000 7.130000 4.722500
v 7.356000 6.950000 4.902500
v 7.356000 7.130000 4.902500
v 7.356000 6.950000 4.722500
v 7.356000 7.130000 4.722500
v 3.400000 4.800000 5.137500
v 3.400000 4.849999 5.187500
v 3.350000 4.849999 5.137500
v 3.400000 4.889999 5.187500
v 3.400000 4.940000 5.137500
v 3.350000 4.889999 5.137500
v 3.400000 4.800000 4.687500
v 3.350000 4.849999 4.687500
v 3.400000 4.849999 4.637500
v 3.400000 4.940000 4.687500
v 3.400000 4.889999 4.637500
v 3.350000 4.889999 4.687500
v 6.200000 4.800000 5.137500
v 6.250000 4.849999 5.137500
v 6.200000 4.849999 5.187500
v 6.200000 4.940000 5.137500
v 6.200000 4.889999 5.187500
v 6.250000 4.889999 5.137500
v 6.200000 4.800000 4.687500
v 6.200000 4.849999 4.637500
v 6.250000 4.849999 4.687500
v 6.200000 4.940000 4.687500
v 6.250000 4.889999 4.687500
v 6.200000 4.889999 4.637500
v 3.540000 7.900000 4.947500
v 3.540000 7.940000 4.987500
v 3.500000 7.940000 4.947500
v 3.540000 7.980000 4.987500
v 3.540000 8.020000 4.947500
v 3.500000 7.980000 4.947500
v 3.540000 7.900000 4.677500
v 3.500000 7.940000 4.677500
v 3.540000 7.940000 4.637500
v 3.540000 8.020000 4.677500
v 3.540000 7.980000 4.637500
v 3.500000 7.980000 4.677500
v 6.060000 7.900000 4.947500
v 6.100000 7.940000 4.947500
v 6.060000 7.940000 4.987500
v 6.060000 8.020000 4.947500
v 6.060000 7.980000 4.987500
v 6.100000 7.980000 4.947500
v 6.060000 7.900000 4.677500
v 6.060000 7.940000 4.637500
v 6.100000 7.940000 4.677500
v 6.060000 8.020000 4.677500
v 6.100000 7.980000 4.677500
v 6.060000 7.980000 4.637500
v -3.850000 1.600000 8.512501
v -3.850000 1.650000 8.562500
v -3.900000 1.650000 8.512501
v -3.850000 8.150000 8.562500
v -3.850000 8.200000 8.512501
v -3.900000 8.150000 8.512501
v -3.850000 1.600000 8.012501
v -3.900000 1.650000 8.012501
v -3.850000 1.650000 7.962500
v -3.850000 8.200000 8.012501
v -3.850000 8.150000 7.962500
v -3.900000 8.150000 8.012501
v -3.350000 1.600000 8.512501
v -3.300000 1.650000 8.512501
v -3.350000 1.650000 8.562500
v -3.350000 8.200000 8.512501
v -3.350000 8.150000 8.562500
v -3.300000 8.150000 8.512501
v -3.350000 1.600000 8.012501
v -3.350000 1.650000 7.962500
v -3.300000 1.650000 8.012501
v -3.350000 8.200000 8.012501
v -3.300000 8.150000 8.012501
v -3.350000 8.150000 7.962500
v 3.350000 1.600000 8.512501
v 3.350000 1.650000 8.562500
v 3.300000 1.650000 8.512501
v 3.350000 8.150000 8.562500
v 3.350000 8.200000 8.512501
v 3.300000 8.150000 8.512501
v 3.350000 1.600000 8.012501
v 3.300000 1.650000 8.012501
v 3.350000 1.650000 7.962500
v 3.350000 8.200000 8.012501
v 3.350000 8.150000 7.962500
v 3.300000 8.150000 8.012501
v 3.850000 1.600000 8.512501
v 3.900000 1.650000 8.512501
v 3.850000 1.650000 8.562500
v 3.850000 8.200000 8.512501
v 3.850000 8.150000 8.562500
v 3.900000 8.150000 8.512501
v 3.850000 1.600000 8.012501
v 3.850000 1.650000 7.962500
v 3.900000 1.650000 8.012501
v 3.850000 8.200000 8.012501
v 3.900000 8.150000 8.012501
v 3.850000 8.150000 7.962500
v -4.485285 8.036169 9.062500
v -4.714715 8.363831 9.062500
v -4.485285 8.036169 4.262500
v -4.714715 8.363831 4.262500
v 0.114715 11.257124 9.062500
v -0.114715 11.584785 9.062500
v 0.114715 11.257124 4.262500
v -0.114715 11.584785 4.262500
v -4.264113 8.571035 8.742500
v -4.332943 8.669333 8.862499
v -4.431241 8.600504 8.742500
v -4.424715 8.800398 8.862499
v -4.493545 8.898696 8.742500
v -4.523013 8.731569 8.742500
v -4.264113 8.571035 4.582500
v -4.431241 8.600504 4.582500
v -4.332943 8.669333 4.462500
v -4.493545 8.898696 4.582500
v -4.424715 8.800398 4.462500
v -4.523013 8.731569 4.582500
v -0.106456 11.482259 8.742500
v -0.076987 11.649385 8.742500
v -0.175285 11.580557 8.862499
v -0.335886 11.809919 8.742500
v -0.267057 11.711621 8.862499
v -0.168759 11.780451 8.742500
v -0.106456 11.482259 4.582500
v -0.175285 11.580557 4.462500
v -0.076987 11.649385 4.582500
v -0.335886 11.809919 4.582500
v -0.168759 11.780451 4.582500
v -0.267057 11.711621 4.462500
v -0.114716 11.257124 9.062500
v 0.114715 11.584785 9.062500
v -0.114716 11.257124 4.262500
v 0.114715 11.584785 4.262500
v 4.485284 8.036169 9.062500
v 4.714715 8.363831 9.062500
v 4.485284 8.036169 4.262500
v 4.714715 8.363831 4.262500
v 0.106455 11.482259 8.742500
v 0.175285 11.580557 8.862499
v 0.076986 11.649385 8.742500
v 0.267057 11.711621 8.862499
v 0.335886 11.809919 8.742500
v 0.168758 11.780451 8.742500
v 0.106455 11.482259 4.582500
v 0.076986 11.649385 4.582500
v 0.175285 11.580557 4.462500
v 0.335886 11.809919 4.582500
v 0.267057 11.711621 4.462500
v 0.168758 11.780451 4.582500
v 4.264113 8.571035 8.742500
v 4.431241 8.600504 8.742500
v 4.332942 8.669333 8.862499
v 4.493544 8.898696 8.742500
v 4.424715 8.800398 8.862499
v 4.523013 8.731569 8.742500
v 4.264113 8.571035 4.582500
v 4.332942 8.669333 4.462500
v 4.431241 8.600504 4.582500
v 4.493544 8.898696 4.582500
v 4.523013 8.731569 4.582500
v 4.424715 8.800398 4.462500
v -4.000000 8.200000 8.612499
v 4.000000 8.200000 8.612499
v 0.000000 11.000830 8.612499
v -4.000000 8.200000 8.312500
v 4.000000 8.200000 8.312500
v 0.000000 11.000830 8.312500
v -4.000000 7.950000 8.462500
v -4.000000 8.450000 8.462500
v -4.000000 7.950000 8.062500
v -4.000000 8.450000 8.062500
v 4.000000 7.950000 8.462500
v 4.000000 8.450000 8.462500
v 4.000000 7.950000 8.062500
v 4.000000 8.450000 8.062500
v -3.950000 0.000000 8.612499
v -3.950000 0.050000 8.662500
v -4.000000 0.050000 8.612499
v -3.950000 1.550000 8.662500
v -3.950000 1.600000 8.612499
v -4.000000 1.550000 8.612499
v -3.950000 0.000000 4.712500
v -4.000000 0.050000 4.712500
v -3.950000 0.050000 4.662500
v -3.950000 1.600000 4.712500
v -3.950000 1.550000 4.662500
v -4.000000 1.550000 4.712500
v 3.950000 0.000000 8.612499
v 4.000000 0.050000 8.612499
v 3.950000 0.050000 8.662500
v 3.950000 1.600000 8.612499
v 3.950000 1.550000 8.662500
v 4.000000 1.550000 8.612499
v 3.950000 0.000000 4.712500
v 3.950000 0.050000 4.662500
v 4.000000 0.050000 4.712500
v 3.950000 1.600000 4.712500
v 4.000000 1.550000 4.712500
v 3.950000 1.550000 4.662500
v -3.220000 0.000000 9.782501
v -3.220000 0.080000 9.862501
v -3.300000 0.080000 9.782501
v -3.220000 1.120000 9.862501
v -3.220000 1.200000 9.782501
v -3.300000 1.120000 9.782501
v -3.220000 0.000000 8.742500
v -3.300000 0.080000 8.742500
v -3.220000 0.080000 8.662500
v -3.220000 1.200000 8.742500
v -3.220000 1.120000 8.662500
v -3.300000 1.120000 8.742500
v 3.220000 0.000000 9.782501
v 3.300000 0.080000 9.782501
v 3.220000 0.080000 9.862501
v 3.220000 1.200000 9.782501
v 3.220000 1.120000 9.862501
v 3.300000 1.120000 9.782501
v 3.220000 0.000000 8.742500
v 3.220000 0.080000 8.662500
v 3.300000 0.080000 8.742500
v 3.220000 1.200000 8.742500
v 3.300000 1.120000 8.742500
v 3.220000 1.120000 8.662500
v -3.220000 0.000000 10.982500
v -3.220000 0.080000 11.062500
v -3.300000 0.080000 10.982500
v -3.220000 0.720000 11.062500
v -3.220000 0.800000 10.982500
v -3.300000 0.720000 10.982500
v -3.220000 0.000000 9.942501
v -3.300000 0.080000 9.942501
v -3.220000 0.800000 9.942501
v -3.220000 0.720000 9.862499
v -3.300000 0.720000 9.942501
v 3.220000 0.000000 10.982500
v 3.300000 0.080000 10.982500
v 3.220000 0.080000 11.062500
v 3.220000 0.800000 10.982500
v 3.220000 0.720000 11.062500
v 3.300000 0.720000 10.982500
v 3.220000 0.000000 9.942501
v 3.300000 0.080000 9.942501
v 3.220000 0.800000 9.942501
v 3.300000 0.720000 9.942501
v 3.220000 0.720000 9.862499
v -3.220000 0.000000 12.182501
v -3.220000 0.080000 12.262501
v -3.300000 0.080000 12.182501
v -3.220000 0.320000 12.262501
v -3.220000 0.400000 12.182501
v -3.300000 0.320000 12.182501
v -3.220000 0.000000 11.142500
v -3.300000 0.080000 11.142500
v -3.220000 0.400000 11.142500
v -3.220000 0.320000 11.062500
v -3.300000 0.320000 11.142500
v 3.220000 0.000000 12.182501
v 3.300000 0.080000 12.182501
v 3.220000 0.080000 12.262501
v 3.220000 0.400000 12.182501
v 3.220000 0.320000 12.262501
v 3.300000 0.320000 12.182501
v 3.220000 0.000000 11.142500
v 3.300000 0.080000 11.142500
v 3.220000 0.400000 11.142500
v 3.300000 0.320000 11.142500
v 3.220000 0.320000 11.062500
v 2.150000 7.350000 5.212500
v 2.150000 7.450000 5.212500
v 2.150000 7.350000 4.712500
v 2.150000 7.450000 4.712500
v 2.250000 7.350000 5.212500
v 2.250000 7.450000 5.212500
v 2.250000 7.350000 4.712500
v 2.250000 7.450000 4.712500
v 1.950000 6.700000 5.512500
v 1.950000 6.800000 5.512500
v 1.950000 6.700000 5.012500
v 1.950000 6.800000 5.012500
v 2.450000 6.700000 5.512500
v 2.450000 6.800000 5.512500
v 2.450000 6.700000 5.012500
v 2.450000 6.800000 5.012500
v 1.881802 7.245000 4.944302
v 2.518198 7.245000 4.944302
v 2.518198 7.245000 5.580698
v 1.881802 7.245000 5.580698
v 2.200000 7.595000 5.262500
v 8.810000 7.600000 -1.527500
v 8.850000 7.640000 -1.527500
v 8.810000 7.640000 -1.487500
v 8.850000 7.860000 -1.527500
v 8.810000 7.900000 -1.527500
v 8.810000 7.860000 -1.487500
v 8.490001 7.600000 -1.527500
v 8.490001 7.640000 -1.487500
v 8.450000 7.640000 -1.527500
v 8.490001 7.900000 -1.527500
v 8.450000 7.860000 -1.527500
v 8.490001 7.860000 -1.487500
v 8.810000 7.600000 -4.147500
v 8.810000 7.640000 -4.187500
v 8.850000 7.640000 -4.147500
v 8.810000 7.900000 -4.147500
v 8.850000 7.860000 -4.147500
v 8.810000 7.860000 -4.187500
v 8.490000 7.600000 -4.147500
v 8.450000 7.640000 -4.147500
v 8.490000 7.640000 -4.187500
v 8.490000 7.900000 -4.147500
v 8.490000 7.860000 -4.187500
v 8.450000 7.860000 -4.147500
v 9.010000 4.500000 -1.377500
v 9.050000 4.540000 -1.377500
v 9.010000 4.540000 -1.337500
v 9.050000 4.760000 -1.377500
v 9.010000 4.800000 -1.377500
v 9.010000 4.760000 -1.337500
v 8.490000 4.500000 -1.377500
v 8.490000 4.540000 -1.337500
v 8.450000 4.540000 -1.377500
v 8.490000 4.800000 -1.377500
v 8.450000 4.760000 -1.377500
v 8.490000 4.760000 -1.337500
v 9.010000 4.500000 -4.297500
v 9.010000 4.540000 -4.337500
v 9.050000 4.540000 -4.297500
v 9.010000 4.800000 -4.297500
v 9.050000 4.760000 -4.297500
v 9.010000 4.760000 -4.337500
v 8.490000 4.500000 -4.297500
v 8.450000 4.540000 -4.297500
v 8.490000 4.540000 -4.337500
v 8.490000 4.800000 -4.297500
v 8.490000 4.760000 -4.337500
v 8.450000 4.760000 -4.297500
v 8.850000 4.800000 -1.437500
v 8.850000 7.600000 -1.437500
v 8.450000 4.800000 -1.437500
v 8.450000 7.600000 -1.437500
v 8.850000 4.800000 -1.737500
v 8.850000 7.600000 -1.737500
v 8.450000 4.800000 -1.737500
v 8.450000 7.600000 -1.737500
v 8.850000 4.800000 -3.937500
v 8.850000 7.600000 -3.937500
v 8.450000 4.800000 -3.937500
v 8.450000 7.600000 -3.937500
v 8.850000 4.800000 -4.237500
v 8.850000 7.600000 -4.237500
v 8.450000 4.800000 -4.237500
v 8.450000 7.600000 -4.237500
v 8.850000 4.800000 -2.777500
v 8.850000 7.600000 -2.777500
v 8.650001 4.800000 -2.777500
v 8.650001 7.600000 -2.777500
v 8.850000 4.800000 -2.897500
v 8.850000 7.600000 -2.897500
v 8.650001 4.800000 -2.897500
v 8.650001 7.600000 -2.897500
v 8.850000 6.140000 -1.737500
v 8.850000 6.260000 -1.737500
v 8.650001 6.140000 -1.737500
v 8.650001 6.260000 -1.737500
v 8.850000 6.140000 -3.937500
v 8.850000 6.260000 -3.937500
v 8.650001 6.140000 -3.937500
v 8.650001 6.260000 -3.937500
v 8.640000 4.700000 -0.267500
v 8.670000 4.730000 -0.267500
v 8.640000 4.730000 -0.237500
v 8.670000 7.670000 -0.267500
v 8.640000 7.700000 -0.267500
v 8.640000 7.670000 -0.237500
v 8.560000 4.700000 -0.267500
v 8.560000 4.730000 -0.237500
v 8.530001 4.730000 -0.267500
v 8.560000 7.700000 -0.267500
v 8.530001 7.670000 -0.267500
v 8.560000 7.670000 -0.237500
v 8.640000 4.700000 -1.307500
v 8.640000 4.730000 -1.337500
v 8.670000 4.730000 -1.307500
v 8.640000 7.700000 -1.307500
v 8.670000 7.670000 -1.307500
v 8.640000 7.670000 -1.337500
v 8.560000 4.700000 -1.307500
v 8.530001 4.730000 -1.307500
v 8.560000 4.730000 -1.337500
v 8.560000 7.700000 -1.307500
v 8.560000 7.670000 -1.337500
v 8.530001 7.670000 -1.307500
v 8.740001 5.270000 -0.281500
v 8.740001 5.450000 -0.281500
v 8.560000 5.270000 -0.281500
v 8.560000 5.450000 -0.281500
v 8.740001 5.270000 -1.293500
v 8.740001 5.450000 -1.293500
v 8.560000 5.270000 -1.293500
v 8.560000 5.450000 -1.293500
v 8.740001 6.950000 -0.281500
v 8.740001 7.130000 -0.281500
v 8.560000 6.950000 -0.281500
v 8.560000 7.130000 -0.281500
v 8.740001 6.950000 -1.293500
v 8.740001 7.130000 -1.293500
v 8.560000 6.950000 -1.293500
v 8.560000 7.130000 -1.293500
v 8.640000 4.700000 -4.367500
v 8.670000 4.730000 -4.367500
v 8.640000 4.730000 -4.337500
v 8.670000 7.670000 -4.367500
v 8.640000 7.700000 -4.367500
v 8.640000 7.670000 -4.337500
v 8.560000 4.700000 -4.367500
v 8.560000 4.730000 -4.337500
v 8.530000 4.730000 -4.367500
v 8.560000 7.700000 -4.367500
v 8.530000 7.670000 -4.367500
v 8.560000 7.670000 -4.337500
v 8.640000 4.700000 -5.407500
v 8.640000 4.730000 -5.437500
v 8.670000 4.730000 -5.407500
v 8.640000 7.700000 -5.407500
v 8.670000 7.670000 -5.407500
v 8.640000 7.670000 -5.437500
v 8.560000 4.700000 -5.407500
v 8.530000 4.730000 -5.407500
v 8.560000 4.730000 -5.437500
v 8.560000 7.700000 -5.407500
v 8.560000 7.670000 -5.437500
v 8.530000 7.670000 -5.407500
v 8.740000 5.270000 -4.381500
v 8.740000 5.450000 -4.381500
v 8.560000 5.270000 -4.381500
v 8.560000 5.450000 -4.381500
v 8.740000 5.270000 -5.393500
v 8.740000 5.450000 -5.393500
v 8.560000 5.270000 -5.393500
v 8.560000 5.450000 -5.393500
v 8.740000 6.950000 -4.381500
v 8.740000 7.130000 -4.381500
v 8.560000 6.950000 -4.381500
v 8.560000 7.130000 -4.381500
v 8.740000 6.950000 -5.393500
v 8.740000 7.130000 -5.393500
v 8.560000 6.950000 -5.393500
v 8.560000 7.130000 -5.393500
v 8.975000 4.800000 -1.437500
v 9.025001 4.849999 -1.437500
v 8.975000 4.849999 -1.387500
v 9.025001 4.889999 -1.437500
v 8.975000 4.940000 -1.437500
v 8.975000 4.889999 -1.387500
v 8.525001 4.800000 -1.437500
v 8.525001 4.849999 -1.387500
v 8.475000 4.849999 -1.437500
v 8.525001 4.940000 -1.437500
v 8.475000 4.889999 -1.437500
v 8.525001 4.889999 -1.387500
v 8.975000 4.800000 -4.237500
v 8.975000 4.849999 -4.287500
v 9.025001 4.849999 -4.237500
v 8.975000 4.940000 -4.237500
v 9.025001 4.889999 -4.237500
v 8.975000 4.889999 -4.287500
v 8.525001 4.800000 -4.237500
v 8.475000 4.849999 -4.237500
v 8.525001 4.849999 -4.287500
v 8.525001 4.940000 -4.237500
v 8.525001 4.889999 -4.287500
v 8.475000 4.889999 -4.237500
v 8.785000 7.900000 -1.577500
v 8.825000 7.940000 -1.577500
v 8.785000 7.940000 -1.537500
v 8.825000 7.980000 -1.577500
v 8.785000 8.020000 -1.577500
v 8.785000 7.980000 -1.537500
v 8.515000 7.900000 -1.577500
v 8.515000 7.940000 -1.537500
v 8.475000 7.940000 -1.577500
v 8.515000 8.020000 -1.577500
v 8.475000 7.980000 -1.577500
v 8.515000 7.980000 -1.537500
v 8.785000 7.900000 -4.097500
v 8.785000 7.940000 -4.137500
v 8.825000 7.940000 -4.097500
v 8.785000 8.020000 -4.097500
v 8.825000 7.980000 -4.097500
v 8.785000 7.980000 -4.137500
v 8.515000 7.900000 -4.097500
v 8.475000 7.940000 -4.097500
v 8.515000 7.940000 -4.137500
v 8.515000 8.020000 -4.097500
v 8.515000 7.980000 -4.137500
v 8.475000 7.980000 -4.097500
v -8.810000 7.600000 -4.147500
v -8.850000 7.640000 -4.147500
v -8.810000 7.640000 -4.187500
v -8.850000 7.860000 -4.147500
v -8.810000 7.900000 -4.147500
v -8.810000 7.860000 -4.187500
v -8.490000 7.600000 -4.147500
v -8.490000 7.640000 -4.187500
v -8.450000 7.640000 -4.147500
v -8.490000 7.900000 -4.147500
v -8.450000 7.860000 -4.147500
v -8.490000 7.860000 -4.187500
v -8.810000 7.600000 -1.527500
v -8.810000 7.640000 -1.487500
v -8.850000 7.640000 -1.527500
v -8.810000 7.900000 -1.527500
v -8.850000 7.860000 -1.527500
v -8.810000 7.860000 -1.487500
v -8.490001 7.600000 -1.527500
v -8.450000 7.640000 -1.527500
v -8.490001 7.640000 -1.487500
v -8.490001 7.900000 -1.527500
v -8.490001 7.860000 -1.487500
v -8.450000 7.860000 -1.527500
v -9.010000 4.500000 -4.297500
v -9.050000 4.540000 -4.297500
v -9.010000 4.540000 -4.337500
v -9.050000 4.760000 -4.297500
v -9.010000 4.800000 -4.297500
v -9.010000 4.760000 -4.337500
v -8.490000 4.500000 -4.297500
v -8.490000 4.540000 -4.337500
v -8.450000 4.540000 -4.297500
v -8.490000 4.800000 -4.297500
v -8.450000 4.760000 -4.297500
v -8.490000 4.760000 -4.337500
v -9.010000 4.500000 -1.377500
v -9.010000 4.540000 -1.337500
v -9.050000 4.540000 -1.377500
v -9.010000 4.800000 -1.377500
v -9.050000 4.760000 -1.377500
v -9.010000 4.760000 -1.337500
v -8.490000 4.500000 -1.377500
v -8.450000 4.540000 -1.377500
v -8.490000 4.540000 -1.337500
v -8.490000 4.800000 -1.377500
v -8.490000 4.760000 -1.337500
v -8.450000 4.760000 -1.377500
v -8.850000 4.800000 -4.237500
v -8.850000 7.600000 -4.237500
v -8.450000 4.800000 -4.237500
v -8.450000 7.600000 -4.237500
v -8.850000 4.800000 -3.937500
v -8.850000 7.600000 -3.937500
v -8.450000 4.800000 -3.937500
v -8.450000 7.600000 -3.937500
v -8.850000 4.800000 -1.737500
v -8.850000 7.600000 -1.737500
v -8.450000 4.800000 -1.737500
v -8.450000 7.600000 -1.737500
v -8.850000 4.800000 -1.437500
v -8.850000 7.600000 -1.437500
v -8.450000 4.800000 -1.437500
v -8.450000 7.600000 -1.437500
v -8.850000 4.800000 -2.897500
v -8.850000 7.600000 -2.897500
v -8.650001 4.800000 -2.897500
v -8.650001 7.600000 -2.897500
v -8.850000 4.800000 -2.777500
v -8.850000 7.600000 -2.777500
v -8.650001 4.800000 -2.777500
v -8.650001 7.600000 -2.777500
v -8.850000 6.140000 -3.937500
v -8.850000 6.260000 -3.937500
v -8.650001 6.140000 -3.937500
v -8.650001 6.260000 -3.937500
v -8.850000 6.140000 -1.737500
v -8.850000 6.260000 -1.737500
v -8.650001 6.140000 -1.737500
v -8.650001 6.260000 -1.737500
v -8.640000 4.700000 -5.407500
v -8.670000 4.730000 -5.407500
v -8.640000 4.730000 -5.437500
v -8.670000 7.670000 -5.407500
v -8.640000 7.700000 -5.407500
v -8.640000 7.670000 -5.437500
v -8.560000 4.700000 -5.407500
v -8.560000 4.730000 -5.437500
v -8.530000 4.730000 -5.407500
v -8.560000 7.700000 -5.407500
v -8.530000 7.670000 -5.407500
v -8.560000 7.670000 -5.437500
v -8.640000 4.700000 -4.367500
v -8.640000 4.730000 -4.337500
v -8.670000 4.730000 -4.367500
v -8.640000 7.700000 -4.367500
v -8.670000 7.670000 -4.367500
v -8.640000 7.670000 -4.337500
v -8.560000 4.700000 -4.367500
v -8.530000 4.730000 -4.367500
v -8.560000 4.730000 -4.337500
v -8.560000 7.700000 -4.367500
v -8.560000 7.670000 -4.337500
v -8.530000 7.670000 -4.367500
v -8.740000 5.270000 -5.393500
v -8.740000 5.450000 -5.393500
v -8.560000 5.270000 -5.393500
v -8.560000 5.450000 -5.393500
v -8.740000 5.270000 -4.381500
v -8.740000 5.450000 -4.381500
v -8.560000 5.270000 -4.381500
v -8.560000 5.450000 -4.381500
v -8.740000 6.950000 -5.393500
v -8.740000 7.130000 -5.393500
v -8.560000 6.950000 -5.393500
v -8.560000 7.130000 -5.393500
v -8.740000 6.950000 -4.381500
v -8.740000 7.130000 -4.381500
v -8.560000 6.950000 -4.381500
v -8.560000 7.130000 -4.381500
v -8.640000 4.700000 -1.307500
v -8.670000 4.730000 -1.307500
v -8.640000 4.730000 -1.337500
v -8.670000 7.670000 -1.307500
v -8.640000 7.700000 -1.307500
v -8.640000 7.670000 -1.337500
v -8.560000 4.700000 -1.307500
v -8.560000 4.730000 -1.337500
v -8.530001 4.730000 -1.307500
v -8.560000 7.700000 -1.307500
v -8.530001 7.670000 -1.307500
v -8.560000 7.670000 -1.337500
v -8.640000 4.700000 -0.267500
v -8.640000 4.730000 -0.237500
v -8.670000 4.730000 -0.267500
v -8.640000 7.700000 -0.267500
v -8.670000 7.670000 -0.267500
v -8.640000 7.670000 -0.237500
v -8.560000 4.700000 -0.267500
v -8.530001 4.730000 -0.267500
v -8.560000 4.730000 -0.237500
v -8.560000 7.700000 -0.267500
v -8.560000 7.670000 -0.237500
v -8.530001 7.670000 -0.267500
v -8.740001 5.270000 -1.293500
v -8.740001 5.450000 -1.293500
v -8.560000 5.270000 -1.293500
v -8.560000 5.450000 -1.293500
v -8.740001 5.270000 -0.281500
v -8.740001 5.450000 -0.281500
v -8.560000 5.270000 -0.281500
v -8.560000 5.450000 -0.281500
v -8.740001 6.950000 -1.293500
v -8.740001 7.130000 -1.293500
v -8.560000 6.950000 -1.293500
v -8.560000 7.130000 -1.293500
v -8.740001 6.950000 -0.281500
v -8.740001 7.130000 -0.281500
v -8.560000 6.950000 -0.281500
v -8.560000 7.130000 -0.281500
v -8.975000 4.800000 -4.237500
v -9.025001 4.849999 -4.237500
v -8.975000 4.849999 -4.287500
v -9.025001 4.889999 -4.237500
v -8.975000 4.940000 -4.237500
v -8.975000 4.889999 -4.287500
v -8.525001 4.800000 -4.237500
v -8.525001 4.849999 -4.287500
v -8.475000 4.849999 -4.237500
v -8.525001 4.940000 -4.237500
v -8.475000 4.889999 -4.237500
v -8.525001 4.889999 -4.287500
v -8.975000 4.800000 -1.437500
v -8.975000 4.849999 -1.387500
v -9.025001 4.849999 -1.437500
v -8.975000 4.940000 -1.437500
v -9.025001 4.889999 -1.437500
v -8.975000 4.889999 -1.387500
v -8.525001 4.800000 -1.437500
v -8.475000 4.849999 -1.437500
v -8.525001 4.849999 -1.387500
v -8.525001 4.940000 -1.437500
v -8.525001 4.889999 -1.387500
v -8.475000 4.889999 -1.437500
v -8.785000 7.900000 -4.097500
v -8.825000 7.940000 -4.097500
v -8.785000 7.940000 -4.137500
v -8.825000 7.980000 -4.097500
v -8.785000 8.020000 -4.097500
v -8.785000 7.980000 -4.137500
v -8.515000 7.900000 -4.097500
v -8.515000 7.940000 -4.137500
v -8.475000 7.940000 -4.097500
v -8.515000 8.020000 -4.097500
v -8.475000 7.980000 -4.097500
v -8.515000 7.980000 -4.137500
v -8.785000 7.900000 -1.577500
v -8.785000 7.940000 -1.537500
v -8.825000 7.940000 -1.577500
v -8.785000 8.020000 -1.577500
v -8.825000 7.980000 -1.577500
v -8.785000 7.980000 -1.537500
v -8.515000 7.900000 -1.577500
v -8.475000 7.940000 -1.577500
v -8.515000 7.940000 -1.537500
v -8.515000 8.020000 -1.577500
v -8.515000 7.980000 -1.537500
v -8.475000 7.980000 -1.577500
v 1.310000 7.600000 -10.647501
v 1.310000 7.640000 -10.687500
v 1.350000 7.640000 -10.647501
v 1.310000 7.860000 -10.687500
v 1.310000 7.900000 -10.647501
v 1.350000 7.860000 -10.647501
v 1.310000 7.600000 -10.327500
v 1.350000 7.640000 -10.327500
v 1.310000 7.640000 -10.287500
v 1.310000 7.900000 -10.327500
v 1.310000 7.860000 -10.287500
v 1.350000 7.860000 -10.327500
v -1.310000 7.600000 -10.647500
v -1.350000 7.640000 -10.647500
v -1.310000 7.640000 -10.687500
v -1.310000 7.900000 -10.647500
v -1.310000 7.860000 -10.687500
v -1.350000 7.860000 -10.647500
v -1.310000 7.600000 -10.327500
v -1.310000 7.640000 -10.287500
v -1.350000 7.640000 -10.327500
v -1.310000 7.900000 -10.327500
v -1.350000 7.860000 -10.327500
v -1.310000 7.860000 -10.287500
v 1.460000 4.500000 -10.847500
v 1.460000 4.540000 -10.887501
v 1.500000 4.540000 -10.847500
v 1.460000 4.760000 -10.887501
v 1.460000 4.800000 -10.847500
v 1.500000 4.760000 -10.847500
v 1.460000 4.500000 -10.327500
v 1.500000 4.540000 -10.327500
v 1.460000 4.540000 -10.287500
v 1.460000 4.800000 -10.327500
v 1.460000 4.760000 -10.287500
v 1.500000 4.760000 -10.327500
v -1.460000 4.500000 -10.847500
v -1.500000 4.540000 -10.847500
v -1.460000 4.540000 -10.887501
v -1.460000 4.800000 -10.847500
v -1.460000 4.760000 -10.887501
v -1.500000 4.760000 -10.847500
v -1.460000 4.500000 -10.327500
v -1.460000 4.540000 -10.287500
v -1.500000 4.540000 -10.327500
v -1.460000 4.800000 -10.327500
v -1.500000 4.760000 -10.327500
v -1.460000 4.760000 -10.287500
v 1.400000 4.800000 -10.687500
v 1.400000 7.600000 -10.687500
v 1.400000 4.800000 -10.287500
v 1.400000 7.600000 -10.287500
v 1.100000 4.800000 -10.687500
v 1.100000 7.600000 -10.687500
v 1.100000 4.800000 -10.287500
v 1.100000 7.600000 -10.287500
v -1.100000 4.800000 -10.687500
v -1.100000 7.600000 -10.687500
v -1.100000 4.800000 -10.287500
v -1.100000 7.600000 -10.287500
v -1.400000 4.800000 -10.687500
v -1.400000 7.600000 -10.687500
v -1.400000 4.800000 -10.287500
v -1.400000 7.600000 -10.287500
v 0.060000 4.800000 -10.687500
v 0.060000 7.600000 -10.687500
v 0.060000 4.800000 -10.487500
v 0.060000 7.600000 -10.487500
v -0.060000 4.800000 -10.687500
v -0.060000 7.600000 -10.687500
v -0.060000 4.800000 -10.487500
v -0.060000 7.600000 -10.487500
v 1.100000 6.140000 -10.687500
v 1.100000 6.260000 -10.687500
v 1.100000 6.140000 -10.487500
v 1.100000 6.260000 -10.487500
v -1.100000 6.140000 -10.687500
v -1.100000 6.260000 -10.687500
v -1.100000 6.140000 -10.487500
v -1.100000 6.260000 -10.487500
v 2.570000 4.700000 -10.477501
v 2.570000 4.730000 -10.507501
v 2.600000 4.730000 -10.477501
v 2.570000 7.670000 -10.507501
v 2.570000 7.700000 -10.477501
v 2.600000 7.670000 -10.477501
v 2.570000 4.700000 -10.397501
v 2.600000 4.730000 -10.397501
v 2.570000 4.730000 -10.367500
v 2.570000 7.700000 -10.397501
v 2.570000 7.670000 -10.367500
v 2.600000 7.670000 -10.397501
v 1.530000 4.700000 -10.477501
v 1.500000 4.730000 -10.477501
v 1.530000 4.730000 -10.507501
v 1.530000 7.700000 -10.477501
v 1.530000 7.670000 -10.507501
v 1.500000 7.670000 -10.477501
v 1.530000 4.700000 -10.397501
v 1.530000 4.730000 -10.367500
v 1.500000 4.730000 -10.397501
v 1.530000 7.700000 -10.397501
v 1.500000 7.670000 -10.397501
v 1.530000 7.670000 -10.367500
v 2.556000 5.270000 -10.577500
v 2.556000 5.450000 -10.577500
v 2.556000 5.270000 -10.397501
v 2.556000 5.450000 -10.397501
v 1.544000 5.270000 -10.577500
v 1.544000 5.450000 -10.577500
v 1.544000 5.270000 -10.397501
v 1.544000 5.450000 -10.397501
v 2.556000 6.950000 -10.577500
v 2.556000 7.130000 -10.577500
v 2.556000 6.950000 -10.397501
v 2.556000 7.130000 -10.397501
v 1.544000 6.950000 -10.577500
v 1.544000 7.130000 -10.577500
v 1.544000 6.950000 -10.397501
v 1.544000 7.130000 -10.397501
v -1.530000 4.700000 -10.477500
v -1.530000 4.730000 -10.507500
v -1.500000 4.730000 -10.477500
v -1.530000 7.670000 -10.507500
v -1.530000 7.700000 -10.477500
v -1.500000 7.670000 -10.477500
v -1.530000 4.700000 -10.397500
v -1.500000 4.730000 -10.397500
v -1.530000 4.730000 -10.367500
v -1.530000 7.700000 -10.397500
v -1.530000 7.670000 -10.367500
v -1.500000 7.670000 -10.397500
v -2.570000 4.700000 -10.477500
v -2.600000 4.730000 -10.477500
v -2.570000 4.730000 -10.507500
v -2.570000 7.700000 -10.477500
v -2.570000 7.670000 -10.507500
v -2.600000 7.670000 -10.477500
v -2.570000 4.700000 -10.397500
v -2.570000 4.730000 -10.367500
v -2.600000 4.730000 -10.397500
v -2.570000 7.700000 -10.397500
v -2.600000 7.670000 -10.397500
v -2.570000 7.670000 -10.367500
v -1.544000 5.270000 -10.577500
v -1.544000 5.450000 -10.577500
v -1.544000 5.270000 -10.397500
v -1.544000 5.450000 -10.397500
v -2.556000 5.270000 -10.577499
v -2.556000 5.450000 -10.577499
v -2.556000 5.270000 -10.397500
v -2.556000 5.450000 -10.397500
v -1.544000 6.950000 -10.577500
v -1.544000 7.130000 -10.577500
v -1.544000 6.950000 -10.397500
v -1.544000 7.130000 -10.397500
v -2.556000 6.950000 -10.577499
v -2.556000 7.130000 -10.577499
v -2.556000 6.950000 -10.397500
v -2.556000 7.130000 -10.397500
v 1.400000 4.800000 -10.812500
v 1.400000 4.849999 -10.862501
v 1.450000 4.849999 -10.812500
v 1.400000 4.889999 -10.862501
v 1.400000 4.940000 -10.812500
v 1.450000 4.889999 -10.812500
v 1.400000 4.800000 -10.362500
v 1.450000 4.849999 -10.362500
v 1.400000 4.849999 -10.312500
v 1.400000 4.940000 -10.362500
v 1.400000 4.889999 -10.312500
v 1.450000 4.889999 -10.362500
v -1.400000 4.800000 -10.812500
v -1.450000 4.849999 -10.812500
v -1.400000 4.849999 -10.862499
v -1.400000 4.940000 -10.812500
v -1.400000 4.889999 -10.862499
v -1.450000 4.889999 -10.812500
v -1.400000 4.800000 -10.362500
v -1.400000 4.849999 -10.312500
v -1.450000 4.849999 -10.362500
v -1.400000 4.940000 -10.362500
v -1.450000 4.889999 -10.362500
v -1.400000 4.889999 -10.312500
v 1.260000 7.900000 -10.622500
v 1.260000 7.940000 -10.662500
v 1.300000 7.940000 -10.622500
v 1.260000 7.980000 -10.662500
v 1.260000 8.020000 -10.622500
v 1.300000 7.980000 -10.622500
v 1.260000 7.900000 -10.352501
v 1.300000 7.940000 -10.352501
v 1.260000 7.940000 -10.312500
v 1.260000 8.020000 -10.352501
v 1.260000 7.980000 -10.312500
v 1.300000 7.980000 -10.352501
v -1.260000 7.900000 -10.622499
v -1.300000 7.940000 -10.622499
v -1.260000 7.940000 -10.662500
v -1.260000 8.020000 -10.622499
v -1.260000 7.980000 -10.662500
v -1.300000 7.980000 -10.622499
v -1.260000 7.900000 -10.352500
v -1.260000 7.940000 -10.312500
v -1.300000 7.940000 -10.352500
v -1.260000 8.020000 -10.352500
v -1.300000 7.980000 -10.352500
v -1.260000 7.980000 -10.312500
v -1.110000 14.700001 4.622500
v -1.110000 14.740001 4.662500
v -1.150000 14.740001 4.622500
v -1.110000 14.960000 4.662500
v -1.110000 15.000000 4.622500
v -1.150000 14.960000 4.622500
v -1.110000 14.700001 4.302500
v -1.150000 14.740001 4.302500
v -1.110000 14.740001 4.262500
v -1.110000 15.000000 4.302500
v -1.110000 14.960000 4.262500
v -1.150000 14.960000 4.302500
v 1.110000 14.700001 4.622500
v 1.150000 14.740001 4.622500
v 1.110000 14.740001 4.662500
v 1.110000 15.000000 4.622500
v 1.110000 14.960000 4.662500
v 1.150000 14.960000 4.622500
v 1.110000 14.700001 4.302500
v 1.110000 14.740001 4.262500
v 1.150000 14.740001 4.302500
v 1.110000 15.000000 4.302500
v 1.150000 14.960000 4.302500
v 1.110000 14.960000 4.262500
v -1.260000 12.200001 4.822500
v -1.260000 12.240001 4.862500
v -1.300000 12.240001 4.822500
v -1.260000 12.460000 4.862500
v -1.260000 12.500000 4.822500
v -1.300000 12.460000 4.822500
v -1.260000 12.200001 4.302500
v -1.300000 12.240001 4.302500
v -1.260000 12.240001 4.262500
v -1.260000 12.500000 4.302500
v -1.260000 12.460000 4.262500
v -1.300000 12.460000 4.302500
v 1.260000 12.200001 4.822500
v 1.300000 12.240001 4.822500
v 1.260000 12.240001 4.862500
v 1.260000 12.500000 4.822500
v 1.260000 12.460000 4.862500
v 1.300000 12.460000 4.822500
v 1.260000 12.200001 4.302500
v 1.260000 12.240001 4.262500
v 1.300000 12.240001 4.302500
v 1.260000 12.500000 4.302500
v 1.300000 12.460000 4.302500
v 1.260000 12.460000 4.262500
v -1.200000 12.500000 4.662500
v -1.200000 14.700001 4.662500
v -1.200000 12.500000 4.262500
v -1.200000 14.700001 4.262500
v -0.900000 12.500000 4.662500
v -0.900000 14.700001 4.662500
v -0.900000 12.500000 4.262500
v -0.900000 14.700001 4.262500
v 0.900000 12.500000 4.662500
v 0.900000 14.700001 4.662500
v 0.900000 12.500000 4.262500
v 0.900000 14.700001 4.262500
v 1.200000 12.500000 4.662500
v 1.200000 14.700001 4.662500
v 1.200000 12.500000 4.262500
v 1.200000 14.700001 4.262500
v -0.060000 12.500000 4.662500
v -0.060000 14.700001 4.662500
v -0.060000 12.500000 4.462500
v -0.060000 14.700001 4.462500
v 0.060000 12.500000 4.662500
v 0.060000 14.700001 4.662500
v 0.060000 12.500000 4.462500
v 0.060000 14.700001 4.462500
v -0.900000 13.540001 4.662500
v -0.900000 13.660000 4.662500
v -0.900000 13.540001 4.462500
v -0.900000 13.660000 4.462500
v 0.900000 13.540001 4.662500
v 0.900000 13.660000 4.662500
v 0.900000 13.540001 4.462500
v 0.900000 13.660000 4.462500
vn -0.5774 -0.5773 0.5773
vn -0.5774 0.5773 0.5774
vn -0.5774 -0.5773 -0.5773
vn -0.5774 0.5773 -0.5774
vn 0.5774 -0.5773 0.5773
vn 0.5774 0.5773 0.5774
vn 0.5774 -0.5773 -0.5773
vn 0.5774 0.5773 -0.5774
vn -0.7071 -0.7071 -0.0000
vn -0.7071 -0.0000 0.7071
vn -0.7071 0.7071 -0.0000
vn -0.7071 -0.0000 -0.7071
vn -0.0000 -0.7071 -0.7071
vn -0.0000 0.7071 -0.7071
vn 0.7071 -0.0000 -0.7071
vn 0.7071 -0.7071 -0.0000
vn 0.7071 0.7071 -0.0000
vn 0.7071 -0.0000 0.7071
vn -0.0000 -0.7071 0.7071
vn -0.0000 0.7071 0.7071
vn -0.0000 -1.0000 -0.0000
vn -1.0000 -0.0000 -0.0000
vn -0.0000 -0.0000 1.0000
vn -0.0000 1.0000 -0.0000
vn -0.0000 -0.0000 -1.0000
vn 1.0000 -0.0000 -0.0000
vn -0.8616 -0.2263 0.4544
vn -0.3050 0.1181 0.9450
vn -0.4374 -0.0680 -0.8967
vn -0.7862 0.3697 -0.4952
vn 0.4825 -0.5385 0.6908
vn 0.8917 0.0910 0.4434
vn 0.3121 -0.6699 -0.6736
vn 0.7226 0.4541 -0.5211
vn -0.7163 -0.6956 0.0549
vn -0.9176 0.1038 0.3837
vn -0.8218 0.5465 -0.1612
vn -0.8850 0.0691 -0.4604
vn 0.0544 -0.7450 -0.6648
vn -0.0354 0.4807 -0.8762
vn 0.8598 -0.0452 -0.5086
vn 0.5595 -0.6370 0.5302
vn 0.9848 0.1436 0.0974
vn 0.8838 0.1213 0.4519
vn 0.0088 -0.6741 0.7386
vn -0.0194 0.4388 0.8984
vn 0.0301 -0.9573 0.2874
vn -0.8055 0.0634 0.5891
vn 0.0176 0.0938 0.9954
vn -0.0243 0.9730 0.2296
vn -0.0779 -0.0784 -0.9939
vn 0.9564 0.1294 0.2618
vn -0.2310 -0.5330 0.8140
vn -0.6787 0.6903 0.2506
vn -0.6251 -0.3486 -0.6984
vn -0.7091 0.6381 -0.3001
vn 0.3614 -0.7366 0.5716
vn 0.4619 0.5533 0.6931
vn 0.6351 -0.7706 -0.0538
vn -0.0202 0.5573 -0.8301
vn -0.8853 -0.2881 -0.3650
vn -0.4526 0.1127 0.8846
vn -0.6296 0.7769 -0.0065
vn -0.9557 0.0153 -0.2939
vn -0.0085 -0.7809 -0.6246
vn 0.0423 0.7079 -0.7050
vn 0.2245 -0.0505 -0.9732
vn 0.7394 -0.5576 -0.3774
vn 0.3588 0.9253 -0.1224
vn 0.6198 0.0628 0.7823
vn -0.0305 -0.5521 0.8332
vn 0.0028 0.7239 0.6899
vn 0.0290 -0.9941 0.1050
vn -0.9485 0.0191 -0.3163
vn -0.0065 -0.0497 0.9987
vn 0.0263 0.9788 -0.2029
vn -0.0020 0.0878 -0.9961
vn 0.9234 -0.0687 -0.3777
vn -0.4882 -0.3917 0.7799
vn -0.4335 0.5470 0.7161
vn -0.3396 -0.7815 -0.5234
vn -0.3540 0.1785 -0.9180
vn 0.6106 -0.3702 0.7001
vn 0.6544 0.5340 0.5354
vn 0.7728 -0.6323 0.0543
vn 0.6066 0.4319 -0.6674
vn -0.3627 -0.8787 -0.3105
vn -0.5650 0.0355 0.8243
vn -0.5804 0.7021 -0.4126
vn -0.4237 -0.0775 -0.9025
vn -0.0008 -0.9029 -0.4297
vn 0.0128 0.2668 -0.9637
vn 0.7086 -0.1318 -0.6932
vn 0.7406 -0.6716 0.0226
vn 0.8023 0.5015 0.3239
vn 0.6406 -0.0061 0.7678
vn 0.0097 -0.7079 0.7062
vn 0.0283 0.5491 0.8353
vn 0.0106 -0.9939 -0.1100
vn -0.7416 -0.0630 -0.6679
vn 0.0465 -0.0249 0.9986
vn 0.0177 0.9948 0.1000
vn 0.0327 0.0325 -0.9989
vn 0.9670 -0.2537 -0.0217
vn -0.8414 -0.1470 0.5200
vn -0.5440 0.7245 0.4233
vn -0.7112 -0.7027 0.0208
vn -0.7127 0.6332 -0.3018
vn 0.5409 -0.0651 0.8386
vn 0.3057 0.8098 0.5008
vn 0.6934 -0.4339 -0.5752
vn 0.5185 0.1599 -0.8400
vn -0.6102 -0.6386 0.4688
vn -0.8350 -0.0720 0.5455
vn -0.8722 0.4818 -0.0844
vn -0.9377 0.0651 -0.3412
vn -0.0369 -0.5352 -0.8439
vn -0.0339 0.8306 -0.5558
vn 0.5031 0.2594 -0.8244
vn 0.9139 -0.2713 0.3020
vn 0.4661 0.8581 -0.2156
vn 0.7513 0.0280 0.6594
vn 0.0563 -0.7326 0.6783
vn 0.0209 0.8340 0.5514
vn 0.0481 -0.9774 -0.2058
vn -0.9263 0.1296 0.3539
vn 0.0469 -0.1245 0.9911
vn 0.0152 0.9993 0.0334
vn -0.0541 -0.1620 -0.9853
vn 0.9478 -0.1122 0.2985
vn -0.8351 -0.2573 0.4861
vn -0.6190 0.4010 0.6753
vn -0.7716 -0.3949 -0.4987
vn -0.2806 0.1740 -0.9439
vn 0.2698 -0.0699 0.9604
vn 0.2977 0.4030 0.8654
vn 0.6070 -0.3996 -0.6869
vn 0.1538 0.8597 -0.4871
vn -0.7685 -0.6294 -0.1155
vn -0.8416 -0.0152 0.5399
vn -0.5274 0.8415 -0.1172
vn -0.4692 -0.1699 -0.8666
vn -0.0013 -0.6245 -0.7810
vn -0.0260 0.0775 -0.9967
vn 0.5576 -0.0685 -0.8273
vn 0.8096 -0.5846 -0.0529
vn 0.5423 0.8394 -0.0377
vn 0.4953 -0.0668 0.8661
vn -0.0268 -0.5591 0.8287
vn 0.0227 0.3129 0.9495
vn -0.0381 -0.9830 0.1796
vn -0.9826 -0.1711 0.0723
vn 0.0239 -0.0527 0.9983
vn 0.0251 0.9793 -0.2010
vn -0.0438 -0.0003 -0.9990
vn 0.9808 -0.0874 -0.1746
vn -0.4117 -0.5228 0.7464
vn -0.4982 0.8595 -0.1141
vn -0.7302 -0.5443 -0.4130
vn -0.3797 0.4769 -0.7927
vn 0.6951 -0.5304 0.4853
vn 0.6679 0.2167 0.7120
vn 0.3947 -0.4911 -0.7766
vn 0.7291 0.1158 -0.6746
vn -0.7967 -0.5766 -0.1811
vn -0.6022 0.0937 0.7928
vn -0.3467 0.5849 0.7333
vn -0.2679 -0.0335 -0.9629
vn -0.0302 -0.6108 -0.7912
vn 0.0101 0.6386 -0.7695
vn 0.7255 0.2045 -0.6572
vn 0.7191 -0.6152 0.3232
vn 0.9479 0.1907 -0.2553
vn 0.6779 -0.0355 0.7343
vn -0.0051 -0.5120 0.8590
vn -0.0056 0.3597 0.9330
vn -0.0030 -0.9799 -0.1992
vn -0.8334 -0.1046 -0.5427
vn 0.0234 -0.0066 0.9997
vn -0.0464 0.9773 -0.2067
vn 0.0039 0.0921 -0.9957
vn 0.9086 -0.0359 0.4161
vn 0.1259 -0.6530 0.7468
vn -0.4752 0.8383 0.2673
vn -0.2742 -0.8081 -0.5214
vn -0.5287 0.8471 -0.0538
vn 0.3123 -0.7119 0.6290
vn 0.7612 0.6104 0.2190
vn 0.5436 -0.3009 -0.7836
vn 0.7421 0.3437 -0.5754
vn -0.2446 -0.7749 -0.5828
vn -0.5006 0.2108 0.8397
vn -0.4726 0.8337 0.2856
vn -0.9483 -0.0156 -0.3169
vn -0.0146 -0.6315 -0.7752
vn -0.0033 0.9550 -0.2964
vn 0.6847 -0.0738 -0.7251
vn 0.6140 -0.7580 0.2201
vn 0.7221 0.5537 0.4146
vn 0.8139 0.0720 0.5765
vn 0.0011 -0.6299 0.7767
vn -0.0360 0.7153 0.6979
vn 0.0042 -0.9180 -0.3967
vn -0.9831 0.1028 0.1512
vn -0.0152 0.0238 0.9996
vn -0.0104 0.9701 -0.2425
vn 0.0177 0.0530 -0.9984
vn 0.9881 0.1323 0.0780
vn -0.6709 -0.6325 0.3871
vn -0.4347 0.4863 0.7580
vn -0.2286 -0.6272 -0.7446
vn -0.8574 0.1880 -0.4791
vn 0.5171 -0.2687 0.8127
vn 0.5287 0.6957 0.4863
vn 0.4547 -0.6533 -0.6054
vn 0.6231 0.5963 -0.5061
vn -0.4207 -0.7981 0.4313
vn -0.7832 0.0840 0.6160
vn -0.6240 0.6538 -0.4279
vn -0.8633 -0.0224 -0.5043
vn -0.0056 -0.6909 -0.7230
vn 0.0328 0.6469 -0.7619
vn 0.8408 0.0294 -0.5405
vn 0.4764 -0.8773 -0.0587
vn 0.3138 0.9218 0.2279
vn 0.6463 -0.0421 0.7619
vn -0.0228 -0.9114 0.4109
vn -0.0471 0.8879 0.4577
vn 0.0204 -0.8998 0.4358
vn -0.9850 0.0688 0.1582
vn 0.0645 -0.1317 0.9892
vn 0.0402 0.9859 0.1627
vn 0.0068 -0.0162 -0.9998
vn 0.9991 -0.0115 0.0418
vn -0.7314 -0.4615 0.5021
vn -0.5440 0.8107 0.2164
vn -0.3720 -0.8318 -0.4120
vn -0.5106 0.5352 -0.6729
vn -0.1140 -0.4786 0.8706
vn 0.6148 0.3448 0.7093
vn 0.5919 -0.0741 -0.8026
vn 0.6173 0.6378 -0.4607
vn -0.3266 -0.5320 -0.7813
vn -0.7182 -0.1098 0.6872
vn -0.6278 0.7722 0.0976
vn -0.6970 -0.1026 -0.7097
vn -0.0269 -0.1151 -0.9930
vn -0.0264 0.4181 -0.9080
vn 0.7572 -0.0943 -0.6463
vn 0.3541 -0.7853 0.5078
vn 0.5345 0.6120 -0.5828
vn 0.7128 0.0835 0.6964
vn 0.0224 -0.8210 0.5705
vn -0.0241 0.5060 0.8622
vn 0.0372 -0.6338 -0.7726
vn -0.9762 -0.1293 -0.1743
vn 0.0445 -0.0959 0.9944
vn 0.0162 0.9994 -0.0316
vn 0.0234 -0.1220 -0.9923
vn 0.9517 0.1300 0.2781
vn -0.8471 -0.5292 -0.0489
vn -0.7656 0.4811 0.4272
vn -0.6040 -0.7896 -0.1078
vn -0.2342 0.5782 -0.7816
vn 0.7384 -0.6130 0.2809
vn 0.7545 0.2973 0.5851
vn 0.4189 -0.4640 -0.7805
vn 0.4415 0.7393 -0.5085
vn -0.5090 -0.5442 -0.6669
vn -0.8628 0.1122 0.4929
vn -0.8251 0.5579 -0.0893
vn -0.1831 0.1730 -0.9677
vn -0.0634 -0.6084 -0.7911
vn -0.0029 0.6152 -0.7884
vn 0.7318 0.0131 -0.6814
vn 0.7365 -0.5891 0.3325
vn 0.5142 0.5076 0.6914
vn 0.7721 0.0341 0.6345
vn 0.0143 -0.9094 0.4156
vn -0.0552 0.5843 0.8097
vn 0.0316 -0.7495 -0.6613
vn -0.9827 -0.0898 -0.1617
vn -0.0084 0.0715 0.9974
vn -0.0190 0.9685 -0.2485
vn -0.0065 0.1589 -0.9873
vn 0.8031 -0.1005 0.5873
vn -0.4142 -0.5482 0.7266
vn -0.3328 0.5509 0.7654
vn -0.6269 -0.3415 -0.7002
vn -0.6517 0.7575 0.0383
vn 0.3631 -0.6493 0.6682
vn 0.8829 0.1017 0.4584
vn 0.8988 -0.2602 -0.3528
vn 0.9550 0.2963 0.0148
vn -0.8012 -0.5231 -0.2906
vn -0.6730 -0.1769 0.7182
vn -0.6239 0.7685 -0.1422
vn -0.8890 -0.1152 -0.4433
vn 0.0207 -0.3115 -0.9500
vn 0.0180 0.9605 -0.2778
vn 0.9947 -0.0033 -0.1024
vn 0.0068 -0.0126 -0.9999
vn 0.8973 0.3648 -0.2485
vn 0.8450 -0.0668 0.5306
vn -0.0044 -0.6316 0.7753
vn 0.0005 0.3292 0.9443
vn -0.0244 -0.9133 0.4066
vn -0.9859 -0.1210 -0.1158
vn -0.0039 -0.0034 1.0000
vn -0.0192 0.9978 0.0627
vn 0.0097 0.0301 -0.9995
vn 0.0682 0.0466 -0.9966
vn -0.5458 -0.4441 0.7105
vn -0.5575 0.7214 0.4107
vn -0.5069 -0.6781 -0.5321
vn -0.8104 0.2960 -0.5055
vn 0.2592 -0.8951 0.3629
vn 0.1451 0.0921 0.9851
vn 0.3520 -0.2965 -0.8878
vn 0.5087 -0.2452 -0.8253
vn -0.7252 -0.6775 -0.1232
vn -0.6508 -0.0039 0.7593
vn -0.6237 0.7200 0.3044
vn -0.8875 0.0825 -0.4534
vn -0.0407 -0.3305 -0.9429
vn 0.0229 0.2604 -0.9652
vn 0.5636 0.1505 -0.8122
vn 0.1755 -0.7766 0.6051
vn 0.7318 0.6780 -0.0686
vn 0.2508 -0.0262 0.9677
vn 0.0309 -0.4500 0.8925
vn -0.0463 0.1234 0.9913
vn 0.0183 -0.9425 0.3337
vn -0.9941 0.0945 -0.0527
vn -0.0089 0.0944 0.9955
vn -0.0033 0.9499 -0.3127
vn 0.0054 0.0320 -0.9995
vn 0.9998 0.0179 -0.0012
vn -0.6112 -0.6182 0.4941
vn -0.7573 0.6242 0.1920
vn -0.9551 -0.1883 -0.2287
vn -0.7558 0.3752 -0.5366
vn 0.7045 -0.2155 0.6762
vn 0.5252 0.6762 0.5167
vn 0.4399 -0.6023 -0.6661
vn 0.7164 0.3451 -0.6064
vn -0.8823 -0.3269 0.3386
vn -0.7290 -0.0336 0.6837
vn -0.7677 0.6233 0.1490
vn -0.7307 0.0980 -0.6756
vn 0.0201 -0.5176 -0.8554
vn 0.0250 0.3872 -0.9216
vn 0.8491 0.1610 -0.5032
vn 0.8315 -0.4606 0.3105
vn 0.7460 0.2094 0.6322
vn 0.6818 0.0326 0.7308
vn 0.0117 -0.7564 0.6540
vn 0.0326 0.8241 0.5655
vn 0.0145 -0.9975 0.0691
vn -0.8805 -0.0319 -0.4730
vn 0.0236 -0.0306 0.9993
vn -0.0362 0.5643 0.8248
vn 0.0292 0.0597 -0.9978
vn 0.9885 0.0391 0.1459
vn -0.7238 -0.1668 0.6695
vn -0.8274 0.4633 0.3175
vn -0.2444 -0.8557 -0.4561
vn -0.4851 0.6827 -0.5463
vn 0.4553 -0.4649 0.7593
vn 0.4156 0.0527 0.9080
vn 0.0636 -0.9187 -0.3899
vn 0.6178 0.5811 -0.5298
vn -0.6065 -0.7769 0.1690
vn -0.7319 -0.0259 0.6809
vn -0.7932 0.5308 -0.2984
vn -0.7222 0.1005 -0.6843
vn -0.0380 -0.9177 -0.3955
vn -0.0050 0.7503 -0.6611
vn 0.8307 0.1197 -0.5437
vn 0.7685 -0.5351 0.3508
vn 0.5534 0.7704 0.3165
vn 0.4200 0.0252 0.9072
vn -0.0261 -0.3607 0.9323
vn -0.0261 0.2328 0.9722
vn -0.0313 -0.9822 -0.1851
vn -0.9992 0.0395 0.0083
vn -0.0170 0.0503 0.9986
vn -0.0118 0.9267 -0.3757
vn 0.0172 0.0883 -0.9959
vn 0.9704 -0.0012 0.2414
vn -0.4206 -0.4325 0.7975
vn -0.4962 0.8610 0.1116
vn -0.6512 -0.6300 -0.4232
vn -0.7998 0.2415 -0.5496
vn 0.3883 -0.5912 0.7069
vn 0.1164 0.8811 0.4583
vn 0.6227 -0.3486 -0.7005
vn 0.6367 0.7346 -0.2346
vn -0.6820 -0.6393 -0.3552
vn -0.5904 -0.0767 0.8034
vn -0.5439 0.7672 -0.3400
vn -0.7779 0.1103 -0.6186
vn 0.0027 -0.5284 -0.8490
vn 0.0266 0.4521 -0.8916
vn 0.7181 -0.0381 -0.6948
vn 0.4518 -0.8600 0.2372
vn 0.6610 0.7337 -0.1573
vn 0.7746 -0.0313 0.6317
vn -0.0154 -0.5172 0.8557
vn 0.0166 0.8636 0.5039
vn -0.0364 -0.8438 0.5355
vn -0.9948 0.0175 -0.1000
vn -0.0023 -0.0389 0.9992
vn 0.0029 0.9989 -0.0471
vn 0.0223 0.0925 -0.9955
vn 0.8968 0.0157 -0.4421
vn -0.5269 -0.5464 0.6511
vn -0.6634 0.5302 0.5280
vn -0.5513 -0.8011 -0.2332
vn -0.8361 0.2289 -0.4985
vn 0.8095 -0.2150 0.5463
vn 0.3101 0.8239 0.4744
vn 0.8236 -0.5476 -0.1476
vn 0.5575 0.6354 -0.5343
vn -0.5501 -0.7903 -0.2700
vn -0.5857 -0.1671 0.7931
vn -0.7198 0.6829 0.1246
vn -0.8439 0.0266 -0.5358
vn -0.0135 -0.9385 -0.3450
vn 0.0164 0.6941 -0.7197
vn 0.6741 -0.1008 -0.7317
vn 0.9185 -0.2637 -0.2948
vn 0.5943 0.7171 -0.3641
vn 0.7078 -0.1515 0.6900
vn -0.0515 -0.8114 0.5822
vn 0.0320 0.8503 0.5254
vn -0.0602 -0.9948 -0.0821
vn -0.9948 0.0107 -0.1010
vn -0.0331 -0.0301 0.9990
vn 0.0457 0.7748 -0.6305
vn 0.0170 -0.0477 -0.9987
vn 0.9938 -0.0915 0.0626
vn -0.3592 -0.2426 0.9012
vn -0.7551 0.4942 0.4309
vn -0.4615 -0.7235 -0.5133
vn -0.5517 0.1549 -0.8195
vn 0.7806 -0.5991 0.1780
vn 0.2538 0.7025 0.6648
vn 0.4321 -0.7109 -0.5550
vn 0.5957 0.7347 -0.3245
vn -0.7755 -0.6129 0.1517
vn -0.5880 0.0634 0.8064
vn -0.9211 0.3109 -0.2342
vn -0.5524 0.1609 -0.8179
vn 0.0367 -0.8377 -0.5449
vn 0.0052 0.5525 -0.8335
vn 0.5520 -0.0859 -0.8294
vn 0.7065 -0.6287 -0.3249
vn 0.5585 0.7173 -0.4166
vn 0.5959 -0.1766 0.7834
vn 0.0303 -0.2014 0.9790
vn -0.0181 0.7836 0.6210
vn 0.0311 -0.9052 0.4238
vn -0.9863 -0.1499 0.0695
vn -0.0139 -0.1136 0.9934
vn -0.0020 0.9618 -0.2736
vn 0.0169 0.1117 -0.9936
vn 0.8641 0.0160 0.5031
vn -0.8807 -0.4439 -0.1653
vn -0.5956 0.5952 0.5394
vn -0.5500 -0.6380 -0.5389
vn -0.5779 0.1856 -0.7947
vn 0.5951 -0.4433 0.6704
vn 0.5048 0.8462 0.1705
vn 0.2207 -0.7545 -0.6181
vn 0.7536 0.4820 -0.4470
vn -0.6915 -0.3832 0.6124
vn -0.9805 -0.0502 0.1898
vn -0.3287 0.7652 -0.5536
vn -0.5983 0.0338 -0.8006
vn 0.0105 -0.7817 -0.6236
vn -0.0516 0.2658 -0.9626
vn 0.8086 -0.0460 -0.5866
vn 0.3609 0.0066 -0.9326
vn 0.4767 0.4443 0.7585
vn 0.7120 -0.0348 0.7013
vn 0.0018 -0.7124 0.7017
vn 0.0425 0.9895 0.1384
vn -0.0015 -0.5961 -0.8029
vn -0.7703 0.0132 0.6376
vn -0.0205 -0.0860 0.9961
vn -0.0082 0.7580 0.6522
vn -0.0105 0.0472 -0.9988
vn 0.9516 -0.0434 0.3044
vn -0.6903 -0.7115 -0.1314
vn -0.8690 0.1651 0.4664
vn -0.5101 -0.7177 -0.4741
vn -0.5301 0.7772 -0.3390
vn 0.1192 -0.3381 0.9335
vn 0.6284 0.3692 0.6847
vn 0.7232 -0.6905 -0.0125
vn 0.3267 0.7109 -0.6228
vn -0.6162 -0.7873 0.0238
vn -0.8054 -0.0276 0.5921
vn -0.9691 0.2438 -0.0382
vn -0.8294 0.0188 -0.5583
vn -0.0522 -0.9385 -0.3414
vn 0.5099 0.6149 -0.6015
vn 0.5873 0.0177 -0.8092
vn 0.1898 -0.9818 -0.0046
vn 0.2567 0.9663 -0.0216
vn 0.5816 0.0730 0.8102
vn 0.1531 -0.2418 0.9582
vn 0.1122 0.7496 0.6523
vn -0.0783 -0.9965 -0.0299
vn -0.9988 0.0231 0.0433
vn 0.0446 -0.1198 0.9918
vn 0.9409 0.3363 -0.0415
vn 0.4753 -0.0536 -0.8782
vn 0.9994 0.0119 -0.0316
vn -0.6579 -0.4826 0.5782
vn -0.0193 0.7875 0.6160
vn -0.1379 -0.8337 -0.5347
vn -0.5941 0.4672 -0.6548
vn 0.6800 -0.4083 0.6090
vn 0.9027 0.2438 0.3546
vn 0.2898 -0.6709 -0.6826
vn 0.9135 0.1469 -0.3794
vn -0.5740 -0.8184 0.0266
vn -0.8093 0.0985 0.5790
vn -0.3686 0.9290 -0.0338
vn -0.5155 0.1071 -0.8501
vn 0.1748 -0.6679 -0.7235
vn -0.0815 0.8556 -0.5112
vn 0.9046 0.0131 -0.4261
vn 0.7972 -0.6036 0.0128
vn 0.9856 0.1691 -0.0005
vn 0.9225 -0.0458 0.3833
vn -0.2067 -0.6303 0.7483
vn -0.6592 0.6117 0.4374
vn -0.1030 -0.9947 0.0075
vn -0.9997 0.0262 0.0012
vn 0.1643 0.0813 0.9831
vn -0.6108 0.7914 -0.0231
vn 0.2601 0.0130 -0.9655
vn 0.9914 0.1233 0.0428
vn -0.6479 -0.0497 0.7601
vn -0.7563 0.4061 0.5129
vn -0.5484 -0.7800 -0.3014
vn -0.4036 0.4598 -0.7910
vn 0.5163 -0.3778 0.7685
vn 0.5487 0.5343 0.6430
vn 0.5592 -0.2572 -0.7881
vn 0.8655 0.1600 -0.4748
vn -0.5649 -0.8246 -0.0289
vn -0.6477 -0.0501 0.7602
vn -0.9263 0.3757 0.0287
vn -0.7017 -0.0202 -0.7122
vn -0.1870 -0.8413 -0.5072
vn 0.0274 0.5121 -0.8585
vn 0.7706 -0.0992 -0.6295
vn 0.7285 -0.6845 0.0260
vn 0.9709 0.2374 0.0310
vn 0.6691 -0.1284 0.7320
vn 0.5512 -0.1872 0.8131
vn 0.1766 0.6126 0.7704
vn 0.3928 -0.9194 -0.0214
vn -0.9990 0.0367 0.0245
vn -0.0884 -0.0895 0.9921
vn -0.3305 0.9438 -0.0056
vn 0.2947 0.0956 -0.9508
vn 0.9879 0.1552 -0.0048
vn -0.2122 -0.8603 0.4636
vn -0.2038 0.9575 0.2040
vn -0.8309 -0.4371 -0.3443
vn -0.8465 0.0852 -0.5255
vn 0.7099 -0.6851 0.1633
vn 0.4268 0.6405 0.6385
vn 0.3075 -0.7844 -0.5386
vn 0.4380 0.3538 -0.8264
vn -0.8197 -0.5726 0.0148
vn -0.6935 -0.0760 0.7164
vn -0.2831 0.9588 -0.0214
vn -0.8604 0.0207 -0.5091
vn 0.4843 -0.7098 -0.5115
vn 0.1133 0.4323 -0.8946
vn 0.5692 0.0451 -0.8209
vn 0.7383 -0.6740 0.0248
vn 0.5172 0.8546 -0.0464
vn 0.5557 0.0446 0.8302
vn -0.9022 -0.3277 0.2805
vn -0.2947 0.7368 0.6085
vn 0.2333 -0.9713 0.0459
vn -0.9996 0.0230 -0.0157
vn -0.2411 0.1338 0.9612
vn 0.3605 0.9317 -0.0442
vn -0.2163 0.1118 -0.9699
vn 0.9997 -0.0180 0.0142
vn 0.0218 -0.9262 0.3763
vn -0.7501 0.1863 0.6346
vn -0.2623 -0.7096 -0.6539
vn -0.6100 0.3382 -0.7166
vn 0.8099 -0.1982 0.5521
vn 0.6856 0.4647 0.5603
vn 0.4813 -0.8703 -0.1042
vn 0.9879 0.0733 -0.1366
vn -0.7292 -0.6841 -0.0196
vn -0.7035 0.0311 0.7100
vn -0.8467 0.5318 -0.0186
vn -0.6373 -0.0377 -0.7697
vn -0.6784 -0.6472 -0.3476
vn -0.4507 0.3720 -0.8115
vn 0.9801 -0.0112 -0.1983
vn 0.8185 -0.5730 -0.0400
vn 0.9981 0.0587 -0.0172
vn 0.8225 -0.0011 0.5688
vn -0.3944 -0.9120 0.1126
vn 0.2409 0.6048 0.7591
vn 0.0012 -1.0000 0.0069
vn -0.9998 -0.0176 -0.0039
vn -0.4139 0.0563 0.9086
vn -0.1959 0.9806 0.0012
vn -0.5206 0.0270 -0.8534
vn 0.9955 0.0932 0.0154
vn -0.5620 -0.4827 0.6716
vn -0.8400 0.3490 0.4155
vn -0.6456 -0.2905 -0.7063
vn -0.4555 0.4406 -0.7735
vn 0.3122 -0.6904 0.6526
vn 0.6125 0.7900 0.0250
vn 0.6559 -0.2739 -0.7034
vn 0.5840 0.4694 -0.6623
vn -0.9898 -0.1420 0.0074
vn -0.5823 0.0417 0.8119
vn -0.9050 0.4226 0.0495
vn -0.5929 0.0529 -0.8036
vn -0.2003 -0.6867 -0.6988
vn -0.6046 0.3866 -0.6965
vn 0.4378 -0.0013 -0.8991
vn 0.6634 -0.7476 -0.0317
vn 0.8766 0.4804 0.0271
vn 0.7255 -0.0424 0.6869
vn -0.4838 -0.5337 0.6936
vn 0.0384 0.9522 0.3031
vn 0.1605 -0.9870 0.0024
vn -0.9963 0.0862 -0.0058
vn -0.2996 0.1978 0.9333
vn 0.4846 0.8745 0.0192
vn 0.7706 -0.0144 -0.6371
vn 0.9975 0.0700 -0.0099
vn -0.7951 -0.5932 0.1262
vn -0.7776 0.1485 0.6109
vn -0.6230 -0.5831 -0.5214
vn -0.0504 0.7454 -0.6647
vn 0.6125 -0.5073 0.6062
vn 0.4277 0.2552 0.8671
vn 0.3623 -0.5018 -0.7854
vn 0.4327 0.3162 -0.8443
vn -0.5522 -0.8334 0.0246
vn -0.8946 0.0759 0.4405
vn -0.9056 0.4135 -0.0945
vn -0.2240 0.0222 -0.9743
vn 0.0458 -0.5013 -0.8640
vn 0.1052 0.6624 -0.7417
vn 0.4898 0.0106 -0.8717
vn 0.6433 -0.7645 -0.0409
vn 0.6442 0.7646 -0.0178
vn 0.5637 0.0055 0.8259
vn 0.3004 -0.9047 0.3020
vn 0.6465 0.2185 0.7309
vn -0.2980 -0.9541 0.0310
vn -0.9998 -0.0114 -0.0133
vn -0.0855 0.0305 0.9959
vn -0.1982 0.9802 0.0010
vn -0.0356 0.0182 -0.9992
vn 0.9995 0.0268 -0.0176
vn -0.2731 -0.3060 0.9120
vn -0.2084 0.7482 0.6299
vn -0.4438 -0.5052 -0.7401
vn 0.0239 0.6234 -0.7816
vn 0.9001 -0.3579 -0.2485
vn 0.5032 0.2831 0.8165
vn 0.6524 -0.1952 -0.7323
vn 0.5661 0.7275 -0.3877
vn -0.6013 -0.7990 0.0046
vn -0.2656 -0.0956 0.9593
vn -0.5246 0.8506 0.0354
vn -0.4362 -0.0806 -0.8962
vn -0.4375 -0.2745 -0.8563
vn -0.7897 0.2237 -0.5713
vn 0.7029 -0.0849 -0.7062
vn 0.9179 -0.3888 0.0800
vn 0.6610 0.7503 -0.0119
vn 0.5107 0.0555 0.8580
vn -0.3320 -0.2647 0.9054
vn -0.4074 0.6625 0.6286
vn -0.4004 -0.9162 0.0144
vn -0.9868 -0.1470 0.0679
vn -0.4109 0.0402 0.9108
vn -0.4355 0.9002 -0.0054
vn 0.2019 -0.0459 -0.9783
vn 0.9903 -0.1193 0.0708
vn -0.4297 -0.3609 0.8277
vn -0.8199 0.3980 0.4115
vn -0.7473 -0.3400 -0.5709
vn -0.6680 0.4979 -0.5530
vn 0.8289 -0.3791 0.4113
vn 0.3329 0.5856 0.7391
vn 0.7778 -0.3649 -0.5118
vn 0.3828 0.7776 -0.4988
vn -0.9180 -0.3961 -0.0182
vn -0.3888 0.0029 0.9213
vn -0.9293 0.3690 -0.0168
vn -0.6848 -0.0594 -0.7263
vn 0.0567 -0.8629 -0.5022
vn 0.1750 0.6466 -0.7425
vn 0.8190 0.1324 -0.5583
vn 0.8703 -0.4910 0.0390
vn 0.2010 0.9794 -0.0194
vn 0.4190 -0.2274 0.8791
vn -0.2560 -0.5173 0.8166
vn 0.0797 0.6155 0.7841
vn -0.4929 -0.8687 0.0481
vn -0.9999 0.0004 -0.0159
vn -0.8344 -0.1555 0.5288
vn 0.1715 0.9850 -0.0195
vn 0.0173 -0.0092 -0.9998
vn 0.9948 0.0977 0.0283
vn -0.2939 -0.5153 0.8050
vn -0.3390 0.2840 0.8969
vn -0.5539 -0.6127 -0.5638
vn -0.6867 0.4419 -0.5772
vn 0.8681 -0.2947 0.3993
vn 0.5780 0.3651 0.7298
vn 0.9487 -0.3108 -0.0570
vn 0.6338 0.4056 -0.6586
vn -0.7929 -0.6092 -0.0118
vn -0.4217 0.0331 0.9061
vn -0.6939 0.7200 -0.0080
vn -0.7509 0.0878 -0.6545
vn 0.5235 -0.5323 -0.6652
vn -0.1909 0.6826 -0.7054
vn 0.3962 0.0491 -0.9169
vn 0.8560 -0.5165 -0.0240
vn 0.9710 0.2326 -0.0552
vn 0.6414 0.1375 0.7548
vn -0.3227 -0.5105 0.7970
vn -0.1699 0.2621 0.9500
vn -0.4067 -0.9130 0.0320
vn -0.9915 0.1299 -0.0065
vn -0.3008 0.0452 0.9526
vn -0.4450 0.8932 -0.0639
vn 0.5635 0.1494 -0.8125
vn 0.9976 -0.0565 -0.0395
vn -0.6654 -0.5419 0.5134
vn -0.2951 0.4366 0.8499
vn -0.6287 -0.7669 -0.1287
vn -0.3161 0.9378 -0.1438
vn 0.7922 -0.2852 0.5396
vn 0.0705 0.8336 0.5478
vn 0.7834 -0.1832 -0.5939
vn 0.1869 0.9382 -0.2914
vn -0.6265 -0.7788 -0.0313
vn -0.6986 -0.0058 0.7155
vn -0.5967 0.8025 0.0010
vn -0.6983 -0.0390 -0.7148
vn 0.4506 -0.4884 -0.7472
vn 0.1110 0.9799 -0.1657
vn 0.5503 -0.0807 -0.8310
vn 0.7923 -0.6101 -0.0098
vn 0.1826 0.9832 -0.0077
vn 0.4027 0.0480 0.9141
vn -0.4544 -0.7335 0.5054
vn 0.7917 0.4264 0.4375
vn 0.3474 -0.9377 -0.0019
vn -0.9987 -0.0489 0.0110
vn 0.2919 0.0412 0.9556
vn -0.0673 0.9977 -0.0094
vn 0.0012 -0.0045 -1.0000
vn 0.9949 -0.1013 -0.0027
vn -0.6513 -0.7358 0.1852
vn -0.2298 0.7904 0.5679
vn -0.5017 -0.6286 -0.5943
vn -0.6959 0.1602 -0.7000
vn 0.5797 -0.3089 0.7540
vn 0.6209 0.6518 0.4355
vn 0.5988 -0.7135 -0.3638
vn 0.6509 0.6130 -0.4479
vn -0.7172 -0.6956 0.0414
vn -0.8785 0.1561 0.4514
vn -0.8147 0.5797 0.0108
vn -0.7017 0.1092 -0.7040
vn 0.2488 -0.8141 -0.5247
vn 0.0739 0.2342 -0.9694
vn 0.5042 0.1277 -0.8541
vn 0.7346 -0.6758 -0.0608
vn 0.8293 0.5578 -0.0328
vn 0.9146 0.1270 0.3839
vn 0.1391 -0.8992 0.4149
vn 0.1954 0.6174 0.7620
vn 0.0096 -0.9993 0.0360
vn -0.9997 -0.0222 -0.0128
vn 0.3034 0.0912 0.9485
vn -0.6854 0.7231 -0.0854
vn 0.0723 0.1376 -0.9878
vn 0.9916 -0.0994 -0.0830
vn -0.4020 -0.6176 0.6760
vn -0.3993 0.6453 0.6513
vn -0.4250 -0.8451 -0.3244
vn -0.8235 0.4414 -0.3565
vn 0.8460 -0.4883 0.2143
vn 0.8951 0.4263 0.1307
vn 0.0606 -0.6013 -0.7968
vn 0.5232 0.5428 -0.6569
vn -0.4617 -0.8870 -0.0112
vn -0.4530 -0.0504 0.8901
vn -0.8497 0.5268 -0.0246
vn -0.6681 -0.0306 -0.7434
vn -0.2908 -0.5974 -0.7474
vn -0.1658 0.5548 -0.8153
vn 0.3815 0.0137 -0.9242
vn 0.8574 -0.5145 0.0115
vn 0.6936 0.7197 0.0313
vn 0.9796 0.1615 0.1196
vn -0.3792 -0.6211 0.6860
vn 0.0874 0.6895 0.7190
vn -0.4959 -0.8684 -0.0091
vn -0.9995 0.0260 0.0182
vn -0.1745 -0.0123 0.9846
vn 0.0354 0.9993 -0.0099
vn 0.4035 0.1141 -0.9079
vn 0.9898 -0.1402 -0.0251
vn -0.8282 -0.0912 0.5530
vn -0.5342 0.7266 0.4320
vn -0.2440 -0.5203 -0.8184
vn -0.7446 0.2903 -0.6011
vn 0.5461 -0.6179 0.5657
vn 0.5066 0.6274 0.5914
vn 0.8850 -0.3621 -0.2928
vn 0.4362 0.2084 -0.8754
vn -0.4398 -0.8970 0.0440
vn -0.8147 -0.0022 0.5799
vn -0.7288 0.6840 0.0308
vn -0.6501 -0.0323 -0.7591
vn -0.6769 -0.1891 -0.7113
vn -0.2731 0.7940 -0.5431
vn 0.4388 0.1154 -0.8911
vn 0.6305 -0.7740 -0.0571
vn 0.8619 0.5060 0.0335
vn 0.6477 0.0350 0.7611
vn -0.0283 -0.5610 0.8273
vn 0.4090 0.6581 0.6321
vn 0.0403 -0.9968 -0.0683
vn -0.9856 0.1661 0.0315
vn 0.2541 0.0723 0.9645
vn -0.2359 0.9710 0.0391
vn -0.3971 -0.0077 -0.9178
vn 0.9932 -0.1075 -0.0449
vn -0.6569 -0.1682 0.7350
vn -0.3222 0.6559 0.6827
vn -0.7634 -0.6207 -0.1789
vn -0.5502 0.6115 -0.5686
vn 0.7759 -0.4514 0.4407
vn 0.4822 0.6089 0.6299
vn 0.7583 -0.4084 -0.5082
vn 0.2695 0.8125 -0.5170
vn -0.8045 -0.5937 -0.0176
vn -0.6524 -0.1296 0.7467
vn -0.4306 0.9025 0.0063
vn -0.7705 -0.0218 -0.6371
vn 0.2397 -0.4502 -0.8602
vn -0.0936 0.7613 -0.6417
vn 0.9004 -0.0436 -0.4330
vn 0.5116 -0.8588 0.0262
vn 0.2591 0.9657 -0.0201
vn 0.6337 0.0025 0.7736
vn 0.2899 -0.6237 0.7259
vn -0.1971 0.6502 0.7337
vn 0.4739 -0.8803 -0.0217
vn -0.9990 0.0299 -0.0319
vn -0.7052 -0.1327 0.6964
vn 0.3709 0.9284 -0.0203
vn 0.3008 -0.1186 -0.9463
vn 0.9987 -0.0493 0.0114
vn -0.4319 -0.5935 0.6792
vn -0.4256 0.8039 0.4154
vn -0.5526 -0.6709 -0.4945
vn -0.2450 0.6000 -0.7616
vn 0.6623 -0.2269 0.7140
vn 0.7675 0.0363 0.6401
vn 0.2035 -0.8667 -0.4555
vn 0.8322 0.2582 -0.4906
vn -0.8174 -0.5759 -0.0133
vn -0.7669 -0.0936 0.6350
vn -0.5240 0.8515 0.0184
vn -0.5382 0.0856 -0.8385
vn -0.3121 -0.8594 -0.4050
vn -0.4414 0.5452 -0.7127
vn 0.8685 0.1188 -0.4813
vn 0.7699 -0.6375 -0.0295
vn 0.5550 0.8318 -0.0139
vn 0.7595 0.0892 0.6443
vn -0.7026 -0.4944 0.5119
vn 0.1914 0.6325 0.7505
vn -0.2453 -0.9694 0.0092
vn -0.9997 -0.0230 0.0052
vn -0.4591 0.1086 0.8817
vn 0.5357 0.8443 -0.0136
vn -0.6154 0.0749 -0.7847
vn 0.9956 0.0931 -0.0072
vn -0.0600 -0.8182 0.5717
vn -0.2372 0.5568 0.7960
vn -0.5803 -0.7832 -0.2231
vn -0.1416 0.9695 -0.2001
vn 0.3714 -0.6777 0.6347
vn 0.4556 0.7604 0.4628
vn 0.8152 -0.2106 -0.5395
vn 0.6547 0.3383 -0.6759
vn -0.5126 -0.8584 -0.0181
vn -0.6344 0.0494 0.7714
vn -0.7952 0.6058 0.0252
vn -0.5156 -0.1477 -0.8440
vn 0.2902 -0.6449 -0.7070
vn -0.0626 0.9822 -0.1774
vn 0.6168 0.0332 -0.7864
vn 0.7719 -0.6348 -0.0341
vn 0.7827 0.6213 -0.0381
vn 0.6079 0.0559 0.7920
vn 0.2114 -0.8053 0.5539
vn -0.5956 0.7980 0.0917
vn -0.4492 -0.8933 -0.0155
vn -0.9972 0.0570 -0.0474
vn -0.0704 0.2065 0.9759
vn 0.2226 0.9743 -0.0356
vn 0.2900 0.0419 -0.9561
vn 0.9955 -0.0933 -0.0151
vn -0.0000 -0.4339 -0.9010
vn -0.0000 -0.9749 -0.2225
vn -0.0000 -0.7818 0.6235
vn -0.0000 0.7818 0.6235
vn -0.0000 0.9749 -0.2225
vn -0.0000 0.4339 -0.9010
vn 0.4339 0.9010 -0.0000
vn 0.9749 0.2225 -0.0000
vn 0.7818 -0.6235 -0.0000
vn -0.7818 -0.6235 -0.0000
vn -0.9749 0.2225 -0.0000
vn -0.4339 0.9010 -0.0000
vn 0.6691 0.7431 -0.0000
vn -0.6691 0.7431 -0.0000
vn -0.7431 -0.6691 -0.0000
vn 0.7431 0.6691 -0.0000
vn 0.6691 -0.7431 -0.0000
vn 0.3203 -0.9045 0.2817
vn 0.0363 -0.4614 0.8865
vn -0.4702 -0.8025 0.3672
vn -0.4614 -0.0363 0.8865
vn -0.8025 0.4702 0.3672
vn -0.9045 -0.3203 0.2818
vn 0.3838 -0.8473 -0.3672
vn -0.4131 -0.8660 -0.2817
vn -0.0843 -0.4551 -0.8865
vn -0.8660 0.4131 -0.2817
vn -0.4551 0.0843 -0.8865
vn -0.8473 -0.3838 -0.3672
vn 0.8025 -0.4702 0.3672
vn 0.9045 0.3203 0.2818
vn 0.4614 0.0363 0.8864
vn -0.3203 0.9045 0.2817
vn -0.0363 0.4614 0.8865
vn 0.4702 0.8025 0.3672
vn 0.8660 -0.4131 -0.2817
vn 0.4551 -0.0843 -0.8865
vn 0.8473 0.3838 -0.3672
vn -0.3838 0.8473 -0.3672
vn 0.4131 0.8660 -0.2817
vn 0.0843 0.4551 -0.8865
vn 0.3338 -0.9426 -0.0000
vn -0.4305 -0.9026 -0.0000
vn -0.2844 -0.2561 0.9239
vn -0.6866 -0.6182 0.3827
vn -0.9026 0.4305 -0.0000
vn -0.9426 -0.3338 -0.0000
vn -0.2844 -0.2561 -0.9239
vn -0.6866 -0.6182 -0.3827
vn 0.6182 -0.6866 -0.3827
vn 0.2561 -0.2844 -0.9239
vn -0.6182 0.6866 -0.3827
vn -0.2561 0.2844 -0.9239
vn 0.6866 0.6182 -0.3827
vn 0.2844 0.2561 -0.9239
vn 0.9026 -0.4305 -0.0000
vn 0.9426 0.3338 -0.0000
vn -0.3338 0.9426 -0.0000
vn 0.4305 0.9026 -0.0000
vn 0.2844 0.2561 0.9239
vn 0.6866 0.6182 0.3827
vn 0.6182 -0.6866 0.3827
vn 0.2561 -0.2844 0.9239
vn -0.6182 0.6866 0.3827
vn -0.2561 0.2844 0.9239
vn -0.7431 0.6691 -0.0000
vn 0.7431 -0.6691 -0.0000
vn -0.6691 -0.7431 -0.0000
vn -0.8660 -0.4131 0.2817
vn -0.4551 -0.0843 0.8865
vn -0.8473 0.3838 0.3672
vn -0.0843 0.4551 0.8865
vn 0.3838 0.8473 0.3672
vn -0.4131 0.8660 0.2817
vn -0.8025 -0.4702 -0.3672
vn -0.9045 0.3203 -0.2817
vn -0.4614 0.0363 -0.8865
vn 0.3203 0.9045 -0.2817
vn 0.0363 0.4614 -0.8865
vn -0.4702 0.8025 -0.3672
vn -0.3838 -0.8473 0.3672
vn 0.4131 -0.8660 0.2817
vn 0.0843 -0.4551 0.8865
vn 0.8660 0.4131 0.2817
vn 0.4551 0.0843 0.8865
vn 0.8473 -0.3838 0.3672
vn -0.3203 -0.9044 -0.2817
vn -0.0363 -0.4614 -0.8865
vn 0.4703 -0.8025 -0.3672
vn 0.8025 0.4702 -0.3672
vn 0.9045 -0.3203 -0.2817
vn 0.4614 -0.0363 -0.8865
vn -0.9026 -0.4305 -0.0000
vn -0.9426 0.3338 -0.0000
vn -0.2844 0.2561 0.9239
vn -0.6866 0.6182 0.3827
vn 0.3338 0.9426 -0.0000
vn -0.4305 0.9026 -0.0000
vn -0.2844 0.2561 -0.9239
vn -0.6866 0.6182 -0.3827
vn -0.6182 -0.6866 -0.3827
vn -0.2561 -0.2844 -0.9239
vn 0.6182 0.6866 -0.3827
vn 0.2561 0.2844 -0.9239
vn 0.6866 -0.6182 -0.3827
vn 0.2844 -0.2561 -0.9239
vn -0.3338 -0.9426 -0.0000
vn 0.4305 -0.9026 -0.0000
vn 0.9026 0.4305 -0.0000
vn 0.9426 -0.3338 -0.0000
vn 0.2844 -0.2561 0.9239
vn 0.6866 -0.6182 0.3827
vn -0.6182 -0.6866 0.3827
vn -0.2561 -0.2844 0.9239
vn 0.6182 0.6866 0.3827
vn 0.2561 0.2844 0.9239
vn -0.5773 -0.5774 0.5774
vn -0.5774 0.5773 0.5773
vn -0.5773 -0.5774 -0.5774
vn -0.5774 0.5773 -0.5773
vn 0.5773 -0.5774 0.5774
vn 0.5774 0.5773 0.5773
vn 0.5773 -0.5774 -0.5774
vn 0.5774 0.5773 -0.5773
vn -0.5774 -0.5774 0.5773
vn -0.5773 0.5773 0.5774
vn 0.5774 -0.5774 0.5773
vn 0.5773 0.5773 0.5774
vn -0.5773 0.5774 0.5774
vn -0.5773 0.5774 -0.5774
vn 0.5773 0.5774 0.5774
vn 0.5773 0.5774 -0.5774
vn 0.1876 -0.7947 0.5774
vn 0.6071 -0.7947 -0.0000
vn -0.4911 -0.7947 0.3568
vn -0.4911 -0.7947 -0.3568
vn 0.1876 -0.7947 -0.5774
vn 0.9822 -0.1876 -0.0000
vn 0.3035 -0.1876 0.9342
vn -0.7946 -0.1876 0.5774
vn -0.7946 -0.1876 -0.5774
vn 0.3035 -0.1876 -0.9342
vn 0.7946 0.1876 0.5774
vn -0.3035 0.1876 0.9342
vn -0.9822 0.1876 -0.0000
vn -0.3035 0.1876 -0.9342
vn 0.7946 0.1876 -0.5774
vn 0.4911 0.7947 0.3568
vn -0.1876 0.7947 0.5774
vn -0.6071 0.7947 -0.0000
vn -0.1876 0.7947 -0.5773
vn 0.4911 0.7947 -0.3568
vn -0.5773 -0.5773 0.5774
vn -0.5773 -0.5773 -0.5774
vn -0.5773 0.5773 -0.5774
vn 0.5774 -0.5774 0.5774
vn 0.5774 -0.5774 -0.5774
vn 0.5773 0.5773 -0.5774
vn -0.5774 0.5774 0.5774
vn 0.5773 -0.5773 0.5774
vn 0.5773 -0.5773 -0.5774
vn -0.5774 0.5774 -0.5774
vn 0.5774 0.5774 0.5774
vn 0.5774 0.5774 -0.5774
vn -0.5774 -0.5774 0.5774
vn -0.5774 -0.5774 -0.5774
vn -0.5774 -0.5774 -0.5773
vn 0.5773 -0.5774 -0.5773
vn 0.5773 0.5774 -0.5773
vn -0.5773 -0.5774 -0.5773
vn -0.5773 0.5774 -0.5773
vn 0.5774 -0.5774 -0.5773
vn -0.8192 -0.5736 -0.0000
vn 0.8192 0.5736 -0.0000
vn 0.5736 -0.8192 -0.0000
vn -0.5736 0.8192 -0.0000
vn -0.1418 -0.8041 0.5774
vn -0.8041 0.1418 0.5774
vn -0.1418 -0.8041 -0.5774
vn -0.8041 0.1418 -0.5774
vn 0.8041 -0.1418 0.5774
vn 0.1418 0.8041 0.5774
vn 0.8041 -0.1418 -0.5774
vn 0.1418 0.8041 -0.5773
vn -0.1736 -0.9848 -0.0000
vn -0.5792 -0.4056 0.7071
vn -0.9848 0.1736 -0.0000
vn -0.5792 -0.4056 -0.7071
vn 0.4056 -0.5792 -0.7071
vn -0.4056 0.5792 -0.7071
vn 0.5792 0.4056 -0.7071
vn 0.9848 -0.1736 -0.0000
vn 0.1736 0.9848 -0.0000
vn 0.5792 0.4056 0.7071
vn 0.4056 -0.5792 0.7071
vn -0.4056 0.5792 0.7071
vn -0.8192 0.5736 -0.0000
vn 0.8192 -0.5736 -0.0000
vn -0.5736 -0.8192 -0.0000
vn 0.5736 0.8192 -0.0000
vn -0.8041 -0.1418 0.5774
vn -0.1418 0.8041 0.5774
vn -0.8041 -0.1418 -0.5774
vn -0.1418 0.8041 -0.5773
vn 0.1418 -0.8041 0.5774
vn 0.8041 0.1418 0.5774
vn 0.1418 -0.8041 -0.5774
vn 0.8041 0.1418 -0.5774
vn -0.9848 -0.1736 -0.0000
vn -0.5792 0.4056 0.7071
vn -0.1736 0.9848 -0.0000
vn -0.5792 0.4056 -0.7071
vn -0.4056 -0.5792 -0.7071
vn 0.4056 0.5792 -0.7071
vn 0.5792 -0.4056 -0.7071
vn 0.1736 -0.9848 -0.0000
vn 0.9848 0.1736 -0.0000
vn 0.5792 -0.4056 0.7071
vn -0.4056 -0.5792 0.7071
vn 0.4056 0.5792 0.7071
vn -0.5774 0.5774 0.5773
vn 0.5774 0.5774 0.5773
vn 0.5774 0.5774 -0.5773
vn -0.5774 0.5774 -0.5773
vn -0.0000 0.6727 -0.7399
vn 0.7399 0.6727 -0.0000
vn -0.0000 0.6727 0.7399
vn -0.7399 0.6727 -0.0000
vn 0.5773 -0.5774 0.5773
vn 0.5773 0.5774 0.5773
vn 0.5774 -0.5773 0.5774
vn -0.5773 0.5774 0.5773
vn 0.5774 -0.5773 -0.5774
vn -0.5773 -0.5774 0.5773
vn -0.5774 -0.5773 -0.5774
vn -0.5774 -0.5773 0.5774
vn -0.7999 -0.1923 0.5684
vn -0.4410 -0.0596 0.8955
vn -0.8458 0.5009 -0.1839
vn -0.4385 -0.1109 -0.8919
vn -0.0756 -0.1359 -0.9878
vn 0.0125 0.8354 -0.5495
vn 0.5873 0.0718 -0.8062
vn 0.6092 -0.5082 0.6088
vn 0.9141 0.2451 0.3229
vn 0.6030 0.0183 0.7975
vn 0.0305 -0.5264 0.8497
vn 0.0038 0.2782 0.9605
vn -0.0449 -0.7890 0.6127
vn -0.9949 -0.0368 0.0937
vn -0.0139 0.0226 0.9996
vn 0.0165 0.9994 -0.0301
vn -0.0083 0.0695 -0.9975
vn 0.9935 0.0808 0.0797
vn -0.4298 -0.7630 0.4828
vn -0.9513 -0.1450 0.2719
vn -0.6708 0.7391 -0.0617
vn -0.6303 -0.1774 -0.7558
vn -0.0059 -0.7617 -0.6479
vn 0.0195 0.5454 -0.8380
vn 0.9214 0.1685 -0.3501
vn 0.5229 -0.6918 -0.4980
vn 0.3821 0.9106 -0.1576
vn 0.4794 -0.0057 0.8776
vn 0.0080 -0.8568 0.5156
vn 0.0006 0.7076 0.7066
vn 0.0021 -0.9866 -0.1631
vn -0.9371 0.1428 0.3185
vn -0.0143 -0.0225 0.9996
vn -0.0011 0.9983 0.0584
vn 0.0460 -0.0811 -0.9956
vn 0.9835 -0.1724 -0.0542
vn -0.3511 -0.8811 -0.3167
vn -0.4942 0.0754 0.8661
vn -0.8146 0.5570 -0.1618
vn -0.8315 0.1326 -0.5395
vn 0.0212 -0.8228 -0.5679
vn -0.0068 0.4326 -0.9016
vn 0.9844 0.0395 -0.1717
vn 0.7623 -0.6467 -0.0262
vn 0.6628 0.7402 -0.1137
vn 0.6677 -0.0271 0.7440
vn 0.0514 -0.2081 0.9767
vn -0.0024 0.8267 0.5626
vn 0.0199 -0.9768 -0.2133
vn -0.9113 0.0268 -0.4109
vn 0.0158 0.0821 0.9965
vn -0.0004 0.9541 0.2995
vn -0.0095 0.2163 -0.9763
vn 0.8187 -0.1353 -0.5580
vn -0.9037 -0.2770 -0.3266
vn -0.7306 -0.1555 0.6649
vn -0.7615 0.6123 -0.2127
vn -0.8127 -0.0614 -0.5794
vn 0.0290 -0.7647 -0.6437
vn 0.0934 0.1019 -0.9904
vn 0.8611 -0.0284 -0.5077
vn 0.7775 -0.6271 0.0476
vn 0.2244 0.9701 0.0920
vn 0.5389 -0.0757 0.8389
vn -0.0237 -0.3562 0.9341
vn -0.0188 0.9313 0.3637
vn -0.0323 -0.9583 0.2838
vn -0.9978 -0.0210 -0.0628
vn 0.0237 -0.0733 0.9970
vn -0.0198 0.9116 0.4106
vn 0.0834 0.2757 -0.9576
vn 0.6510 0.0550 0.7571
vn -0.9316 -0.3249 0.1631
vn -0.7864 -0.0497 0.6157
vn -0.3025 0.9193 0.2517
vn -0.8753 -0.0109 -0.4835
vn -0.0383 -0.2930 -0.9553
vn 0.0398 0.8600 -0.5087
vn 0.7520 -0.0156 -0.6590
vn 0.8979 -0.3742 -0.2319
vn 0.5885 0.7904 -0.1699
vn 0.3173 -0.0136 0.9482
vn 0.0238 -0.0634 0.9977
vn 0.0119 0.4223 0.9064
vn -0.0165 -0.9985 -0.0530
vn -0.9765 -0.1389 0.1648
vn 0.0247 -0.0482 0.9985
vn 0.0083 0.9995 -0.0319
vn -0.0265 0.0996 -0.9947
vn 0.9787 -0.0810 -0.1887
vn -0.5288 -0.7393 -0.4169
vn -0.9943 -0.0330 0.1017
vn -0.8223 0.4252 0.3781
vn -0.7423 0.0456 -0.6685
vn 0.0006 -0.8906 -0.4548
vn 0.0184 0.5507 -0.8345
vn 0.3357 0.0737 -0.9391
vn 0.7444 -0.6070 0.2783
vn 0.8208 0.2820 -0.4967
vn 0.7932 -0.0034 0.6089
vn 0.0152 -0.3293 0.9441
vn 0.0542 0.9407 0.3350
vn -0.0575 -0.9161 0.3967
vn -0.8867 0.1366 0.4417
vn 0.0384 -0.0547 0.9978
vn 0.0084 0.7907 0.6121
vn 0.0070 0.0844 -0.9964
vn 0.8214 0.2037 -0.5328
vn -0.7624 -0.6470 -0.0105
vn -0.9521 -0.2065 0.2254
vn -0.5787 0.5308 0.6192
vn -0.5419 0.1997 -0.8164
vn -0.0019 -0.8010 -0.5987
vn -0.0187 0.8407 -0.5412
vn 0.5827 -0.0230 -0.8124
vn 0.6242 -0.6646 0.4107
vn 0.7091 0.6214 0.3332
vn 0.8333 0.0639 0.5491
vn -0.0127 -0.7305 0.6828
vn -0.0212 0.8328 0.5531
vn -0.0276 -0.8832 0.4683
vn -0.9395 0.2146 -0.2670
vn -0.0169 0.0344 0.9993
vn -0.0350 0.6435 0.7647
vn 0.0133 0.0327 -0.9994
vn 0.9765 0.0882 0.1966
vn -0.5547 -0.4134 0.7221
vn -0.5597 -0.0661 0.8261
vn -0.8429 0.4187 0.3379
vn -0.6833 0.0992 -0.7233
vn 0.0009 -0.6567 -0.7542
vn 0.0379 0.6096 -0.7918
vn 0.7448 0.0005 -0.6673
vn 0.4529 -0.8879 -0.0815
vn 0.5069 0.6490 0.5673
vn 0.5061 -0.0059 0.8624
vn 0.0571 -0.2924 0.9546
vn -0.0114 0.6540 0.7564
vn -0.0083 -0.9969 0.0783
vn -0.8181 0.0078 -0.5750
vn -0.0374 0.1255 0.9914
vn 0.0019 0.8821 0.4711
vn 0.0598 0.1308 -0.9896
vn 0.9923 0.0168 -0.1230
vn -0.8658 -0.4646 0.1857
vn -0.9040 0.0247 0.4268
vn -0.6148 0.7882 0.0274
vn -0.8516 -0.0405 -0.5226
vn 0.0206 -0.8502 -0.5260
vn 0.0246 0.9040 -0.4269
vn 0.6023 -0.0296 -0.7977
vn 0.3435 -0.8547 0.3892
vn 0.5012 0.8646 -0.0353
vn 0.0671 -0.0969 0.9930
vn 0.0564 -0.4842 0.8731
vn 0.0345 0.8963 0.4421
vn -0.0269 -0.8975 0.4402
vn -0.9213 0.0327 0.3874
vn 0.0250 -0.0077 0.9997
vn 0.0063 0.9955 0.0948
vn -0.0155 0.0419 -0.9990
vn 0.7822 -0.1909 -0.5931
vn -0.8375 -0.5440 0.0518
vn -0.8643 0.1129 0.4902
vn -0.7792 0.6104 0.1423
vn -0.9656 -0.1038 -0.2385
vn -0.0023 -0.9376 -0.3478
vn -0.0319 0.8157 -0.5776
vn 0.5607 -0.0567 -0.8260
vn 0.2512 -0.6581 0.7098
vn 0.7700 0.6263 -0.1216
vn 0.9336 -0.1264 0.3352
vn 0.0333 -0.7135 0.6998
vn -0.0299 0.7452 0.6661
vn -0.0198 -0.9467 0.3215
vn -0.9352 0.0965 0.3407
vn -0.0392 -0.0470 0.9981
vn -0.0190 0.9703 -0.2413
vn -0.0505 0.0109 -0.9987
vn 0.9009 -0.0735 0.4277
vn -0.3970 -0.8541 0.3361
vn -0.2625 0.0044 0.9649
vn -0.6603 0.7413 -0.1202
vn -0.5963 -0.0144 -0.8027
vn 0.0069 -0.4453 -0.8953
vn 0.0106 0.8084 -0.5886
vn 0.9355 0.0420 -0.3510
vn 0.5543 -0.4566 0.6959
vn 0.8998 0.4362 -0.0127
vn 0.6275 0.0486 0.7771
vn -0.0095 -0.6643 0.7474
vn -0.0196 0.7794 0.6263
vn -0.0290 -0.8731 0.4867
vn -0.9124 -0.0108 -0.4091
vn 0.0005 0.0116 0.9999
vn -0.0054 0.9979 -0.0644
vn 0.0238 -0.0169 -0.9996
vn 0.9093 0.0326 -0.4148
vn -0.6684 -0.7335 0.1235
vn -0.9292 -0.0736 0.3622
vn -0.6409 0.6475 0.4124
vn -0.5774 -0.0286 -0.8160
vn 0.0125 -0.7203 -0.6936
vn 0.0051 0.0713 -0.9974
vn 0.3079 0.0441 -0.9504
vn 0.7767 -0.5809 -0.2436
vn 0.9065 0.3536 -0.2308
vn 0.6050 0.0892 0.7912
vn -0.0183 -0.8525 0.5224
vn 0.0384 0.7501 0.6602
vn 0.0103 -0.8350 0.5501
vn -0.9971 0.0759 0.0002
vn 0.0597 -0.1713 0.9834
vn 0.0385 0.9677 0.2492
vn 0.0228 -0.0245 -0.9994
vn 0.9340 0.0656 0.3512
vn -0.8020 -0.5049 -0.3190
vn -0.9774 0.1401 0.1584
vn -0.7777 0.6030 0.1774
vn -0.9657 -0.0211 -0.2587
vn 0.0051 -0.6634 -0.7482
vn 0.0282 0.4221 -0.9061
vn 0.5112 0.0452 -0.8583
vn 0.5054 -0.8506 -0.1447
vn 0.7179 0.6949 -0.0404
vn 0.7152 0.0183 0.6987
vn -0.0279 -0.4867 0.8731
vn 0.0121 0.7028 0.7113
vn 0.0135 -0.9986 0.0515
vn -0.9802 0.1408 0.1394
vn 0.0093 0.0219 0.9997
vn 0.0199 0.9995 -0.0253
vn 0.0127 0.1190 -0.9928
vn 0.8577 0.1619 -0.4880
vn -0.6907 -0.6409 -0.3348
vn -0.9077 -0.1178 0.4027
vn -0.4415 0.6331 -0.6358
vn -0.6635 0.0765 -0.7443
vn -0.0257 -0.8839 -0.4670
vn -0.0096 0.7173 -0.6967
vn 0.3500 -0.0108 -0.9367
vn -0.0771 -0.7979 -0.5978
vn 0.8393 0.5396 -0.0669
vn 0.5038 0.0574 0.8619
vn -0.0036 -0.6530 0.7573
vn 0.0369 0.7491 0.6615
vn -0.0529 -0.7798 -0.6237
vn -0.9606 -0.0066 -0.2779
vn 0.0344 -0.1206 0.9921
vn -0.0023 0.8853 -0.4651
vn 0.0019 0.0437 -0.9990
vn 0.9303 0.0210 0.3663
vn -0.3621 -0.7856 0.5018
vn -0.6239 -0.0929 0.7759
vn -0.8030 0.3068 0.5109
vn -0.7219 0.1287 -0.6800
vn 0.0368 -0.7076 -0.7057
vn -0.0165 0.8580 -0.5134
vn 0.6379 -0.0150 -0.7700
vn 0.7189 -0.3634 -0.5925
vn 0.3061 0.8299 -0.4665
vn 0.5862 -0.0981 0.8042
vn -0.0198 -0.5437 0.8390
vn 0.0021 0.9227 0.3856
vn 0.0092 -0.9988 0.0477
vn -0.8813 0.1425 -0.4505
vn 0.0032 -0.0554 0.9985
vn 0.0291 0.9512 0.3071
vn -0.0238 -0.0363 -0.9991
vn 0.9175 -0.0003 -0.3977
vn -0.5124 -0.8440 -0.1583
vn -0.6441 -0.1987 0.7387
vn -0.8652 0.2362 -0.4423
vn -0.8846 -0.0027 -0.4663
vn -0.0245 -0.8321 -0.5541
vn 0.0509 0.8744 -0.4826
vn 0.9199 0.0763 -0.3847
vn 0.7480 -0.4945 0.4426
vn 0.5935 0.7184 -0.3628
vn 0.8058 -0.0951 0.5845
vn -0.0227 -0.6262 0.7794
vn 0.0358 0.8324 0.5531
vn 0.0041 -0.7152 -0.6989
vn -0.9400 -0.0356 -0.3393
vn -0.0042 -0.1302 0.9915
vn 0.0172 0.9755 0.2193
vn 0.0353 -0.1177 -0.9924
vn 0.9751 -0.1405 -0.1716
vn -0.7824 -0.6019 0.1597
vn -0.9775 -0.0925 0.1894
vn -0.7575 0.6434 0.1107
vn -0.8646 -0.0392 -0.5010
vn 0.0199 -0.7325 -0.6804
vn -0.0159 0.8427 -0.5382
vn 0.5667 -0.0923 -0.8187
vn 0.6919 -0.6714 0.2656
vn 0.7986 0.5914 -0.1121
vn 0.9583 0.1033 0.2665
vn -0.0233 -0.7986 0.6015
vn -0.0219 0.7600 0.6495
vn 0.0077 -0.9832 -0.1826
vn -0.5410 0.0664 0.8384
vn -0.0089 -0.1361 0.9907
vn 0.0055 1.0000 -0.0079
vn -0.0174 -0.0279 -0.9995
vn 0.9891 -0.0681 0.1307
vn -0.8603 -0.3907 0.3274
vn -0.7326 -0.1853 0.6550
vn -0.8636 0.5031 -0.0317
vn -0.5753 0.0242 -0.8176
vn -0.0089 -0.8648 -0.5020
vn 0.0256 0.8298 -0.5575
vn 0.6050 0.0697 -0.7932
vn 0.6559 -0.7157 0.2398
vn 0.4789 0.6329 0.6084
vn 0.6606 -0.0053 0.7507
vn 0.0037 -0.7230 0.6908
vn -0.0284 0.5595 0.8284
vn -0.0131 -0.2059 -0.9785
vn -0.9100 -0.1210 -0.3965
vn -0.0284 -0.0678 0.9973
vn 0.0449 0.9738 0.2227
vn -0.0383 -0.0383 -0.9985
vn 1.0000 0.0048 0.0008
vn -0.7145 -0.6994 0.0171
vn -0.8614 0.0034 0.5080
vn -0.6752 0.7364 0.0435
vn -0.7781 0.0401 -0.6268
vn -0.1710 -0.8338 -0.5249
vn 0.4612 0.6670 -0.5852
vn 0.3144 -0.0693 -0.9468
vn 0.7076 -0.7039 -0.0611
vn 0.8153 0.5776 0.0410
vn 0.5014 0.0968 0.8598
vn 0.1369 -0.3380 0.9311
vn 0.1092 0.7464 0.6565
vn 0.4915 -0.8707 -0.0191
vn -0.9946 0.1012 0.0210
vn 0.5696 0.0712 0.8188
vn -0.0640 0.9971 0.0405
vn 0.2634 -0.0051 -0.9647
vn 0.9877 -0.1560 0.0145
vn -0.7831 -0.6219 -0.0013
vn -0.3903 -0.0559 0.9190
vn -0.9317 0.3608 0.0409
vn -0.7400 0.0523 -0.6705
vn -0.1318 -0.8336 -0.5364
vn -0.4753 0.8610 -0.1808
vn 0.5916 0.1126 -0.7984
vn 0.3852 -0.9215 0.0493
vn 0.9582 0.2859 0.0055
vn 0.8048 0.0292 0.5928
vn 0.1750 -0.5210 0.8354
vn -0.6605 0.6102 0.4376
vn 0.1207 -0.9927 0.0007
vn -0.9971 -0.0708 -0.0265
vn -0.2601 0.0383 0.9648
vn -0.1131 0.9935 0.0141
vn -0.8273 -0.1247 -0.5477
vn 1.0000 -0.0028 0.0054
vn -0.6751 -0.7367 -0.0381
vn -0.7622 -0.0938 0.6406
vn -0.6786 0.7345 -0.0038
vn -0.6295 -0.0560 -0.7750
vn -0.0558 -0.8663 -0.4965
vn -0.0790 0.2256 -0.9710
vn 0.5650 0.0119 -0.8250
vn 0.6533 -0.7569 0.0173
vn 0.8439 0.5364 -0.0030
vn 0.5260 -0.0616 0.8483
vn 0.1063 -0.5955 0.7963
vn -0.0567 0.7099 0.7020
vn -0.2149 -0.9766 0.0029
vn -0.9991 0.0339 0.0250
vn -0.0064 -0.0765 0.9970
vn -0.1969 0.9803 -0.0170
vn 0.1717 0.0631 -0.9831
vn 0.9840 0.1782 -0.0006
vn -0.2380 -0.9700 -0.0489
vn -0.5552 -0.0235 0.8314
vn -0.9034 0.4264 0.0449
vn -0.9312 0.0742 -0.3568
vn -0.3468 -0.2838 -0.8940
vn 0.3359 0.3079 -0.8901
vn 0.7497 0.0714 -0.6579
vn 0.7425 -0.6694 0.0244
vn 0.8784 0.4779 0.0086
vn 0.9757 0.1135 0.1875
vn -0.2943 -0.6003 0.7436
vn 0.2609 0.9396 0.2216
vn -0.8979 -0.4361 -0.0606
vn -0.9996 -0.0063 -0.0270
vn 0.7496 -0.0108 0.6618
vn -0.5743 0.8176 0.0411
vn 0.3498 -0.1028 -0.9312
vn 0.9996 0.0146 0.0254
vn -0.2021 -0.9793 0.0141
vn -0.7828 0.0090 0.6222
vn -0.8808 0.4729 -0.0238
vn -0.4561 0.0214 -0.8897
vn -0.0329 -0.7928 -0.6086
vn -0.0259 0.8359 -0.5483
vn 0.7019 0.1350 -0.6994
vn 0.5261 -0.8503 -0.0132
vn 0.7797 0.6249 0.0382
vn 0.8178 -0.0035 0.5755
vn -0.7650 -0.6311 0.1283
vn 0.2422 0.6041 0.7592
vn -0.7000 -0.7141 -0.0099
vn -0.9996 0.0234 -0.0182
vn 0.1516 -0.0731 0.9857
vn -0.0899 0.9959 -0.0047
vn -0.3738 0.0021 -0.9275
vn 0.9999 0.0032 -0.0154
vn -0.9583 -0.2856 -0.0059
vn -0.8674 0.1857 0.4617
vn -0.5652 0.8250 -0.0026
vn -0.6749 0.0871 -0.7327
vn -0.4892 -0.4152 -0.7670
vn 0.3309 0.7512 -0.5711
vn 0.6029 -0.0688 -0.7948
vn 0.7586 -0.6512 -0.0211
vn 0.6173 0.7867 -0.0018
vn 0.5515 0.0872 0.8296
vn 0.1156 -0.7909 0.6009
vn 0.7452 0.5102 0.4293
vn 0.2072 -0.9783 -0.0027
vn -0.9888 -0.1444 0.0382
vn 0.3688 0.0123 0.9294
vn 0.7662 0.6426 -0.0007
vn -0.3022 0.1179 -0.9459
vn 0.9988 0.0495 -0.0061
vn -0.7818 -0.6213 0.0515
vn -0.7855 -0.0090 0.6188
vn -0.3390 0.9375 0.0783
vn -0.9131 -0.1428 -0.3819
vn 0.0726 -0.5144 -0.8544
vn -0.6186 0.2367 -0.7492
vn 0.5799 -0.0207 -0.8144
vn 0.6639 -0.7463 -0.0465
vn 0.5901 0.8073 -0.0073
vn 0.8056 0.0891 0.5858
vn -0.4142 -0.5821 0.6997
vn -0.0791 0.6819 0.7272
vn -0.6165 -0.7873 -0.0094
vn -0.9937 -0.1000 0.0501
vn 0.6504 0.1233 0.7495
vn -0.0482 0.9988 -0.0115
vn -0.0484 0.0219 -0.9986
vn 0.9995 -0.0263 0.0188
vn -0.9415 -0.3285 0.0751
vn -0.4875 -0.0364 0.8724
vn -0.5260 0.8498 0.0355
vn -0.6224 0.0394 -0.7817
vn 0.0258 -0.5745 -0.8181
vn 0.0337 0.8952 -0.4444
vn 0.6671 -0.0687 -0.7418
vn 0.6887 -0.7251 0.0037
vn 0.8445 0.5330 -0.0515
vn 0.8979 0.1515 0.4133
vn -0.5870 -0.2791 0.7599
vn -0.3746 0.7003 0.6076
vn -0.0887 -0.9960 -0.0093
vn -0.9983 0.0559 -0.0154
vn 0.3144 -0.0130 0.9492
vn 0.0336 0.9982 0.0500
vn -0.4320 -0.1187 -0.8940
vn 0.9995 0.0313 0.0018
vn -0.5487 -0.8346 0.0480
vn -0.7451 -0.1569 0.6482
vn -0.8707 0.4918 -0.0010
vn -0.7842 -0.1063 -0.6113
vn -0.2987 -0.6388 -0.7091
vn -0.0688 0.8152 -0.5751
vn 0.6680 0.0374 -0.7432
vn 0.9281 -0.3714 0.0256
vn 0.5019 0.8649 0.0059
vn 0.8823 0.0500 0.4681
vn -0.5089 -0.5612 0.6528
vn -0.2383 0.8079 0.5390
vn 0.1598 -0.9871 -0.0043
vn -0.9997 -0.0213 -0.0093
vn -0.2227 0.0255 0.9745
vn 0.3461 0.9382 -0.0026
vn -0.1366 0.0111 -0.9906
vn 0.9845 -0.1635 -0.0628
vn -0.6713 -0.7410 0.0167
vn -0.4079 0.0353 0.9123
vn -0.9487 0.3145 -0.0312
vn -0.5728 0.0023 -0.8197
vn -0.2333 -0.7756 -0.5866
vn -0.0513 0.8316 -0.5530
vn 0.9906 -0.0587 -0.1232
vn 0.9494 -0.3101 -0.0497
vn 0.5700 0.8216 0.0064
vn 0.9381 -0.0558 0.3419
vn -0.3182 -0.5170 0.7947
vn -0.2937 0.3114 0.9037
vn -0.2037 -0.9790 0.0075
vn -0.9956 0.0920 -0.0181
vn -0.2165 0.0172 0.9761
vn -0.0857 0.9963 -0.0113
vn 0.3067 0.0400 -0.9510
vn 0.9978 -0.0529 -0.0409
vn -0.8135 -0.5815 -0.0025
vn -0.4772 -0.1170 0.8710
vn -0.3092 0.9501 -0.0411
vn -0.7938 0.0223 -0.6077
vn 0.1777 -0.8951 -0.4089
vn -0.0018 0.9611 -0.2762
vn 0.7983 0.0457 -0.6006
vn 0.7646 -0.6443 -0.0153
vn 0.2694 0.9630 0.0016
vn 0.8289 -0.1323 0.5435
vn 0.5314 -0.2855 0.7975
vn -0.1505 0.4438 0.8834
vn -0.1131 -0.9925 -0.0464
vn -0.9964 -0.0851 0.0003
vn 0.2129 0.0169 0.9769
vn 0.6613 0.7488 -0.0438
vn 0.5218 0.0816 -0.8492
vn 0.9955 -0.0948 -0.0008
vn -0.6521 -0.7560 0.0565
vn -0.5918 -0.0575 0.8040
vn -0.9129 0.4064 0.0386
vn -0.8548 0.0089 -0.5188
vn 0.0455 -0.7225 -0.6899
vn 0.5215 0.6857 -0.5078
vn 0.8806 -0.0826 -0.4666
vn 0.7405 -0.6692 -0.0627
vn 0.6966 0.7174 -0.0056
vn 0.6040 -0.0210 0.7967
vn -0.5319 -0.3981 0.7474
vn -0.4213 0.6775 0.6028
vn -0.3775 -0.9260 0.0046
vn -0.9879 0.1462 0.0513
vn 0.0852 0.0399 0.9956
vn 0.3045 0.9495 0.0763
vn 0.1085 0.1514 -0.9825
vn 0.9941 0.1086 -0.0041
vn -0.6505 -0.7593 0.0196
vn -0.6801 0.0302 0.7325
vn -0.8789 0.4767 -0.0158
vn -0.6123 -0.0067 -0.7906
vn 0.3812 -0.9232 0.0485
vn -0.1411 0.5766 -0.8048
vn 0.5001 -0.0263 -0.8655
vn 0.9129 -0.4082 -0.0065
vn 0.9029 0.4299 -0.0078
vn 0.8237 0.0025 0.5671
vn 0.1321 -0.9263 0.3527
vn -0.1124 0.7267 0.6777
vn 0.1181 -0.9924 0.0350
vn -0.9974 0.0719 0.0006
vn 0.0214 -0.0583 0.9981
vn -0.2863 0.9577 -0.0281
vn -0.0753 -0.0155 -0.9970
vn 0.9848 0.1605 0.0660
vn -0.9225 -0.3714 -0.1048
vn -0.5837 -0.0952 0.8064
vn -0.9846 0.1719 -0.0314
vn -0.4295 -0.0106 -0.9030
vn -0.3213 -0.5483 -0.7722
vn 0.7049 0.0296 -0.7087
vn 0.9434 -0.1943 -0.2687
vn 0.8876 -0.4599 0.0242
vn 0.6378 0.7691 -0.0415
vn 0.5637 0.0207 0.8257
vn 0.1294 -0.6900 0.7121
vn 0.2478 0.6160 0.7477
vn -0.7056 -0.7081 -0.0271
vn -0.9989 0.0402 -0.0249
vn 0.2324 0.0790 0.9694
vn 0.4176 0.9034 -0.0972
vn 0.4222 -0.2218 -0.8790
vn 0.9823 -0.1871 0.0011
vn -0.8792 -0.4752 -0.0359
vn -0.7456 -0.0845 0.6610
vn -0.8603 0.5063 -0.0597
vn -0.9269 0.0773 -0.3673
vn -0.5913 -0.7577 -0.2763
vn -0.0381 0.7554 -0.6542
vn 0.7792 -0.1072 -0.6175
vn 0.8070 -0.5905 -0.0087
vn 0.6911 0.7219 0.0357
vn 0.8919 -0.1149 0.4374
vn -0.1514 -0.8988 0.4114
vn -0.1652 0.6675 0.7261
vn -0.3633 -0.9305 0.0463
vn -0.9980 -0.0321 -0.0546
vn -0.1126 0.0023 0.9936
vn -0.2384 0.9711 0.0089
vn -0.1152 0.0079 -0.9933
vn 0.9984 -0.0565 0.0079
vn -0.2524 -0.9676 0.0094
vn -0.3209 0.0736 0.9443
vn -0.4165 0.9091 0.0083
vn -0.4166 0.0477 -0.9079
vn -0.1106 -0.8057 -0.5820
vn -0.6327 0.6385 -0.4381
vn 0.6127 0.0209 -0.7901
vn 0.4532 -0.8914 0.0076
vn 0.8248 0.5654 -0.0054
vn 0.6815 0.0493 0.7301
vn -0.4557 -0.7100 0.5369
vn 0.4010 0.6272 0.6677
vn -0.5635 -0.8261 -0.0057
vn -0.9967 -0.0795 -0.0143
vn -0.1840 0.0755 0.9800
vn 0.2690 0.9631 0.0054
vn -0.6402 0.0709 -0.7649
vn 0.9969 0.0782 -0.0120
vn -0.1223 -0.9913 -0.0478
vn -0.2991 0.2063 0.9317
vn -0.1037 0.9925 -0.0645
vn -0.8921 0.0147 -0.4516
vn 0.2564 -0.6363 -0.7276
vn 0.3439 0.4253 -0.8372
vn 0.8144 -0.0767 -0.5752
vn 0.9758 -0.2166 0.0290
vn 0.5939 0.8016 -0.0681
vn 0.7506 -0.0566 0.6583
vn 0.0202 -0.7571 0.6529
vn 0.0568 0.6326 0.7724
vn -0.4084 -0.9128 -0.0097
vn -0.9895 -0.1437 0.0130
vn -0.7328 -0.0014 0.6804
vn -0.0725 0.9953 -0.0647
vn 0.1779 0.0752 -0.9812
vn 0.9992 -0.0094 -0.0397
vn 0.3838 -0.8473 0.3672
vn -0.0843 -0.4551 0.8864
vn -0.4131 -0.8660 0.2817
vn -0.4551 0.0843 0.8865
vn -0.8660 0.4131 0.2817
vn -0.8473 -0.3838 0.3672
vn 0.3203 -0.9044 -0.2817
vn -0.4702 -0.8025 -0.3672
vn 0.0363 -0.4614 -0.8865
vn -0.8025 0.4702 -0.3672
vn -0.4614 -0.0363 -0.8865
vn -0.9045 -0.3203 -0.2818
vn 0.8660 -0.4131 0.2817
vn 0.8473 0.3838 0.3672
vn 0.4551 -0.0843 0.8865
vn -0.3838 0.8473 0.3672
vn 0.0843 0.4551 0.8865
vn 0.4131 0.8660 0.2817
vn 0.8025 -0.4702 -0.3672
vn 0.4614 0.0363 -0.8865
vn 0.9045 0.3203 -0.2817
vn -0.3203 0.9045 -0.2817
vn 0.4702 0.8025 -0.3672
vn -0.0363 0.4614 -0.8865
vn -0.8025 -0.4702 0.3672
vn -0.4614 0.0363 0.8865
vn -0.9045 0.3203 0.2818
vn 0.0363 0.4614 0.8865
vn 0.3203 0.9045 0.2817
vn -0.4702 0.8025 0.3672
vn -0.8660 -0.4131 -0.2817
vn -0.8473 0.3838 -0.3672
vn -0.4551 -0.0843 -0.8865
vn 0.3838 0.8473 -0.3672
vn -0.0843 0.4551 -0.8865
vn -0.4131 0.8660 -0.2817
vn -0.3203 -0.9045 0.2817
vn 0.4702 -0.8025 0.3672
vn -0.0363 -0.4614 0.8865
vn 0.8025 0.4702 0.3672
vn 0.4614 -0.0363 0.8865
vn 0.9045 -0.3203 0.2817
vn -0.3838 -0.8473 -0.3672
vn 0.0843 -0.4551 -0.8865
vn 0.4131 -0.8660 -0.2817
vn 0.8660 0.4131 -0.2817
vn 0.8473 -0.3838 -0.3672
vn 0.4551 0.0843 -0.8865
vt 0.962500 0.500000
vt 0.925000 0.524744
vt 0.925000 0.475256
vt 0.212500 0.357143
vt 0.175000 0.381886
vt 0.175000 0.332399
vt 0.587500 0.928571
vt 0.550000 0.953315
vt 0.550000 0.903828
vt 0.462500 0.928571
vt 0.425000 0.953315
vt 0.425000 0.903828
vt 0.712500 0.357143
vt 0.675000 0.381886
vt 0.675000 0.332399
vt 0.837500 0.357143
vt 0.800000 0.381886
vt 0.800000 0.332399
vt 0.962500 0.357143
vt 0.925000 0.381886
vt 0.925000 0.332399
vt 0.087500 0.214286
vt 0.050000 0.239029
vt 0.050000 0.189542
vt 0.462500 0.500000
vt 0.425000 0.524744
vt 0.425000 0.475256
vt 0.087500 0.357143
vt 0.050000 0.381886
vt 0.050000 0.332399
vt 0.462500 0.071429
vt 0.425000 0.096172
vt 0.425000 0.046685
vt 0.212500 0.785714
vt 0.175000 0.810458
vt 0.175000 0.760971
vt 0.587500 0.785714
vt 0.550000 0.810458
vt 0.550000 0.760971
s 0
usemtl Palette
f 1/1/1 2/2/1 3/3/1
f 4/1/2 5/2/2 6/3/2
f 7/1/3 8/2/3 9/3/3
f 10/1/4 11/2/4 12/3/4
f 13/1/5 14/2/5 15/3/5
f 16/1/6 17/2/6 18/3/6
f 19/1/7 20/2/7 21/3/7
f 22/1/8 23/2/8 24/3/8
f 1/1/9 8/2/9 7/3/9
f 4/1/10 3/2/10 2/3/10
f 10/1/11 6/2/11 5/3/11
f 9/1/12 12/2/12 11/3/12
f 7/1/13 20/2/13 19/3/13
f 22/1/14 11/2/14 10/3/14
f 21/1/15 24/2/15 23/3/15
f 19/1/16 14/2/16 13/3/16
f 16/1/17 23/2/17 22/3/17
f 15/1/18 18/2/18 17/3/18
f 13/1/19 2/2/19 1/3/19
f 5/1/20 17/2/20 16/3/20
f 19/1/21 1/2/21 7/3/21
f 6/1/22 8/2/22 3/3/22
f 17/1/23 2/2/23 15/3/23
f 10/1/24 16/2/24 22/3/24
f 11/1/25 20/2/25 9/3/25
f 23/1/26 14/2/26 21/3/26
f 25/4/27 26/5/27 27/6/27
f 28/4/28 29/5/28 30/6/28
f 31/4/29 32/5/29 33/6/29
f 34/4/30 35/5/30 36/6/30
f 37/4/31 38/5/31 39/6/31
f 40/4/32 41/5/32 42/6/32
f 43/4/33 44/5/33 45/6/33
f 46/4/34 47/5/34 48/6/34
f 25/4/35 32/5/35 31/6/35
f 28/4/36 27/5/36 26/6/36
f 34/4/37 30/5/37 29/6/37
f 35/4/38 32/5/38 36/6/38
f 31/4/39 44/5/39 43/6/39
f 34/4/40 48/5/40 35/6/40
f 47/4/41 44/5/41 48/6/41
f 37/4/42 45/5/42 38/6/42
f 46/4/43 42/5/43 47/6/43
f 41/4/44 38/5/44 42/6/44
f 37/4/45 26/5/45 25/6/45
f 40/4/46 28/5/46 41/6/46
f 31/4/47 37/5/47 25/6/47
f 27/4/48 36/5/48 32/6/48
f 39/4/49 28/5/49 26/6/49
f 34/4/50 40/5/50 46/6/50
f 35/4/51 44/5/51 33/6/51
f 47/4/52 38/5/52 45/6/52
f 49/4/53 50/5/53 51/6/53
f 52/4/54 53/5/54 54/6/54
f 55/4/55 56/5/55 57/6/55
f 58/4/56 59/5/56 60/6/56
f 61/4/57 62/5/57 63/6/57
f 64/4/58 65/5/58 66/6/58
f 67/4/59 68/5/59 69/6/59
f 70/4/60 71/5/60 72/6/60
f 55/4/61 51/5/61 56/6/61
f 50/4/62 54/5/62 51/6/62
f 58/4/63 54/5/63 53/6/63
f 59/4/64 56/5/64 60/6/64
f 67/4/65 57/5/65 68/6/65
f 58/4/66 72/5/66 59/6/66
f 69/4/67 72/5/67 71/6/67
f 61/4/68 69/5/68 62/6/68
f 70/4/69 66/5/69 71/6/69
f 65/4/70 62/5/70 66/6/70
f 49/4/71 63/5/71 50/6/71
f 53/4/72 65/5/72 64/6/72
f 67/4/73 49/5/73 55/6/73
f 51/4/74 60/5/74 56/6/74
f 65/4/75 50/5/75 63/6/75
f 58/4/76 64/5/76 70/6/76
f 57/4/77 72/5/77 68/6/77
f 69/4/78 66/5/78 62/6/78
f 73/7/79 74/8/79 75/9/79
f 76/7/80 77/8/80 78/9/80
f 79/7/81 80/8/81 81/9/81
f 82/7/82 83/8/82 84/9/82
f 85/7/83 86/8/83 87/9/83
f 88/7/84 89/8/84 90/9/84
f 91/7/85 92/8/85 93/9/85
f 94/7/86 95/8/86 96/9/86
f 73/7/87 80/8/87 79/9/87
f 74/7/88 78/8/88 75/9/88
f 77/7/89 84/8/89 78/9/89
f 83/7/90 80/8/90 84/9/90
f 91/7/91 81/8/91 92/9/91
f 94/7/92 83/8/92 82/9/92
f 93/7/93 96/8/93 95/9/93
f 91/7/94 86/8/94 85/9/94
f 88/7/95 95/8/95 94/9/95
f 87/7/96 90/8/96 89/9/96
f 85/7/97 74/8/97 73/9/97
f 88/7/98 76/8/98 89/9/98
f 79/7/99 85/8/99 73/9/99
f 75/7/100 84/8/100 80/9/100
f 89/7/101 74/8/101 87/9/101
f 82/7/102 88/8/102 94/9/102
f 81/7/103 96/8/103 92/9/103
f 93/7/104 90/8/104 86/9/104
f 97/7/105 98/8/105 99/9/105
f 100/7/106 101/8/106 102/9/106
f 103/7/107 104/8/107 105/9/107
f 106/7/108 107/8/108 108/9/108
f 109/7/109 110/8/109 111/9/109
f 112/7/110 113/8/110 114/9/110
f 115/7/111 116/8/111 117/9/111
f 118/7/112 119/8/112 120/9/112
f 103/7/113 99/8/113 104/9/113
f 100/7/114 99/8/114 98/9/114
f 101/7/115 108/8/115 102/9/115
f 107/7/116 104/8/116 108/9/116
f 103/7/117 116/8/117 115/9/117
f 118/7/118 107/8/118 106/9/118
f 119/7/119 116/8/119 120/9/119
f 109/7/120 117/8/120 110/9/120
f 118/7/121 114/8/121 119/9/121
f 113/7/122 110/8/122 114/9/122
f 97/7/123 111/8/123 98/9/123
f 112/7/124 100/8/124 113/9/124
f 103/7/125 109/8/125 97/9/125
f 99/7/126 108/8/126 104/9/126
f 113/7/127 98/8/127 111/9/127
f 106/7/128 112/8/128 118/9/128
f 107/7/129 116/8/129 105/9/129
f 119/7/130 110/8/130 117/9/130
f 121/10/131 122/11/131 123/12/131
f 124/10/132 125/11/132 126/12/132
f 127/10/133 128/11/133 129/12/133
f 130/10/134 131/11/134 132/12/134
f 133/10/135 134/11/135 135/12/135
f 136/10/136 137/11/136 138/12/136
f 139/10/137 140/11/137 141/12/137
f 142/10/138 143/11/138 144/12/138
f 121/10/139 128/11/139 127/12/139
f 124/10/140 123/11/140 122/12/140
f 130/10/141 126/11/141 125/12/141
f 131/10/142 128/11/142 132/12/142
f 127/10/143 140/11/143 139/12/143
f 130/10/144 144/11/144 131/12/144
f 141/10/145 144/11/145 143/12/145
f 139/10/146 134/11/146 133/12/146
f 142/10/147 138/11/147 143/12/147
f 135/10/148 138/11/148 137/12/148
f 133/10/149 122/11/149 121/12/149
f 136/10/150 124/11/150 137/12/150
f 127/10/151 133/11/151 121/12/151
f 123/10/152 132/11/152 128/12/152
f 135/10/153 124/11/153 122/12/153
f 130/10/154 136/11/154 142/12/154
f 131/10/155 140/11/155 129/12/155
f 141/10/156 138/11/156 134/12/156
f 145/7/157 146/8/157 147/9/157
f 148/7/158 149/8/158 150/9/158
f 151/7/159 152/8/159 153/9/159
f 154/7/160 155/8/160 156/9/160
f 157/7/161 158/8/161 159/9/161
f 160/7/162 161/8/162 162/9/162
f 163/7/163 164/8/163 165/9/163
f 166/7/164 167/8/164 168/9/164
f 145/7/165 152/8/165 151/9/165
f 146/7/166 150/8/166 147/9/166
f 154/7/167 150/8/167 149/9/167
f 155/7/168 152/8/168 156/9/168
f 151/7/169 164/8/169 163/9/169
f 166/7/170 155/8/170 154/9/170
f 165/7/171 168/8/171 167/9/171
f 163/7/172 158/8/172 157/9/172
f 160/7/173 167/8/173 166/9/173
f 161/7/174 158/8/174 162/9/174
f 157/7/175 146/8/175 145/9/175
f 149/7/176 161/8/176 160/9/176
f 151/7/177 157/8/177 145/9/177
f 147/7/178 156/8/178 152/9/178
f 161/7/179 146/8/179 159/9/179
f 166/7/180 149/8/180 160/9/180
f 153/7/181 168/8/181 164/9/181
f 165/7/182 162/8/182 158/9/182
f 169/10/183 170/11/183 171/12/183
f 172/10/184 173/11/184 174/12/184
f 175/10/185 176/11/185 177/12/185
f 178/10/186 179/11/186 180/12/186
f 181/10/187 182/11/187 183/12/187
f 184/10/188 185/11/188 186/12/188
f 187/10/189 188/11/189 189/12/189
f 190/10/190 191/11/190 192/12/190
f 169/10/191 176/11/191 175/12/191
f 170/10/192 174/11/192 171/12/192
f 173/10/193 180/11/193 174/12/193
f 177/10/194 180/11/194 179/12/194
f 175/10/195 188/11/195 187/12/195
f 178/10/196 192/11/196 179/12/196
f 191/10/197 188/11/197 192/12/197
f 181/10/198 189/11/198 182/12/198
f 184/10/199 191/11/199 190/12/199
f 183/10/200 186/11/200 185/12/200
f 181/10/201 170/11/201 169/12/201
f 173/10/202 185/11/202 184/12/202
f 175/10/203 181/11/203 169/12/203
f 174/10/204 176/11/204 171/12/204
f 185/10/205 170/11/205 183/12/205
f 178/10/206 184/11/206 190/12/206
f 179/10/207 188/11/207 177/12/207
f 189/10/208 186/11/208 182/12/208
f 193/1/209 194/2/209 195/3/209
f 196/1/210 197/2/210 198/3/210
f 199/1/211 200/2/211 201/3/211
f 202/1/212 203/2/212 204/3/212
f 205/1/213 206/2/213 207/3/213
f 208/1/214 209/2/214 210/3/214
f 211/1/215 212/2/215 213/3/215
f 214/1/216 215/2/216 216/3/216
f 193/1/217 200/2/217 199/3/217
f 196/1/218 195/2/218 194/3/218
f 197/1/219 204/2/219 198/3/219
f 201/1/220 204/2/220 203/3/220
f 211/1/221 201/2/221 212/3/221
f 214/1/222 203/2/222 202/3/222
f 213/1/223 216/2/223 215/3/223
f 205/1/224 213/2/224 206/3/224
f 208/1/225 215/2/225 214/3/225
f 207/1/226 210/2/226 209/3/226
f 205/1/227 194/2/227 193/3/227
f 208/1/228 196/2/228 209/3/228
f 211/1/229 193/2/229 199/3/229
f 195/1/230 204/2/230 200/3/230
f 209/1/231 194/2/231 207/3/231
f 202/1/232 208/2/232 214/3/232
f 203/1/233 212/2/233 201/3/233
f 213/1/234 210/2/234 206/3/234
f 217/10/235 218/11/235 219/12/235
f 220/10/236 221/11/236 222/12/236
f 223/10/237 224/11/237 225/12/237
f 226/10/238 227/11/238 228/12/238
f 229/10/239 230/11/239 231/12/239
f 232/10/240 233/11/240 234/12/240
f 235/10/241 236/11/241 237/12/241
f 238/10/242 239/11/242 240/12/242
f 217/10/243 224/11/243 223/12/243
f 220/10/244 219/11/244 218/12/244
f 221/10/245 228/11/245 222/12/245
f 227/10/246 224/11/246 228/12/246
f 223/10/247 236/11/247 235/12/247
f 226/10/248 240/11/248 227/12/248
f 239/10/249 236/11/249 240/12/249
f 229/10/250 237/11/250 230/12/250
f 238/10/251 234/11/251 239/12/251
f 233/10/252 230/11/252 234/12/252
f 229/10/253 218/11/253 217/12/253
f 221/10/254 233/11/254 232/12/254
f 223/10/255 229/11/255 217/12/255
f 219/10/256 228/11/256 224/12/256
f 233/10/257 218/11/257 231/12/257
f 226/10/258 232/11/258 238/12/258
f 225/10/259 240/11/259 236/12/259
f 239/10/260 230/11/260 237/12/260
f 241/10/261 242/11/261 243/12/261
f 244/10/262 245/11/262 246/12/262
f 247/10/263 248/11/263 249/12/263
f 250/10/264 251/11/264 252/12/264
f 253/10/265 254/11/265 255/12/265
f 256/10/266 257/11/266 258/12/266
f 259/10/267 260/11/267 261/12/267
f 262/10/268 263/11/268 264/12/268
f 241/10/269 248/11/269 247/12/269
f 244/10/270 243/11/270 242/12/270
f 250/10/271 246/11/271 245/12/271
f 249/10/272 252/11/272 251/12/272
f 247/10/273 260/11/273 259/12/273
f 262/10/274 251/11/274 250/12/274
f 261/10/275 264/11/275 263/12/275
f 259/10/276 254/11/276 253/12/276
f 262/10/277 258/11/277 263/12/277
f 255/10/278 258/11/278 257/12/278
f 253/10/279 242/11/279 241/12/279
f 245/10/280 257/11/280 256/12/280
f 247/10/281 253/11/281 241/12/281
f 243/10/282 252/11/282 248/12/282
f 255/10/283 244/11/283 242/12/283
f 262/10/284 245/11/284 256/12/284
f 251/10/285 260/11/285 249/12/285
f 261/10/286 258/11/286 254/12/286
f 265/1/287 266/2/287 267/3/287
f 268/1/288 269/2/288 270/3/288
f 271/1/289 272/2/289 273/3/289
f 274/1/290 275/2/290 276/3/290
f 277/1/291 278/2/291 279/3/291
f 280/1/292 281/2/292 282/3/292
f 283/1/293 284/2/293 285/3/293
f 286/1/294 287/2/294 288/3/294
f 271/1/295 267/2/295 272/3/295
f 266/1/296 270/2/296 267/3/296
f 269/1/297 276/2/297 270/3/297
f 273/1/298 276/2/298 275/3/298
f 283/1/299 273/2/299 284/3/299
f 274/1/300 288/2/300 275/3/300
f 287/1/301 284/2/301 288/3/301
f 277/1/302 285/2/302 278/3/302
f 286/1/303 282/2/303 287/3/303
f 279/1/304 282/2/304 281/3/304
f 277/1/305 266/2/305 265/3/305
f 280/1/306 268/2/306 281/3/306
f 271/1/307 277/2/307 265/3/307
f 270/1/308 272/2/308 267/3/308
f 279/1/309 268/2/309 266/3/309
f 274/1/310 280/2/310 286/3/310
f 273/1/311 288/2/311 284/3/311
f 285/1/312 282/2/312 278/3/312
f 289/1/313 290/2/313 291/3/313
f 292/1/314 293/2/314 294/3/314
f 295/1/315 296/2/315 297/3/315
f 298/1/316 299/2/316 300/3/316
f 301/1/317 302/2/317 303/3/317
f 304/1/318 305/2/318 306/3/318
f 307/1/319 308/2/319 309/3/319
f 310/1/320 311/2/320 312/3/320
f 295/1/321 291/2/321 296/3/321
f 290/1/322 294/2/322 291/3/322
f 293/1/323 300/2/323 294/3/323
f 299/1/324 296/2/324 300/3/324
f 295/1/325 308/2/325 307/3/325
f 298/1/326 312/2/326 299/3/326
f 309/1/327 312/2/327 311/3/327
f 307/1/328 302/2/328 301/3/328
f 310/1/329 306/2/329 311/3/329
f 305/1/330 302/2/330 306/3/330
f 301/1/331 290/2/331 289/3/331
f 293/1/332 305/2/332 304/3/332
f 295/1/333 301/2/333 289/3/333
f 294/1/334 296/2/334 291/3/334
f 305/1/335 290/2/335 303/3/335
f 310/1/336 293/2/336 304/3/336
f 297/1/337 312/2/337 308/3/337
f 311/1/338 302/2/338 309/3/338
f 313/10/339 314/11/339 315/12/339
f 316/10/340 317/11/340 318/12/340
f 319/10/341 320/11/341 321/12/341
f 322/10/342 323/11/342 324/12/342
f 325/10/343 326/11/343 327/12/343
f 328/10/344 329/11/344 330/12/344
f 331/10/345 332/11/345 333/12/345
f 334/10/346 335/11/346 336/12/346
f 313/10/347 320/11/347 319/12/347
f 316/10/348 315/11/348 314/12/348
f 317/10/349 324/11/349 318/12/349
f 321/10/350 324/11/350 323/12/350
f 331/10/351 321/11/351 332/12/351
f 322/10/352 336/11/352 323/12/352
f 333/10/353 336/11/353 335/12/353
f 325/10/354 333/11/354 326/12/354
f 328/10/355 335/11/355 334/12/355
f 327/10/356 330/11/356 329/12/356
f 313/10/357 327/11/357 314/12/357
f 317/10/358 329/11/358 328/12/358
f 331/10/359 313/11/359 319/12/359
f 315/10/360 324/11/360 320/12/360
f 329/10/361 314/11/361 327/12/361
f 322/10/362 328/11/362 334/12/362
f 321/10/363 336/11/363 332/12/363
f 333/10/364 330/11/364 326/12/364
f 337/1/365 338/2/365 339/3/365
f 340/1/366 341/2/366 342/3/366
f 343/1/367 344/2/367 345/3/367
f 346/1/368 347/2/368 348/3/368
f 349/1/369 350/2/369 351/3/369
f 352/1/370 353/2/370 354/3/370
f 355/1/371 356/2/371 357/3/371
f 358/1/372 359/2/372 360/3/372
f 343/1/373 339/2/373 344/3/373
f 338/1/374 342/2/374 339/3/374
f 341/1/375 348/2/375 342/3/375
f 347/1/376 344/2/376 348/3/376
f 355/1/377 345/2/377 356/3/377
f 346/1/378 360/2/378 347/3/378
f 357/1/379 360/2/379 359/3/379
f 349/1/380 357/2/380 350/3/380
f 358/1/381 354/2/381 359/3/381
f 353/1/382 350/2/382 354/3/382
f 337/1/383 351/2/383 338/3/383
f 341/1/384 353/2/384 352/3/384
f 355/1/385 337/2/385 343/3/385
f 339/1/386 348/2/386 344/3/386
f 353/1/387 338/2/387 351/3/387
f 346/1/388 352/2/388 358/3/388
f 347/1/389 356/2/389 345/3/389
f 359/1/390 350/2/390 357/3/390
f 361/4/391 362/5/391 363/6/391
f 364/4/392 365/5/392 366/6/392
f 367/4/393 368/5/393 369/6/393
f 370/4/394 371/5/394 372/6/394
f 373/4/395 374/5/395 375/6/395
f 376/4/396 377/5/396 378/6/396
f 379/4/397 380/5/397 381/6/397
f 382/4/398 383/5/398 384/6/398
f 367/4/399 363/5/399 368/6/399
f 362/4/400 366/5/400 363/6/400
f 365/4/401 372/5/401 366/6/401
f 369/4/402 372/5/402 371/6/402
f 367/4/403 380/5/403 379/6/403
f 382/4/404 371/5/404 370/6/404
f 383/4/405 380/5/405 384/6/405
f 379/4/406 374/5/406 373/6/406
f 376/4/407 383/5/407 382/6/407
f 377/4/408 374/5/408 378/6/408
f 373/4/409 362/5/409 361/6/409
f 376/4/410 364/5/410 377/6/410
f 367/4/411 373/5/411 361/6/411
f 366/4/412 368/5/412 363/6/412
f 377/4/413 362/5/413 375/6/413
f 382/4/414 365/5/414 376/6/414
f 371/4/415 380/5/415 369/6/415
f 381/4/416 378/5/416 374/6/416
f 385/1/417 386/2/417 387/3/417
f 388/1/418 389/2/418 390/3/418
f 391/1/419 392/2/419 393/3/419
f 394/1/420 395/2/420 396/3/420
f 397/1/421 398/2/421 399/3/421
f 400/1/422 401/2/422 402/3/422
f 403/1/423 404/2/423 405/3/423
f 406/1/424 407/2/424 408/3/424
f 391/1/425 387/2/425 392/3/425
f 386/1/426 390/2/426 387/3/426
f 394/1/427 390/2/427 389/3/427
f 393/1/428 396/2/428 395/3/428
f 391/1/429 404/2/429 403/3/429
f 394/1/430 408/2/430 395/3/430
f 405/1/431 408/2/431 407/3/431
f 403/1/432 398/2/432 397/3/432
f 406/1/433 402/2/433 407/3/433
f 401/1/434 398/2/434 402/3/434
f 397/1/435 386/2/435 385/3/435
f 400/1/436 388/2/436 401/3/436
f 391/1/437 397/2/437 385/3/437
f 387/1/438 396/2/438 392/3/438
f 401/1/439 386/2/439 399/3/439
f 394/1/440 400/2/440 406/3/440
f 393/1/441 408/2/441 404/3/441
f 407/1/442 398/2/442 405/3/442
f 409/4/443 410/5/443 411/6/443
f 412/4/444 413/5/444 414/6/444
f 415/4/445 416/5/445 417/6/445
f 418/4/446 419/5/446 420/6/446
f 421/4/447 422/5/447 423/6/447
f 424/4/448 425/5/448 426/6/448
f 427/4/449 428/5/449 429/6/449
f 430/4/450 431/5/450 432/6/450
f 409/4/451 416/5/451 415/6/451
f 410/4/452 414/5/452 411/6/452
f 418/4/453 414/5/453 413/6/453
f 417/4/454 420/5/454 419/6/454
f 415/4/455 428/5/455 427/6/455
f 430/4/456 419/5/456 418/6/456
f 431/4/457 428/5/457 432/6/457
f 427/4/458 422/5/458 421/6/458
f 424/4/459 431/5/459 430/6/459
f 425/4/460 422/5/460 426/6/460
f 421/4/461 410/5/461 409/6/461
f 413/4/462 425/5/462 424/6/462
f 427/4/463 409/5/463 415/6/463
f 411/4/464 420/5/464 416/6/464
f 425/4/465 410/5/465 423/6/465
f 430/4/466 413/5/466 424/6/466
f 419/4/467 428/5/467 417/6/467
f 431/4/468 422/5/468 429/6/468
f 433/1/469 434/2/469 435/3/469
f 436/1/470 437/2/470 438/3/470
f 439/1/471 440/2/471 441/3/471
f 442/1/472 443/2/472 444/3/472
f 445/1/473 446/2/473 447/3/473
f 448/1/474 449/2/474 450/3/474
f 451/1/475 452/2/475 453/3/475
f 454/1/476 455/2/476 456/3/476
f 439/1/477 435/2/477 440/3/477
f 436/1/478 435/2/478 434/3/478
f 437/1/479 444/2/479 438/3/479
f 443/1/480 440/2/480 444/3/480
f 451/1/481 441/2/481 452/3/481
f 442/1/482 456/2/482 443/3/482
f 455/1/483 452/2/483 456/3/483
f 451/1/484 446/2/484 445/3/484
f 448/1/485 455/2/485 454/3/485
f 447/1/486 450/2/486 449/3/486
f 433/1/487 447/2/487 434/3/487
f 437/1/488 449/2/488 448/3/488
f 451/1/489 433/2/489 439/3/489
f 435/1/490 444/2/490 440/3/490
f 449/1/491 434/2/491 447/3/491
f 442/1/492 448/2/492 454/3/492
f 443/1/493 452/2/493 441/3/493
f 453/1/494 450/2/494 446/3/494
f 457/7/495 458/8/495 459/9/495
f 460/7/496 461/8/496 462/9/496
f 463/7/497 464/8/497 465/9/497
f 466/7/498 467/8/498 468/9/498
f 469/7/499 470/8/499 471/9/499
f 472/7/500 473/8/500 474/9/500
f 475/7/501 476/8/501 477/9/501
f 478/7/502 479/8/502 480/9/502
f 463/7/503 459/8/503 464/9/503
f 460/7/504 459/8/504 458/9/504
f 466/7/505 462/8/505 461/9/505
f 465/7/506 468/8/506 467/9/506
f 463/7/507 476/8/507 475/9/507
f 478/7/508 467/8/508 466/9/508
f 477/7/509 480/8/509 479/9/509
f 475/7/510 470/8/510 469/9/510
f 472/7/511 479/8/511 478/9/511
f 471/7/512 474/8/512 473/9/512
f 469/7/513 458/8/513 457/9/513
f 461/7/514 473/8/514 472/9/514
f 475/7/515 457/8/515 463/9/515
f 462/7/516 464/8/516 459/9/516
f 471/7/517 460/8/517 458/9/517
f 466/7/518 472/8/518 478/9/518
f 465/7/519 480/8/519 476/9/519
f 477/7/520 474/8/520 470/9/520
f 481/7/521 482/8/521 483/9/521
f 484/7/522 485/8/522 486/9/522
f 487/7/523 488/8/523 489/9/523
f 490/7/524 491/8/524 492/9/524
f 493/7/525 494/8/525 495/9/525
f 496/7/526 497/8/526 498/9/526
f 499/7/527 500/8/527 501/9/527
f 502/7/528 503/8/528 504/9/528
f 487/7/529 483/8/529 488/9/529
f 484/7/530 483/8/530 482/9/530
f 485/7/531 492/8/531 486/9/531
f 489/7/532 492/8/532 491/9/532
f 499/7/533 489/8/533 500/9/533
f 502/7/534 491/8/534 490/9/534
f 503/7/535 500/8/535 504/9/535
f 499/7/536 494/8/536 493/9/536
f 502/7/537 498/8/537 503/9/537
f 495/7/538 498/8/538 497/9/538
f 493/7/539 482/8/539 481/9/539
f 485/7/540 497/8/540 496/9/540
f 487/7/541 493/8/541 481/9/541
f 483/7/542 492/8/542 488/9/542
f 495/7/543 484/8/543 482/9/543
f 502/7/544 485/8/544 496/9/544
f 491/7/545 500/8/545 489/9/545
f 503/7/546 494/8/546 501/9/546
f 505/1/547 506/2/547 507/3/547
f 508/1/548 509/2/548 510/3/548
f 511/1/549 512/2/549 513/3/549
f 514/1/550 515/2/550 516/3/550
f 517/1/551 518/2/551 519/3/551
f 520/1/552 521/2/552 522/3/552
f 523/1/553 524/2/553 525/3/553
f 526/1/554 527/2/554 528/3/554
f 511/1/555 507/2/555 512/3/555
f 506/1/556 510/2/556 507/3/556
f 509/1/557 516/2/557 510/3/557
f 515/1/558 512/2/558 516/3/558
f 511/1/559 524/2/559 523/3/559
f 514/1/560 528/2/560 515/3/560
f 527/1/561 524/2/561 528/3/561
f 517/1/562 525/2/562 518/3/562
f 520/1/563 527/2/563 526/3/563
f 519/1/564 522/2/564 521/3/564
f 517/1/565 506/2/565 505/3/565
f 520/1/566 508/2/566 521/3/566
f 511/1/567 517/2/567 505/3/567
f 510/1/568 512/2/568 507/3/568
f 519/1/569 508/2/569 506/3/569
f 514/1/570 520/2/570 526/3/570
f 515/1/571 524/2/571 513/3/571
f 527/1/572 518/2/572 525/3/572
f 529/7/573 530/8/573 531/9/573
f 532/7/574 533/8/574 534/9/574
f 535/7/575 536/8/575 537/9/575
f 538/7/576 539/8/576 540/9/576
f 541/7/577 542/8/577 543/9/577
f 544/7/578 545/8/578 546/9/578
f 547/7/579 548/8/579 549/9/579
f 550/7/580 551/8/580 552/9/580
f 529/7/581 536/8/581 535/9/581
f 530/7/582 534/8/582 531/9/582
f 533/7/583 540/8/583 534/9/583
f 539/7/584 536/8/584 540/9/584
f 535/7/585 548/8/585 547/9/585
f 550/7/586 539/8/586 538/9/586
f 549/7/587 552/8/587 551/9/587
f 547/7/588 542/8/588 541/9/588
f 544/7/589 551/8/589 550/9/589
f 545/7/590 542/8/590 546/9/590
f 541/7/591 530/8/591 529/9/591
f 533/7/592 545/8/592 544/9/592
f 547/7/593 529/8/593 535/9/593
f 531/7/594 540/8/594 536/9/594
f 545/7/595 530/8/595 543/9/595
f 538/7/596 544/8/596 550/9/596
f 537/7/597 552/8/597 548/9/597
f 551/7/598 542/8/598 549/9/598
f 553/1/599 554/2/599 555/3/599
f 556/1/600 557/2/600 558/3/600
f 559/1/601 560/2/601 561/3/601
f 562/1/602 563/2/602 564/3/602
f 565/1/603 566/2/603 567/3/603
f 568/1/604 569/2/604 570/3/604
f 571/1/605 572/2/605 573/3/605
f 574/1/606 575/2/606 576/3/606
f 559/1/607 555/2/607 560/3/607
f 554/1/608 558/2/608 555/3/608
f 562/1/609 558/2/609 557/3/609
f 561/1/610 564/2/610 563/3/610
f 571/1/611 561/2/611 572/3/611
f 562/1/612 576/2/612 563/3/612
f 575/1/613 572/2/613 576/3/613
f 571/1/614 566/2/614 565/3/614
f 574/1/615 570/2/615 575/3/615
f 569/1/616 566/2/616 570/3/616
f 553/1/617 567/2/617 554/3/617
f 568/1/618 556/2/618 569/3/618
f 571/1/619 553/2/619 559/3/619
f 558/1/620 560/2/620 555/3/620
f 569/1/621 554/2/621 567/3/621
f 562/1/622 568/2/622 574/3/622
f 561/1/623 576/2/623 572/3/623
f 575/1/624 566/2/624 573/3/624
f 577/4/625 578/5/625 579/6/625
f 580/4/626 581/5/626 582/6/626
f 583/4/627 584/5/627 585/6/627
f 586/4/628 587/5/628 588/6/628
f 589/4/629 590/5/629 591/6/629
f 592/4/630 593/5/630 594/6/630
f 595/4/631 596/5/631 597/6/631
f 598/4/632 599/5/632 600/6/632
f 577/4/633 584/5/633 583/6/633
f 580/4/634 579/5/634 578/6/634
f 581/4/635 588/5/635 582/6/635
f 587/4/636 584/5/636 588/6/636
f 583/4/637 596/5/637 595/6/637
f 586/4/638 600/5/638 587/6/638
f 599/4/639 596/5/639 600/6/639
f 589/4/640 597/5/640 590/6/640
f 592/4/641 599/5/641 598/6/641
f 591/4/642 594/5/642 593/6/642
f 577/4/643 591/5/643 578/6/643
f 592/4/644 580/5/644 593/6/644
f 583/4/645 589/5/645 577/6/645
f 582/4/646 584/5/646 579/6/646
f 593/4/647 578/5/647 591/6/647
f 586/4/648 592/5/648 598/6/648
f 585/4/649 600/5/649 596/6/649
f 597/4/650 594/5/650 590/6/650
f 601/10/651 602/11/651 603/12/651
f 604/10/652 605/11/652 606/12/652
f 607/10/653 608/11/653 609/12/653
f 610/10/654 611/11/654 612/12/654
f 613/10/655 614/11/655 615/12/655
f 616/10/656 617/11/656 618/12/656
f 619/10/657 620/11/657 621/12/657
f 622/10/658 623/11/658 624/12/658
f 601/10/659 608/11/659 607/12/659
f 604/10/660 603/11/660 602/12/660
f 610/10/661 606/11/661 605/12/661
f 609/10/662 612/11/662 611/12/662
f 607/10/663 620/11/663 619/12/663
f 610/10/664 624/11/664 611/12/664
f 623/10/665 620/11/665 624/12/665
f 619/10/666 614/11/666 613/12/666
f 622/10/667 618/11/667 623/12/667
f 617/10/668 614/11/668 618/12/668
f 601/10/669 615/11/669 602/12/669
f 616/10/670 604/11/670 617/12/670
f 619/10/671 601/11/671 607/12/671
f 606/10/672 608/11/672 603/12/672
f 615/10/673 604/11/673 602/12/673
f 610/10/674 616/11/674 622/12/674
f 609/10/675 624/11/675 620/12/675
f 621/10/676 618/11/676 614/12/676
f 625/7/677 626/8/677 627/9/677
f 628/7/678 629/8/678 630/9/678
f 631/7/679 632/8/679 633/9/679
f 634/7/680 635/8/680 636/9/680
f 637/7/681 638/8/681 639/9/681
f 640/7/682 641/8/682 642/9/682
f 643/7/683 644/8/683 645/9/683
f 646/7/684 647/8/684 648/9/684
f 625/7/685 632/8/685 631/9/685
f 628/7/686 627/8/686 626/9/686
f 629/7/687 636/8/687 630/9/687
f 635/7/688 632/8/688 636/9/688
f 631/7/689 644/8/689 643/9/689
f 634/7/690 648/8/690 635/9/690
f 647/7/691 644/8/691 648/9/691
f 637/7/692 645/8/692 638/9/692
f 646/7/693 642/8/693 647/9/693
f 641/7/694 638/8/694 642/9/694
f 637/7/695 626/8/695 625/9/695
f 629/7/696 641/8/696 640/9/696
f 631/7/697 637/8/697 625/9/697
f 630/7/698 632/8/698 627/9/698
f 641/7/699 626/8/699 639/9/699
f 646/7/700 629/8/700 640/9/700
f 635/7/701 644/8/701 633/9/701
f 645/7/702 642/8/702 638/9/702
f 649/10/703 650/11/703 651/12/703
f 652/10/704 653/11/704 654/12/704
f 655/10/705 656/11/705 657/12/705
f 658/10/706 659/11/706 660/12/706
f 661/10/707 662/11/707 663/12/707
f 664/10/708 665/11/708 666/12/708
f 667/10/709 668/11/709 669/12/709
f 670/10/710 671/11/710 672/12/710
f 655/10/711 651/11/711 656/12/711
f 650/10/712 654/11/712 651/12/712
f 658/10/713 654/11/713 653/12/713
f 657/10/714 660/11/714 659/12/714
f 655/10/715 668/11/715 667/12/715
f 670/10/716 659/11/716 658/12/716
f 669/10/717 672/11/717 671/12/717
f 667/10/718 662/11/718 661/12/718
f 664/10/719 671/11/719 670/12/719
f 665/10/720 662/11/720 666/12/720
f 661/10/721 650/11/721 649/12/721
f 664/10/722 652/11/722 665/12/722
f 655/10/723 661/11/723 649/12/723
f 654/10/724 656/11/724 651/12/724
f 663/10/725 652/11/725 650/12/725
f 670/10/726 653/11/726 664/12/726
f 657/10/727 672/11/727 668/12/727
f 671/10/728 662/11/728 669/12/728
f 673/7/729 674/8/729 675/9/729
f 676/7/730 677/8/730 678/9/730
f 679/7/731 680/8/731 681/9/731
f 682/7/732 683/8/732 684/9/732
f 685/7/733 686/8/733 687/9/733
f 688/7/734 689/8/734 690/9/734
f 691/7/735 692/8/735 693/9/735
f 694/7/736 695/8/736 696/9/736
f 679/7/737 675/8/737 680/9/737
f 674/7/738 678/8/738 675/9/738
f 682/7/739 678/8/739 677/9/739
f 683/7/740 680/8/740 684/9/740
f 691/7/741 681/8/741 692/9/741
f 682/7/742 696/8/742 683/9/742
f 695/7/743 692/8/743 696/9/743
f 691/7/744 686/8/744 685/9/744
f 694/7/745 690/8/745 695/9/745
f 687/7/746 690/8/746 689/9/746
f 673/7/747 687/8/747 674/9/747
f 688/7/748 676/8/748 689/9/748
f 679/7/749 685/8/749 673/9/749
f 675/7/750 684/8/750 680/9/750
f 689/7/751 674/8/751 687/9/751
f 694/7/752 677/8/752 688/9/752
f 683/7/753 692/8/753 681/9/753
f 693/7/754 690/8/754 686/9/754
f 697/10/755 698/11/755 699/12/755
f 700/10/756 701/11/756 702/12/756
f 703/10/757 704/11/757 705/12/757
f 706/10/758 707/11/758 708/12/758
f 709/10/759 710/11/759 711/12/759
f 712/10/760 713/11/760 714/12/760
f 715/10/761 716/11/761 717/12/761
f 718/10/762 719/11/762 720/12/762
f 697/10/763 704/11/763 703/12/763
f 700/10/764 699/11/764 698/12/764
f 701/10/765 708/11/765 702/12/765
f 707/10/766 704/11/766 708/12/766
f 715/10/767 705/11/767 716/12/767
f 706/10/768 720/11/768 707/12/768
f 717/10/769 720/11/769 719/12/769
f 709/10/770 717/11/770 710/12/770
f 712/10/771 719/11/771 718/12/771
f 711/10/772 714/11/772 713/12/772
f 709/10/773 698/11/773 697/12/773
f 701/10/774 713/11/774 712/12/774
f 715/10/775 697/11/775 703/12/775
f 699/10/776 708/11/776 704/12/776
f 711/10/777 700/11/777 698/12/777
f 706/10/778 712/11/778 718/12/778
f 707/10/779 716/11/779 705/12/779
f 719/10/780 710/11/780 717/12/780
f 721/10/781 722/11/781 723/12/781
f 724/10/782 725/11/782 726/12/782
f 727/10/783 728/11/783 729/12/783
f 730/10/784 731/11/784 732/12/784
f 733/10/785 734/11/785 735/12/785
f 736/10/786 737/11/786 738/12/786
f 739/10/787 740/11/787 741/12/787
f 742/10/788 743/11/788 744/12/788
f 727/10/789 723/11/789 728/12/789
f 724/10/790 723/11/790 722/12/790
f 725/10/791 732/11/791 726/12/791
f 729/10/792 732/11/792 731/12/792
f 727/10/793 740/11/793 739/12/793
f 730/10/794 744/11/794 731/12/794
f 743/10/795 740/11/795 744/12/795
f 739/10/796 734/11/796 733/12/796
f 742/10/797 738/11/797 743/12/797
f 737/10/798 734/11/798 738/12/798
f 721/10/799 735/11/799 722/12/799
f 736/10/800 724/11/800 737/12/800
f 739/10/801 721/11/801 727/12/801
f 723/10/802 732/11/802 728/12/802
f 735/10/803 724/11/803 722/12/803
f 742/10/804 725/11/804 736/12/804
f 731/10/805 740/11/805 729/12/805
f 743/10/806 734/11/806 741/12/806
f 745/1/807 746/2/807 747/3/807
f 748/1/808 749/2/808 750/3/808
f 751/1/809 752/2/809 753/3/809
f 754/1/810 755/2/810 756/3/810
f 757/1/811 758/2/811 759/3/811
f 760/1/812 761/2/812 762/3/812
f 763/1/813 764/2/813 765/3/813
f 766/1/814 767/2/814 768/3/814
f 745/1/815 752/2/815 751/3/815
f 748/1/816 747/2/816 746/3/816
f 749/1/817 756/2/817 750/3/817
f 753/1/818 756/2/818 755/3/818
f 751/1/819 764/2/819 763/3/819
f 754/1/820 768/2/820 755/3/820
f 767/1/821 764/2/821 768/3/821
f 763/1/822 758/2/822 757/3/822
f 766/1/823 762/2/823 767/3/823
f 761/1/824 758/2/824 762/3/824
f 745/1/825 759/2/825 746/3/825
f 760/1/826 748/2/826 761/3/826
f 763/1/827 745/2/827 751/3/827
f 750/1/828 752/2/828 747/3/828
f 761/1/829 746/2/829 759/3/829
f 766/1/830 749/2/830 760/3/830
f 755/1/831 764/2/831 753/3/831
f 767/1/832 758/2/832 765/3/832
f 769/1/833 770/2/833 771/3/833
f 772/1/834 773/2/834 774/3/834
f 775/1/835 776/2/835 777/3/835
f 778/1/836 779/2/836 780/3/836
f 781/1/837 782/2/837 783/3/837
f 784/1/838 785/2/838 786/3/838
f 787/1/839 788/2/839 789/3/839
f 790/1/840 791/2/840 792/3/840
f 775/1/841 771/2/841 776/3/841
f 772/1/842 771/2/842 770/3/842
f 778/1/843 774/2/843 773/3/843
f 777/1/844 780/2/844 779/3/844
f 775/1/845 788/2/845 787/3/845
f 790/1/846 779/2/846 778/3/846
f 791/1/847 788/2/847 792/3/847
f 781/1/848 789/2/848 782/3/848
f 784/1/849 791/2/849 790/3/849
f 785/1/850 782/2/850 786/3/850
f 769/1/851 783/2/851 770/3/851
f 773/1/852 785/2/852 784/3/852
f 775/1/853 781/2/853 769/3/853
f 771/1/854 780/2/854 776/3/854
f 785/1/855 770/2/855 783/3/855
f 778/1/856 784/2/856 790/3/856
f 777/1/857 792/2/857 788/3/857
f 789/1/858 786/2/858 782/3/858
f 793/4/859 794/5/859 795/6/859
f 796/4/860 797/5/860 798/6/860
f 799/4/861 800/5/861 801/6/861
f 802/4/862 803/5/862 804/6/862
f 805/4/863 806/5/863 807/6/863
f 808/4/864 809/5/864 810/6/864
f 811/4/865 812/5/865 813/6/865
f 814/4/866 815/5/866 816/6/866
f 799/4/867 795/5/867 800/6/867
f 796/4/868 795/5/868 794/6/868
f 802/4/869 798/5/869 797/6/869
f 803/4/870 800/5/870 804/6/870
f 811/4/871 801/5/871 812/6/871
f 814/4/872 803/5/872 802/6/872
f 813/4/873 816/5/873 815/6/873
f 811/4/874 806/5/874 805/6/874
f 808/4/875 815/5/875 814/6/875
f 807/4/876 810/5/876 809/6/876
f 805/4/877 794/5/877 793/6/877
f 797/4/878 809/5/878 808/6/878
f 799/4/879 805/5/879 793/6/879
f 795/4/880 804/5/880 800/6/880
f 807/4/881 796/5/881 794/6/881
f 802/4/882 808/5/882 814/6/882
f 801/4/883 816/5/883 812/6/883
f 815/4/884 806/5/884 813/6/884
f 817/7/885 818/8/885 819/9/885
f 820/7/886 821/8/886 822/9/886
f 823/7/887 824/8/887 825/9/887
f 826/7/888 827/8/888 828/9/888
f 829/7/889 830/8/889 831/9/889
f 832/7/890 833/8/890 834/9/890
f 835/7/891 836/8/891 837/9/891
f 838/7/892 839/8/892 840/9/892
f 823/7/893 819/8/893 824/9/893
f 818/7/894 822/8/894 819/9/894
f 821/7/895 828/8/895 822/9/895
f 827/7/896 824/8/896 828/9/896
f 835/7/897 825/8/897 836/9/897
f 838/7/898 827/8/898 826/9/898
f 837/7/899 840/8/899 839/9/899
f 835/7/900 830/8/900 829/9/900
f 832/7/901 839/8/901 838/9/901
f 833/7/902 830/8/902 834/9/902
f 817/7/903 831/8/903 818/9/903
f 821/7/904 833/8/904 832/9/904
f 835/7/905 817/8/905 823/9/905
f 819/7/906 828/8/906 824/9/906
f 833/7/907 818/8/907 831/9/907
f 826/7/908 832/8/908 838/9/908
f 827/7/909 836/8/909 825/9/909
f 839/7/910 830/8/910 837/9/910
f 841/7/911 842/8/911 843/9/911
f 844/7/912 845/8/912 846/9/912
f 847/7/913 848/8/913 849/9/913
f 850/7/914 851/8/914 852/9/914
f 853/7/915 854/8/915 855/9/915
f 856/7/916 857/8/916 858/9/916
f 859/7/917 860/8/917 861/9/917
f 862/7/918 863/8/918 864/9/918
f 841/7/919 848/8/919 847/9/919
f 842/7/920 846/8/920 843/9/920
f 845/7/921 852/8/921 846/9/921
f 851/7/922 848/8/922 852/9/922
f 847/7/923 860/8/923 859/9/923
f 862/7/924 851/8/924 850/9/924
f 863/7/925 860/8/925 864/9/925
f 853/7/926 861/8/926 854/9/926
f 856/7/927 863/8/927 862/9/927
f 855/7/928 858/8/928 857/9/928
f 841/7/929 855/8/929 842/9/929
f 856/7/930 844/8/930 857/9/930
f 859/7/931 841/8/931 847/9/931
f 846/7/932 848/8/932 843/9/932
f 855/7/933 844/8/933 842/9/933
f 862/7/934 845/8/934 856/9/934
f 849/7/935 864/8/935 860/9/935
f 861/7/936 858/8/936 854/9/936
f 866/13/22 867/14/22 865/15/22
f 868/13/25 871/14/25 867/15/25
f 872/13/26 869/14/26 871/15/26
f 870/13/23 865/14/23 869/15/23
f 871/13/21 865/14/21 867/15/21
f 868/13/24 870/14/24 872/15/24
f 874/13/937 875/14/937 873/15/937
f 876/13/938 877/14/938 875/15/938
f 878/13/939 879/14/939 877/15/939
f 880/13/23 881/14/23 879/15/23
f 882/13/940 883/14/940 881/15/940
f 874/16/26 884/17/26 880/18/26
f 884/13/941 885/14/941 883/15/941
f 886/13/942 873/14/942 885/15/942
f 885/16/22 875/17/22 879/18/22
f 888/13/937 889/14/937 887/15/937
f 890/13/938 891/14/938 889/15/938
f 892/13/939 893/14/939 891/15/939
f 894/13/23 895/14/23 893/15/23
f 896/13/940 897/14/940 895/15/940
f 896/16/26 894/17/26 888/18/26
f 898/13/941 899/14/941 897/15/941
f 900/13/942 887/14/942 899/15/942
f 899/16/22 889/17/22 893/18/22
f 902/13/943 903/14/943 901/15/943
f 904/13/944 905/14/944 903/15/944
f 906/13/945 907/14/945 905/15/945
f 908/13/21 909/14/21 907/15/21
f 910/13/946 911/14/946 909/15/946
f 902/16/23 912/17/23 908/18/23
f 912/13/947 913/14/947 911/15/947
f 914/13/948 901/14/948 913/15/948
f 913/16/25 903/17/25 907/18/25
f 916/13/943 917/14/943 915/15/943
f 918/13/944 919/14/944 917/15/944
f 920/13/945 921/14/945 919/15/945
f 922/13/21 923/14/21 921/15/21
f 924/13/946 925/14/946 923/15/946
f 916/16/23 926/17/23 922/18/23
f 926/13/947 927/14/947 925/15/947
f 928/13/948 915/14/948 927/15/948
f 927/16/25 917/17/25 921/18/25
f 930/13/937 931/14/937 929/15/937
f 932/13/938 933/14/938 931/15/938
f 934/13/939 935/14/939 933/15/939
f 936/13/23 937/14/23 935/15/23
f 938/13/940 939/14/940 937/15/940
f 930/16/26 940/17/26 936/18/26
f 940/13/941 941/14/941 939/15/941
f 942/13/942 929/14/942 941/15/942
f 941/16/22 931/17/22 935/18/22
f 944/13/937 945/14/937 943/15/937
f 946/13/938 947/14/938 945/15/938
f 948/13/939 949/14/939 947/15/939
f 950/13/23 951/14/23 949/15/23
f 952/13/940 953/14/940 951/15/940
f 952/16/26 950/17/26 944/18/26
f 954/13/941 955/14/941 953/15/941
f 956/13/942 943/14/942 955/15/942
f 955/16/22 945/17/22 949/18/22
f 958/13/943 959/14/943 957/15/943
f 960/13/944 961/14/944 959/15/944
f 962/13/945 963/14/945 961/15/945
f 964/13/21 965/14/21 963/15/21
f 966/13/946 967/14/946 965/15/946
f 958/16/23 968/17/23 964/18/23
f 968/13/947 969/14/947 967/15/947
f 970/13/948 957/14/948 969/15/948
f 969/16/25 959/17/25 963/18/25
f 972/13/943 973/14/943 971/15/943
f 974/13/944 975/14/944 973/15/944
f 976/13/945 977/14/945 975/15/945
f 978/13/21 979/14/21 977/15/21
f 980/13/946 981/14/946 979/15/946
f 972/16/23 982/17/23 978/18/23
f 982/13/947 983/14/947 981/15/947
f 984/13/948 971/14/948 983/15/948
f 983/16/25 973/17/25 977/18/25
f 985/13/937 988/14/937 987/15/937
f 988/13/938 989/14/938 987/15/938
f 990/13/939 991/14/939 989/15/939
f 992/13/23 993/14/23 991/15/23
f 994/13/940 995/14/940 993/15/940
f 994/16/26 992/17/26 986/18/26
f 996/13/941 997/14/941 995/15/941
f 998/13/942 985/14/942 997/15/942
f 997/16/22 987/17/22 991/18/22
f 1000/13/937 1001/14/937 999/15/937
f 1002/13/938 1003/14/938 1001/15/938
f 1004/13/939 1005/14/939 1003/15/939
f 1006/13/23 1007/14/23 1005/15/23
f 1008/13/940 1009/14/940 1007/15/940
f 1008/16/26 1006/17/26 1000/18/26
f 1010/13/941 1011/14/941 1009/15/941
f 1012/13/942 999/14/942 1011/15/942
f 1011/16/22 1001/17/22 1005/18/22
f 1014/13/943 1015/14/943 1013/15/943
f 1016/13/944 1017/14/944 1015/15/944
f 1018/13/945 1019/14/945 1017/15/945
f 1020/13/21 1021/14/21 1019/15/21
f 1022/13/946 1023/14/946 1021/15/946
f 1014/16/23 1024/17/23 1020/18/23
f 1024/13/947 1025/14/947 1023/15/947
f 1026/13/948 1013/14/948 1025/15/948
f 1025/16/25 1015/17/25 1019/18/25
f 1028/13/943 1029/14/943 1027/15/943
f 1030/13/944 1031/14/944 1029/15/944
f 1032/13/945 1033/14/945 1031/15/945
f 1034/13/21 1035/14/21 1033/15/21
f 1036/13/946 1037/14/946 1035/15/946
f 1028/16/23 1038/17/23 1034/18/23
f 1038/13/947 1039/14/947 1037/15/947
f 1040/13/948 1027/14/948 1039/15/948
f 1039/16/25 1029/17/25 1033/18/25
f 1041/13/937 1044/14/937 1043/15/937
f 1044/13/938 1045/14/938 1043/15/938
f 1046/13/939 1047/14/939 1045/15/939
f 1048/13/23 1049/14/23 1047/15/23
f 1050/13/940 1051/14/940 1049/15/940
f 1042/16/26 1052/17/26 1048/18/26
f 1052/13/941 1053/14/941 1051/15/941
f 1054/13/942 1041/14/942 1053/15/942
f 1053/16/22 1043/17/22 1047/18/22
f 1056/13/937 1057/14/937 1055/15/937
f 1058/13/938 1059/14/938 1057/15/938
f 1060/13/939 1061/14/939 1059/15/939
f 1062/13/23 1063/14/23 1061/15/23
f 1064/13/940 1065/14/940 1063/15/940
f 1064/16/26 1062/17/26 1056/18/26
f 1066/13/941 1067/14/941 1065/15/941
f 1068/13/942 1055/14/942 1067/15/942
f 1067/16/22 1057/17/22 1061/18/22
f 1070/13/943 1071/14/943 1069/15/943
f 1072/13/944 1073/14/944 1071/15/944
f 1074/13/945 1075/14/945 1073/15/945
f 1076/13/21 1077/14/21 1075/15/21
f 1078/13/946 1079/14/946 1077/15/946
f 1070/16/23 1080/17/23 1076/18/23
f 1080/13/947 1081/14/947 1079/15/947
f 1082/13/948 1069/14/948 1081/15/948
f 1079/16/25 1081/17/25 1071/18/25
f 1084/13/943 1085/14/943 1083/15/943
f 1086/13/944 1087/14/944 1085/15/944
f 1088/13/945 1089/14/945 1087/15/945
f 1090/13/21 1091/14/21 1089/15/21
f 1092/13/946 1093/14/946 1091/15/946
f 1084/16/23 1094/17/23 1090/18/23
f 1094/13/947 1095/14/947 1093/15/947
f 1096/13/948 1083/14/948 1095/15/948
f 1093/16/25 1095/17/25 1085/18/25
f 1097/13/937 1100/14/937 1099/15/937
f 1100/13/938 1101/14/938 1099/15/938
f 1102/13/939 1103/14/939 1101/15/939
f 1104/13/23 1105/14/23 1103/15/23
f 1106/13/940 1107/14/940 1105/15/940
f 1098/16/26 1108/17/26 1104/18/26
f 1108/13/941 1109/14/941 1107/15/941
f 1109/13/942 1098/14/942 1097/15/942
f 1109/16/22 1099/17/22 1103/18/22
f 1112/13/937 1113/14/937 1111/15/937
f 1114/13/938 1115/14/938 1113/15/938
f 1116/13/939 1117/14/939 1115/15/939
f 1118/13/23 1119/14/23 1117/15/23
f 1120/13/940 1121/14/940 1119/15/940
f 1120/16/26 1118/17/26 1112/18/26
f 1122/13/941 1123/14/941 1121/15/941
f 1124/13/942 1111/14/942 1123/15/942
f 1123/16/22 1113/17/22 1117/18/22
f 1126/13/943 1127/14/943 1125/15/943
f 1128/13/944 1129/14/944 1127/15/944
f 1130/13/945 1131/14/945 1129/15/945
f 1132/13/21 1133/14/21 1131/15/21
f 1134/13/946 1135/14/946 1133/15/946
f 1126/16/23 1136/17/23 1132/18/23
f 1136/13/947 1137/14/947 1135/15/947
f 1138/13/948 1125/14/948 1137/15/948
f 1135/16/25 1137/17/25 1127/18/25
f 1140/13/943 1141/14/943 1139/15/943
f 1142/13/944 1143/14/944 1141/15/944
f 1144/13/945 1145/14/945 1143/15/945
f 1146/13/21 1147/14/21 1145/15/21
f 1148/13/946 1149/14/946 1147/15/946
f 1140/16/23 1150/17/23 1146/18/23
f 1150/13/947 1151/14/947 1149/15/947
f 1152/13/948 1139/14/948 1151/15/948
f 1149/16/25 1151/17/25 1141/18/25
f 1154/13/937 1155/14/937 1153/15/937
f 1156/13/938 1157/14/938 1155/15/938
f 1158/13/939 1159/14/939 1157/15/939
f 1160/13/23 1161/14/23 1159/15/23
f 1162/13/940 1163/14/940 1161/15/940
f 1154/16/26 1164/17/26 1160/18/26
f 1164/13/941 1165/14/941 1163/15/941
f 1166/13/942 1153/14/942 1165/15/942
f 1165/16/22 1155/17/22 1159/18/22
f 1168/13/937 1169/14/937 1167/15/937
f 1170/13/938 1171/14/938 1169/15/938
f 1172/13/939 1173/14/939 1171/15/939
f 1174/13/23 1175/14/23 1173/15/23
f 1176/13/940 1177/14/940 1175/15/940
f 1176/16/26 1174/17/26 1168/18/26
f 1178/13/941 1179/14/941 1177/15/941
f 1180/13/942 1167/14/942 1179/15/942
f 1179/16/22 1169/17/22 1173/18/22
f 1182/13/943 1183/14/943 1181/15/943
f 1184/13/944 1185/14/944 1183/15/944
f 1186/13/945 1187/14/945 1185/15/945
f 1188/13/21 1189/14/21 1187/15/21
f 1190/13/946 1191/14/946 1189/15/946
f 1182/16/23 1192/17/23 1188/18/23
f 1192/13/947 1193/14/947 1191/15/947
f 1194/13/948 1181/14/948 1193/15/948
f 1191/16/25 1193/17/25 1183/18/25
f 1196/13/943 1197/14/943 1195/15/943
f 1198/13/944 1199/14/944 1197/15/944
f 1200/13/945 1201/14/945 1199/15/945
f 1202/13/21 1203/14/21 1201/15/21
f 1204/13/946 1205/14/946 1203/15/946
f 1196/16/23 1206/17/23 1202/18/23
f 1206/13/947 1207/14/947 1205/15/947
f 1208/13/948 1195/14/948 1207/15/948
f 1205/16/25 1207/17/25 1197/18/25
f 1210/13/937 1211/14/937 1209/15/937
f 1212/13/938 1213/14/938 1211/15/938
f 1214/13/939 1215/14/939 1213/15/939
f 1216/13/23 1217/14/23 1215/15/23
f 1218/13/940 1219/14/940 1217/15/940
f 1210/16/26 1220/17/26 1216/18/26
f 1220/13/941 1221/14/941 1219/15/941
f 1222/13/942 1209/14/942 1221/15/942
f 1211/16/22 1215/17/22 1219/18/22
f 1224/13/937 1225/14/937 1223/15/937
f 1226/13/938 1227/14/938 1225/15/938
f 1228/13/939 1229/14/939 1227/15/939
f 1230/13/23 1231/14/23 1229/15/23
f 1232/13/940 1233/14/940 1231/15/940
f 1234/16/26 1232/17/26 1230/18/26
f 1234/13/941 1235/14/941 1233/15/941
f 1236/13/942 1223/14/942 1235/15/942
f 1235/16/22 1225/17/22 1229/18/22
f 1238/13/943 1239/14/943 1237/15/943
f 1240/13/944 1241/14/944 1239/15/944
f 1242/13/945 1243/14/945 1241/15/945
f 1244/13/21 1245/14/21 1243/15/21
f 1246/13/946 1247/14/946 1245/15/946
f 1238/16/23 1248/17/23 1244/18/23
f 1248/13/947 1249/14/947 1247/15/947
f 1250/13/948 1237/14/948 1249/15/948
f 1247/16/25 1249/17/25 1239/18/25
f 1252/13/943 1253/14/943 1251/15/943
f 1254/13/944 1255/14/944 1253/15/944
f 1256/13/945 1257/14/945 1255/15/945
f 1258/13/21 1259/14/21 1257/15/21
f 1260/13/946 1261/14/946 1259/15/946
f 1252/16/23 1262/17/23 1258/18/23
f 1262/13/947 1263/14/947 1261/15/947
f 1264/13/948 1251/14/948 1263/15/948
f 1261/16/25 1263/17/25 1253/18/25
f 1266/13/937 1267/14/937 1265/15/937
f 1267/13/938 1270/14/938 1269/15/938
f 1270/13/939 1271/14/939 1269/15/939
f 1272/13/23 1273/14/23 1271/15/23
f 1274/13/940 1275/14/940 1273/15/940
f 1274/16/26 1272/17/26 1266/18/26
f 1276/13/941 1277/14/941 1275/15/941
f 1278/13/942 1265/14/942 1277/15/942
f 1277/16/22 1267/17/22 1271/18/22
f 1280/13/937 1281/14/937 1279/15/937
f 1282/13/938 1283/14/938 1281/15/938
f 1284/13/939 1285/14/939 1283/15/939
f 1286/13/23 1287/14/23 1285/15/23
f 1288/13/940 1289/14/940 1287/15/940
f 1288/16/26 1286/17/26 1280/18/26
f 1290/13/941 1291/14/941 1289/15/941
f 1292/13/942 1279/14/942 1291/15/942
f 1291/16/22 1281/17/22 1285/18/22
f 1294/13/943 1295/14/943 1293/15/943
f 1296/13/944 1297/14/944 1295/15/944
f 1298/13/945 1299/14/945 1297/15/945
f 1300/13/21 1301/14/21 1299/15/21
f 1302/13/946 1303/14/946 1301/15/946
f 1300/16/23 1298/17/23 1294/18/23
f 1304/13/947 1305/14/947 1303/15/947
f 1306/13/948 1293/14/948 1305/15/948
f 1303/16/25 1305/17/25 1295/18/25
f 1308/13/943 1309/14/943 1307/15/943
f 1310/13/944 1311/14/944 1309/15/944
f 1312/13/945 1313/14/945 1311/15/945
f 1314/13/21 1315/14/21 1313/15/21
f 1316/13/946 1317/14/946 1315/15/946
f 1314/16/23 1312/17/23 1308/18/23
f 1318/13/947 1319/14/947 1317/15/947
f 1320/13/948 1307/14/948 1319/15/948
f 1317/16/25 1319/17/25 1309/18/25
f 1322/13/937 1323/14/937 1321/15/937
f 1324/13/938 1325/14/938 1323/15/938
f 1326/13/939 1327/14/939 1325/15/939
f 1328/13/23 1329/14/23 1327/15/23
f 1330/13/940 1331/14/940 1329/15/940
f 1328/16/26 1326/17/26 1322/18/26
f 1332/13/941 1333/14/941 1331/15/941
f 1334/13/942 1321/14/942 1333/15/942
f 1333/16/22 1323/17/22 1327/18/22
f 1336/13/937 1337/14/937 1335/15/937
f 1338/13/938 1339/14/938 1337/15/938
f 1340/13/939 1341/14/939 1339/15/939
f 1342/13/23 1343/14/23 1341/15/23
f 1344/13/940 1345/14/940 1343/15/940
f 1342/16/26 1340/17/26 1336/18/26
f 1346/13/941 1347/14/941 1345/15/941
f 1348/13/942 1335/14/942 1347/15/942
f 1347/16/22 1337/17/22 1341/18/22
f 1349/19/23 1350/20/23 1351/21/23
f 1354/19/25 1353/20/25 1352/21/25
f 1352/19/21 1350/20/21 1349/21/21
f 1353/19/949 1351/20/949 1350/21/949
f 1354/19/950 1349/20/950 1351/21/950
f 1356/22/951 1357/23/951 1355/24/951
f 1357/22/25 1362/23/25 1361/24/25
f 1362/22/952 1359/23/952 1361/24/952
f 1360/22/23 1355/23/23 1359/24/23
f 1361/22/953 1355/23/953 1357/24/953
f 1358/22/950 1360/23/950 1362/24/950
f 1363/25/954 1367/26/954 1369/27/954
f 1364/25/955 1367/26/955 1366/27/955
f 1365/25/956 1367/26/956 1368/27/956
f 1370/25/957 1374/26/957 1376/27/957
f 1371/25/958 1374/26/958 1373/27/958
f 1372/25/959 1374/26/959 1375/27/959
f 1377/25/960 1381/26/960 1383/27/960
f 1378/25/961 1381/26/961 1380/27/961
f 1379/25/962 1381/26/962 1382/27/962
f 1384/25/963 1388/26/963 1390/27/963
f 1385/25/964 1388/26/964 1387/27/964
f 1386/25/965 1388/26/965 1389/27/965
f 1391/25/966 1395/26/966 1397/27/966
f 1392/25/967 1395/26/967 1394/27/967
f 1393/25/968 1395/26/968 1396/27/968
f 1398/25/969 1402/26/969 1404/27/969
f 1399/25/970 1402/26/970 1401/27/970
f 1400/25/971 1402/26/971 1403/27/971
f 1405/25/972 1409/26/972 1411/27/972
f 1406/25/973 1409/26/973 1408/27/973
f 1407/25/974 1409/26/974 1410/27/974
f 1412/25/975 1416/26/975 1418/27/975
f 1413/25/976 1416/26/976 1415/27/976
f 1414/25/977 1416/26/977 1417/27/977
f 1363/25/978 1380/26/978 1377/27/978
f 1369/25/979 1378/26/979 1380/27/979
f 1364/25/980 1376/26/980 1368/27/980
f 1368/25/981 1372/26/981 1365/27/981
f 1384/25/982 1375/26/982 1371/27/982
f 1390/25/983 1372/26/983 1375/27/983
f 1379/25/984 1389/26/984 1385/27/984
f 1389/25/985 1378/26/985 1386/27/985
f 1377/25/986 1408/26/986 1405/27/986
f 1383/25/987 1406/26/987 1408/27/987
f 1384/25/988 1418/26/988 1387/27/988
f 1418/25/989 1385/26/989 1387/27/989
f 1413/25/990 1410/26/990 1417/27/990
f 1410/25/991 1414/26/991 1417/27/991
f 1405/25/992 1394/26/992 1391/27/992
f 1411/25/993 1392/26/993 1394/27/993
f 1398/25/994 1415/26/994 1412/27/994
f 1404/25/995 1413/26/995 1415/27/995
f 1393/25/996 1403/26/996 1399/27/996
f 1396/25/997 1400/26/997 1403/27/997
f 1363/25/998 1397/26/998 1366/27/998
f 1397/25/999 1364/26/999 1366/27/999
f 1371/25/1000 1401/26/1000 1398/27/1000
f 1373/25/1001 1399/26/1001 1401/27/1001
f 1405/25/953 1363/26/953 1377/27/953
f 1372/25/951 1378/26/951 1365/27/951
f 1399/25/23 1364/26/23 1393/27/23
f 1384/25/950 1398/26/950 1412/27/950
f 1379/25/25 1414/26/25 1406/27/25
f 1413/25/952 1392/26/952 1407/27/952
f 1420/16/951 1421/17/951 1419/18/951
f 1422/16/25 1425/17/25 1421/18/25
f 1426/16/952 1423/17/952 1425/18/952
f 1423/16/23 1420/17/23 1419/18/23
f 1425/16/953 1419/17/953 1421/18/953
f 1422/16/950 1424/17/950 1426/18/950
f 1428/16/951 1429/17/951 1427/18/951
f 1430/16/25 1433/17/25 1429/18/25
f 1434/16/952 1431/17/952 1433/18/952
f 1431/16/23 1428/17/23 1427/18/23
f 1433/16/953 1427/17/953 1429/18/953
f 1430/16/950 1432/17/950 1434/18/950
f 1436/22/1002 1437/23/1002 1435/24/1002
f 1437/22/25 1442/23/25 1441/24/25
f 1442/22/1003 1439/23/1003 1441/24/1003
f 1439/22/23 1436/23/23 1435/24/23
f 1441/22/1004 1435/23/1004 1437/24/1004
f 1438/22/949 1440/23/949 1442/24/949
f 1443/25/1005 1447/26/1005 1449/27/1005
f 1444/25/1006 1447/26/1006 1446/27/1006
f 1445/25/1007 1447/26/1007 1448/27/1007
f 1450/25/1008 1454/26/1008 1456/27/1008
f 1451/25/1009 1454/26/1009 1453/27/1009
f 1452/25/1010 1454/26/1010 1455/27/1010
f 1457/25/1011 1461/26/1011 1463/27/1011
f 1458/25/1012 1461/26/1012 1460/27/1012
f 1459/25/1013 1461/26/1013 1462/27/1013
f 1464/25/1014 1468/26/1014 1470/27/1014
f 1465/25/1015 1468/26/1015 1467/27/1015
f 1466/25/1016 1468/26/1016 1469/27/1016
f 1471/25/1017 1475/26/1017 1477/27/1017
f 1472/25/1018 1475/26/1018 1474/27/1018
f 1473/25/1019 1475/26/1019 1476/27/1019
f 1478/25/1020 1482/26/1020 1484/27/1020
f 1479/25/1021 1482/26/1021 1481/27/1021
f 1480/25/1022 1482/26/1022 1483/27/1022
f 1485/25/1023 1489/26/1023 1491/27/1023
f 1486/25/1024 1489/26/1024 1488/27/1024
f 1487/25/1025 1489/26/1025 1490/27/1025
f 1492/25/1026 1496/26/1026 1498/27/1026
f 1493/25/1027 1496/26/1027 1495/27/1027
f 1494/25/1028 1496/26/1028 1497/27/1028
f 1443/25/1029 1460/26/1029 1457/27/1029
f 1449/25/1030 1458/26/1030 1460/27/1030
f 1444/25/1031 1456/26/1031 1448/27/1031
f 1448/25/1032 1452/26/1032 1445/27/1032
f 1464/25/1033 1455/26/1033 1451/27/1033
f 1470/25/1034 1452/26/1034 1455/27/1034
f 1465/25/1035 1462/26/1035 1469/27/1035
f 1462/25/1036 1466/26/1036 1469/27/1036
f 1457/25/1037 1488/26/1037 1485/27/1037
f 1463/25/1038 1486/26/1038 1488/27/1038
f 1492/25/1039 1467/26/1039 1464/27/1039
f 1498/25/1040 1465/26/1040 1467/27/1040
f 1493/25/1041 1490/26/1041 1497/27/1041
f 1490/25/1042 1494/26/1042 1497/27/1042
f 1485/25/1043 1474/26/1043 1471/27/1043
f 1491/25/1044 1472/26/1044 1474/27/1044
f 1478/25/1045 1495/26/1045 1492/27/1045
f 1484/25/1046 1493/26/1046 1495/27/1046
f 1479/25/1047 1476/26/1047 1483/27/1047
f 1476/25/1048 1480/26/1048 1483/27/1048
f 1471/25/1049 1446/26/1049 1443/27/1049
f 1446/25/1050 1473/26/1050 1444/27/1050
f 1478/25/1051 1453/26/1051 1481/27/1051
f 1453/25/1052 1479/26/1052 1481/27/1052
f 1485/25/1004 1443/26/1004 1457/27/1004
f 1452/25/1002 1458/26/1002 1445/27/1002
f 1473/25/23 1450/26/23 1444/27/23
f 1464/25/949 1478/26/949 1492/27/949
f 1465/25/25 1486/26/25 1459/27/25
f 1493/25/1003 1472/26/1003 1487/27/1003
f 1500/16/1002 1501/17/1002 1499/18/1002
f 1501/16/25 1506/17/25 1505/18/25
f 1506/16/1003 1503/17/1003 1505/18/1003
f 1504/16/23 1499/17/23 1503/18/23
f 1505/16/1004 1499/17/1004 1501/18/1004
f 1502/16/949 1504/17/949 1506/18/949
f 1508/16/1002 1509/17/1002 1507/18/1002
f 1509/16/25 1514/17/25 1513/18/25
f 1514/16/1003 1511/17/1003 1513/18/1003
f 1512/16/23 1507/17/23 1511/18/23
f 1513/16/1004 1507/17/1004 1509/18/1004
f 1510/16/949 1512/17/949 1514/18/949
f 1516/25/11 1517/26/11 1515/27/11
f 1517/25/25 1522/26/25 1521/27/25
f 1522/25/16 1519/26/16 1521/27/16
f 1520/25/23 1515/26/23 1519/27/23
f 1521/25/9 1515/26/9 1517/27/9
f 1518/25/17 1520/26/17 1522/27/17
f 1524/16/22 1525/17/22 1523/18/22
f 1526/16/25 1529/17/25 1525/18/25
f 1530/16/26 1527/17/26 1529/18/26
f 1528/16/23 1523/17/23 1527/18/23
f 1529/16/21 1523/17/21 1525/18/21
f 1526/16/24 1528/17/24 1530/18/24
f 1532/16/22 1533/17/22 1531/18/22
f 1534/16/25 1537/17/25 1533/18/25
f 1538/16/26 1535/17/26 1537/18/26
f 1536/16/23 1531/17/23 1535/18/23
f 1537/16/21 1531/17/21 1533/18/21
f 1534/16/24 1536/17/24 1538/18/24
f 1540/16/22 1541/17/22 1539/18/22
f 1542/16/25 1545/17/25 1541/18/25
f 1546/16/26 1543/17/26 1545/18/26
f 1544/16/23 1539/17/23 1543/18/23
f 1545/16/21 1539/17/21 1541/18/21
f 1542/16/24 1544/17/24 1546/18/24
f 1548/16/22 1549/17/22 1547/18/22
f 1550/16/25 1553/17/25 1549/18/25
f 1554/16/26 1551/17/26 1553/18/26
f 1552/16/23 1547/17/23 1551/18/23
f 1553/16/21 1547/17/21 1549/18/21
f 1550/16/24 1552/17/24 1554/18/24
f 1556/7/22 1557/8/22 1555/9/22
f 1558/7/25 1561/8/25 1557/9/25
f 1562/7/26 1559/8/26 1561/9/26
f 1560/7/23 1555/8/23 1559/9/23
f 1561/7/21 1555/8/21 1557/9/21
f 1558/7/24 1560/8/24 1562/9/24
f 1564/10/22 1565/11/22 1563/12/22
f 1566/10/25 1569/11/25 1565/12/25
f 1570/10/26 1567/11/26 1569/12/26
f 1568/10/23 1563/11/23 1567/12/23
f 1569/10/21 1563/11/21 1565/12/21
f 1566/10/24 1568/11/24 1570/12/24
f 1572/10/22 1573/11/22 1571/12/22
f 1574/10/25 1577/11/25 1573/12/25
f 1578/10/26 1575/11/26 1577/12/26
f 1576/10/23 1571/11/23 1575/12/23
f 1577/10/21 1571/11/21 1573/12/21
f 1574/10/24 1576/11/24 1578/12/24
f 1580/1/22 1581/2/22 1579/3/22
f 1582/1/25 1585/2/25 1581/3/25
f 1586/1/26 1583/2/26 1585/3/26
f 1584/1/23 1579/2/23 1583/3/23
f 1585/1/21 1579/2/21 1581/3/21
f 1582/1/24 1584/2/24 1586/3/24
f 1588/1/22 1589/2/22 1587/3/22
f 1590/1/25 1593/2/25 1589/3/25
f 1594/1/26 1591/2/26 1593/3/26
f 1592/1/23 1587/2/23 1591/3/23
f 1593/1/21 1587/2/21 1589/3/21
f 1590/1/24 1592/2/24 1594/3/24
f 1596/10/22 1597/11/22 1595/12/22
f 1598/10/25 1601/11/25 1597/12/25
f 1602/10/26 1599/11/26 1601/12/26
f 1600/10/23 1595/11/23 1599/12/23
f 1601/10/21 1595/11/21 1597/12/21
f 1598/10/24 1600/11/24 1602/12/24
f 1604/4/22 1605/5/22 1603/6/22
f 1606/4/25 1609/5/25 1605/6/25
f 1610/4/26 1607/5/26 1609/6/26
f 1608/4/23 1603/5/23 1607/6/23
f 1609/4/21 1603/5/21 1605/6/21
f 1606/4/24 1608/5/24 1610/6/24
f 1612/1/22 1613/2/22 1611/3/22
f 1614/1/25 1617/2/25 1613/3/25
f 1618/1/26 1615/2/26 1617/3/26
f 1616/1/23 1611/2/23 1615/3/23
f 1617/1/21 1611/2/21 1613/3/21
f 1614/1/24 1616/2/24 1618/3/24
f 1620/10/22 1621/11/22 1619/12/22
f 1622/10/25 1625/11/25 1621/12/25
f 1626/10/26 1623/11/26 1625/12/26
f 1624/10/23 1619/11/23 1623/12/23
f 1625/10/21 1619/11/21 1621/12/21
f 1622/10/24 1624/11/24 1626/12/24
f 1628/10/22 1629/11/22 1627/12/22
f 1630/10/25 1633/11/25 1629/12/25
f 1634/10/26 1631/11/26 1633/12/26
f 1632/10/23 1627/11/23 1631/12/23
f 1633/10/21 1627/11/21 1629/12/21
f 1630/10/24 1632/11/24 1634/12/24
f 1636/10/22 1637/11/22 1635/12/22
f 1638/10/25 1641/11/25 1637/12/25
f 1642/10/26 1639/11/26 1641/12/26
f 1640/10/23 1635/11/23 1639/12/23
f 1641/10/21 1635/11/21 1637/12/21
f 1638/10/24 1640/11/24 1642/12/24
f 1644/4/22 1645/5/22 1643/6/22
f 1646/4/25 1649/5/25 1645/6/25
f 1650/4/26 1647/5/26 1649/6/26
f 1648/4/23 1643/5/23 1647/6/23
f 1649/4/21 1643/5/21 1645/6/21
f 1646/4/24 1648/5/24 1650/6/24
f 1652/10/22 1653/11/22 1651/12/22
f 1654/10/25 1657/11/25 1653/12/25
f 1658/10/26 1655/11/26 1657/12/26
f 1656/10/23 1651/11/23 1655/12/23
f 1657/10/21 1651/11/21 1653/12/21
f 1654/10/24 1656/11/24 1658/12/24
f 1660/1/22 1661/2/22 1659/3/22
f 1662/1/25 1665/2/25 1661/3/25
f 1666/1/26 1663/2/26 1665/3/26
f 1664/1/23 1659/2/23 1663/3/23
f 1665/1/21 1659/2/21 1661/3/21
f 1662/1/24 1664/2/24 1666/3/24
f 1668/1/22 1669/2/22 1667/3/22
f 1670/1/25 1673/2/25 1669/3/25
f 1674/1/26 1671/2/26 1673/3/26
f 1672/1/23 1667/2/23 1671/3/23
f 1673/1/21 1667/2/21 1669/3/21
f 1670/1/24 1672/2/24 1674/3/24
f 1676/4/22 1677/5/22 1675/6/22
f 1678/4/25 1681/5/25 1677/6/25
f 1682/4/26 1679/5/26 1681/6/26
f 1680/4/23 1675/5/23 1679/6/23
f 1681/4/21 1675/5/21 1677/6/21
f 1678/4/24 1680/5/24 1682/6/24
f 1683/28/1053 1684/29/1053 1685/30/1053
f 1686/28/1054 1687/29/1054 1688/30/1054
f 1689/28/1055 1690/29/1055 1691/30/1055
f 1692/28/1056 1693/29/1056 1694/30/1056
f 1695/28/1057 1696/29/1057 1697/30/1057
f 1698/28/1058 1699/29/1058 1700/30/1058
f 1701/28/1059 1702/29/1059 1703/30/1059
f 1704/28/1060 1705/29/1060 1706/30/1060
f 1683/28/9 1690/29/9 1689/30/9
f 1686/28/10 1685/29/10 1684/30/10
f 1692/28/11 1688/29/11 1687/30/11
f 1691/28/12 1694/29/12 1693/30/12
f 1689/28/13 1702/29/13 1701/30/13
f 1704/28/14 1693/29/14 1692/30/14
f 1703/28/15 1706/29/15 1705/30/15
f 1701/28/16 1696/29/16 1695/30/16
f 1698/28/17 1705/29/17 1704/30/17
f 1697/28/18 1700/29/18 1699/30/18
f 1695/28/19 1684/29/19 1683/30/19
f 1687/28/20 1699/29/20 1698/30/20
f 1701/28/21 1683/29/21 1689/30/21
f 1688/28/22 1690/29/22 1685/30/22
f 1699/28/23 1684/29/23 1697/30/23
f 1692/28/24 1698/29/24 1704/30/24
f 1693/28/25 1702/29/25 1691/30/25
f 1705/28/26 1696/29/26 1703/30/26
f 1707/25/1061 1708/26/1061 1709/27/1061
f 1710/25/1062 1711/26/1062 1712/27/1062
f 1713/25/3 1714/26/3 1715/27/3
f 1716/25/4 1717/26/4 1718/27/4
f 1719/25/1063 1720/26/1063 1721/27/1063
f 1722/25/1064 1723/26/1064 1724/27/1064
f 1725/25/7 1726/26/7 1727/27/7
f 1728/25/8 1729/26/8 1730/27/8
f 1707/25/9 1714/26/9 1713/27/9
f 1710/25/10 1709/26/10 1708/27/10
f 1716/25/11 1712/26/11 1711/27/11
f 1715/25/12 1718/26/12 1717/27/12
f 1713/25/13 1726/26/13 1725/27/13
f 1728/25/14 1717/26/14 1716/27/14
f 1727/25/15 1730/26/15 1729/27/15
f 1725/25/16 1720/26/16 1719/27/16
f 1722/25/17 1729/26/17 1728/27/17
f 1721/25/18 1724/26/18 1723/27/18
f 1719/25/19 1708/26/19 1707/27/19
f 1711/25/20 1723/26/20 1722/27/20
f 1725/25/21 1707/26/21 1713/27/21
f 1712/25/22 1714/26/22 1709/27/22
f 1723/25/23 1708/26/23 1721/27/23
f 1716/25/24 1722/26/24 1728/27/24
f 1717/25/25 1726/26/25 1715/27/25
f 1729/25/26 1720/26/26 1727/27/26
f 1732/31/22 1733/32/22 1731/33/22
f 1734/31/25 1737/32/25 1733/33/25
f 1738/31/26 1735/32/26 1737/33/26
f 1736/31/23 1731/32/23 1735/33/23
f 1737/31/21 1731/32/21 1733/33/21
f 1734/31/24 1736/32/24 1738/33/24
f 1739/13/1053 1740/14/1053 1741/15/1053
f 1742/13/1054 1743/14/1054 1744/15/1054
f 1745/13/1055 1746/14/1055 1747/15/1055
f 1748/13/1056 1749/14/1056 1750/15/1056
f 1751/13/1057 1752/14/1057 1753/15/1057
f 1754/13/1058 1755/14/1058 1756/15/1058
f 1757/13/1059 1758/14/1059 1759/15/1059
f 1760/13/1060 1761/14/1060 1762/15/1060
f 1739/13/9 1746/14/9 1745/15/9
f 1742/13/10 1741/14/10 1740/15/10
f 1748/13/11 1744/14/11 1743/15/11
f 1747/13/12 1750/14/12 1749/15/12
f 1745/13/13 1758/14/13 1757/15/13
f 1760/13/14 1749/14/14 1748/15/14
f 1759/13/15 1762/14/15 1761/15/15
f 1757/13/16 1752/14/16 1751/15/16
f 1754/13/17 1761/14/17 1760/15/17
f 1753/13/18 1756/14/18 1755/15/18
f 1751/13/19 1740/14/19 1739/15/19
f 1743/13/20 1755/14/20 1754/15/20
f 1757/13/21 1739/14/21 1745/15/21
f 1744/13/22 1746/14/22 1741/15/22
f 1755/13/23 1740/14/23 1753/15/23
f 1748/13/24 1754/14/24 1760/15/24
f 1749/13/25 1758/14/25 1747/15/25
f 1761/13/26 1752/14/26 1759/15/26
f 1764/16/22 1765/17/22 1763/18/22
f 1766/16/25 1769/17/25 1765/18/25
f 1770/16/26 1767/17/26 1769/18/26
f 1768/16/23 1763/17/23 1767/18/23
f 1769/16/21 1763/17/21 1765/18/21
f 1766/16/24 1768/17/24 1770/18/24
f 1772/16/22 1773/17/22 1771/18/22
f 1774/16/25 1777/17/25 1773/18/25
f 1778/16/26 1775/17/26 1777/18/26
f 1776/16/23 1771/17/23 1775/18/23
f 1777/16/21 1771/17/21 1773/18/21
f 1774/16/24 1776/17/24 1778/18/24
f 1780/16/22 1781/17/22 1779/18/22
f 1782/16/25 1785/17/25 1781/18/25
f 1786/16/26 1783/17/26 1785/18/26
f 1784/16/23 1779/17/23 1783/18/23
f 1785/16/21 1779/17/21 1781/18/21
f 1782/16/24 1784/17/24 1786/18/24
f 1788/16/22 1789/17/22 1787/18/22
f 1790/16/25 1793/17/25 1789/18/25
f 1794/16/26 1791/17/26 1793/18/26
f 1792/16/23 1787/17/23 1791/18/23
f 1793/16/21 1787/17/21 1789/18/21
f 1790/16/24 1792/17/24 1794/18/24
f 1796/16/22 1797/17/22 1795/18/22
f 1798/16/25 1801/17/25 1797/18/25
f 1802/16/26 1799/17/26 1801/18/26
f 1800/16/23 1795/17/23 1799/18/23
f 1801/16/21 1795/17/21 1797/18/21
f 1798/16/24 1800/17/24 1802/18/24
f 1803/16/1 1804/17/1 1805/18/1
f 1806/16/1065 1807/17/1065 1808/18/1065
f 1809/16/3 1810/17/3 1811/18/3
f 1812/16/1066 1813/17/1066 1814/18/1066
f 1815/16/5 1816/17/5 1817/18/5
f 1818/16/1067 1819/17/1067 1820/18/1067
f 1821/16/7 1822/17/7 1823/18/7
f 1824/16/1068 1825/17/1068 1826/18/1068
f 1803/16/9 1810/17/9 1809/18/9
f 1806/16/10 1805/17/10 1804/18/10
f 1812/16/11 1808/17/11 1807/18/11
f 1811/16/12 1814/17/12 1813/18/12
f 1809/16/13 1822/17/13 1821/18/13
f 1824/16/14 1813/17/14 1812/18/14
f 1823/16/15 1826/17/15 1825/18/15
f 1821/16/16 1816/17/16 1815/18/16
f 1818/16/17 1825/17/17 1824/18/17
f 1817/16/18 1820/17/18 1819/18/18
f 1815/16/19 1804/17/19 1803/18/19
f 1807/16/20 1819/17/20 1818/18/20
f 1821/16/21 1803/17/21 1809/18/21
f 1808/16/22 1810/17/22 1805/18/22
f 1819/16/23 1804/17/23 1817/18/23
f 1812/16/24 1818/17/24 1824/18/24
f 1813/16/25 1822/17/25 1811/18/25
f 1825/16/26 1816/17/26 1823/18/26
f 1828/16/22 1829/17/22 1827/18/22
f 1830/16/25 1833/17/25 1829/18/25
f 1834/16/26 1831/17/26 1833/18/26
f 1832/16/23 1827/17/23 1831/18/23
f 1833/16/21 1827/17/21 1829/18/21
f 1830/16/24 1832/17/24 1834/18/24
f 1836/16/22 1837/17/22 1835/18/22
f 1838/16/25 1841/17/25 1837/18/25
f 1842/16/26 1839/17/26 1841/18/26
f 1840/16/23 1835/17/23 1839/18/23
f 1841/16/21 1835/17/21 1837/18/21
f 1838/16/24 1840/17/24 1842/18/24
f 1843/34/1069 1844/35/1069 1845/36/1069
f 1844/34/1070 1843/35/1070 1848/36/1070
f 1843/34/1071 1845/35/1071 1846/36/1071
f 1843/34/1072 1846/35/1072 1847/36/1072
f 1843/34/1073 1847/35/1073 1848/36/1073
f 1844/34/1074 1848/35/1074 1853/36/1074
f 1845/34/1075 1844/35/1075 1849/36/1075
f 1846/34/1076 1845/35/1076 1850/36/1076
f 1847/34/1077 1846/35/1077 1851/36/1077
f 1848/34/1078 1847/35/1078 1852/36/1078
f 1844/34/1079 1853/35/1079 1849/36/1079
f 1845/34/1080 1849/35/1080 1850/36/1080
f 1846/34/1081 1850/35/1081 1851/36/1081
f 1847/34/1082 1851/35/1082 1852/36/1082
f 1848/34/1083 1852/35/1083 1853/36/1083
f 1849/34/1084 1853/35/1084 1854/36/1084
f 1850/34/1085 1849/35/1085 1854/36/1085
f 1851/34/1086 1850/35/1086 1854/36/1086
f 1852/34/1087 1851/35/1087 1854/36/1087
f 1853/34/1088 1852/35/1088 1854/36/1088
f 1855/16/1053 1856/17/1053 1857/18/1053
f 1858/16/1065 1859/17/1065 1860/18/1065
f 1861/16/1055 1862/17/1055 1863/18/1055
f 1864/16/1066 1865/17/1066 1866/18/1066
f 1867/16/1057 1868/17/1057 1869/18/1057
f 1870/16/1067 1871/17/1067 1872/18/1067
f 1873/16/1059 1874/17/1059 1875/18/1059
f 1876/16/1068 1877/17/1068 1878/18/1068
f 1855/16/9 1862/17/9 1861/18/9
f 1858/16/10 1857/17/10 1856/18/10
f 1864/16/11 1860/17/11 1859/18/11
f 1863/16/12 1866/17/12 1865/18/12
f 1861/16/13 1874/17/13 1873/18/13
f 1876/16/14 1865/17/14 1864/18/14
f 1875/16/15 1878/17/15 1877/18/15
f 1873/16/16 1868/17/16 1867/18/16
f 1870/16/17 1877/17/17 1876/18/17
f 1869/16/18 1872/17/18 1871/18/18
f 1867/16/19 1856/17/19 1855/18/19
f 1859/16/20 1871/17/20 1870/18/20
f 1873/16/21 1855/17/21 1861/18/21
f 1860/16/22 1862/17/22 1857/18/22
f 1871/16/23 1856/17/23 1869/18/23
f 1864/16/24 1870/17/24 1876/18/24
f 1865/16/25 1874/17/25 1863/18/25
f 1877/16/26 1868/17/26 1875/18/26
f 1879/16/1089 1880/17/1089 1881/18/1089
f 1882/16/1062 1883/17/1062 1884/18/1062
f 1885/16/1090 1886/17/1090 1887/18/1090
f 1888/16/1091 1889/17/1091 1890/18/1091
f 1891/16/1092 1892/17/1092 1893/18/1092
f 1894/16/1064 1895/17/1064 1896/18/1064
f 1897/16/1093 1898/17/1093 1899/18/1093
f 1900/16/1094 1901/17/1094 1902/18/1094
f 1879/16/9 1886/17/9 1885/18/9
f 1882/16/10 1881/17/10 1880/18/10
f 1888/16/11 1884/17/11 1883/18/11
f 1887/16/12 1890/17/12 1889/18/12
f 1885/16/13 1898/17/13 1897/18/13
f 1900/16/14 1889/17/14 1888/18/14
f 1899/16/15 1902/17/15 1901/18/15
f 1897/16/16 1892/17/16 1891/18/16
f 1894/16/17 1901/17/17 1900/18/17
f 1893/16/18 1896/17/18 1895/18/18
f 1891/16/19 1880/17/19 1879/18/19
f 1883/16/20 1895/17/20 1894/18/20
f 1897/16/21 1879/17/21 1885/18/21
f 1884/16/22 1886/17/22 1881/18/22
f 1895/16/23 1880/17/23 1893/18/23
f 1888/16/24 1894/17/24 1900/18/24
f 1889/16/25 1898/17/25 1887/18/25
f 1901/16/26 1892/17/26 1899/18/26
f 1904/16/22 1905/17/22 1903/18/22
f 1906/16/25 1909/17/25 1905/18/25
f 1910/16/26 1907/17/26 1909/18/26
f 1908/16/23 1903/17/23 1907/18/23
f 1909/16/21 1903/17/21 1905/18/21
f 1906/16/24 1908/17/24 1910/18/24
f 1912/16/22 1913/17/22 1911/18/22
f 1914/16/25 1917/17/25 1913/18/25
f 1918/16/26 1915/17/26 1917/18/26
f 1916/16/23 1911/17/23 1915/18/23
f 1917/16/21 1911/17/21 1913/18/21
f 1914/16/24 1916/17/24 1918/18/24
f 1920/16/22 1921/17/22 1919/18/22
f 1922/16/25 1925/17/25 1921/18/25
f 1926/16/26 1923/17/26 1925/18/26
f 1924/16/23 1919/17/23 1923/18/23
f 1925/16/21 1919/17/21 1921/18/21
f 1922/16/24 1924/17/24 1926/18/24
f 1928/16/22 1929/17/22 1927/18/22
f 1930/16/25 1933/17/25 1929/18/25
f 1934/16/26 1931/17/26 1933/18/26
f 1932/16/23 1927/17/23 1931/18/23
f 1933/16/21 1927/17/21 1929/18/21
f 1930/16/24 1932/17/24 1934/18/24
f 1935/37/1053 1936/38/1053 1937/39/1053
f 1938/37/1095 1939/38/1095 1940/39/1095
f 1941/37/1090 1942/38/1090 1943/39/1090
f 1944/37/4 1945/38/4 1946/39/4
f 1947/37/1096 1948/38/1096 1949/39/1096
f 1950/37/6 1951/38/6 1952/39/6
f 1953/37/1097 1954/38/1097 1955/39/1097
f 1956/37/8 1957/38/8 1958/39/8
f 1935/37/9 1942/38/9 1941/39/9
f 1938/37/10 1937/38/10 1936/39/10
f 1944/37/11 1940/38/11 1939/39/11
f 1943/37/12 1946/38/12 1945/39/12
f 1941/37/13 1954/38/13 1953/39/13
f 1956/37/14 1945/38/14 1944/39/14
f 1955/37/15 1958/38/15 1957/39/15
f 1953/37/16 1948/38/16 1947/39/16
f 1950/37/17 1957/38/17 1956/39/17
f 1949/37/18 1952/38/18 1951/39/18
f 1947/37/19 1936/38/19 1935/39/19
f 1939/37/20 1951/38/20 1950/39/20
f 1953/37/21 1935/38/21 1941/39/21
f 1940/37/22 1942/38/22 1937/39/22
f 1951/37/23 1936/38/23 1949/39/23
f 1944/37/24 1950/38/24 1956/39/24
f 1945/37/25 1954/38/25 1943/39/25
f 1957/37/26 1948/38/26 1955/39/26
f 1960/16/22 1961/17/22 1959/18/22
f 1962/16/25 1965/17/25 1961/18/25
f 1966/16/26 1963/17/26 1965/18/26
f 1964/16/23 1959/17/23 1963/18/23
f 1965/16/21 1959/17/21 1961/18/21
f 1962/16/24 1964/17/24 1966/18/24
f 1968/16/22 1969/17/22 1967/18/22
f 1970/16/25 1973/17/25 1969/18/25
f 1974/16/26 1971/17/26 1973/18/26
f 1972/16/23 1967/17/23 1971/18/23
f 1973/16/21 1967/17/21 1969/18/21
f 1970/16/24 1972/17/24 1974/18/24
f 1975/37/1053 1976/38/1053 1977/39/1053
f 1978/37/1095 1979/38/1095 1980/39/1095
f 1981/37/1055 1982/38/1055 1983/39/1055
f 1984/37/1098 1985/38/1098 1986/39/1098
f 1987/37/1057 1988/38/1057 1989/39/1057
f 1990/37/1099 1991/38/1099 1992/39/1099
f 1993/37/1059 1994/38/1059 1995/39/1059
f 1996/37/1100 1997/38/1100 1998/39/1100
f 1975/37/9 1982/38/9 1981/39/9
f 1978/37/10 1977/38/10 1976/39/10
f 1984/37/11 1980/38/11 1979/39/11
f 1983/37/12 1986/38/12 1985/39/12
f 1981/37/13 1994/38/13 1993/39/13
f 1996/37/14 1985/38/14 1984/39/14
f 1995/37/15 1998/38/15 1997/39/15
f 1993/37/16 1988/38/16 1987/39/16
f 1990/37/17 1997/38/17 1996/39/17
f 1989/37/18 1992/38/18 1991/39/18
f 1987/37/19 1976/38/19 1975/39/19
f 1979/37/20 1991/38/20 1990/39/20
f 1993/37/21 1975/38/21 1981/39/21
f 1980/37/22 1982/38/22 1977/39/22
f 1991/37/23 1976/38/23 1989/39/23
f 1984/37/24 1990/38/24 1996/39/24
f 1985/37/25 1994/38/25 1983/39/25
f 1997/37/26 1988/38/26 1995/39/26
f 2000/16/22 2001/17/22 1999/18/22
f 2002/16/25 2005/17/25 2001/18/25
f 2006/16/26 2003/17/26 2005/18/26
f 2004/16/23 1999/17/23 2003/18/23
f 2005/16/21 1999/17/21 2001/18/21
f 2002/16/24 2004/17/24 2006/18/24
f 2008/16/22 2009/17/22 2007/18/22
f 2010/16/25 2013/17/25 2009/18/25
f 2014/16/26 2011/17/26 2013/18/26
f 2012/16/23 2007/17/23 2011/18/23
f 2013/16/21 2007/17/21 2009/18/21
f 2010/16/24 2012/17/24 2014/18/24
f 2015/25/1053 2016/26/1053 2017/27/1053
f 2018/25/1054 2019/26/1054 2020/27/1054
f 2021/25/1090 2022/26/1090 2023/27/1090
f 2024/25/4 2025/26/4 2026/27/4
f 2027/25/1057 2028/26/1057 2029/27/1057
f 2030/25/6 2031/26/6 2032/27/6
f 2033/25/1059 2034/26/1059 2035/27/1059
f 2036/25/8 2037/26/8 2038/27/8
f 2015/25/9 2022/26/9 2021/27/9
f 2018/25/10 2017/26/10 2016/27/10
f 2024/25/11 2020/26/11 2019/27/11
f 2023/25/12 2026/26/12 2025/27/12
f 2021/25/13 2034/26/13 2033/27/13
f 2036/25/14 2025/26/14 2024/27/14
f 2035/25/15 2038/26/15 2037/27/15
f 2033/25/16 2028/26/16 2027/27/16
f 2030/25/17 2037/26/17 2036/27/17
f 2029/25/18 2032/26/18 2031/27/18
f 2027/25/19 2016/26/19 2015/27/19
f 2019/25/20 2031/26/20 2030/27/20
f 2033/25/21 2015/26/21 2021/27/21
f 2020/25/22 2022/26/22 2017/27/22
f 2031/25/23 2016/26/23 2029/27/23
f 2024/25/24 2030/26/24 2036/27/24
f 2025/25/25 2034/26/25 2023/27/25
f 2037/25/26 2028/26/26 2035/27/26
f 2039/25/1 2040/26/1 2041/27/1
f 2042/25/1065 2043/26/1065 2044/27/1065
f 2045/25/3 2046/26/3 2047/27/3
f 2048/25/1066 2049/26/1066 2050/27/1066
f 2051/25/5 2052/26/5 2053/27/5
f 2054/25/1067 2055/26/1067 2056/27/1067
f 2057/25/7 2058/26/7 2059/27/7
f 2060/25/1068 2061/26/1068 2062/27/1068
f 2039/25/9 2046/26/9 2045/27/9
f 2042/25/10 2041/26/10 2040/27/10
f 2048/25/11 2044/26/11 2043/27/11
f 2047/25/12 2050/26/12 2049/27/12
f 2045/25/13 2058/26/13 2057/27/13
f 2060/25/14 2049/26/14 2048/27/14
f 2059/25/15 2062/26/15 2061/27/15
f 2057/25/16 2052/26/16 2051/27/16
f 2054/25/17 2061/26/17 2060/27/17
f 2053/25/18 2056/26/18 2055/27/18
f 2051/25/19 2040/26/19 2039/27/19
f 2043/25/20 2055/26/20 2054/27/20
f 2057/25/21 2039/26/21 2045/27/21
f 2044/25/22 2046/26/22 2041/27/22
f 2055/25/23 2040/26/23 2053/27/23
f 2048/25/24 2054/26/24 2060/27/24
f 2049/25/25 2058/26/25 2047/27/25
f 2061/25/26 2052/26/26 2059/27/26
f 2063/16/1053 2064/17/1053 2065/18/1053
f 2066/16/1065 2067/17/1065 2068/18/1065
f 2069/16/1055 2070/17/1055 2071/18/1055
f 2072/16/1066 2073/17/1066 2074/18/1066
f 2075/16/1057 2076/17/1057 2077/18/1057
f 2078/16/1067 2079/17/1067 2080/18/1067
f 2081/16/1059 2082/17/1059 2083/18/1059
f 2084/16/1068 2085/17/1068 2086/18/1068
f 2063/16/9 2070/17/9 2069/18/9
f 2066/16/10 2065/17/10 2064/18/10
f 2072/16/11 2068/17/11 2067/18/11
f 2071/16/12 2074/17/12 2073/18/12
f 2069/16/13 2082/17/13 2081/18/13
f 2084/16/14 2073/17/14 2072/18/14
f 2083/16/15 2086/17/15 2085/18/15
f 2081/16/16 2076/17/16 2075/18/16
f 2078/16/17 2085/17/17 2084/18/17
f 2077/16/18 2080/17/18 2079/18/18
f 2075/16/19 2064/17/19 2063/18/19
f 2067/16/20 2079/17/20 2078/18/20
f 2081/16/21 2063/17/21 2069/18/21
f 2068/16/22 2070/17/22 2065/18/22
f 2079/16/23 2064/17/23 2077/18/23
f 2072/16/24 2078/17/24 2084/18/24
f 2073/16/25 2082/17/25 2071/18/25
f 2085/16/26 2076/17/26 2083/18/26
f 2087/16/1101 2088/17/1101 2089/18/1101
f 2090/16/1062 2091/17/1062 2092/18/1062
f 2093/16/1102 2094/17/1102 2095/18/1102
f 2096/16/1091 2097/17/1091 2098/18/1091
f 2099/16/1096 2100/17/1096 2101/18/1096
f 2102/16/1064 2103/17/1064 2104/18/1064
f 2105/16/1097 2106/17/1097 2107/18/1097
f 2108/16/1094 2109/17/1094 2110/18/1094
f 2087/16/9 2094/17/9 2093/18/9
f 2090/16/10 2089/17/10 2088/18/10
f 2096/16/11 2092/17/11 2091/18/11
f 2095/16/12 2098/17/12 2097/18/12
f 2093/16/13 2106/17/13 2105/18/13
f 2108/16/14 2097/17/14 2096/18/14
f 2107/16/15 2110/17/15 2109/18/15
f 2105/16/16 2100/17/16 2099/18/16
f 2102/16/17 2109/17/17 2108/18/17
f 2101/16/18 2104/17/18 2103/18/18
f 2099/16/19 2088/17/19 2087/18/19
f 2091/16/20 2103/17/20 2102/18/20
f 2105/16/21 2087/17/21 2093/18/21
f 2092/16/22 2094/17/22 2089/18/22
f 2103/16/23 2088/17/23 2101/18/23
f 2096/16/24 2102/17/24 2108/18/24
f 2097/16/25 2106/17/25 2095/18/25
f 2109/16/26 2100/17/26 2107/18/26
f 2112/16/22 2113/17/22 2111/18/22
f 2114/16/25 2117/17/25 2113/18/25
f 2118/16/26 2115/17/26 2117/18/26
f 2116/16/23 2111/17/23 2115/18/23
f 2117/16/21 2111/17/21 2113/18/21
f 2114/16/24 2116/17/24 2118/18/24
f 2120/16/22 2121/17/22 2119/18/22
f 2122/16/25 2125/17/25 2121/18/25
f 2126/16/26 2123/17/26 2125/18/26
f 2124/16/23 2119/17/23 2123/18/23
f 2125/16/21 2119/17/21 2121/18/21
f 2122/16/24 2124/17/24 2126/18/24
f 2128/16/22 2129/17/22 2127/18/22
f 2130/16/25 2133/17/25 2129/18/25
f 2134/16/26 2131/17/26 2133/18/26
f 2132/16/23 2127/17/23 2131/18/23
f 2133/16/21 2127/17/21 2129/18/21
f 2130/16/24 2132/17/24 2134/18/24
f 2136/16/22 2137/17/22 2135/18/22
f 2138/16/25 2141/17/25 2137/18/25
f 2142/16/26 2139/17/26 2141/18/26
f 2140/16/23 2135/17/23 2139/18/23
f 2141/16/21 2135/17/21 2137/18/21
f 2138/16/24 2140/17/24 2142/18/24
f 2143/37/1053 2144/38/1053 2145/39/1053
f 2146/37/1095 2147/38/1095 2148/39/1095
f 2149/37/1055 2150/38/1055 2151/39/1055
f 2152/37/1098 2153/38/1098 2154/39/1098
f 2155/37/1057 2156/38/1057 2157/39/1057
f 2158/37/1099 2159/38/1099 2160/39/1099
f 2161/37/1059 2162/38/1059 2163/39/1059
f 2164/37/1100 2165/38/1100 2166/39/1100
f 2143/37/9 2150/38/9 2149/39/9
f 2146/37/10 2145/38/10 2144/39/10
f 2152/37/11 2148/38/11 2147/39/11
f 2151/37/12 2154/38/12 2153/39/12
f 2149/37/13 2162/38/13 2161/39/13
f 2164/37/14 2153/38/14 2152/39/14
f 2163/37/15 2166/38/15 2165/39/15
f 2161/37/16 2156/38/16 2155/39/16
f 2158/37/17 2165/38/17 2164/39/17
f 2157/37/18 2160/38/18 2159/39/18
f 2155/37/19 2144/38/19 2143/39/19
f 2147/37/20 2159/38/20 2158/39/20
f 2161/37/21 2143/38/21 2149/39/21
f 2148/37/22 2150/38/22 2145/39/22
f 2159/37/23 2144/38/23 2157/39/23
f 2152/37/24 2158/38/24 2164/39/24
f 2153/37/25 2162/38/25 2151/39/25
f 2165/37/26 2156/38/26 2163/39/26
f 2168/16/22 2169/17/22 2167/18/22
f 2170/16/25 2173/17/25 2169/18/25
f 2174/16/26 2171/17/26 2173/18/26
f 2172/16/23 2167/17/23 2171/18/23
f 2173/16/21 2167/17/21 2169/18/21
f 2170/16/24 2172/17/24 2174/18/24
f 2176/16/22 2177/17/22 2175/18/22
f 2178/16/25 2181/17/25 2177/18/25
f 2182/16/26 2179/17/26 2181/18/26
f 2180/16/23 2175/17/23 2179/18/23
f 2181/16/21 2175/17/21 2177/18/21
f 2178/16/24 2180/17/24 2182/18/24
f 2183/37/1089 2184/38/1089 2185/39/1089
f 2186/37/2 2187/38/2 2188/39/2
f 2189/37/1090 2190/38/1090 2191/39/1090
f 2192/37/4 2193/38/4 2194/39/4
f 2195/37/1057 2196/38/1057 2197/39/1057
f 2198/37/1099 2199/38/1099 2200/39/1099
f 2201/37/1097 2202/38/1097 2203/39/1097
f 2204/37/8 2205/38/8 2206/39/8
f 2183/37/9 2190/38/9 2189/39/9
f 2186/37/10 2185/38/10 2184/39/10
f 2192/37/11 2188/38/11 2187/39/11
f 2191/37/12 2194/38/12 2193/39/12
f 2189/37/13 2202/38/13 2201/39/13
f 2204/37/14 2193/38/14 2192/39/14
f 2203/37/15 2206/38/15 2205/39/15
f 2201/37/16 2196/38/16 2195/39/16
f 2198/37/17 2205/38/17 2204/39/17
f 2197/37/18 2200/38/18 2199/39/18
f 2195/37/19 2184/38/19 2183/39/19
f 2187/37/20 2199/38/20 2198/39/20
f 2201/37/21 2183/38/21 2189/39/21
f 2188/37/22 2190/38/22 2185/39/22
f 2199/37/23 2184/38/23 2197/39/23
f 2192/37/24 2198/38/24 2204/39/24
f 2193/37/25 2202/38/25 2191/39/25
f 2205/37/26 2196/38/26 2203/39/26
f 2208/16/22 2209/17/22 2207/18/22
f 2210/16/25 2213/17/25 2209/18/25
f 2214/16/26 2211/17/26 2213/18/26
f 2212/16/23 2207/17/23 2211/18/23
f 2213/16/21 2207/17/21 2209/18/21
f 2210/16/24 2212/17/24 2214/18/24
f 2216/16/22 2217/17/22 2215/18/22
f 2218/16/25 2221/17/25 2217/18/25
f 2222/16/26 2219/17/26 2221/18/26
f 2220/16/23 2215/17/23 2219/18/23
f 2221/16/21 2215/17/21 2217/18/21
f 2218/16/24 2220/17/24 2222/18/24
f 2223/25/1053 2224/26/1053 2225/27/1053
f 2226/25/2 2227/26/2 2228/27/2
f 2229/25/1055 2230/26/1055 2231/27/1055
f 2232/25/4 2233/26/4 2234/27/4
f 2235/25/1057 2236/26/1057 2237/27/1057
f 2238/25/1058 2239/26/1058 2240/27/1058
f 2241/25/1097 2242/26/1097 2243/27/1097
f 2244/25/8 2245/26/8 2246/27/8
f 2223/25/9 2230/26/9 2229/27/9
f 2226/25/10 2225/26/10 2224/27/10
f 2232/25/11 2228/26/11 2227/27/11
f 2231/25/12 2234/26/12 2233/27/12
f 2229/25/13 2242/26/13 2241/27/13
f 2244/25/14 2233/26/14 2232/27/14
f 2243/25/15 2246/26/15 2245/27/15
f 2241/25/16 2236/26/16 2235/27/16
f 2238/25/17 2245/26/17 2244/27/17
f 2237/25/18 2240/26/18 2239/27/18
f 2235/25/19 2224/26/19 2223/27/19
f 2227/25/20 2239/26/20 2238/27/20
f 2241/25/21 2223/26/21 2229/27/21
f 2228/25/22 2230/26/22 2225/27/22
f 2239/25/23 2224/26/23 2237/27/23
f 2232/25/24 2238/26/24 2244/27/24
f 2233/25/25 2242/26/25 2231/27/25
f 2245/25/26 2236/26/26 2243/27/26
f 2247/25/1 2248/26/1 2249/27/1
f 2250/25/1065 2251/26/1065 2252/27/1065
f 2253/25/3 2254/26/3 2255/27/3
f 2256/25/1066 2257/26/1066 2258/27/1066
f 2259/25/5 2260/26/5 2261/27/5
f 2262/25/1067 2263/26/1067 2264/27/1067
f 2265/25/7 2266/26/7 2267/27/7
f 2268/25/1068 2269/26/1068 2270/27/1068
f 2247/25/9 2254/26/9 2253/27/9
f 2250/25/10 2249/26/10 2248/27/10
f 2256/25/11 2252/26/11 2251/27/11
f 2255/25/12 2258/26/12 2257/27/12
f 2253/25/13 2266/26/13 2265/27/13
f 2268/25/14 2257/26/14 2256/27/14
f 2267/25/15 2270/26/15 2269/27/15
f 2265/25/16 2260/26/16 2259/27/16
f 2262/25/17 2269/26/17 2268/27/17
f 2261/25/18 2264/26/18 2263/27/18
f 2259/25/19 2248/26/19 2247/27/19
f 2251/25/20 2263/26/20 2262/27/20
f 2265/25/21 2247/26/21 2253/27/21
f 2252/25/22 2254/26/22 2249/27/22
f 2263/25/23 2248/26/23 2261/27/23
f 2256/25/24 2262/26/24 2268/27/24
f 2257/25/25 2266/26/25 2255/27/25
f 2269/25/26 2260/26/26 2267/27/26
f 2271/16/1089 2272/17/1089 2273/18/1089
f 2274/16/1062 2275/17/1062 2276/18/1062
f 2277/16/1103 2278/17/1103 2279/18/1103
f 2280/16/1066 2281/17/1066 2282/18/1066
f 2283/16/1096 2284/17/1096 2285/18/1096
f 2286/16/1064 2287/17/1064 2288/18/1064
f 2289/16/1104 2290/17/1104 2291/18/1104
f 2292/16/1105 2293/17/1105 2294/18/1105
f 2271/16/9 2278/17/9 2277/18/9
f 2274/16/10 2273/17/10 2272/18/10
f 2280/16/11 2276/17/11 2275/18/11
f 2279/16/12 2282/17/12 2281/18/12
f 2277/16/13 2290/17/13 2289/18/13
f 2292/16/14 2281/17/14 2280/18/14
f 2291/16/15 2294/17/15 2293/18/15
f 2289/16/16 2284/17/16 2283/18/16
f 2286/16/17 2293/17/17 2292/18/17
f 2285/16/18 2288/17/18 2287/18/18
f 2283/16/19 2272/17/19 2271/18/19
f 2275/16/20 2287/17/20 2286/18/20
f 2289/16/21 2271/17/21 2277/18/21
f 2276/16/22 2278/17/22 2273/18/22
f 2287/16/23 2272/17/23 2285/18/23
f 2280/16/24 2286/17/24 2292/18/24
f 2281/16/25 2290/17/25 2279/18/25
f 2293/16/26 2284/17/26 2291/18/26
f 2295/16/1089 2296/17/1089 2297/18/1089
f 2298/16/1062 2299/17/1062 2300/18/1062
f 2301/16/1106 2302/17/1106 2303/18/1106
f 2304/16/1107 2305/17/1107 2306/18/1107
f 2307/16/1096 2308/17/1096 2309/18/1096
f 2310/16/1064 2311/17/1064 2312/18/1064
f 2313/16/1108 2314/17/1108 2315/18/1108
f 2316/16/1068 2317/17/1068 2318/18/1068
f 2295/16/9 2302/17/9 2301/18/9
f 2298/16/10 2297/17/10 2296/18/10
f 2304/16/11 2300/17/11 2299/18/11
f 2303/16/12 2306/17/12 2305/18/12
f 2301/16/13 2314/17/13 2313/18/13
f 2316/16/14 2305/17/14 2304/18/14
f 2315/16/15 2318/17/15 2317/18/15
f 2313/16/16 2308/17/16 2307/18/16
f 2310/16/17 2317/17/17 2316/18/17
f 2309/16/18 2312/17/18 2311/18/18
f 2307/16/19 2296/17/19 2295/18/19
f 2299/16/20 2311/17/20 2310/18/20
f 2313/16/21 2295/17/21 2301/18/21
f 2300/16/22 2302/17/22 2297/18/22
f 2311/16/23 2296/17/23 2309/18/23
f 2304/16/24 2310/17/24 2316/18/24
f 2305/16/25 2314/17/25 2303/18/25
f 2317/16/26 2308/17/26 2315/18/26
f 2320/22/1109 2321/23/1109 2319/24/1109
f 2322/22/25 2325/23/25 2321/24/25
f 2326/22/1110 2323/23/1110 2325/24/1110
f 2324/22/23 2319/23/23 2323/24/23
f 2325/22/1111 2319/23/1111 2321/24/1111
f 2322/22/1112 2324/23/1112 2326/24/1112
f 2327/25/1113 2328/26/1113 2329/27/1113
f 2330/25/1114 2331/26/1114 2332/27/1114
f 2333/25/1115 2334/26/1115 2335/27/1115
f 2336/25/1116 2337/26/1116 2338/27/1116
f 2339/25/1117 2340/26/1117 2341/27/1117
f 2342/25/1118 2343/26/1118 2344/27/1118
f 2345/25/1119 2346/26/1119 2347/27/1119
f 2348/25/1120 2349/26/1120 2350/27/1120
f 2327/25/1121 2334/26/1121 2333/27/1121
f 2330/25/1122 2329/26/1122 2328/27/1122
f 2336/25/1123 2332/26/1123 2331/27/1123
f 2335/25/1124 2338/26/1124 2337/27/1124
f 2345/25/1125 2335/26/1125 2346/27/1125
f 2336/25/1126 2350/26/1126 2337/27/1126
f 2347/25/1127 2350/26/1127 2349/27/1127
f 2345/25/1128 2340/26/1128 2339/27/1128
f 2342/25/1129 2349/26/1129 2348/27/1129
f 2341/25/1130 2344/26/1130 2343/27/1130
f 2327/25/1131 2341/26/1131 2328/27/1131
f 2342/25/1132 2330/26/1132 2343/27/1132
f 2345/25/1111 2327/26/1111 2333/27/1111
f 2332/25/1109 2334/26/1109 2329/27/1109
f 2341/25/23 2330/26/23 2328/27/23
f 2336/25/1112 2342/26/1112 2348/27/1112
f 2335/25/25 2350/26/25 2346/27/25
f 2349/25/1110 2340/26/1110 2347/27/1110
f 2352/22/1133 2353/23/1133 2351/24/1133
f 2354/22/25 2357/23/25 2353/24/25
f 2358/22/1134 2355/23/1134 2357/24/1134
f 2356/22/23 2351/23/23 2355/24/23
f 2357/22/1135 2351/23/1135 2353/24/1135
f 2354/22/1136 2356/23/1136 2358/24/1136
f 2359/25/1137 2360/26/1137 2361/27/1137
f 2362/25/1138 2363/26/1138 2364/27/1138
f 2365/25/1139 2366/26/1139 2367/27/1139
f 2368/25/1140 2369/26/1140 2370/27/1140
f 2371/25/1141 2372/26/1141 2373/27/1141
f 2374/25/1142 2375/26/1142 2376/27/1142
f 2377/25/1143 2378/26/1143 2379/27/1143
f 2380/25/1144 2381/26/1144 2382/27/1144
f 2359/25/1145 2366/26/1145 2365/27/1145
f 2360/25/1146 2364/26/1146 2361/27/1146
f 2368/25/1147 2364/26/1147 2363/27/1147
f 2369/25/1148 2366/26/1148 2370/27/1148
f 2365/25/1149 2378/26/1149 2377/27/1149
f 2380/25/1150 2369/26/1150 2368/27/1150
f 2381/25/1151 2378/26/1151 2382/27/1151
f 2377/25/1152 2372/26/1152 2371/27/1152
f 2374/25/1153 2381/26/1153 2380/27/1153
f 2375/25/1154 2372/26/1154 2376/27/1154
f 2359/25/1155 2373/26/1155 2360/27/1155
f 2374/25/1156 2362/26/1156 2375/27/1156
f 2377/25/1135 2359/26/1135 2365/27/1135
f 2364/25/1133 2366/26/1133 2361/27/1133
f 2375/25/23 2360/26/23 2373/27/23
f 2368/25/1136 2374/26/1136 2380/27/1136
f 2367/25/25 2382/26/25 2378/27/25
f 2381/25/1134 2372/26/1134 2379/27/1134
f 2383/16/23 2384/17/23 2385/18/23
f 2388/16/25 2387/17/25 2386/18/25
f 2386/16/21 2384/17/21 2383/18/21
f 2387/16/1136 2385/17/1136 2384/18/1136
f 2388/16/1112 2383/17/1112 2385/18/1112
f 2390/16/22 2391/17/22 2389/18/22
f 2392/16/25 2395/17/25 2391/18/25
f 2396/16/26 2393/17/26 2395/18/26
f 2394/16/23 2389/17/23 2393/18/23
f 2395/16/21 2389/17/21 2391/18/21
f 2392/16/24 2394/17/24 2396/18/24
f 2397/13/1061 2398/14/1061 2399/15/1061
f 2400/13/1157 2401/14/1157 2402/15/1157
f 2403/13/3 2404/14/3 2405/15/3
f 2406/13/1056 2407/14/1056 2408/15/1056
f 2409/13/1063 2410/14/1063 2411/15/1063
f 2412/13/1158 2413/14/1158 2414/15/1158
f 2415/13/7 2416/14/7 2417/15/7
f 2418/13/1159 2419/14/1159 2420/15/1159
f 2397/13/9 2404/14/9 2403/15/9
f 2400/13/10 2399/14/10 2398/15/10
f 2406/13/11 2402/14/11 2401/15/11
f 2405/13/12 2408/14/12 2407/15/12
f 2403/13/13 2416/14/13 2415/15/13
f 2418/13/14 2407/14/14 2406/15/14
f 2417/13/15 2420/14/15 2419/15/15
f 2415/13/16 2410/14/16 2409/15/16
f 2412/13/17 2419/14/17 2418/15/17
f 2411/13/18 2414/14/18 2413/15/18
f 2409/13/19 2398/14/19 2397/15/19
f 2401/13/20 2413/14/20 2412/15/20
f 2415/13/21 2397/14/21 2403/15/21
f 2402/13/22 2404/14/22 2399/15/22
f 2413/13/23 2398/14/23 2411/15/23
f 2406/13/24 2412/14/24 2418/15/24
f 2407/13/25 2416/14/25 2405/15/25
f 2419/13/26 2410/14/26 2417/15/26
f 2421/4/1061 2422/5/1061 2423/6/1061
f 2424/4/1157 2425/5/1157 2426/6/1157
f 2427/4/1103 2428/5/1103 2429/6/1103
f 2430/4/1160 2431/5/1160 2432/6/1160
f 2433/4/1092 2434/5/1092 2435/6/1092
f 2436/4/1099 2437/5/1099 2438/6/1099
f 2439/4/1093 2440/5/1093 2441/6/1093
f 2442/4/1100 2443/5/1100 2444/6/1100
f 2421/4/9 2428/5/9 2427/6/9
f 2424/4/10 2423/5/10 2422/6/10
f 2430/4/11 2426/5/11 2425/6/11
f 2429/4/12 2432/5/12 2431/6/12
f 2427/4/13 2440/5/13 2439/6/13
f 2442/4/14 2431/5/14 2430/6/14
f 2441/4/15 2444/5/15 2443/6/15
f 2439/4/16 2434/5/16 2433/6/16
f 2436/4/17 2443/5/17 2442/6/17
f 2435/4/18 2438/5/18 2437/6/18
f 2433/4/19 2422/5/19 2421/6/19
f 2425/4/20 2437/5/20 2436/6/20
f 2439/4/21 2421/5/21 2427/6/21
f 2426/4/22 2428/5/22 2423/6/22
f 2437/4/23 2422/5/23 2435/6/23
f 2430/4/24 2436/5/24 2442/6/24
f 2431/4/25 2440/5/25 2429/6/25
f 2443/4/26 2434/5/26 2441/6/26
f 2445/4/1061 2446/5/1061 2447/6/1061
f 2448/4/1157 2449/5/1157 2450/6/1157
f 2451/4/1103 2452/5/1103 2422/6/1103
f 2453/4/1160 2454/5/1160 2455/6/1160
f 2456/4/1092 2457/5/1092 2458/6/1092
f 2459/4/1099 2460/5/1099 2461/6/1099
f 2462/4/1093 2435/5/1093 2463/6/1093
f 2464/4/1159 2465/5/1159 2466/6/1159
f 2445/4/9 2452/5/9 2451/6/9
f 2448/4/10 2447/5/10 2446/6/10
f 2453/4/11 2450/5/11 2449/6/11
f 2422/4/12 2455/5/12 2454/6/12
f 2451/4/13 2435/5/13 2462/6/13
f 2464/4/14 2454/5/14 2453/6/14
f 2465/4/15 2435/5/15 2466/6/15
f 2462/4/16 2457/5/16 2456/6/16
f 2459/4/17 2465/5/17 2464/6/17
f 2458/4/18 2461/5/18 2460/6/18
f 2456/4/19 2446/5/19 2445/6/19
f 2449/4/20 2460/5/20 2459/6/20
f 2462/4/21 2445/5/21 2451/6/21
f 2450/4/22 2452/5/22 2447/6/22
f 2460/4/23 2446/5/23 2458/6/23
f 2453/4/24 2459/5/24 2464/6/24
f 2454/4/25 2435/5/25 2422/6/25
f 2465/4/26 2457/5/26 2463/6/26
f 2467/4/1061 2468/5/1061 2469/6/1061
f 2470/4/1157 2471/5/1157 2472/6/1157
f 2473/4/1103 2474/5/1103 2446/6/1103
f 2475/4/1160 2476/5/1160 2477/6/1160
f 2478/4/1092 2479/5/1092 2480/6/1092
f 2481/4/1099 2482/5/1099 2483/6/1099
f 2484/4/1093 2458/5/1093 2485/6/1093
f 2486/4/1100 2487/5/1100 2488/6/1100
f 2467/4/9 2474/5/9 2473/6/9
f 2470/4/10 2469/5/10 2468/6/10
f 2475/4/11 2472/5/11 2471/6/11
f 2446/4/12 2477/5/12 2476/6/12
f 2473/4/13 2458/5/13 2484/6/13
f 2486/4/14 2476/5/14 2475/6/14
f 2485/4/15 2488/5/15 2487/6/15
f 2484/4/16 2479/5/16 2478/6/16
f 2481/4/17 2487/5/17 2486/6/17
f 2480/4/18 2483/5/18 2482/6/18
f 2478/4/19 2468/5/19 2467/6/19
f 2471/4/20 2482/5/20 2481/6/20
f 2484/4/21 2467/5/21 2473/6/21
f 2472/4/22 2474/5/22 2469/6/22
f 2482/4/23 2468/5/23 2480/6/23
f 2475/4/24 2481/5/24 2486/6/24
f 2476/4/25 2458/5/25 2446/6/25
f 2487/4/26 2479/5/26 2485/6/26
f 2490/31/22 2491/32/22 2489/33/22
f 2492/31/25 2495/32/25 2491/33/25
f 2496/31/26 2493/32/26 2495/33/26
f 2494/31/23 2489/32/23 2493/33/23
f 2495/31/21 2489/32/21 2491/33/21
f 2492/31/24 2494/32/24 2496/33/24
f 2498/31/22 2499/32/22 2497/33/22
f 2500/31/25 2503/32/25 2499/33/25
f 2504/31/26 2501/32/26 2503/33/26
f 2502/31/23 2497/32/23 2501/33/23
f 2503/31/21 2497/32/21 2499/33/21
f 2500/31/24 2502/32/24 2504/33/24
f 2505/31/1161 2509/32/1161 2506/33/1161
f 2506/31/1162 2509/32/1162 2507/33/1162
f 2506/31/21 2508/32/21 2505/33/21
f 2507/31/1163 2509/32/1163 2508/33/1163
f 2508/31/1164 2509/32/1164 2505/33/1164
f 2510/16/1165 2511/17/1165 2512/18/1165
f 2513/16/1166 2514/17/1166 2515/18/1166
f 2516/16/1053 2517/17/1053 2518/18/1053
f 2519/16/1065 2520/17/1065 2521/18/1065
f 2522/16/1104 2523/17/1104 2524/18/1104
f 2525/16/1105 2526/17/1105 2527/18/1105
f 2528/16/1055 2529/17/1055 2530/18/1055
f 2531/16/1066 2532/17/1066 2533/18/1066
f 2510/16/19 2517/17/19 2516/18/19
f 2513/16/18 2512/17/18 2511/18/18
f 2519/16/20 2515/17/20 2514/18/20
f 2518/16/10 2521/17/10 2520/18/10
f 2516/16/9 2529/17/9 2528/18/9
f 2531/16/11 2520/17/11 2519/18/11
f 2530/16/12 2533/17/12 2532/18/12
f 2528/16/13 2523/17/13 2522/18/13
f 2525/16/14 2532/17/14 2531/18/14
f 2524/16/15 2527/17/15 2526/18/15
f 2522/16/16 2511/17/16 2510/18/16
f 2514/16/17 2526/17/17 2525/18/17
f 2516/16/21 2522/17/21 2510/18/21
f 2515/16/23 2517/17/23 2512/18/23
f 2526/16/26 2511/17/26 2524/18/26
f 2519/16/24 2525/17/24 2531/18/24
f 2520/16/22 2529/17/22 2518/18/22
f 2532/16/25 2523/17/25 2530/18/25
f 2534/16/1096 2535/17/1096 2536/18/1096
f 2537/16/1064 2538/17/1064 2539/18/1064
f 2540/16/1089 2541/17/1089 2542/18/1089
f 2543/16/1062 2544/17/1062 2545/18/1062
f 2546/16/1097 2547/17/1097 2548/18/1097
f 2549/16/1094 2550/17/1094 2551/18/1094
f 2552/16/1090 2553/17/1090 2554/18/1090
f 2555/16/1091 2556/17/1091 2557/18/1091
f 2534/16/19 2541/17/19 2540/18/19
f 2537/16/18 2536/17/18 2535/18/18
f 2543/16/20 2539/17/20 2538/18/20
f 2542/16/10 2545/17/10 2544/18/10
f 2540/16/9 2553/17/9 2552/18/9
f 2555/16/11 2544/17/11 2543/18/11
f 2554/16/12 2557/17/12 2556/18/12
f 2552/16/13 2547/17/13 2546/18/13
f 2549/16/14 2556/17/14 2555/18/14
f 2548/16/15 2551/17/15 2550/18/15
f 2546/16/16 2535/17/16 2534/18/16
f 2538/16/17 2550/17/17 2549/18/17
f 2552/16/21 2534/17/21 2540/18/21
f 2539/16/23 2541/17/23 2536/18/23
f 2550/16/26 2535/17/26 2548/18/26
f 2543/16/24 2549/17/24 2555/18/24
f 2544/16/22 2553/17/22 2542/18/22
f 2556/16/25 2547/17/25 2554/18/25
f 2559/16/23 2560/17/23 2558/18/23
f 2561/16/22 2564/17/22 2560/18/22
f 2565/16/25 2562/17/25 2564/18/25
f 2563/16/26 2558/17/26 2562/18/26
f 2564/16/21 2558/17/21 2560/18/21
f 2561/16/24 2563/17/24 2565/18/24
f 2567/16/23 2568/17/23 2566/18/23
f 2569/16/22 2572/17/22 2568/18/22
f 2573/16/25 2570/17/25 2572/18/25
f 2571/16/26 2566/17/26 2570/18/26
f 2572/16/21 2566/17/21 2568/18/21
f 2569/16/24 2571/17/24 2573/18/24
f 2575/16/23 2576/17/23 2574/18/23
f 2577/16/22 2580/17/22 2576/18/22
f 2581/16/25 2578/17/25 2580/18/25
f 2579/16/26 2574/17/26 2578/18/26
f 2580/16/21 2574/17/21 2576/18/21
f 2577/16/24 2579/17/24 2581/18/24
f 2583/16/23 2584/17/23 2582/18/23
f 2585/16/22 2588/17/22 2584/18/22
f 2589/16/25 2586/17/25 2588/18/25
f 2587/16/26 2582/17/26 2586/18/26
f 2588/16/21 2582/17/21 2584/18/21
f 2585/16/24 2587/17/24 2589/18/24
f 2590/37/1063 2591/38/1063 2592/39/1063
f 2593/37/1158 2594/38/1158 2595/39/1158
f 2596/37/1089 2597/38/1089 2598/39/1089
f 2599/37/1062 2600/38/1062 2601/39/1062
f 2602/37/1108 2603/38/1108 2604/39/1108
f 2605/37/1159 2606/38/1159 2607/39/1159
f 2608/37/1090 2609/38/1090 2610/39/1090
f 2611/37/1091 2612/38/1091 2613/39/1091
f 2590/37/19 2597/38/19 2596/39/19
f 2593/37/18 2592/38/18 2591/39/18
f 2599/37/20 2595/38/20 2594/39/20
f 2598/37/10 2601/38/10 2600/39/10
f 2596/37/9 2609/38/9 2608/39/9
f 2611/37/11 2600/38/11 2599/39/11
f 2610/37/12 2613/38/12 2612/39/12
f 2608/37/13 2603/38/13 2602/39/13
f 2605/37/14 2612/38/14 2611/39/14
f 2604/37/15 2607/38/15 2606/39/15
f 2602/37/16 2591/38/16 2590/39/16
f 2594/37/17 2606/38/17 2605/39/17
f 2608/37/21 2590/38/21 2596/39/21
f 2595/37/23 2597/38/23 2592/39/23
f 2606/37/26 2591/38/26 2604/39/26
f 2599/37/24 2605/38/24 2611/39/24
f 2600/37/22 2609/38/22 2598/39/22
f 2612/37/25 2603/38/25 2610/39/25
f 2615/16/23 2616/17/23 2614/18/23
f 2617/16/22 2620/17/22 2616/18/22
f 2621/16/25 2618/17/25 2620/18/25
f 2619/16/26 2614/17/26 2618/18/26
f 2620/16/21 2614/17/21 2616/18/21
f 2617/16/24 2619/17/24 2621/18/24
f 2623/16/23 2624/17/23 2622/18/23
f 2625/16/22 2628/17/22 2624/18/22
f 2629/16/25 2626/17/25 2628/18/25
f 2627/16/26 2622/17/26 2626/18/26
f 2628/16/21 2622/17/21 2624/18/21
f 2625/16/24 2627/17/24 2629/18/24
f 2630/37/1165 2631/38/1165 2632/39/1165
f 2633/37/1158 2634/38/1158 2635/39/1158
f 2636/37/1053 2637/38/1053 2638/39/1053
f 2639/37/1065 2640/38/1065 2641/39/1065
f 2642/37/1104 2643/38/1104 2644/39/1104
f 2645/37/1159 2646/38/1159 2647/39/1159
f 2648/37/1055 2649/38/1055 2650/39/1055
f 2651/37/1066 2652/38/1066 2653/39/1066
f 2630/37/19 2637/38/19 2636/39/19
f 2633/37/18 2632/38/18 2631/39/18
f 2639/37/20 2635/38/20 2634/39/20
f 2638/37/10 2641/38/10 2640/39/10
f 2636/37/9 2649/38/9 2648/39/9
f 2651/37/11 2640/38/11 2639/39/11
f 2650/37/12 2653/38/12 2652/39/12
f 2648/37/13 2643/38/13 2642/39/13
f 2645/37/14 2652/38/14 2651/39/14
f 2644/37/15 2647/38/15 2646/39/15
f 2642/37/16 2631/38/16 2630/39/16
f 2634/37/17 2646/38/17 2645/39/17
f 2648/37/21 2630/38/21 2636/39/21
f 2635/37/23 2637/38/23 2632/39/23
f 2646/37/26 2631/38/26 2644/39/26
f 2639/37/24 2645/38/24 2651/39/24
f 2640/37/22 2649/38/22 2638/39/22
f 2652/37/25 2643/38/25 2650/39/25
f 2655/16/23 2656/17/23 2654/18/23
f 2657/16/22 2660/17/22 2656/18/22
f 2661/16/25 2658/17/25 2660/18/25
f 2659/16/26 2654/17/26 2658/18/26
f 2660/16/21 2654/17/21 2656/18/21
f 2657/16/24 2659/17/24 2661/18/24
f 2663/16/23 2664/17/23 2662/18/23
f 2665/16/22 2668/17/22 2664/18/22
f 2669/16/25 2666/17/25 2668/18/25
f 2667/16/26 2662/17/26 2666/18/26
f 2668/16/21 2662/17/21 2664/18/21
f 2665/16/24 2667/17/24 2669/18/24
f 2670/25/1165 2671/26/1165 2672/27/1165
f 2673/25/1166 2674/26/1166 2675/27/1166
f 2676/25/1053 2677/26/1053 2678/27/1053
f 2679/25/1062 2680/26/1062 2681/27/1062
f 2682/25/1104 2683/26/1104 2684/27/1104
f 2685/25/1159 2686/26/1159 2687/27/1159
f 2688/25/1055 2689/26/1055 2690/27/1055
f 2691/25/1091 2692/26/1091 2693/27/1091
f 2670/25/19 2677/26/19 2676/27/19
f 2673/25/18 2672/26/18 2671/27/18
f 2679/25/20 2675/26/20 2674/27/20
f 2678/25/10 2681/26/10 2680/27/10
f 2676/25/9 2689/26/9 2688/27/9
f 2691/25/11 2680/26/11 2679/27/11
f 2690/25/12 2693/26/12 2692/27/12
f 2688/25/13 2683/26/13 2682/27/13
f 2685/25/14 2692/26/14 2691/27/14
f 2684/25/15 2687/26/15 2686/27/15
f 2682/25/16 2671/26/16 2670/27/16
f 2674/25/17 2686/26/17 2685/27/17
f 2688/25/21 2670/26/21 2676/27/21
f 2675/25/23 2677/26/23 2672/27/23
f 2686/25/26 2671/26/26 2684/27/26
f 2679/25/24 2685/26/24 2691/27/24
f 2680/25/22 2689/26/22 2678/27/22
f 2692/25/25 2683/26/25 2690/27/25
f 2694/25/1167 2695/26/1167 2696/27/1167
f 2697/25/1067 2698/26/1067 2699/27/1067
f 2700/25/1061 2701/26/1061 2702/27/1061
f 2703/25/1168 2704/26/1168 2705/27/1168
f 2706/25/1169 2707/26/1169 2708/27/1169
f 2709/25/1068 2710/26/1068 2711/27/1068
f 2712/25/1103 2713/26/1103 2714/27/1103
f 2715/25/1107 2716/26/1107 2717/27/1107
f 2694/25/19 2701/26/19 2700/27/19
f 2697/25/18 2696/26/18 2695/27/18
f 2703/25/20 2699/26/20 2698/27/20
f 2702/25/10 2705/26/10 2704/27/10
f 2700/25/9 2713/26/9 2712/27/9
f 2715/25/11 2704/26/11 2703/27/11
f 2714/25/12 2717/26/12 2716/27/12
f 2712/25/13 2707/26/13 2706/27/13
f 2709/25/14 2716/26/14 2715/27/14
f 2708/25/15 2711/26/15 2710/27/15
f 2706/25/16 2695/26/16 2694/27/16
f 2698/25/17 2710/26/17 2709/27/17
f 2712/25/21 2694/26/21 2700/27/21
f 2699/25/23 2701/26/23 2696/27/23
f 2710/25/26 2695/26/26 2708/27/26
f 2703/25/24 2709/26/24 2715/27/24
f 2704/25/22 2713/26/22 2702/27/22
f 2716/25/25 2707/26/25 2714/27/25
f 2718/16/1106 2719/17/1106 2720/18/1106
f 2721/16/1107 2722/17/1107 2723/18/1107
f 2724/16/1059 2725/17/1059 2726/18/1059
f 2727/16/1068 2728/17/1068 2729/18/1068
f 2730/16/1170 2731/17/1170 2732/18/1170
f 2733/16/1168 2734/17/1168 2735/18/1168
f 2736/16/1057 2737/17/1057 2738/18/1057
f 2739/16/1067 2740/17/1067 2741/18/1067
f 2718/16/13 2725/17/13 2724/18/13
f 2721/16/12 2720/17/12 2719/18/12
f 2727/16/14 2723/17/14 2722/18/14
f 2726/16/15 2729/17/15 2728/18/15
f 2724/16/16 2737/17/16 2736/18/16
f 2739/16/17 2728/17/17 2727/18/17
f 2738/16/18 2741/17/18 2740/18/18
f 2736/16/19 2731/17/19 2730/18/19
f 2733/16/20 2740/17/20 2739/18/20
f 2732/16/10 2735/17/10 2734/18/10
f 2730/16/9 2719/17/9 2718/18/9
f 2722/16/11 2734/17/11 2733/18/11
f 2736/16/21 2718/17/21 2724/18/21
f 2723/16/25 2725/17/25 2720/18/25
f 2734/16/22 2719/17/22 2732/18/22
f 2739/16/24 2722/17/24 2733/18/24
f 2728/16/26 2737/17/26 2726/18/26
f 2740/16/23 2731/17/23 2738/18/23
f 2742/16/1090 2743/17/1090 2744/18/1090
f 2745/16/1091 2746/17/1091 2747/18/1091
f 2748/16/1097 2749/17/1097 2750/18/1097
f 2751/16/1094 2752/17/1094 2753/18/1094
f 2754/16/1089 2755/17/1089 2756/18/1089
f 2757/16/1062 2758/17/1062 2759/18/1062
f 2760/16/1096 2761/17/1096 2762/18/1096
f 2763/16/1064 2764/17/1064 2765/18/1064
f 2742/16/13 2749/17/13 2748/18/13
f 2745/16/12 2744/17/12 2743/18/12
f 2751/16/14 2747/17/14 2746/18/14
f 2750/16/15 2753/17/15 2752/18/15
f 2748/16/16 2761/17/16 2760/18/16
f 2763/16/17 2752/17/17 2751/18/17
f 2762/16/18 2765/17/18 2764/18/18
f 2760/16/19 2755/17/19 2754/18/19
f 2757/16/20 2764/17/20 2763/18/20
f 2756/16/10 2759/17/10 2758/18/10
f 2754/16/9 2743/17/9 2742/18/9
f 2746/16/11 2758/17/11 2757/18/11
f 2760/16/21 2742/17/21 2748/18/21
f 2747/16/25 2749/17/25 2744/18/25
f 2758/16/22 2743/17/22 2756/18/22
f 2751/16/24 2757/17/24 2763/18/24
f 2752/16/26 2761/17/26 2750/18/26
f 2764/16/23 2755/17/23 2762/18/23
f 2767/16/25 2768/17/25 2766/18/25
f 2769/16/26 2772/17/26 2768/18/26
f 2773/16/23 2770/17/23 2772/18/23
f 2771/16/22 2766/17/22 2770/18/22
f 2772/16/21 2766/17/21 2768/18/21
f 2769/16/24 2771/17/24 2773/18/24
f 2775/16/25 2776/17/25 2774/18/25
f 2777/16/26 2780/17/26 2776/18/26
f 2781/16/23 2778/17/23 2780/18/23
f 2779/16/22 2774/17/22 2778/18/22
f 2780/16/21 2774/17/21 2776/18/21
f 2777/16/24 2779/17/24 2781/18/24
f 2783/16/25 2784/17/25 2782/18/25
f 2785/16/26 2788/17/26 2784/18/26
f 2789/16/23 2786/17/23 2788/18/23
f 2787/16/22 2782/17/22 2786/18/22
f 2788/16/21 2782/17/21 2784/18/21
f 2785/16/24 2787/17/24 2789/18/24
f 2791/16/25 2792/17/25 2790/18/25
f 2793/16/26 2796/17/26 2792/18/26
f 2797/16/23 2794/17/23 2796/18/23
f 2795/16/22 2790/17/22 2794/18/22
f 2796/16/21 2790/17/21 2792/18/21
f 2793/16/24 2795/17/24 2797/18/24
f 2798/37/1106 2799/38/1106 2800/39/1106
f 2801/37/1160 2802/38/1160 2803/39/1160
f 2804/37/1059 2805/38/1059 2806/39/1059
f 2807/37/1068 2808/38/1068 2809/39/1068
f 2810/37/1170 2811/38/1170 2812/39/1170
f 2813/37/1157 2814/38/1157 2815/39/1157
f 2816/37/1057 2817/38/1057 2818/39/1057
f 2819/37/1067 2820/38/1067 2821/39/1067
f 2798/37/13 2805/38/13 2804/39/13
f 2801/37/12 2800/38/12 2799/39/12
f 2807/37/14 2803/38/14 2802/39/14
f 2806/37/15 2809/38/15 2808/39/15
f 2804/37/16 2817/38/16 2816/39/16
f 2819/37/17 2808/38/17 2807/39/17
f 2818/37/18 2821/38/18 2820/39/18
f 2816/37/19 2811/38/19 2810/39/19
f 2813/37/20 2820/38/20 2819/39/20
f 2812/37/10 2815/38/10 2814/39/10
f 2810/37/9 2799/38/9 2798/39/9
f 2802/37/11 2814/38/11 2813/39/11
f 2816/37/21 2798/38/21 2804/39/21
f 2803/37/25 2805/38/25 2800/39/25
f 2814/37/22 2799/38/22 2812/39/22
f 2807/37/24 2813/38/24 2819/39/24
f 2808/37/26 2817/38/26 2806/39/26
f 2820/37/23 2811/38/23 2818/39/23
f 2823/16/25 2824/17/25 2822/18/25
f 2825/16/26 2828/17/26 2824/18/26
f 2829/16/23 2826/17/23 2828/18/23
f 2827/16/22 2822/17/22 2826/18/22
f 2828/16/21 2822/17/21 2824/18/21
f 2825/16/24 2827/17/24 2829/18/24
f 2831/16/25 2832/17/25 2830/18/25
f 2833/16/26 2836/17/26 2832/18/26
f 2837/16/23 2834/17/23 2836/18/23
f 2835/16/22 2830/17/22 2834/18/22
f 2836/16/21 2830/17/21 2832/18/21
f 2833/16/24 2835/17/24 2837/18/24
f 2838/37/1103 2839/38/1103 2840/39/1103
f 2841/37/1160 2842/38/1160 2843/39/1160
f 2844/37/1097 2845/38/1097 2846/39/1097
f 2847/37/1094 2848/38/1094 2849/39/1094
f 2850/37/1061 2851/38/1061 2852/39/1061
f 2853/37/1157 2854/38/1157 2855/39/1157
f 2856/37/1096 2857/38/1096 2858/39/1096
f 2859/37/1064 2860/38/1064 2861/39/1064
f 2838/37/13 2845/38/13 2844/39/13
f 2841/37/12 2840/38/12 2839/39/12
f 2847/37/14 2843/38/14 2842/39/14
f 2846/37/15 2849/38/15 2848/39/15
f 2844/37/16 2857/38/16 2856/39/16
f 2859/37/17 2848/38/17 2847/39/17
f 2858/37/18 2861/38/18 2860/39/18
f 2856/37/19 2851/38/19 2850/39/19
f 2853/37/20 2860/38/20 2859/39/20
f 2852/37/10 2855/38/10 2854/39/10
f 2850/37/9 2839/38/9 2838/39/9
f 2842/37/11 2854/38/11 2853/39/11
f 2856/37/21 2838/38/21 2844/39/21
f 2843/37/25 2845/38/25 2840/39/25
f 2854/37/22 2839/38/22 2852/39/22
f 2847/37/24 2853/38/24 2859/39/24
f 2848/37/26 2857/38/26 2846/39/26
f 2860/37/23 2851/38/23 2858/39/23
f 2863/16/25 2864/17/25 2862/18/25
f 2865/16/26 2868/17/26 2864/18/26
f 2869/16/23 2866/17/23 2868/18/23
f 2867/16/22 2862/17/22 2866/18/22
f 2868/16/21 2862/17/21 2864/18/21
f 2865/16/24 2867/17/24 2869/18/24
f 2871/16/25 2872/17/25 2870/18/25
f 2873/16/26 2876/17/26 2872/18/26
f 2877/16/23 2874/17/23 2876/18/23
f 2875/16/22 2870/17/22 2874/18/22
f 2876/16/21 2870/17/21 2872/18/21
f 2873/16/24 2875/17/24 2877/18/24
f 2878/25/1106 2879/26/1106 2880/27/1106
f 2881/25/1160 2882/26/1160 2883/27/1160
f 2884/25/1059 2885/26/1059 2886/27/1059
f 2887/25/1094 2888/26/1094 2889/27/1094
f 2890/25/1170 2891/26/1170 2892/27/1170
f 2893/25/1168 2894/26/1168 2895/27/1168
f 2896/25/1057 2897/26/1057 2898/27/1057
f 2899/25/1064 2900/26/1064 2901/27/1064
f 2878/25/13 2885/26/13 2884/27/13
f 2881/25/12 2880/26/12 2879/27/12
f 2887/25/14 2883/26/14 2882/27/14
f 2886/25/15 2889/26/15 2888/27/15
f 2884/25/16 2897/26/16 2896/27/16
f 2899/25/17 2888/26/17 2887/27/17
f 2898/25/18 2901/26/18 2900/27/18
f 2896/25/19 2891/26/19 2890/27/19
f 2893/25/20 2900/26/20 2899/27/20
f 2892/25/10 2895/26/10 2894/27/10
f 2890/25/9 2879/26/9 2878/27/9
f 2882/25/11 2894/26/11 2893/27/11
f 2896/25/21 2878/26/21 2884/27/21
f 2883/25/25 2885/26/25 2880/27/25
f 2894/25/22 2879/26/22 2892/27/22
f 2887/25/24 2893/26/24 2899/27/24
f 2888/25/26 2897/26/26 2886/27/26
f 2900/25/23 2891/26/23 2898/27/23
f 2902/25/1171 2903/26/1171 2904/27/1171
f 2905/25/1066 2906/26/1066 2907/27/1066
f 2908/25/1108 2909/26/1108 2910/27/1108
f 2911/25/1105 2912/26/1105 2913/27/1105
f 2914/25/1172 2915/26/1172 2916/27/1172
f 2917/25/1065 2918/26/1065 2919/27/1065
f 2920/25/1063 2921/26/1063 2922/27/1063
f 2923/25/1166 2924/26/1166 2925/27/1166
f 2902/25/13 2909/26/13 2908/27/13
f 2905/25/12 2904/26/12 2903/27/12
f 2911/25/14 2907/26/14 2906/27/14
f 2910/25/15 2913/26/15 2912/27/15
f 2908/25/16 2921/26/16 2920/27/16
f 2923/25/17 2912/26/17 2911/27/17
f 2922/25/18 2925/26/18 2924/27/18
f 2920/25/19 2915/26/19 2914/27/19
f 2917/25/20 2924/26/20 2923/27/20
f 2916/25/10 2919/26/10 2918/27/10
f 2914/25/9 2903/26/9 2902/27/9
f 2906/25/11 2918/26/11 2917/27/11
f 2920/25/21 2902/26/21 2908/27/21
f 2907/25/25 2909/26/25 2904/27/25
f 2918/25/22 2903/26/22 2916/27/22
f 2911/25/24 2917/26/24 2923/27/24
f 2912/25/26 2921/26/26 2910/27/26
f 2924/25/23 2915/26/23 2922/27/23
f 2926/16/1097 2927/17/1097 2928/18/1097
f 2929/16/1094 2930/17/1094 2931/18/1094
f 2932/16/1096 2933/17/1096 2934/18/1096
f 2935/16/1064 2936/17/1064 2937/18/1064
f 2938/16/1090 2939/17/1090 2940/18/1090
f 2941/16/1091 2942/17/1091 2943/18/1091
f 2944/16/1089 2945/17/1089 2946/18/1089
f 2947/16/1062 2948/17/1062 2949/18/1062
f 2926/16/16 2933/17/16 2932/18/16
f 2929/16/15 2928/17/15 2927/18/15
f 2935/16/17 2931/17/17 2930/18/17
f 2934/16/18 2937/17/18 2936/18/18
f 2932/16/19 2945/17/19 2944/18/19
f 2947/16/20 2936/17/20 2935/18/20
f 2946/16/10 2949/17/10 2948/18/10
f 2944/16/9 2939/17/9 2938/18/9
f 2941/16/11 2948/17/11 2947/18/11
f 2940/16/12 2943/17/12 2942/18/12
f 2926/16/13 2940/17/13 2927/18/13
f 2930/16/14 2942/17/14 2941/18/14
f 2944/16/21 2926/17/21 2932/18/21
f 2931/16/26 2933/17/26 2928/18/26
f 2942/16/25 2927/17/25 2940/18/25
f 2935/16/24 2941/17/24 2947/18/24
f 2936/16/23 2945/17/23 2934/18/23
f 2948/16/22 2939/17/22 2946/18/22
f 2950/16/1108 2951/17/1108 2952/18/1108
f 2953/16/1060 2954/17/1060 2955/18/1060
f 2956/16/1167 2957/17/1167 2958/18/1167
f 2959/16/6 2960/17/6 2961/18/6
f 2962/16/1103 2963/17/1103 2964/18/1103
f 2965/16/1056 2966/17/1056 2967/18/1056
f 2968/16/1172 2969/17/1172 2970/18/1172
f 2971/16/2 2972/17/2 2973/18/2
f 2950/16/16 2957/17/16 2956/18/16
f 2953/16/15 2952/17/15 2951/18/15
f 2959/16/17 2955/17/17 2954/18/17
f 2958/16/18 2961/17/18 2960/18/18
f 2956/16/19 2969/17/19 2968/18/19
f 2971/16/20 2960/17/20 2959/18/20
f 2970/16/10 2973/17/10 2972/18/10
f 2968/16/9 2963/17/9 2962/18/9
f 2965/16/11 2972/17/11 2971/18/11
f 2964/16/12 2967/17/12 2966/18/12
f 2962/16/13 2951/17/13 2950/18/13
f 2954/16/14 2966/17/14 2965/18/14
f 2968/16/21 2950/17/21 2956/18/21
f 2955/16/26 2957/17/26 2952/18/26
f 2966/16/25 2951/17/25 2964/18/25
f 2959/16/24 2965/17/24 2971/18/24
f 2960/16/23 2969/17/23 2958/18/23
f 2972/16/22 2963/17/22 2970/18/22
f 2975/16/26 2976/17/26 2974/18/26
f 2977/16/23 2980/17/23 2976/18/23
f 2981/16/22 2978/17/22 2980/18/22
f 2979/16/25 2974/17/25 2978/18/25
f 2980/16/21 2974/17/21 2976/18/21
f 2977/16/24 2979/17/24 2981/18/24
f 2983/16/26 2984/17/26 2982/18/26
f 2985/16/23 2988/17/23 2984/18/23
f 2989/16/22 2986/17/22 2988/18/22
f 2987/16/25 2982/17/25 2986/18/25
f 2988/16/21 2982/17/21 2984/18/21
f 2985/16/24 2987/17/24 2989/18/24
f 2991/16/26 2992/17/26 2990/18/26
f 2993/16/23 2996/17/23 2992/18/23
f 2997/16/22 2994/17/22 2996/18/22
f 2995/16/25 2990/17/25 2994/18/25
f 2996/16/21 2990/17/21 2992/18/21
f 2993/16/24 2995/17/24 2997/18/24
f 2999/16/26 3000/17/26 2998/18/26
f 3001/16/23 3004/17/23 3000/18/23
f 3005/16/22 3002/17/22 3004/18/22
f 3003/16/25 2998/17/25 3002/18/25
f 3004/16/21 2998/17/21 3000/18/21
f 3001/16/24 3003/17/24 3005/18/24
f 3006/37/1097 3007/38/1097 3008/39/1097
f 3009/37/8 3010/38/8 3011/39/8
f 3012/37/1063 3013/38/1063 3014/39/1063
f 3015/37/1158 3016/38/1158 3017/39/1158
f 3018/37/1090 3019/38/1090 3020/39/1090
f 3021/37/4 3022/38/4 3023/39/4
f 3024/37/1061 3025/38/1061 3026/39/1061
f 3027/37/1157 3028/38/1157 3029/39/1157
f 3006/37/16 3013/38/16 3012/39/16
f 3009/37/15 3008/38/15 3007/39/15
f 3015/37/17 3011/38/17 3010/39/17
f 3014/37/18 3017/38/18 3016/39/18
f 3012/37/19 3025/38/19 3024/39/19
f 3027/37/20 3016/38/20 3015/39/20
f 3026/37/10 3029/38/10 3028/39/10
f 3024/37/9 3019/38/9 3018/39/9
f 3021/37/11 3028/38/11 3027/39/11
f 3020/37/12 3023/38/12 3022/39/12
f 3018/37/13 3007/38/13 3006/39/13
f 3010/37/14 3022/38/14 3021/39/14
f 3024/37/21 3006/38/21 3012/39/21
f 3011/37/26 3013/38/26 3008/39/26
f 3022/37/25 3007/38/25 3020/39/25
f 3015/37/24 3021/38/24 3027/39/24
f 3016/37/23 3025/38/23 3014/39/23
f 3028/37/22 3019/38/22 3026/39/22
f 3031/16/26 3032/17/26 3030/18/26
f 3033/16/23 3036/17/23 3032/18/23
f 3037/16/22 3034/17/22 3036/18/22
f 3035/16/25 3030/17/25 3034/18/25
f 3036/16/21 3030/17/21 3032/18/21
f 3033/16/24 3035/17/24 3037/18/24
f 3039/16/26 3040/17/26 3038/18/26
f 3041/16/23 3044/17/23 3040/18/23
f 3045/16/22 3042/17/22 3044/18/22
f 3043/16/25 3038/17/25 3042/18/25
f 3044/16/21 3038/17/21 3040/18/21
f 3041/16/24 3043/17/24 3045/18/24
f 3046/37/1104 3047/38/1104 3048/39/1104
f 3049/37/1105 3050/38/1105 3051/39/1105
f 3052/37/1165 3053/38/1165 3054/39/1165
f 3055/37/1166 3056/38/1166 3057/39/1166
f 3058/37/1055 3059/38/1055 3060/39/1055
f 3061/37/1107 3062/38/1107 3063/39/1107
f 3064/37/1053 3065/38/1053 3066/39/1053
f 3067/37/1168 3068/38/1168 3069/39/1168
f 3046/37/16 3053/38/16 3052/39/16
f 3049/37/15 3048/38/15 3047/39/15
f 3055/37/17 3051/38/17 3050/39/17
f 3054/37/18 3057/38/18 3056/39/18
f 3052/37/19 3065/38/19 3064/39/19
f 3067/37/20 3056/38/20 3055/39/20
f 3066/37/10 3069/38/10 3068/39/10
f 3064/37/9 3059/38/9 3058/39/9
f 3061/37/11 3068/38/11 3067/39/11
f 3060/37/12 3063/38/12 3062/39/12
f 3058/37/13 3047/38/13 3046/39/13
f 3050/37/14 3062/38/14 3061/39/14
f 3064/37/21 3046/38/21 3052/39/21
f 3051/37/26 3053/38/26 3048/39/26
f 3062/37/25 3047/38/25 3060/39/25
f 3055/37/24 3061/38/24 3067/39/24
f 3056/37/23 3065/38/23 3054/39/23
f 3068/37/22 3059/38/22 3066/39/22
f 3071/16/26 3072/17/26 3070/18/26
f 3073/16/23 3076/17/23 3072/18/23
f 3077/16/22 3074/17/22 3076/18/22
f 3075/16/25 3070/17/25 3074/18/25
f 3076/16/21 3070/17/21 3072/18/21
f 3073/16/24 3075/17/24 3077/18/24
f 3079/16/26 3080/17/26 3078/18/26
f 3081/16/23 3084/17/23 3080/18/23
f 3085/16/22 3082/17/22 3084/18/22
f 3083/16/25 3078/17/25 3082/18/25
f 3084/16/21 3078/17/21 3080/18/21
f 3081/16/24 3083/17/24 3085/18/24
f 3086/25/1108 3087/26/1108 3088/27/1108
f 3089/25/1159 3090/26/1159 3091/27/1159
f 3092/25/1165 3093/26/1165 3094/27/1165
f 3095/25/1166 3096/26/1166 3097/27/1166
f 3098/25/1090 3099/26/1090 3100/27/1090
f 3101/25/1091 3102/26/1091 3103/27/1091
f 3104/25/1170 3105/26/1170 3106/27/1170
f 3107/25/1168 3108/26/1168 3109/27/1168
f 3086/25/16 3093/26/16 3092/27/16
f 3089/25/15 3088/26/15 3087/27/15
f 3095/25/17 3091/26/17 3090/27/17
f 3094/25/18 3097/26/18 3096/27/18
f 3092/25/19 3105/26/19 3104/27/19
f 3107/25/20 3096/26/20 3095/27/20
f 3106/25/10 3109/26/10 3108/27/10
f 3104/25/9 3099/26/9 3098/27/9
f 3101/25/11 3108/26/11 3107/27/11
f 3100/25/12 3103/26/12 3102/27/12
f 3098/25/13 3087/26/13 3086/27/13
f 3090/25/14 3102/26/14 3101/27/14
f 3104/25/21 3086/26/21 3092/27/21
f 3091/25/26 3093/26/26 3088/27/26
f 3102/25/25 3087/26/25 3100/27/25
f 3095/25/24 3101/26/24 3107/27/24
f 3096/25/23 3105/26/23 3094/27/23
f 3108/25/22 3099/26/22 3106/27/22
f 3110/25/1169 3111/26/1169 3112/27/1169
f 3113/25/1094 3114/26/1094 3115/27/1094
f 3116/25/1063 3117/26/1063 3118/27/1063
f 3119/25/1158 3120/26/1158 3121/27/1158
f 3122/25/1103 3123/26/1103 3124/27/1103
f 3125/25/1160 3126/26/1160 3127/27/1160
f 3128/25/1172 3129/26/1172 3130/27/1172
f 3131/25/1062 3132/26/1062 3133/27/1062
f 3110/25/16 3117/26/16 3116/27/16
f 3113/25/15 3112/26/15 3111/27/15
f 3119/25/17 3115/26/17 3114/27/17
f 3118/25/18 3121/26/18 3120/27/18
f 3116/25/19 3129/26/19 3128/27/19
f 3131/25/20 3120/26/20 3119/27/20
f 3130/25/10 3133/26/10 3132/27/10
f 3128/25/9 3123/26/9 3122/27/9
f 3125/25/11 3132/26/11 3131/27/11
f 3124/25/12 3127/26/12 3126/27/12
f 3122/25/13 3111/26/13 3110/27/13
f 3114/25/14 3126/26/14 3125/27/14
f 3116/25/21 3122/26/21 3110/27/21
f 3115/25/26 3117/26/26 3112/27/26
f 3126/25/25 3111/26/25 3124/27/25
f 3119/25/24 3125/26/24 3131/27/24
f 3120/25/23 3129/26/23 3118/27/23
f 3132/25/22 3123/26/22 3130/27/22
f 3134/16/1 3135/17/1 3136/18/1
f 3137/16/1065 3138/17/1065 3139/18/1065
f 3140/16/3 3141/17/3 3142/18/3
f 3143/16/1066 3144/17/1066 3145/18/1066
f 3146/16/5 3147/17/5 3148/18/5
f 3149/16/1067 3150/17/1067 3151/18/1067
f 3152/16/7 3153/17/7 3154/18/7
f 3155/16/1068 3156/17/1068 3157/18/1068
f 3134/16/9 3141/17/9 3140/18/9
f 3137/16/10 3136/17/10 3135/18/10
f 3143/16/11 3139/17/11 3138/18/11
f 3142/16/12 3145/17/12 3144/18/12
f 3140/16/13 3153/17/13 3152/18/13
f 3155/16/14 3144/17/14 3143/18/14
f 3154/16/15 3157/17/15 3156/18/15
f 3152/16/16 3147/17/16 3146/18/16
f 3149/16/17 3156/17/17 3155/18/17
f 3148/16/18 3151/17/18 3150/18/18
f 3146/16/19 3135/17/19 3134/18/19
f 3138/16/20 3150/17/20 3149/18/20
f 3152/16/21 3134/17/21 3140/18/21
f 3139/16/22 3141/17/22 3136/18/22
f 3150/16/23 3135/17/23 3148/18/23
f 3143/16/24 3149/17/24 3155/18/24
f 3144/16/25 3153/17/25 3142/18/25
f 3156/16/26 3147/17/26 3154/18/26
f 3158/16/1053 3159/17/1053 3160/18/1053
f 3161/16/1065 3162/17/1065 3163/18/1065
f 3164/16/1055 3165/17/1055 3166/18/1055
f 3167/16/1066 3168/17/1066 3169/18/1066
f 3170/16/1057 3171/17/1057 3172/18/1057
f 3173/16/1067 3174/17/1067 3175/18/1067
f 3176/16/1059 3177/17/1059 3178/18/1059
f 3179/16/1068 3180/17/1068 3181/18/1068
f 3158/16/9 3165/17/9 3164/18/9
f 3161/16/10 3160/17/10 3159/18/10
f 3167/16/11 3163/17/11 3162/18/11
f 3166/16/12 3169/17/12 3168/18/12
f 3164/16/13 3177/17/13 3176/18/13
f 3179/16/14 3168/17/14 3167/18/14
f 3178/16/15 3181/17/15 3180/18/15
f 3176/16/16 3171/17/16 3170/18/16
f 3173/16/17 3180/17/17 3179/18/17
f 3172/16/18 3175/17/18 3174/18/18
f 3170/16/19 3159/17/19 3158/18/19
f 3162/16/20 3174/17/20 3173/18/20
f 3176/16/21 3158/17/21 3164/18/21
f 3163/16/22 3165/17/22 3160/18/22
f 3174/16/23 3159/17/23 3172/18/23
f 3167/16/24 3173/17/24 3179/18/24
f 3168/16/25 3177/17/25 3166/18/25
f 3180/16/26 3171/17/26 3178/18/26
f 3183/16/22 3184/17/22 3182/18/22
f 3185/16/25 3188/17/25 3184/18/25
f 3189/16/26 3186/17/26 3188/18/26
f 3187/16/23 3182/17/23 3186/18/23
f 3188/16/21 3182/17/21 3184/18/21
f 3185/16/24 3187/17/24 3189/18/24
f 3191/16/22 3192/17/22 3190/18/22
f 3193/16/25 3196/17/25 3192/18/25
f 3197/16/26 3194/17/26 3196/18/26
f 3195/16/23 3190/17/23 3194/18/23
f 3196/16/21 3190/17/21 3192/18/21
f 3193/16/24 3195/17/24 3197/18/24
f 3199/16/22 3200/17/22 3198/18/22
f 3201/16/25 3204/17/25 3200/18/25
f 3205/16/26 3202/17/26 3204/18/26
f 3203/16/23 3198/17/23 3202/18/23
f 3204/16/21 3198/17/21 3200/18/21
f 3201/16/24 3203/17/24 3205/18/24
f 3207/16/22 3208/17/22 3206/18/22
f 3209/16/25 3212/17/25 3208/18/25
f 3213/16/26 3210/17/26 3212/18/26
f 3211/16/23 3206/17/23 3210/18/23
f 3212/16/21 3206/17/21 3208/18/21
f 3209/16/24 3211/17/24 3213/18/24
f 1/1/9 3/2/9 8/3/9
f 4/1/10 6/2/10 3/3/10
f 10/1/11 12/2/11 6/3/11
f 9/1/12 8/2/12 12/3/12
f 7/1/13 9/2/13 20/3/13
f 22/1/14 24/2/14 11/3/14
f 21/1/15 20/2/15 24/3/15
f 19/1/16 21/2/16 14/3/16
f 16/1/17 18/2/17 23/3/17
f 15/1/18 14/2/18 18/3/18
f 13/1/19 15/2/19 2/3/19
f 5/1/20 4/2/20 17/3/20
f 19/1/21 13/2/21 1/3/21
f 6/1/22 12/2/22 8/3/22
f 17/1/23 4/2/23 2/3/23
f 10/1/24 5/2/24 16/3/24
f 11/1/25 24/2/25 20/3/25
f 23/1/26 18/2/26 14/3/26
f 25/4/1173 27/5/1173 32/6/1173
f 28/4/1174 30/5/1174 27/6/1174
f 34/4/1175 36/5/1175 30/6/1175
f 35/4/1176 33/5/1176 32/6/1176
f 31/4/1177 33/5/1177 44/6/1177
f 34/4/1178 46/5/1178 48/6/1178
f 47/4/1179 45/5/1179 44/6/1179
f 37/4/1180 43/5/1180 45/6/1180
f 46/4/1181 40/5/1181 42/6/1181
f 41/4/1182 39/5/1182 38/6/1182
f 37/4/1183 39/5/1183 26/6/1183
f 40/4/1184 29/5/1184 28/6/1184
f 31/4/1185 43/5/1185 37/6/1185
f 27/4/1186 30/5/1186 36/6/1186
f 39/4/1187 41/5/1187 28/6/1187
f 34/4/1188 29/5/1188 40/6/1188
f 35/4/1189 48/5/1189 44/6/1189
f 47/4/1190 42/5/1190 38/6/1190
f 55/4/1191 49/5/1191 51/6/1191
f 50/4/1192 52/5/1192 54/6/1192
f 58/4/1193 60/5/1193 54/6/1193
f 59/4/1194 57/5/1194 56/6/1194
f 67/4/1195 55/5/1195 57/6/1195
f 58/4/1196 70/5/1196 72/6/1196
f 69/4/1197 68/5/1197 72/6/1197
f 61/4/1198 67/5/1198 69/6/1198
f 70/4/1199 64/5/1199 66/6/1199
f 65/4/1200 63/5/1200 62/6/1200
f 49/4/1201 61/5/1201 63/6/1201
f 53/4/1202 52/5/1202 65/6/1202
f 67/4/1203 61/5/1203 49/6/1203
f 51/4/1204 54/5/1204 60/6/1204
f 65/4/1205 52/5/1205 50/6/1205
f 58/4/1206 53/5/1206 64/6/1206
f 57/4/1207 59/5/1207 72/6/1207
f 69/4/1208 71/5/1208 66/6/1208
f 73/7/1209 75/8/1209 80/9/1209
f 74/7/1210 76/8/1210 78/9/1210
f 77/7/1211 82/8/1211 84/9/1211
f 83/7/1212 81/8/1212 80/9/1212
f 91/7/1213 79/8/1213 81/9/1213
f 94/7/1214 96/8/1214 83/9/1214
f 93/7/1215 92/8/1215 96/9/1215
f 91/7/1216 93/8/1216 86/9/1216
f 88/7/1217 90/8/1217 95/9/1217
f 87/7/1218 86/8/1218 90/9/1218
f 85/7/1219 87/8/1219 74/9/1219
f 88/7/1220 77/8/1220 76/9/1220
f 79/7/1221 91/8/1221 85/9/1221
f 75/7/1222 78/8/1222 84/9/1222
f 89/7/1223 76/8/1223 74/9/1223
f 82/7/1224 77/8/1224 88/9/1224
f 81/7/1225 83/8/1225 96/9/1225
f 93/7/1226 95/8/1226 90/9/1226
f 103/7/1227 97/8/1227 99/9/1227
f 100/7/1228 102/8/1228 99/9/1228
f 101/7/1229 106/8/1229 108/9/1229
f 107/7/1230 105/8/1230 104/9/1230
f 103/7/1231 105/8/1231 116/9/1231
f 118/7/1232 120/8/1232 107/9/1232
f 119/7/1233 117/8/1233 116/9/1233
f 109/7/1234 115/8/1234 117/9/1234
f 118/7/1235 112/8/1235 114/9/1235
f 113/7/1236 111/8/1236 110/9/1236
f 97/7/1237 109/8/1237 111/9/1237
f 112/7/1238 101/8/1238 100/9/1238
f 103/7/1239 115/8/1239 109/9/1239
f 99/7/1240 102/8/1240 108/9/1240
f 113/7/1241 100/8/1241 98/9/1241
f 106/7/1242 101/8/1242 112/9/1242
f 107/7/1243 120/8/1243 116/9/1243
f 119/7/1244 114/8/1244 110/9/1244
f 121/10/1245 123/11/1245 128/12/1245
f 124/10/1246 126/11/1246 123/12/1246
f 130/10/1247 132/11/1247 126/12/1247
f 131/10/1248 129/11/1248 128/12/1248
f 127/10/1249 129/11/1249 140/12/1249
f 130/10/1250 142/11/1250 144/12/1250
f 141/10/1251 140/11/1251 144/12/1251
f 139/10/1252 141/11/1252 134/12/1252
f 142/10/1253 136/11/1253 138/12/1253
f 135/10/1254 134/11/1254 138/12/1254
f 133/10/1255 135/11/1255 122/12/1255
f 136/10/1256 125/11/1256 124/12/1256
f 127/10/1257 139/11/1257 133/12/1257
f 123/10/1258 126/11/1258 132/12/1258
f 135/10/1259 137/11/1259 124/12/1259
f 130/10/1260 125/11/1260 136/12/1260
f 131/10/1261 144/11/1261 140/12/1261
f 141/10/1262 143/11/1262 138/12/1262
f 145/7/1263 147/8/1263 152/9/1263
f 146/7/1264 148/8/1264 150/9/1264
f 154/7/1265 156/8/1265 150/9/1265
f 155/7/1266 153/8/1266 152/9/1266
f 151/7/1267 153/8/1267 164/9/1267
f 166/7/1268 168/8/1268 155/9/1268
f 165/7/1269 164/8/1269 168/9/1269
f 163/7/1270 165/8/1270 158/9/1270
f 160/7/1271 162/8/1271 167/9/1271
f 161/7/1272 159/8/1272 158/9/1272
f 157/7/1273 159/8/1273 146/9/1273
f 149/7/1274 148/8/1274 161/9/1274
f 151/7/1275 163/8/1275 157/9/1275
f 147/7/1276 150/8/1276 156/9/1276
f 161/7/1277 148/8/1277 146/9/1277
f 166/7/1278 154/8/1278 149/9/1278
f 153/7/1279 155/8/1279 168/9/1279
f 165/7/1280 167/8/1280 162/9/1280
f 169/10/1281 171/11/1281 176/12/1281
f 170/10/1282 172/11/1282 174/12/1282
f 173/10/1283 178/11/1283 180/12/1283
f 177/10/1284 176/11/1284 180/12/1284
f 175/10/1285 177/11/1285 188/12/1285
f 178/10/1286 190/11/1286 192/12/1286
f 191/10/1287 189/11/1287 188/12/1287
f 181/10/1288 187/11/1288 189/12/1288
f 184/10/1289 186/11/1289 191/12/1289
f 183/10/1290 182/11/1290 186/12/1290
f 181/10/1291 183/11/1291 170/12/1291
f 173/10/1292 172/11/1292 185/12/1292
f 175/10/1293 187/11/1293 181/12/1293
f 174/10/1294 180/11/1294 176/12/1294
f 185/10/1295 172/11/1295 170/12/1295
f 178/10/1296 173/11/1296 184/12/1296
f 179/10/1297 192/11/1297 188/12/1297
f 189/10/1298 191/11/1298 186/12/1298
f 193/1/1299 195/2/1299 200/3/1299
f 196/1/1300 198/2/1300 195/3/1300
f 197/1/1301 202/2/1301 204/3/1301
f 201/1/1302 200/2/1302 204/3/1302
f 211/1/1303 199/2/1303 201/3/1303
f 214/1/1304 216/2/1304 203/3/1304
f 213/1/1305 212/2/1305 216/3/1305
f 205/1/1306 211/2/1306 213/3/1306
f 208/1/1307 210/2/1307 215/3/1307
f 207/1/1308 206/2/1308 210/3/1308
f 205/1/1309 207/2/1309 194/3/1309
f 208/1/1310 197/2/1310 196/3/1310
f 211/1/1311 205/2/1311 193/3/1311
f 195/1/1312 198/2/1312 204/3/1312
f 209/1/1313 196/2/1313 194/3/1313
f 202/1/1314 197/2/1314 208/3/1314
f 203/1/1315 216/2/1315 212/3/1315
f 213/1/1316 215/2/1316 210/3/1316
f 217/10/1317 219/11/1317 224/12/1317
f 220/10/1318 222/11/1318 219/12/1318
f 221/10/1319 226/11/1319 228/12/1319
f 227/10/1320 225/11/1320 224/12/1320
f 223/10/1321 225/11/1321 236/12/1321
f 226/10/1322 238/11/1322 240/12/1322
f 239/10/1323 237/11/1323 236/12/1323
f 229/10/1324 235/11/1324 237/12/1324
f 238/10/1325 232/11/1325 234/12/1325
f 233/10/1326 231/11/1326 230/12/1326
f 229/10/1327 231/11/1327 218/12/1327
f 221/10/1328 220/11/1328 233/12/1328
f 223/10/1329 235/11/1329 229/12/1329
f 219/10/1330 222/11/1330 228/12/1330
f 233/10/1331 220/11/1331 218/12/1331
f 226/10/1332 221/11/1332 232/12/1332
f 225/10/1333 227/11/1333 240/12/1333
f 239/10/1334 234/11/1334 230/12/1334
f 241/10/1335 243/11/1335 248/12/1335
f 244/10/1336 246/11/1336 243/12/1336
f 250/10/1337 252/11/1337 246/12/1337
f 249/10/1338 248/11/1338 252/12/1338
f 247/10/1339 249/11/1339 260/12/1339
f 262/10/1340 264/11/1340 251/12/1340
f 261/10/1341 260/11/1341 264/12/1341
f 259/10/1342 261/11/1342 254/12/1342
f 262/10/1343 256/11/1343 258/12/1343
f 255/10/1344 254/11/1344 258/12/1344
f 253/10/1345 255/11/1345 242/12/1345
f 245/10/1346 244/11/1346 257/12/1346
f 247/10/1347 259/11/1347 253/12/1347
f 243/10/1348 246/11/1348 252/12/1348
f 255/10/1349 257/11/1349 244/12/1349
f 262/10/1350 250/11/1350 245/12/1350
f 251/10/1351 264/11/1351 260/12/1351
f 261/10/1352 263/11/1352 258/12/1352
f 271/1/1353 265/2/1353 267/3/1353
f 266/1/1354 268/2/1354 270/3/1354
f 269/1/1355 274/2/1355 276/3/1355
f 273/1/1356 272/2/1356 276/3/1356
f 283/1/1357 271/2/1357 273/3/1357
f 274/1/1358 286/2/1358 288/3/1358
f 287/1/1359 285/2/1359 284/3/1359
f 277/1/1360 283/2/1360 285/3/1360
f 286/1/1361 280/2/1361 282/3/1361
f 279/1/1362 278/2/1362 282/3/1362
f 277/1/1363 279/2/1363 266/3/1363
f 280/1/1364 269/2/1364 268/3/1364
f 271/1/1365 283/2/1365 277/3/1365
f 270/1/1366 276/2/1366 272/3/1366
f 279/1/1367 281/2/1367 268/3/1367
f 274/1/1368 269/2/1368 280/3/1368
f 273/1/1369 275/2/1369 288/3/1369
f 285/1/1370 287/2/1370 282/3/1370
f 295/1/1371 289/2/1371 291/3/1371
f 290/1/1372 292/2/1372 294/3/1372
f 293/1/1373 298/2/1373 300/3/1373
f 299/1/1374 297/2/1374 296/3/1374
f 295/1/1375 297/2/1375 308/3/1375
f 298/1/1376 310/2/1376 312/3/1376
f 309/1/1377 308/2/1377 312/3/1377
f 307/1/1378 309/2/1378 302/3/1378
f 310/1/1379 304/2/1379 306/3/1379
f 305/1/1380 303/2/1380 302/3/1380
f 301/1/1381 303/2/1381 290/3/1381
f 293/1/1382 292/2/1382 305/3/1382
f 295/1/1383 307/2/1383 301/3/1383
f 294/1/1384 300/2/1384 296/3/1384
f 305/1/1385 292/2/1385 290/3/1385
f 310/1/1386 298/2/1386 293/3/1386
f 297/1/1387 299/2/1387 312/3/1387
f 311/1/1388 306/2/1388 302/3/1388
f 313/10/1389 315/11/1389 320/12/1389
f 316/10/1390 318/11/1390 315/12/1390
f 317/10/1391 322/11/1391 324/12/1391
f 321/10/1392 320/11/1392 324/12/1392
f 331/10/1393 319/11/1393 321/12/1393
f 322/10/1394 334/11/1394 336/12/1394
f 333/10/1395 332/11/1395 336/12/1395
f 325/10/1396 331/11/1396 333/12/1396
f 328/10/1397 330/11/1397 335/12/1397
f 327/10/1398 326/11/1398 330/12/1398
f 313/10/1399 325/11/1399 327/12/1399
f 317/10/1400 316/11/1400 329/12/1400
f 331/10/1401 325/11/1401 313/12/1401
f 315/10/1402 318/11/1402 324/12/1402
f 329/10/1403 316/11/1403 314/12/1403
f 322/10/1404 317/11/1404 328/12/1404
f 321/10/1405 323/11/1405 336/12/1405
f 333/10/1406 335/11/1406 330/12/1406
f 343/1/1407 337/2/1407 339/3/1407
f 338/1/1408 340/2/1408 342/3/1408
f 341/1/1409 346/2/1409 348/3/1409
f 347/1/1410 345/2/1410 344/3/1410
f 355/1/1411 343/2/1411 345/3/1411
f 346/1/1412 358/2/1412 360/3/1412
f 357/1/1413 356/2/1413 360/3/1413
f 349/1/1414 355/2/1414 357/3/1414
f 358/1/1415 352/2/1415 354/3/1415
f 353/1/1416 351/2/1416 350/3/1416
f 337/1/1417 349/2/1417 351/3/1417
f 341/1/1418 340/2/1418 353/3/1418
f 355/1/1419 349/2/1419 337/3/1419
f 339/1/1420 342/2/1420 348/3/1420
f 353/1/1421 340/2/1421 338/3/1421
f 346/1/1422 341/2/1422 352/3/1422
f 347/1/1423 360/2/1423 356/3/1423
f 359/1/1424 354/2/1424 350/3/1424
f 367/4/1425 361/5/1425 363/6/1425
f 362/4/1426 364/5/1426 366/6/1426
f 365/4/1427 370/5/1427 372/6/1427
f 369/4/1428 368/5/1428 372/6/1428
f 367/4/1429 369/5/1429 380/6/1429
f 382/4/1430 384/5/1430 371/6/1430
f 383/4/1431 381/5/1431 380/6/1431
f 379/4/1432 381/5/1432 374/6/1432
f 376/4/1433 378/5/1433 383/6/1433
f 377/4/1434 375/5/1434 374/6/1434
f 373/4/1435 375/5/1435 362/6/1435
f 376/4/1436 365/5/1436 364/6/1436
f 367/4/1437 379/5/1437 373/6/1437
f 366/4/1438 372/5/1438 368/6/1438
f 377/4/1439 364/5/1439 362/6/1439
f 382/4/1440 370/5/1440 365/6/1440
f 371/4/1441 384/5/1441 380/6/1441
f 381/4/1442 383/5/1442 378/6/1442
f 391/1/1443 385/2/1443 387/3/1443
f 386/1/1444 388/2/1444 390/3/1444
f 394/1/1445 396/2/1445 390/3/1445
f 393/1/1446 392/2/1446 396/3/1446
f 391/1/1447 393/2/1447 404/3/1447
f 394/1/1448 406/2/1448 408/3/1448
f 405/1/1449 404/2/1449 408/3/1449
f 403/1/1450 405/2/1450 398/3/1450
f 406/1/1451 400/2/1451 402/3/1451
f 401/1/1452 399/2/1452 398/3/1452
f 397/1/1453 399/2/1453 386/3/1453
f 400/1/1454 389/2/1454 388/3/1454
f 391/1/1455 403/2/1455 397/3/1455
f 387/1/1456 390/2/1456 396/3/1456
f 401/1/1457 388/2/1457 386/3/1457
f 394/1/1458 389/2/1458 400/3/1458
f 393/1/1459 395/2/1459 408/3/1459
f 407/1/1460 402/2/1460 398/3/1460
f 409/4/1461 411/5/1461 416/6/1461
f 410/4/1462 412/5/1462 414/6/1462
f 418/4/1463 420/5/1463 414/6/1463
f 417/4/1464 416/5/1464 420/6/1464
f 415/4/1465 417/5/1465 428/6/1465
f 430/4/1466 432/5/1466 419/6/1466
f 431/4/1467 429/5/1467 428/6/1467
f 427/4/1468 429/5/1468 422/6/1468
f 424/4/1469 426/5/1469 431/6/1469
f 425/4/1470 423/5/1470 422/6/1470
f 421/4/1471 423/5/1471 410/6/1471
f 413/4/1472 412/5/1472 425/6/1472
f 427/4/1473 421/5/1473 409/6/1473
f 411/4/1474 414/5/1474 420/6/1474
f 425/4/1475 412/5/1475 410/6/1475
f 430/4/1476 418/5/1476 413/6/1476
f 419/4/1477 432/5/1477 428/6/1477
f 431/4/1478 426/5/1478 422/6/1478
f 439/1/1479 433/2/1479 435/3/1479
f 436/1/1480 438/2/1480 435/3/1480
f 437/1/1481 442/2/1481 444/3/1481
f 443/1/1482 441/2/1482 440/3/1482
f 451/1/1483 439/2/1483 441/3/1483
f 442/1/1484 454/2/1484 456/3/1484
f 455/1/1485 453/2/1485 452/3/1485
f 451/1/1486 453/2/1486 446/3/1486
f 448/1/1487 450/2/1487 455/3/1487
f 447/1/1488 446/2/1488 450/3/1488
f 433/1/1489 445/2/1489 447/3/1489
f 437/1/1490 436/2/1490 449/3/1490
f 451/1/1491 445/2/1491 433/3/1491
f 435/1/1492 438/2/1492 444/3/1492
f 449/1/1493 436/2/1493 434/3/1493
f 442/1/1494 437/2/1494 448/3/1494
f 443/1/1495 456/2/1495 452/3/1495
f 453/1/1496 455/2/1496 450/3/1496
f 463/7/1497 457/8/1497 459/9/1497
f 460/7/1498 462/8/1498 459/9/1498
f 466/7/1499 468/8/1499 462/9/1499
f 465/7/1500 464/8/1500 468/9/1500
f 463/7/1501 465/8/1501 476/9/1501
f 478/7/1502 480/8/1502 467/9/1502
f 477/7/1503 476/8/1503 480/9/1503
f 475/7/1504 477/8/1504 470/9/1504
f 472/7/1505 474/8/1505 479/9/1505
f 471/7/1506 470/8/1506 474/9/1506
f 469/7/1507 471/8/1507 458/9/1507
f 461/7/1508 460/8/1508 473/9/1508
f 475/7/1509 469/8/1509 457/9/1509
f 462/7/1510 468/8/1510 464/9/1510
f 471/7/1511 473/8/1511 460/9/1511
f 466/7/1512 461/8/1512 472/9/1512
f 465/7/1513 467/8/1513 480/9/1513
f 477/7/1514 479/8/1514 474/9/1514
f 487/7/1515 481/8/1515 483/9/1515
f 484/7/1516 486/8/1516 483/9/1516
f 485/7/1517 490/8/1517 492/9/1517
f 489/7/1518 488/8/1518 492/9/1518
f 499/7/1519 487/8/1519 489/9/1519
f 502/7/1520 504/8/1520 491/9/1520
f 503/7/1521 501/8/1521 500/9/1521
f 499/7/1522 501/8/1522 494/9/1522
f 502/7/1523 496/8/1523 498/9/1523
f 495/7/1524 494/8/1524 498/9/1524
f 493/7/1525 495/8/1525 482/9/1525
f 485/7/1526 484/8/1526 497/9/1526
f 487/7/1527 499/8/1527 493/9/1527
f 483/7/1528 486/8/1528 492/9/1528
f 495/7/1529 497/8/1529 484/9/1529
f 502/7/1530 490/8/1530 485/9/1530
f 491/7/1531 504/8/1531 500/9/1531
f 503/7/1532 498/8/1532 494/9/1532
f 511/1/1533 505/2/1533 507/3/1533
f 506/1/1534 508/2/1534 510/3/1534
f 509/1/1535 514/2/1535 516/3/1535
f 515/1/1536 513/2/1536 512/3/1536
f 511/1/1537 513/2/1537 524/3/1537
f 514/1/1538 526/2/1538 528/3/1538
f 527/1/1539 525/2/1539 524/3/1539
f 517/1/1540 523/2/1540 525/3/1540
f 520/1/1541 522/2/1541 527/3/1541
f 519/1/1542 518/2/1542 522/3/1542
f 517/1/1543 519/2/1543 506/3/1543
f 520/1/1544 509/2/1544 508/3/1544
f 511/1/1545 523/2/1545 517/3/1545
f 510/1/1546 516/2/1546 512/3/1546
f 519/1/1547 521/2/1547 508/3/1547
f 514/1/1548 509/2/1548 520/3/1548
f 515/1/1549 528/2/1549 524/3/1549
f 527/1/1550 522/2/1550 518/3/1550
f 529/7/1551 531/8/1551 536/9/1551
f 530/7/1552 532/8/1552 534/9/1552
f 533/7/1553 538/8/1553 540/9/1553
f 539/7/1554 537/8/1554 536/9/1554
f 535/7/1555 537/8/1555 548/9/1555
f 550/7/1556 552/8/1556 539/9/1556
f 549/7/1557 548/8/1557 552/9/1557
f 547/7/1558 549/8/1558 542/9/1558
f 544/7/1559 546/8/1559 551/9/1559
f 545/7/1560 543/8/1560 542/9/1560
f 541/7/1561 543/8/1561 530/9/1561
f 533/7/1562 532/8/1562 545/9/1562
f 547/7/1563 541/8/1563 529/9/1563
f 531/7/1564 534/8/1564 540/9/1564
f 545/7/1565 532/8/1565 530/9/1565
f 538/7/1566 533/8/1566 544/9/1566
f 537/7/1567 539/8/1567 552/9/1567
f 551/7/1568 546/8/1568 542/9/1568
f 559/1/1569 553/2/1569 555/3/1569
f 554/1/1570 556/2/1570 558/3/1570
f 562/1/1571 564/2/1571 558/3/1571
f 561/1/1572 560/2/1572 564/3/1572
f 571/1/1573 559/2/1573 561/3/1573
f 562/1/1574 574/2/1574 576/3/1574
f 575/1/1575 573/2/1575 572/3/1575
f 571/1/1576 573/2/1576 566/3/1576
f 574/1/1577 568/2/1577 570/3/1577
f 569/1/1578 567/2/1578 566/3/1578
f 553/1/1579 565/2/1579 567/3/1579
f 568/1/1580 557/2/1580 556/3/1580
f 571/1/1581 565/2/1581 553/3/1581
f 558/1/1582 564/2/1582 560/3/1582
f 569/1/1583 556/2/1583 554/3/1583
f 562/1/1584 557/2/1584 568/3/1584
f 561/1/1585 563/2/1585 576/3/1585
f 575/1/1586 570/2/1586 566/3/1586
f 577/4/1587 579/5/1587 584/6/1587
f 580/4/1588 582/5/1588 579/6/1588
f 581/4/1589 586/5/1589 588/6/1589
f 587/4/1590 585/5/1590 584/6/1590
f 583/4/1591 585/5/1591 596/6/1591
f 586/4/1592 598/5/1592 600/6/1592
f 599/4/1593 597/5/1593 596/6/1593
f 589/4/1594 595/5/1594 597/6/1594
f 592/4/1595 594/5/1595 599/6/1595
f 591/4/1596 590/5/1596 594/6/1596
f 577/4/1597 589/5/1597 591/6/1597
f 592/4/1598 581/5/1598 580/6/1598
f 583/4/1599 595/5/1599 589/6/1599
f 582/4/1600 588/5/1600 584/6/1600
f 593/4/1601 580/5/1601 578/6/1601
f 586/4/1602 581/5/1602 592/6/1602
f 585/4/1603 587/5/1603 600/6/1603
f 597/4/1604 599/5/1604 594/6/1604
f 601/10/1605 603/11/1605 608/12/1605
f 604/10/1606 606/11/1606 603/12/1606
f 610/10/1607 612/11/1607 606/12/1607
f 609/10/1608 608/11/1608 612/12/1608
f 607/10/1609 609/11/1609 620/12/1609
f 610/10/1610 622/11/1610 624/12/1610
f 623/10/1611 621/11/1611 620/12/1611
f 619/10/1612 621/11/1612 614/12/1612
f 622/10/1613 616/11/1613 618/12/1613
f 617/10/1614 615/11/1614 614/12/1614
f 601/10/1615 613/11/1615 615/12/1615
f 616/10/1616 605/11/1616 604/12/1616
f 619/10/1617 613/11/1617 601/12/1617
f 606/10/1618 612/11/1618 608/12/1618
f 615/10/1619 617/11/1619 604/12/1619
f 610/10/1620 605/11/1620 616/12/1620
f 609/10/1621 611/11/1621 624/12/1621
f 621/10/1622 623/11/1622 618/12/1622
f 625/7/1623 627/8/1623 632/9/1623
f 628/7/1624 630/8/1624 627/9/1624
f 629/7/1625 634/8/1625 636/9/1625
f 635/7/1626 633/8/1626 632/9/1626
f 631/7/1627 633/8/1627 644/9/1627
f 634/7/1628 646/8/1628 648/9/1628
f 647/7/1629 645/8/1629 644/9/1629
f 637/7/1630 643/8/1630 645/9/1630
f 646/7/1631 640/8/1631 642/9/1631
f 641/7/1632 639/8/1632 638/9/1632
f 637/7/1633 639/8/1633 626/9/1633
f 629/7/1634 628/8/1634 641/9/1634
f 631/7/1635 643/8/1635 637/9/1635
f 630/7/1636 636/8/1636 632/9/1636
f 641/7/1637 628/8/1637 626/9/1637
f 646/7/1638 634/8/1638 629/9/1638
f 635/7/1639 648/8/1639 644/9/1639
f 645/7/1640 647/8/1640 642/9/1640
f 655/10/1641 649/11/1641 651/12/1641
f 650/10/1642 652/11/1642 654/12/1642
f 658/10/1643 660/11/1643 654/12/1643
f 657/10/1644 656/11/1644 660/12/1644
f 655/10/1645 657/11/1645 668/12/1645
f 670/10/1646 672/11/1646 659/12/1646
f 669/10/1647 668/11/1647 672/12/1647
f 667/10/1648 669/11/1648 662/12/1648
f 664/10/1649 666/11/1649 671/12/1649
f 665/10/1650 663/11/1650 662/12/1650
f 661/10/1651 663/11/1651 650/12/1651
f 664/10/1652 653/11/1652 652/12/1652
f 655/10/1653 667/11/1653 661/12/1653
f 654/10/1654 660/11/1654 656/12/1654
f 663/10/1655 665/11/1655 652/12/1655
f 670/10/1656 658/11/1656 653/12/1656
f 657/10/1657 659/11/1657 672/12/1657
f 671/10/1658 666/11/1658 662/12/1658
f 679/7/1659 673/8/1659 675/9/1659
f 674/7/1660 676/8/1660 678/9/1660
f 682/7/1661 684/8/1661 678/9/1661
f 683/7/1662 681/8/1662 680/9/1662
f 691/7/1663 679/8/1663 681/9/1663
f 682/7/1664 694/8/1664 696/9/1664
f 695/7/1665 693/8/1665 692/9/1665
f 691/7/1666 693/8/1666 686/9/1666
f 694/7/1667 688/8/1667 690/9/1667
f 687/7/1668 686/8/1668 690/9/1668
f 673/7/1669 685/8/1669 687/9/1669
f 688/7/1670 677/8/1670 676/9/1670
f 679/7/1671 691/8/1671 685/9/1671
f 675/7/1672 678/8/1672 684/9/1672
f 689/7/1673 676/8/1673 674/9/1673
f 694/7/1674 682/8/1674 677/9/1674
f 683/7/1675 696/8/1675 692/9/1675
f 693/7/1676 695/8/1676 690/9/1676
f 697/10/1677 699/11/1677 704/12/1677
f 700/10/1678 702/11/1678 699/12/1678
f 701/10/1679 706/11/1679 708/12/1679
f 707/10/1680 705/11/1680 704/12/1680
f 715/10/1681 703/11/1681 705/12/1681
f 706/10/1682 718/11/1682 720/12/1682
f 717/10/1683 716/11/1683 720/12/1683
f 709/10/1684 715/11/1684 717/12/1684
f 712/10/1685 714/11/1685 719/12/1685
f 711/10/1686 710/11/1686 714/12/1686
f 709/10/1687 711/11/1687 698/12/1687
f 701/10/1688 700/11/1688 713/12/1688
f 715/10/1689 709/11/1689 697/12/1689
f 699/10/1690 702/11/1690 708/12/1690
f 711/10/1691 713/11/1691 700/12/1691
f 706/10/1692 701/11/1692 712/12/1692
f 707/10/1693 720/11/1693 716/12/1693
f 719/10/1694 714/11/1694 710/12/1694
f 727/10/1695 721/11/1695 723/12/1695
f 724/10/1696 726/11/1696 723/12/1696
f 725/10/1697 730/11/1697 732/12/1697
f 729/10/1698 728/11/1698 732/12/1698
f 727/10/1699 729/11/1699 740/12/1699
f 730/10/1700 742/11/1700 744/12/1700
f 743/10/1701 741/11/1701 740/12/1701
f 739/10/1702 741/11/1702 734/12/1702
f 742/10/1703 736/11/1703 738/12/1703
f 737/10/1704 735/11/1704 734/12/1704
f 721/10/1705 733/11/1705 735/12/1705
f 736/10/1706 725/11/1706 724/12/1706
f 739/10/1707 733/11/1707 721/12/1707
f 723/10/1708 726/11/1708 732/12/1708
f 735/10/1709 737/11/1709 724/12/1709
f 742/10/1710 730/11/1710 725/12/1710
f 731/10/1711 744/11/1711 740/12/1711
f 743/10/1712 738/11/1712 734/12/1712
f 745/1/1713 747/2/1713 752/3/1713
f 748/1/1714 750/2/1714 747/3/1714
f 749/1/1715 754/2/1715 756/3/1715
f 753/1/1716 752/2/1716 756/3/1716
f 751/1/1717 753/2/1717 764/3/1717
f 754/1/1718 766/2/1718 768/3/1718
f 767/1/1719 765/2/1719 764/3/1719
f 763/1/1720 765/2/1720 758/3/1720
f 766/1/1721 760/2/1721 762/3/1721
f 761/1/1722 759/2/1722 758/3/1722
f 745/1/1723 757/2/1723 759/3/1723
f 760/1/1724 749/2/1724 748/3/1724
f 763/1/1725 757/2/1725 745/3/1725
f 750/1/1726 756/2/1726 752/3/1726
f 761/1/1727 748/2/1727 746/3/1727
f 766/1/1728 754/2/1728 749/3/1728
f 755/1/1729 768/2/1729 764/3/1729
f 767/1/1730 762/2/1730 758/3/1730
f 775/1/1731 769/2/1731 771/3/1731
f 772/1/1732 774/2/1732 771/3/1732
f 778/1/1733 780/2/1733 774/3/1733
f 777/1/1734 776/2/1734 780/3/1734
f 775/1/1735 777/2/1735 788/3/1735
f 790/1/1736 792/2/1736 779/3/1736
f 791/1/1737 789/2/1737 788/3/1737
f 781/1/1738 787/2/1738 789/3/1738
f 784/1/1739 786/2/1739 791/3/1739
f 785/1/1740 783/2/1740 782/3/1740
f 769/1/1741 781/2/1741 783/3/1741
f 773/1/1742 772/2/1742 785/3/1742
f 775/1/1743 787/2/1743 781/3/1743
f 771/1/1744 774/2/1744 780/3/1744
f 785/1/1745 772/2/1745 770/3/1745
f 778/1/1746 773/2/1746 784/3/1746
f 777/1/1747 779/2/1747 792/3/1747
f 789/1/1748 791/2/1748 786/3/1748
f 799/4/1749 793/5/1749 795/6/1749
f 796/4/1750 798/5/1750 795/6/1750
f 802/4/1751 804/5/1751 798/6/1751
f 803/4/1752 801/5/1752 800/6/1752
f 811/4/1753 799/5/1753 801/6/1753
f 814/4/1754 816/5/1754 803/6/1754
f 813/4/1755 812/5/1755 816/6/1755
f 811/4/1756 813/5/1756 806/6/1756
f 808/4/1757 810/5/1757 815/6/1757
f 807/4/1758 806/5/1758 810/6/1758
f 805/4/1759 807/5/1759 794/6/1759
f 797/4/1760 796/5/1760 809/6/1760
f 799/4/1761 811/5/1761 805/6/1761
f 795/4/1762 798/5/1762 804/6/1762
f 807/4/1763 809/5/1763 796/6/1763
f 802/4/1764 797/5/1764 808/6/1764
f 801/4/1765 803/5/1765 816/6/1765
f 815/4/1766 810/5/1766 806/6/1766
f 823/7/1767 817/8/1767 819/9/1767
f 818/7/1768 820/8/1768 822/9/1768
f 821/7/1769 826/8/1769 828/9/1769
f 827/7/1770 825/8/1770 824/9/1770
f 835/7/1771 823/8/1771 825/9/1771
f 838/7/1772 840/8/1772 827/9/1772
f 837/7/1773 836/8/1773 840/9/1773
f 835/7/1774 837/8/1774 830/9/1774
f 832/7/1775 834/8/1775 839/9/1775
f 833/7/1776 831/8/1776 830/9/1776
f 817/7/1777 829/8/1777 831/9/1777
f 821/7/1778 820/8/1778 833/9/1778
f 835/7/1779 829/8/1779 817/9/1779
f 819/7/1780 822/8/1780 828/9/1780
f 833/7/1781 820/8/1781 818/9/1781
f 826/7/1782 821/8/1782 832/9/1782
f 827/7/1783 840/8/1783 836/9/1783
f 839/7/1784 834/8/1784 830/9/1784
f 841/7/1785 843/8/1785 848/9/1785
f 842/7/1786 844/8/1786 846/9/1786
f 845/7/1787 850/8/1787 852/9/1787
f 851/7/1788 849/8/1788 848/9/1788
f 847/7/1789 849/8/1789 860/9/1789
f 862/7/1790 864/8/1790 851/9/1790
f 863/7/1791 861/8/1791 860/9/1791
f 853/7/1792 859/8/1792 861/9/1792
f 856/7/1793 858/8/1793 863/9/1793
f 855/7/1794 854/8/1794 858/9/1794
f 841/7/1795 853/8/1795 855/9/1795
f 856/7/1796 845/8/1796 844/9/1796
f 859/7/1797 853/8/1797 841/9/1797
f 846/7/1798 852/8/1798 848/9/1798
f 855/7/1799 857/8/1799 844/9/1799
f 862/7/1800 850/8/1800 845/9/1800
f 849/7/1801 851/8/1801 864/9/1801
f 861/7/1802 863/8/1802 858/9/1802
f 866/13/22 868/14/22 867/15/22
f 868/13/25 872/14/25 871/15/25
f 872/13/26 870/14/26 869/15/26
f 870/13/23 866/14/23 865/15/23
f 871/13/21 869/14/21 865/15/21
f 868/13/24 866/14/24 870/15/24
f 874/13/937 876/14/937 875/15/937
f 876/13/938 878/14/938 877/15/938
f 878/13/939 880/14/939 879/15/939
f 880/13/23 882/14/23 881/15/23
f 882/13/940 884/14/940 883/15/940
f 878/16/26 876/17/26 880/18/26
f 876/16/26 874/17/26 880/18/26
f 874/16/26 886/17/26 884/18/26
f 884/16/26 882/17/26 880/18/26
f 884/13/941 886/14/941 885/15/941
f 886/13/942 874/14/942 873/15/942
f 885/16/22 873/17/22 875/18/22
f 875/16/22 877/17/22 879/18/22
f 879/16/22 881/17/22 883/18/22
f 883/16/22 885/17/22 879/18/22
f 888/13/937 890/14/937 889/15/937
f 890/13/938 892/14/938 891/15/938
f 892/13/939 894/14/939 893/15/939
f 894/13/23 896/14/23 895/15/23
f 896/13/940 898/14/940 897/15/940
f 892/16/26 890/17/26 894/18/26
f 890/16/26 888/17/26 894/18/26
f 888/16/26 900/17/26 898/18/26
f 898/16/26 896/17/26 888/18/26
f 898/13/941 900/14/941 899/15/941
f 900/13/942 888/14/942 887/15/942
f 899/16/22 887/17/22 889/18/22
f 889/16/22 891/17/22 893/18/22
f 893/16/22 895/17/22 897/18/22
f 897/16/22 899/17/22 893/18/22
f 902/13/943 904/14/943 903/15/943
f 904/13/944 906/14/944 905/15/944
f 906/13/945 908/14/945 907/15/945
f 908/13/21 910/14/21 909/15/21
f 910/13/946 912/14/946 911/15/946
f 906/16/23 904/17/23 902/18/23
f 902/16/23 914/17/23 912/18/23
f 912/16/23 910/17/23 908/18/23
f 908/16/23 906/17/23 902/18/23
f 912/13/947 914/14/947 913/15/947
f 914/13/948 902/14/948 901/15/948
f 913/16/25 901/17/25 903/18/25
f 903/16/25 905/17/25 907/18/25
f 907/16/25 909/17/25 911/18/25
f 911/16/25 913/17/25 907/18/25
f 916/13/943 918/14/943 917/15/943
f 918/13/944 920/14/944 919/15/944
f 920/13/945 922/14/945 921/15/945
f 922/13/21 924/14/21 923/15/21
f 924/13/946 926/14/946 925/15/946
f 920/16/23 918/17/23 916/18/23
f 916/16/23 928/17/23 926/18/23
f 926/16/23 924/17/23 922/18/23
f 922/16/23 920/17/23 916/18/23
f 926/13/947 928/14/947 927/15/947
f 928/13/948 916/14/948 915/15/948
f 927/16/25 915/17/25 917/18/25
f 917/16/25 919/17/25 921/18/25
f 921/16/25 923/17/25 925/18/25
f 925/16/25 927/17/25 921/18/25
f 930/13/937 932/14/937 931/15/937
f 932/13/938 934/14/938 933/15/938
f 934/13/939 936/14/939 935/15/939
f 936/13/23 938/14/23 937/15/23
f 938/13/940 940/14/940 939/15/940
f 934/16/26 932/17/26 936/18/26
f 932/16/26 930/17/26 936/18/26
f 930/16/26 942/17/26 940/18/26
f 940/16/26 938/17/26 936/18/26
f 940/13/941 942/14/941 941/15/941
f 942/13/942 930/14/942 929/15/942
f 941/16/22 929/17/22 931/18/22
f 931/16/22 933/17/22 935/18/22
f 935/16/22 937/17/22 939/18/22
f 939/16/22 941/17/22 935/18/22
f 944/13/937 946/14/937 945/15/937
f 946/13/938 948/14/938 947/15/938
f 948/13/939 950/14/939 949/15/939
f 950/13/23 952/14/23 951/15/23
f 952/13/940 954/14/940 953/15/940
f 948/16/26 946/17/26 950/18/26
f 946/16/26 944/17/26 950/18/26
f 944/16/26 956/17/26 954/18/26
f 954/16/26 952/17/26 944/18/26
f 954/13/941 956/14/941 955/15/941
f 956/13/942 944/14/942 943/15/942
f 955/16/22 943/17/22 945/18/22
f 945/16/22 947/17/22 949/18/22
f 949/16/22 951/17/22 953/18/22
f 953/16/22 955/17/22 949/18/22
f 958/13/943 960/14/943 959/15/943
f 960/13/944 962/14/944 961/15/944
f 962/13/945 964/14/945 963/15/945
f 964/13/21 966/14/21 965/15/21
f 966/13/946 968/14/946 967/15/946
f 962/16/23 960/17/23 958/18/23
f 958/16/23 970/17/23 968/18/23
f 968/16/23 966/17/23 964/18/23
f 964/16/23 962/17/23 958/18/23
f 968/13/947 970/14/947 969/15/947
f 970/13/948 958/14/948 957/15/948
f 969/16/25 957/17/25 959/18/25
f 959/16/25 961/17/25 963/18/25
f 963/16/25 965/17/25 967/18/25
f 967/16/25 969/17/25 963/18/25
f 972/13/943 974/14/943 973/15/943
f 974/13/944 976/14/944 975/15/944
f 976/13/945 978/14/945 977/15/945
f 978/13/21 980/14/21 979/15/21
f 980/13/946 982/14/946 981/15/946
f 976/16/23 974/17/23 972/18/23
f 972/16/23 984/17/23 982/18/23
f 982/16/23 980/17/23 978/18/23
f 978/16/23 976/17/23 972/18/23
f 982/13/947 984/14/947 983/15/947
f 984/13/948 972/14/948 971/15/948
f 983/16/25 971/17/25 973/18/25
f 973/16/25 975/17/25 977/18/25
f 977/16/25 979/17/25 981/18/25
f 981/16/25 983/17/25 977/18/25
f 985/13/937 986/14/937 988/15/937
f 988/13/938 990/14/938 989/15/938
f 990/13/939 992/14/939 991/15/939
f 992/13/23 994/14/23 993/15/23
f 994/13/940 996/14/940 995/15/940
f 990/16/26 988/17/26 992/18/26
f 988/16/26 986/17/26 992/18/26
f 986/16/26 998/17/26 996/18/26
f 996/16/26 994/17/26 986/18/26
f 996/13/941 998/14/941 997/15/941
f 998/13/942 986/14/942 985/15/942
f 997/16/22 985/17/22 987/18/22
f 987/16/22 989/17/22 991/18/22
f 991/16/22 993/17/22 995/18/22
f 995/16/22 997/17/22 991/18/22
f 1000/13/937 1002/14/937 1001/15/937
f 1002/13/938 1004/14/938 1003/15/938
f 1004/13/939 1006/14/939 1005/15/939
f 1006/13/23 1008/14/23 1007/15/23
f 1008/13/940 1010/14/940 1009/15/940
f 1004/16/26 1002/17/26 1006/18/26
f 1002/16/26 1000/17/26 1006/18/26
f 1000/16/26 1012/17/26 1010/18/26
f 1010/16/26 1008/17/26 1000/18/26
f 1010/13/941 1012/14/941 1011/15/941
f 1012/13/942 1000/14/942 999/15/942
f 1011/16/22 999/17/22 1001/18/22
f 1001/16/22 1003/17/22 1005/18/22
f 1005/16/22 1007/17/22 1009/18/22
f 1009/16/22 1011/17/22 1005/18/22
f 1014/13/943 1016/14/943 1015/15/943
f 1016/13/944 1018/14/944 1017/15/944
f 1018/13/945 1020/14/945 1019/15/945
f 1020/13/21 1022/14/21 1021/15/21
f 1022/13/946 1024/14/946 1023/15/946
f 1018/16/23 1016/17/23 1014/18/23
f 1014/16/23 1026/17/23 1024/18/23
f 1024/16/23 1022/17/23 1020/18/23
f 1020/16/23 1018/17/23 1014/18/23
f 1024/13/947 1026/14/947 1025/15/947
f 1026/13/948 1014/14/948 1013/15/948
f 1025/16/25 1013/17/25 1015/18/25
f 1015/16/25 1017/17/25 1019/18/25
f 1019/16/25 1021/17/25 1023/18/25
f 1023/16/25 1025/17/25 1019/18/25
f 1028/13/943 1030/14/943 1029/15/943
f 1030/13/944 1032/14/944 1031/15/944
f 1032/13/945 1034/14/945 1033/15/945
f 1034/13/21 1036/14/21 1035/15/21
f 1036/13/946 1038/14/946 1037/15/946
f 1032/16/23 1030/17/23 1028/18/23
f 1028/16/23 1040/17/23 1038/18/23
f 1038/16/23 1036/17/23 1034/18/23
f 1034/16/23 1032/17/23 1028/18/23
f 1038/13/947 1040/14/947 1039/15/947
f 1040/13/948 1028/14/948 1027/15/948
f 1039/16/25 1027/17/25 1029/18/25
f 1029/16/25 1031/17/25 1033/18/25
f 1033/16/25 1035/17/25 1037/18/25
f 1037/16/25 1039/17/25 1033/18/25
f 1041/13/937 1042/14/937 1044/15/937
f 1044/13/938 1046/14/938 1045/15/938
f 1046/13/939 1048/14/939 1047/15/939
f 1048/13/23 1050/14/23 1049/15/23
f 1050/13/940 1052/14/940 1051/15/940
f 1046/16/26 1044/17/26 1048/18/26
f 1044/16/26 1042/17/26 1048/18/26
f 1042/16/26 1054/17/26 1052/18/26
f 1052/16/26 1050/17/26 1048/18/26
f 1052/13/941 1054/14/941 1053/15/941
f 1054/13/942 1042/14/942 1041/15/942
f 1053/16/22 1041/17/22 1043/18/22
f 1043/16/22 1045/17/22 1047/18/22
f 1047/16/22 1049/17/22 1051/18/22
f 1051/16/22 1053/17/22 1047/18/22
f 1056/13/937 1058/14/937 1057/15/937
f 1058/13/938 1060/14/938 1059/15/938
f 1060/13/939 1062/14/939 1061/15/939
f 1062/13/23 1064/14/23 1063/15/23
f 1064/13/940 1066/14/940 1065/15/940
f 1060/16/26 1058/17/26 1062/18/26
f 1058/16/26 1056/17/26 1062/18/26
f 1056/16/26 1068/17/26 1066/18/26
f 1066/16/26 1064/17/26 1056/18/26
f 1066/13/941 1068/14/941 1067/15/941
f 1068/13/942 1056/14/942 1055/15/942
f 1067/16/22 1055/17/22 1057/18/22
f 1057/16/22 1059/17/22 1061/18/22
f 1061/16/22 1063/17/22 1065/18/22
f 1065/16/22 1067/17/22 1061/18/22
f 1070/13/943 1072/14/943 1071/15/943
f 1072/13/944 1074/14/944 1073/15/944
f 1074/13/945 1076/14/945 1075/15/945
f 1076/13/21 1078/14/21 1077/15/21
f 1078/13/946 1080/14/946 1079/15/946
f 1074/16/23 1072/17/23 1070/18/23
f 1070/16/23 1082/17/23 1080/18/23
f 1080/16/23 1078/17/23 1076/18/23
f 1076/16/23 1074/17/23 1070/18/23
f 1080/13/947 1082/14/947 1081/15/947
f 1082/13/948 1070/14/948 1069/15/948
f 1081/16/25 1069/17/25 1071/18/25
f 1071/16/25 1073/17/25 1075/18/25
f 1075/16/25 1077/17/25 1071/18/25
f 1077/16/25 1079/17/25 1071/18/25
f 1084/13/943 1086/14/943 1085/15/943
f 1086/13/944 1088/14/944 1087/15/944
f 1088/13/945 1090/14/945 1089/15/945
f 1090/13/21 1092/14/21 1091/15/21
f 1092/13/946 1094/14/946 1093/15/946
f 1088/16/23 1086/17/23 1084/18/23
f 1084/16/23 1096/17/23 1094/18/23
f 1094/16/23 1092/17/23 1090/18/23
f 1090/16/23 1088/17/23 1084/18/23
f 1094/13/947 1096/14/947 1095/15/947
f 1096/13/948 1084/14/948 1083/15/948
f 1095/16/25 1083/17/25 1085/18/25
f 1085/16/25 1087/17/25 1089/18/25
f 1089/16/25 1091/17/25 1085/18/25
f 1091/16/25 1093/17/25 1085/18/25
f 1097/13/937 1098/14/937 1100/15/937
f 1100/13/938 1102/14/938 1101/15/938
f 1102/13/939 1104/14/939 1103/15/939
f 1104/13/23 1106/14/23 1105/15/23
f 1106/13/940 1108/14/940 1107/15/940
f 1102/16/26 1100/17/26 1104/18/26
f 1100/16/26 1098/17/26 1104/18/26
f 1098/16/26 1110/17/26 1108/18/26
f 1108/16/26 1106/17/26 1104/18/26
f 1108/13/941 1110/14/941 1109/15/941
f 1109/13/942 1110/14/942 1098/15/942
f 1109/16/22 1097/17/22 1099/18/22
f 1099/16/22 1101/17/22 1103/18/22
f 1103/16/22 1105/17/22 1107/18/22
f 1107/16/22 1109/17/22 1103/18/22
f 1112/13/937 1114/14/937 1113/15/937
f 1114/13/938 1116/14/938 1115/15/938
f 1116/13/939 1118/14/939 1117/15/939
f 1118/13/23 1120/14/23 1119/15/23
f 1120/13/940 1122/14/940 1121/15/940
f 1116/16/26 1114/17/26 1118/18/26
f 1114/16/26 1112/17/26 1118/18/26
f 1112/16/26 1124/17/26 1122/18/26
f 1122/16/26 1120/17/26 1112/18/26
f 1122/13/941 1124/14/941 1123/15/941
f 1124/13/942 1112/14/942 1111/15/942
f 1123/16/22 1111/17/22 1113/18/22
f 1113/16/22 1115/17/22 1117/18/22
f 1117/16/22 1119/17/22 1121/18/22
f 1121/16/22 1123/17/22 1117/18/22
f 1126/13/943 1128/14/943 1127/15/943
f 1128/13/944 1130/14/944 1129/15/944
f 1130/13/945 1132/14/945 1131/15/945
f 1132/13/21 1134/14/21 1133/15/21
f 1134/13/946 1136/14/946 1135/15/946
f 1130/16/23 1128/17/23 1126/18/23
f 1126/16/23 1138/17/23 1136/18/23
f 1136/16/23 1134/17/23 1132/18/23
f 1132/16/23 1130/17/23 1126/18/23
f 1136/13/947 1138/14/947 1137/15/947
f 1138/13/948 1126/14/948 1125/15/948
f 1137/16/25 1125/17/25 1127/18/25
f 1127/16/25 1129/17/25 1135/18/25
f 1129/16/25 1131/17/25 1135/18/25
f 1131/16/25 1133/17/25 1135/18/25
f 1140/13/943 1142/14/943 1141/15/943
f 1142/13/944 1144/14/944 1143/15/944
f 1144/13/945 1146/14/945 1145/15/945
f 1146/13/21 1148/14/21 1147/15/21
f 1148/13/946 1150/14/946 1149/15/946
f 1144/16/23 1142/17/23 1140/18/23
f 1140/16/23 1152/17/23 1150/18/23
f 1150/16/23 1148/17/23 1146/18/23
f 1146/16/23 1144/17/23 1140/18/23
f 1150/13/947 1152/14/947 1151/15/947
f 1152/13/948 1140/14/948 1139/15/948
f 1151/16/25 1139/17/25 1141/18/25
f 1141/16/25 1143/17/25 1149/18/25
f 1143/16/25 1145/17/25 1149/18/25
f 1145/16/25 1147/17/25 1149/18/25
f 1154/13/937 1156/14/937 1155/15/937
f 1156/13/938 1158/14/938 1157/15/938
f 1158/13/939 1160/14/939 1159/15/939
f 1160/13/23 1162/14/23 1161/15/23
f 1162/13/940 1164/14/940 1163/15/940
f 1158/16/26 1156/17/26 1160/18/26
f 1156/16/26 1154/17/26 1160/18/26
f 1154/16/26 1166/17/26 1164/18/26
f 1164/16/26 1162/17/26 1160/18/26
f 1164/13/941 1166/14/941 1165/15/941
f 1166/13/942 1154/14/942 1153/15/942
f 1165/16/22 1153/17/22 1155/18/22
f 1155/16/22 1157/17/22 1159/18/22
f 1159/16/22 1161/17/22 1163/18/22
f 1163/16/22 1165/17/22 1159/18/22
f 1168/13/937 1170/14/937 1169/15/937
f 1170/13/938 1172/14/938 1171/15/938
f 1172/13/939 1174/14/939 1173/15/939
f 1174/13/23 1176/14/23 1175/15/23
f 1176/13/940 1178/14/940 1177/15/940
f 1172/16/26 1170/17/26 1174/18/26
f 1170/16/26 1168/17/26 1174/18/26
f 1168/16/26 1180/17/26 1178/18/26
f 1178/16/26 1176/17/26 1168/18/26
f 1178/13/941 1180/14/941 1179/15/941
f 1180/13/942 1168/14/942 1167/15/942
f 1179/16/22 1167/17/22 1169/18/22
f 1169/16/22 1171/17/22 1173/18/22
f 1173/16/22 1175/17/22 1177/18/22
f 1177/16/22 1179/17/22 1173/18/22
f 1182/13/943 1184/14/943 1183/15/943
f 1184/13/944 1186/14/944 1185/15/944
f 1186/13/945 1188/14/945 1187/15/945
f 1188/13/21 1190/14/21 1189/15/21
f 1190/13/946 1192/14/946 1191/15/946
f 1186/16/23 1184/17/23 1182/18/23
f 1182/16/23 1194/17/23 1192/18/23
f 1192/16/23 1190/17/23 1188/18/23
f 1188/16/23 1186/17/23 1182/18/23
f 1192/13/947 1194/14/947 1193/15/947
f 1194/13/948 1182/14/948 1181/15/948
f 1193/16/25 1181/17/25 1183/18/25
f 1183/16/25 1185/17/25 1187/18/25
f 1187/16/25 1189/17/25 1183/18/25
f 1189/16/25 1191/17/25 1183/18/25
f 1196/13/943 1198/14/943 1197/15/943
f 1198/13/944 1200/14/944 1199/15/944
f 1200/13/945 1202/14/945 1201/15/945
f 1202/13/21 1204/14/21 1203/15/21
f 1204/13/946 1206/14/946 1205/15/946
f 1200/16/23 1198/17/23 1196/18/23
f 1196/16/23 1208/17/23 1206/18/23
f 1206/16/23 1204/17/23 1202/18/23
f 1202/16/23 1200/17/23 1196/18/23
f 1206/13/947 1208/14/947 1207/15/947
f 1208/13/948 1196/14/948 1195/15/948
f 1207/16/25 1195/17/25 1197/18/25
f 1197/16/25 1199/17/25 1201/18/25
f 1201/16/25 1203/17/25 1197/18/25
f 1203/16/25 1205/17/25 1197/18/25
f 1210/13/937 1212/14/937 1211/15/937
f 1212/13/938 1214/14/938 1213/15/938
f 1214/13/939 1216/14/939 1215/15/939
f 1216/13/23 1218/14/23 1217/15/23
f 1218/13/940 1220/14/940 1219/15/940
f 1214/16/26 1212/17/26 1216/18/26
f 1212/16/26 1210/17/26 1216/18/26
f 1210/16/26 1222/17/26 1220/18/26
f 1220/16/26 1218/17/26 1216/18/26
f 1220/13/941 1222/14/941 1221/15/941
f 1222/13/942 1210/14/942 1209/15/942
f 1221/16/22 1209/17/22 1211/18/22
f 1211/16/22 1213/17/22 1215/18/22
f 1215/16/22 1217/17/22 1219/18/22
f 1219/16/22 1221/17/22 1211/18/22
f 1224/13/937 1226/14/937 1225/15/937
f 1226/13/938 1228/14/938 1227/15/938
f 1228/13/939 1230/14/939 1229/15/939
f 1230/13/23 1232/14/23 1231/15/23
f 1232/13/940 1234/14/940 1233/15/940
f 1228/16/26 1226/17/26 1230/18/26
f 1226/16/26 1224/17/26 1230/18/26
f 1224/16/26 1236/17/26 1230/18/26
f 1236/16/26 1234/17/26 1230/18/26
f 1234/13/941 1236/14/941 1235/15/941
f 1236/13/942 1224/14/942 1223/15/942
f 1235/16/22 1223/17/22 1225/18/22
f 1225/16/22 1227/17/22 1229/18/22
f 1229/16/22 1231/17/22 1233/18/22
f 1233/16/22 1235/17/22 1229/18/22
f 1238/13/943 1240/14/943 1239/15/943
f 1240/13/944 1242/14/944 1241/15/944
f 1242/13/945 1244/14/945 1243/15/945
f 1244/13/21 1246/14/21 1245/15/21
f 1246/13/946 1248/14/946 1247/15/946
f 1242/16/23 1240/17/23 1238/18/23
f 1238/16/23 1250/17/23 1248/18/23
f 1248/16/23 1246/17/23 1244/18/23
f 1244/16/23 1242/17/23 1238/18/23
f 1248/13/947 1250/14/947 1249/15/947
f 1250/13/948 1238/14/948 1237/15/948
f 1249/16/25 1237/17/25 1239/18/25
f 1239/16/25 1241/17/25 1247/18/25
f 1241/16/25 1243/17/25 1247/18/25
f 1243/16/25 1245/17/25 1247/18/25
f 1252/13/943 1254/14/943 1253/15/943
f 1254/13/944 1256/14/944 1255/15/944
f 1256/13/945 1258/14/945 1257/15/945
f 1258/13/21 1260/14/21 1259/15/21
f 1260/13/946 1262/14/946 1261/15/946
f 1256/16/23 1254/17/23 1252/18/23
f 1252/16/23 1264/17/23 1262/18/23
f 1262/16/23 1260/17/23 1258/18/23
f 1258/16/23 1256/17/23 1252/18/23
f 1262/13/947 1264/14/947 1263/15/947
f 1264/13/948 1252/14/948 1251/15/948
f 1263/16/25 1251/17/25 1253/18/25
f 1253/16/25 1255/17/25 1261/18/25
f 1255/16/25 1257/17/25 1261/18/25
f 1257/16/25 1259/17/25 1261/18/25
f 1266/13/937 1268/14/937 1267/15/937
f 1267/13/938 1268/14/938 1270/15/938
f 1270/13/939 1272/14/939 1271/15/939
f 1272/13/23 1274/14/23 1273/15/23
f 1274/13/940 1276/14/940 1275/15/940
f 1270/16/26 1268/17/26 1272/18/26
f 1268/16/26 1266/17/26 1272/18/26
f 1266/16/26 1278/17/26 1276/18/26
f 1276/16/26 1274/17/26 1266/18/26
f 1276/13/941 1278/14/941 1277/15/941
f 1278/13/942 1266/14/942 1265/15/942
f 1277/16/22 1265/17/22 1267/18/22
f 1267/16/22 1269/17/22 1271/18/22
f 1271/16/22 1273/17/22 1275/18/22
f 1275/16/22 1277/17/22 1271/18/22
f 1280/13/937 1282/14/937 1281/15/937
f 1282/13/938 1284/14/938 1283/15/938
f 1284/13/939 1286/14/939 1285/15/939
f 1286/13/23 1288/14/23 1287/15/23
f 1288/13/940 1290/14/940 1289/15/940
f 1284/16/26 1282/17/26 1286/18/26
f 1282/16/26 1280/17/26 1286/18/26
f 1280/16/26 1292/17/26 1290/18/26
f 1290/16/26 1288/17/26 1280/18/26
f 1290/13/941 1292/14/941 1291/15/941
f 1292/13/942 1280/14/942 1279/15/942
f 1291/16/22 1279/17/22 1281/18/22
f 1281/16/22 1283/17/22 1285/18/22
f 1285/16/22 1287/17/22 1289/18/22
f 1289/16/22 1291/17/22 1285/18/22
f 1294/13/943 1296/14/943 1295/15/943
f 1296/13/944 1298/14/944 1297/15/944
f 1298/13/945 1300/14/945 1299/15/945
f 1300/13/21 1302/14/21 1301/15/21
f 1302/13/946 1304/14/946 1303/15/946
f 1298/16/23 1296/17/23 1294/18/23
f 1294/16/23 1306/17/23 1304/18/23
f 1304/16/23 1302/17/23 1294/18/23
f 1302/16/23 1300/17/23 1294/18/23
f 1304/13/947 1306/14/947 1305/15/947
f 1306/13/948 1294/14/948 1293/15/948
f 1305/16/25 1293/17/25 1295/18/25
f 1295/16/25 1297/17/25 1303/18/25
f 1297/16/25 1299/17/25 1303/18/25
f 1299/16/25 1301/17/25 1303/18/25
f 1308/13/943 1310/14/943 1309/15/943
f 1310/13/944 1312/14/944 1311/15/944
f 1312/13/945 1314/14/945 1313/15/945
f 1314/13/21 1316/14/21 1315/15/21
f 1316/13/946 1318/14/946 1317/15/946
f 1312/16/23 1310/17/23 1308/18/23
f 1308/16/23 1320/17/23 1318/18/23
f 1318/16/23 1316/17/23 1308/18/23
f 1316/16/23 1314/17/23 1308/18/23
f 1318/13/947 1320/14/947 1319/15/947
f 1320/13/948 1308/14/948 1307/15/948
f 1319/16/25 1307/17/25 1309/18/25
f 1309/16/25 1311/17/25 1317/18/25
f 1311/16/25 1313/17/25 1317/18/25
f 1313/16/25 1315/17/25 1317/18/25
f 1322/13/937 1324/14/937 1323/15/937
f 1324/13/938 1326/14/938 1325/15/938
f 1326/13/939 1328/14/939 1327/15/939
f 1328/13/23 1330/14/23 1329/15/23
f 1330/13/940 1332/14/940 1331/15/940
f 1326/16/26 1324/17/26 1322/18/26
f 1322/16/26 1334/17/26 1332/18/26
f 1332/16/26 1330/17/26 1322/18/26
f 1330/16/26 1328/17/26 1322/18/26
f 1332/13/941 1334/14/941 1333/15/941
f 1334/13/942 1322/14/942 1321/15/942
f 1333/16/22 1321/17/22 1323/18/22
f 1323/16/22 1325/17/22 1327/18/22
f 1327/16/22 1329/17/22 1331/18/22
f 1331/16/22 1333/17/22 1327/18/22
f 1336/13/937 1338/14/937 1337/15/937
f 1338/13/938 1340/14/938 1339/15/938
f 1340/13/939 1342/14/939 1341/15/939
f 1342/13/23 1344/14/23 1343/15/23
f 1344/13/940 1346/14/940 1345/15/940
f 1340/16/26 1338/17/26 1336/18/26
f 1336/16/26 1348/17/26 1346/18/26
f 1346/16/26 1344/17/26 1336/18/26
f 1344/16/26 1342/17/26 1336/18/26
f 1346/13/941 1348/14/941 1347/15/941
f 1348/13/942 1336/14/942 1335/15/942
f 1347/16/22 1335/17/22 1337/18/22
f 1337/16/22 1339/17/22 1341/18/22
f 1341/16/22 1343/17/22 1345/18/22
f 1345/16/22 1347/17/22 1341/18/22
f 1352/19/21 1353/20/21 1350/21/21
f 1353/19/949 1354/20/949 1351/21/949
f 1354/19/950 1352/20/950 1349/21/950
f 1356/22/951 1358/23/951 1357/24/951
f 1357/22/25 1358/23/25 1362/24/25
f 1362/22/952 1360/23/952 1359/24/952
f 1360/22/23 1356/23/23 1355/24/23
f 1361/22/953 1359/23/953 1355/24/953
f 1358/22/950 1356/23/950 1360/24/950
f 1363/25/1803 1366/26/1803 1367/27/1803
f 1364/25/1804 1368/26/1804 1367/27/1804
f 1365/25/1805 1369/26/1805 1367/27/1805
f 1370/25/1806 1373/26/1806 1374/27/1806
f 1371/25/1807 1375/26/1807 1374/27/1807
f 1372/25/1808 1376/26/1808 1374/27/1808
f 1377/25/1809 1380/26/1809 1381/27/1809
f 1378/25/1810 1382/26/1810 1381/27/1810
f 1379/25/1811 1383/26/1811 1381/27/1811
f 1384/25/1812 1387/26/1812 1388/27/1812
f 1385/25/1813 1389/26/1813 1388/27/1813
f 1386/25/1814 1390/26/1814 1388/27/1814
f 1391/25/1815 1394/26/1815 1395/27/1815
f 1392/25/1816 1396/26/1816 1395/27/1816
f 1393/25/1817 1397/26/1817 1395/27/1817
f 1398/25/1818 1401/26/1818 1402/27/1818
f 1399/25/1819 1403/26/1819 1402/27/1819
f 1400/25/1820 1404/26/1820 1402/27/1820
f 1405/25/1821 1408/26/1821 1409/27/1821
f 1406/25/1822 1410/26/1822 1409/27/1822
f 1407/25/1823 1411/26/1823 1409/27/1823
f 1412/25/1824 1415/26/1824 1416/27/1824
f 1413/25/1825 1417/26/1825 1416/27/1825
f 1414/25/1826 1418/26/1826 1416/27/1826
f 1363/25/978 1369/26/978 1380/27/978
f 1369/25/979 1365/26/979 1378/27/979
f 1364/25/980 1370/26/980 1376/27/980
f 1368/25/981 1376/26/981 1372/27/981
f 1384/25/982 1390/26/982 1375/27/982
f 1390/25/983 1386/26/983 1372/27/983
f 1379/25/984 1382/26/984 1389/27/984
f 1389/25/985 1382/26/985 1378/27/985
f 1377/25/986 1383/26/986 1408/27/986
f 1383/25/987 1379/26/987 1406/27/987
f 1384/25/988 1412/26/988 1418/27/988
f 1418/25/989 1414/26/989 1385/27/989
f 1413/25/990 1407/26/990 1410/27/990
f 1410/25/991 1406/26/991 1414/27/991
f 1405/25/992 1411/26/992 1394/27/992
f 1411/25/993 1407/26/993 1392/27/993
f 1398/25/994 1404/26/994 1415/27/994
f 1404/25/995 1400/26/995 1413/27/995
f 1393/25/996 1396/26/996 1403/27/996
f 1396/25/997 1392/26/997 1400/27/997
f 1363/25/998 1391/26/998 1397/27/998
f 1397/25/999 1393/26/999 1364/27/999
f 1371/25/1000 1373/26/1000 1401/27/1000
f 1373/25/1001 1370/26/1001 1399/27/1001
f 1405/25/953 1391/26/953 1363/27/953
f 1372/25/951 1386/26/951 1378/27/951
f 1399/25/23 1370/26/23 1364/27/23
f 1384/25/950 1371/26/950 1398/27/950
f 1379/25/25 1385/26/25 1414/27/25
f 1413/25/952 1400/26/952 1392/27/952
f 1420/16/951 1422/17/951 1421/18/951
f 1422/16/25 1426/17/25 1425/18/25
f 1426/16/952 1424/17/952 1423/18/952
f 1423/16/23 1424/17/23 1420/18/23
f 1425/16/953 1423/17/953 1419/18/953
f 1422/16/950 1420/17/950 1424/18/950
f 1428/16/951 1430/17/951 1429/18/951
f 1430/16/25 1434/17/25 1433/18/25
f 1434/16/952 1432/17/952 1431/18/952
f 1431/16/23 1432/17/23 1428/18/23
f 1433/16/953 1431/17/953 1427/18/953
f 1430/16/950 1428/17/950 1432/18/950
f 1436/22/1002 1438/23/1002 1437/24/1002
f 1437/22/25 1438/23/25 1442/24/25
f 1442/22/1003 1440/23/1003 1439/24/1003
f 1439/22/23 1440/23/23 1436/24/23
f 1441/22/1004 1439/23/1004 1435/24/1004
f 1438/22/949 1436/23/949 1440/24/949
f 1443/25/1827 1446/26/1827 1447/27/1827
f 1444/25/1828 1448/26/1828 1447/27/1828
f 1445/25/1829 1449/26/1829 1447/27/1829
f 1450/25/1830 1453/26/1830 1454/27/1830
f 1451/25/1831 1455/26/1831 1454/27/1831
f 1452/25/1832 1456/26/1832 1454/27/1832
f 1457/25/1833 1460/26/1833 1461/27/1833
f 1458/25/1834 1462/26/1834 1461/27/1834
f 1459/25/1835 1463/26/1835 1461/27/1835
f 1464/25/1836 1467/26/1836 1468/27/1836
f 1465/25/1837 1469/26/1837 1468/27/1837
f 1466/25/1838 1470/26/1838 1468/27/1838
f 1471/25/1839 1474/26/1839 1475/27/1839
f 1472/25/1840 1476/26/1840 1475/27/1840
f 1473/25/1841 1477/26/1841 1475/27/1841
f 1478/25/1842 1481/26/1842 1482/27/1842
f 1479/25/1843 1483/26/1843 1482/27/1843
f 1480/25/1844 1484/26/1844 1482/27/1844
f 1485/25/1845 1488/26/1845 1489/27/1845
f 1486/25/1846 1490/26/1846 1489/27/1846
f 1487/25/1847 1491/26/1847 1489/27/1847
f 1492/25/1848 1495/26/1848 1496/27/1848
f 1493/25/1849 1497/26/1849 1496/27/1849
f 1494/25/1850 1498/26/1850 1496/27/1850
f 1443/25/1029 1449/26/1029 1460/27/1029
f 1449/25/1030 1445/26/1030 1458/27/1030
f 1444/25/1031 1450/26/1031 1456/27/1031
f 1448/25/1032 1456/26/1032 1452/27/1032
f 1464/25/1033 1470/26/1033 1455/27/1033
f 1470/25/1034 1466/26/1034 1452/27/1034
f 1465/25/1035 1459/26/1035 1462/27/1035
f 1462/25/1036 1458/26/1036 1466/27/1036
f 1457/25/1037 1463/26/1037 1488/27/1037
f 1463/25/1038 1459/26/1038 1486/27/1038
f 1492/25/1039 1498/26/1039 1467/27/1039
f 1498/25/1040 1494/26/1040 1465/27/1040
f 1493/25/1041 1487/26/1041 1490/27/1041
f 1490/25/1042 1486/26/1042 1494/27/1042
f 1485/25/1043 1491/26/1043 1474/27/1043
f 1491/25/1044 1487/26/1044 1472/27/1044
f 1478/25/1045 1484/26/1045 1495/27/1045
f 1484/25/1046 1480/26/1046 1493/27/1046
f 1479/25/1047 1473/26/1047 1476/27/1047
f 1476/25/1048 1472/26/1048 1480/27/1048
f 1471/25/1049 1477/26/1049 1446/27/1049
f 1446/25/1050 1477/26/1050 1473/27/1050
f 1478/25/1051 1451/26/1051 1453/27/1051
f 1453/25/1052 1450/26/1052 1479/27/1052
f 1485/25/1004 1471/26/1004 1443/27/1004
f 1452/25/1002 1466/26/1002 1458/27/1002
f 1473/25/23 1479/26/23 1450/27/23
f 1464/25/949 1451/26/949 1478/27/949
f 1465/25/25 1494/26/25 1486/27/25
f 1493/25/1003 1480/26/1003 1472/27/1003
f 1500/16/1002 1502/17/1002 1501/18/1002
f 1501/16/25 1502/17/25 1506/18/25
f 1506/16/1003 1504/17/1003 1503/18/1003
f 1504/16/23 1500/17/23 1499/18/23
f 1505/16/1004 1503/17/1004 1499/18/1004
f 1502/16/949 1500/17/949 1504/18/949
f 1508/16/1002 1510/17/1002 1509/18/1002
f 1509/16/25 1510/17/25 1514/18/25
f 1514/16/1003 1512/17/1003 1511/18/1003
f 1512/16/23 1508/17/23 1507/18/23
f 1513/16/1004 1511/17/1004 1507/18/1004
f 1510/16/949 1508/17/949 1512/18/949
f 1516/25/11 1518/26/11 1517/27/11
f 1517/25/25 1518/26/25 1522/27/25
f 1522/25/16 1520/26/16 1519/27/16
f 1520/25/23 1516/26/23 1515/27/23
f 1521/25/9 1519/26/9 1515/27/9
f 1518/25/17 1516/26/17 1520/27/17
f 1524/16/22 1526/17/22 1525/18/22
f 1526/16/25 1530/17/25 1529/18/25
f 1530/16/26 1528/17/26 1527/18/26
f 1528/16/23 1524/17/23 1523/18/23
f 1529/16/21 1527/17/21 1523/18/21
f 1526/16/24 1524/17/24 1528/18/24
f 1532/16/22 1534/17/22 1533/18/22
f 1534/16/25 1538/17/25 1537/18/25
f 1538/16/26 1536/17/26 1535/18/26
f 1536/16/23 1532/17/23 1531/18/23
f 1537/16/21 1535/17/21 1531/18/21
f 1534/16/24 1532/17/24 1536/18/24
f 1540/16/22 1542/17/22 1541/18/22
f 1542/16/25 1546/17/25 1545/18/25
f 1546/16/26 1544/17/26 1543/18/26
f 1544/16/23 1540/17/23 1539/18/23
f 1545/16/21 1543/17/21 1539/18/21
f 1542/16/24 1540/17/24 1544/18/24
f 1548/16/22 1550/17/22 1549/18/22
f 1550/16/25 1554/17/25 1553/18/25
f 1554/16/26 1552/17/26 1551/18/26
f 1552/16/23 1548/17/23 1547/18/23
f 1553/16/21 1551/17/21 1547/18/21
f 1550/16/24 1548/17/24 1552/18/24
f 1556/7/22 1558/8/22 1557/9/22
f 1558/7/25 1562/8/25 1561/9/25
f 1562/7/26 1560/8/26 1559/9/26
f 1560/7/23 1556/8/23 1555/9/23
f 1561/7/21 1559/8/21 1555/9/21
f 1558/7/24 1556/8/24 1560/9/24
f 1564/10/22 1566/11/22 1565/12/22
f 1566/10/25 1570/11/25 1569/12/25
f 1570/10/26 1568/11/26 1567/12/26
f 1568/10/23 1564/11/23 1563/12/23
f 1569/10/21 1567/11/21 1563/12/21
f 1566/10/24 1564/11/24 1568/12/24
f 1572/10/22 1574/11/22 1573/12/22
f 1574/10/25 1578/11/25 1577/12/25
f 1578/10/26 1576/11/26 1575/12/26
f 1576/10/23 1572/11/23 1571/12/23
f 1577/10/21 1575/11/21 1571/12/21
f 1574/10/24 1572/11/24 1576/12/24
f 1580/1/22 1582/2/22 1581/3/22
f 1582/1/25 1586/2/25 1585/3/25
f 1586/1/26 1584/2/26 1583/3/26
f 1584/1/23 1580/2/23 1579/3/23
f 1585/1/21 1583/2/21 1579/3/21
f 1582/1/24 1580/2/24 1584/3/24
f 1588/1/22 1590/2/22 1589/3/22
f 1590/1/25 1594/2/25 1593/3/25
f 1594/1/26 1592/2/26 1591/3/26
f 1592/1/23 1588/2/23 1587/3/23
f 1593/1/21 1591/2/21 1587/3/21
f 1590/1/24 1588/2/24 1592/3/24
f 1596/10/22 1598/11/22 1597/12/22
f 1598/10/25 1602/11/25 1601/12/25
f 1602/10/26 1600/11/26 1599/12/26
f 1600/10/23 1596/11/23 1595/12/23
f 1601/10/21 1599/11/21 1595/12/21
f 1598/10/24 1596/11/24 1600/12/24
f 1604/4/22 1606/5/22 1605/6/22
f 1606/4/25 1610/5/25 1609/6/25
f 1610/4/26 1608/5/26 1607/6/26
f 1608/4/23 1604/5/23 1603/6/23
f 1609/4/21 1607/5/21 1603/6/21
f 1606/4/24 1604/5/24 1608/6/24
f 1612/1/22 1614/2/22 1613/3/22
f 1614/1/25 1618/2/25 1617/3/25
f 1618/1/26 1616/2/26 1615/3/26
f 1616/1/23 1612/2/23 1611/3/23
f 1617/1/21 1615/2/21 1611/3/21
f 1614/1/24 1612/2/24 1616/3/24
f 1620/10/22 1622/11/22 1621/12/22
f 1622/10/25 1626/11/25 1625/12/25
f 1626/10/26 1624/11/26 1623/12/26
f 1624/10/23 1620/11/23 1619/12/23
f 1625/10/21 1623/11/21 1619/12/21
f 1622/10/24 1620/11/24 1624/12/24
f 1628/10/22 1630/11/22 1629/12/22
f 1630/10/25 1634/11/25 1633/12/25
f 1634/10/26 1632/11/26 1631/12/26
f 1632/10/23 1628/11/23 1627/12/23
f 1633/10/21 1631/11/21 1627/12/21
f 1630/10/24 1628/11/24 1632/12/24
f 1636/10/22 1638/11/22 1637/12/22
f 1638/10/25 1642/11/25 1641/12/25
f 1642/10/26 1640/11/26 1639/12/26
f 1640/10/23 1636/11/23 1635/12/23
f 1641/10/21 1639/11/21 1635/12/21
f 1638/10/24 1636/11/24 1640/12/24
f 1644/4/22 1646/5/22 1645/6/22
f 1646/4/25 1650/5/25 1649/6/25
f 1650/4/26 1648/5/26 1647/6/26
f 1648/4/23 1644/5/23 1643/6/23
f 1649/4/21 1647/5/21 1643/6/21
f 1646/4/24 1644/5/24 1648/6/24
f 1652/10/22 1654/11/22 1653/12/22
f 1654/10/25 1658/11/25 1657/12/25
f 1658/10/26 1656/11/26 1655/12/26
f 1656/10/23 1652/11/23 1651/12/23
f 1657/10/21 1655/11/21 1651/12/21
f 1654/10/24 1652/11/24 1656/12/24
f 1660/1/22 1662/2/22 1661/3/22
f 1662/1/25 1666/2/25 1665/3/25
f 1666/1/26 1664/2/26 1663/3/26
f 1664/1/23 1660/2/23 1659/3/23
f 1665/1/21 1663/2/21 1659/3/21
f 1662/1/24 1660/2/24 1664/3/24
f 1668/1/22 1670/2/22 1669/3/22
f 1670/1/25 1674/2/25 1673/3/25
f 1674/1/26 1672/2/26 1671/3/26
f 1672/1/23 1668/2/23 1667/3/23
f 1673/1/21 1671/2/21 1667/3/21
f 1670/1/24 1668/2/24 1672/3/24
f 1676/4/22 1678/5/22 1677/6/22
f 1678/4/25 1682/5/25 1681/6/25
f 1682/4/26 1680/5/26 1679/6/26
f 1680/4/23 1676/5/23 1675/6/23
f 1681/4/21 1679/5/21 1675/6/21
f 1678/4/24 1676/5/24 1680/6/24
f 1683/28/9 1685/29/9 1690/30/9
f 1686/28/10 1688/29/10 1685/30/10
f 1692/28/11 1694/29/11 1688/30/11
f 1691/28/12 1690/29/12 1694/30/12
f 1689/28/13 1691/29/13 1702/30/13
f 1704/28/14 1706/29/14 1693/30/14
f 1703/28/15 1702/29/15 1706/30/15
f 1701/28/16 1703/29/16 1696/30/16
f 1698/28/17 1700/29/17 1705/30/17
f 1697/28/18 1696/29/18 1700/30/18
f 1695/28/19 1697/29/19 1684/30/19
f 1687/28/20 1686/29/20 1699/30/20
f 1701/28/21 1695/29/21 1683/30/21
f 1688/28/22 1694/29/22 1690/30/22
f 1699/28/23 1686/29/23 1684/30/23
f 1692/28/24 1687/29/24 1698/30/24
f 1693/28/25 1706/29/25 1702/30/25
f 1705/28/26 1700/29/26 1696/30/26
f 1707/25/9 1709/26/9 1714/27/9
f 1710/25/10 1712/26/10 1709/27/10
f 1716/25/11 1718/26/11 1712/27/11
f 1715/25/12 1714/26/12 1718/27/12
f 1713/25/13 1715/26/13 1726/27/13
f 1728/25/14 1730/26/14 1717/27/14
f 1727/25/15 1726/26/15 1730/27/15
f 1725/25/16 1727/26/16 1720/27/16
f 1722/25/17 1724/26/17 1729/27/17
f 1721/25/18 1720/26/18 1724/27/18
f 1719/25/19 1721/26/19 1708/27/19
f 1711/25/20 1710/26/20 1723/27/20
f 1725/25/21 1719/26/21 1707/27/21
f 1712/25/22 1718/26/22 1714/27/22
f 1723/25/23 1710/26/23 1708/27/23
f 1716/25/24 1711/26/24 1722/27/24
f 1717/25/25 1730/26/25 1726/27/25
f 1729/25/26 1724/26/26 1720/27/26
f 1732/31/22 1734/32/22 1733/33/22
f 1734/31/25 1738/32/25 1737/33/25
f 1738/31/26 1736/32/26 1735/33/26
f 1736/31/23 1732/32/23 1731/33/23
f 1737/31/21 1735/32/21 1731/33/21
f 1734/31/24 1732/32/24 1736/33/24
f 1739/13/9 1741/14/9 1746/15/9
f 1742/13/10 1744/14/10 1741/15/10
f 1748/13/11 1750/14/11 1744/15/11
f 1747/13/12 1746/14/12 1750/15/12
f 1745/13/13 1747/14/13 1758/15/13
f 1760/13/14 1762/14/14 1749/15/14
f 1759/13/15 1758/14/15 1762/15/15
f 1757/13/16 1759/14/16 1752/15/16
f 1754/13/17 1756/14/17 1761/15/17
f 1753/13/18 1752/14/18 1756/15/18
f 1751/13/19 1753/14/19 1740/15/19
f 1743/13/20 1742/14/20 1755/15/20
f 1757/13/21 1751/14/21 1739/15/21
f 1744/13/22 1750/14/22 1746/15/22
f 1755/13/23 1742/14/23 1740/15/23
f 1748/13/24 1743/14/24 1754/15/24
f 1749/13/25 1762/14/25 1758/15/25
f 1761/13/26 1756/14/26 1752/15/26
f 1764/16/22 1766/17/22 1765/18/22
f 1766/16/25 1770/17/25 1769/18/25
f 1770/16/26 1768/17/26 1767/18/26
f 1768/16/23 1764/17/23 1763/18/23
f 1769/16/21 1767/17/21 1763/18/21
f 1766/16/24 1764/17/24 1768/18/24
f 1772/16/22 1774/17/22 1773/18/22
f 1774/16/25 1778/17/25 1777/18/25
f 1778/16/26 1776/17/26 1775/18/26
f 1776/16/23 1772/17/23 1771/18/23
f 1777/16/21 1775/17/21 1771/18/21
f 1774/16/24 1772/17/24 1776/18/24
f 1780/16/22 1782/17/22 1781/18/22
f 1782/16/25 1786/17/25 1785/18/25
f 1786/16/26 1784/17/26 1783/18/26
f 1784/16/23 1780/17/23 1779/18/23
f 1785/16/21 1783/17/21 1779/18/21
f 1782/16/24 1780/17/24 1784/18/24
f 1788/16/22 1790/17/22 1789/18/22
f 1790/16/25 1794/17/25 1793/18/25
f 1794/16/26 1792/17/26 1791/18/26
f 1792/16/23 1788/17/23 1787/18/23
f 1793/16/21 1791/17/21 1787/18/21
f 1790/16/24 1788/17/24 1792/18/24
f 1796/16/22 1798/17/22 1797/18/22
f 1798/16/25 1802/17/25 1801/18/25
f 1802/16/26 1800/17/26 1799/18/26
f 1800/16/23 1796/17/23 1795/18/23
f 1801/16/21 1799/17/21 1795/18/21
f 1798/16/24 1796/17/24 1800/18/24
f 1803/16/9 1805/17/9 1810/18/9
f 1806/16/10 1808/17/10 1805/18/10
f 1812/16/11 1814/17/11 1808/18/11
f 1811/16/12 1810/17/12 1814/18/12
f 1809/16/13 1811/17/13 1822/18/13
f 1824/16/14 1826/17/14 1813/18/14
f 1823/16/15 1822/17/15 1826/18/15
f 1821/16/16 1823/17/16 1816/18/16
f 1818/16/17 1820/17/17 1825/18/17
f 1817/16/18 1816/17/18 1820/18/18
f 1815/16/19 1817/17/19 1804/18/19
f 1807/16/20 1806/17/20 1819/18/20
f 1821/16/21 1815/17/21 1803/18/21
f 1808/16/22 1814/17/22 1810/18/22
f 1819/16/23 1806/17/23 1804/18/23
f 1812/16/24 1807/17/24 1818/18/24
f 1813/16/25 1826/17/25 1822/18/25
f 1825/16/26 1820/17/26 1816/18/26
f 1828/16/22 1830/17/22 1829/18/22
f 1830/16/25 1834/17/25 1833/18/25
f 1834/16/26 1832/17/26 1831/18/26
f 1832/16/23 1828/17/23 1827/18/23
f 1833/16/21 1831/17/21 1827/18/21
f 1830/16/24 1828/17/24 1832/18/24
f 1836/16/22 1838/17/22 1837/18/22
f 1838/16/25 1842/17/25 1841/18/25
f 1842/16/26 1840/17/26 1839/18/26
f 1840/16/23 1836/17/23 1835/18/23
f 1841/16/21 1839/17/21 1835/18/21
f 1838/16/24 1836/17/24 1840/18/24
f 1855/16/9 1857/17/9 1862/18/9
f 1858/16/10 1860/17/10 1857/18/10
f 1864/16/11 1866/17/11 1860/18/11
f 1863/16/12 1862/17/12 1866/18/12
f 1861/16/13 1863/17/13 1874/18/13
f 1876/16/14 1878/17/14 1865/18/14
f 1875/16/15 1874/17/15 1878/18/15
f 1873/16/16 1875/17/16 1868/18/16
f 1870/16/17 1872/17/17 1877/18/17
f 1869/16/18 1868/17/18 1872/18/18
f 1867/16/19 1869/17/19 1856/18/19
f 1859/16/20 1858/17/20 1871/18/20
f 1873/16/21 1867/17/21 1855/18/21
f 1860/16/22 1866/17/22 1862/18/22
f 1871/16/23 1858/17/23 1856/18/23
f 1864/16/24 1859/17/24 1870/18/24
f 1865/16/25 1878/17/25 1874/18/25
f 1877/16/26 1872/17/26 1868/18/26
f 1879/16/9 1881/17/9 1886/18/9
f 1882/16/10 1884/17/10 1881/18/10
f 1888/16/11 1890/17/11 1884/18/11
f 1887/16/12 1886/17/12 1890/18/12
f 1885/16/13 1887/17/13 1898/18/13
f 1900/16/14 1902/17/14 1889/18/14
f 1899/16/15 1898/17/15 1902/18/15
f 1897/16/16 1899/17/16 1892/18/16
f 1894/16/17 1896/17/17 1901/18/17
f 1893/16/18 1892/17/18 1896/18/18
f 1891/16/19 1893/17/19 1880/18/19
f 1883/16/20 1882/17/20 1895/18/20
f 1897/16/21 1891/17/21 1879/18/21
f 1884/16/22 1890/17/22 1886/18/22
f 1895/16/23 1882/17/23 1880/18/23
f 1888/16/24 1883/17/24 1894/18/24
f 1889/16/25 1902/17/25 1898/18/25
f 1901/16/26 1896/17/26 1892/18/26
f 1904/16/22 1906/17/22 1905/18/22
f 1906/16/25 1910/17/25 1909/18/25
f 1910/16/26 1908/17/26 1907/18/26
f 1908/16/23 1904/17/23 1903/18/23
f 1909/16/21 1907/17/21 1903/18/21
f 1906/16/24 1904/17/24 1908/18/24
f 1912/16/22 1914/17/22 1913/18/22
f 1914/16/25 1918/17/25 1917/18/25
f 1918/16/26 1916/17/26 1915/18/26
f 1916/16/23 1912/17/23 1911/18/23
f 1917/16/21 1915/17/21 1911/18/21
f 1914/16/24 1912/17/24 1916/18/24
f 1920/16/22 1922/17/22 1921/18/22
f 1922/16/25 1926/17/25 1925/18/25
f 1926/16/26 1924/17/26 1923/18/26
f 1924/16/23 1920/17/23 1919/18/23
f 1925/16/21 1923/17/21 1919/18/21
f 1922/16/24 1920/17/24 1924/18/24
f 1928/16/22 1930/17/22 1929/18/22
f 1930/16/25 1934/17/25 1933/18/25
f 1934/16/26 1932/17/26 1931/18/26
f 1932/16/23 1928/17/23 1927/18/23
f 1933/16/21 1931/17/21 1927/18/21
f 1930/16/24 1928/17/24 1932/18/24
f 1935/37/9 1937/38/9 1942/39/9
f 1938/37/10 1940/38/10 1937/39/10
f 1944/37/11 1946/38/11 1940/39/11
f 1943/37/12 1942/38/12 1946/39/12
f 1941/37/13 1943/38/13 1954/39/13
f 1956/37/14 1958/38/14 1945/39/14
f 1955/37/15 1954/38/15 1958/39/15
f 1953/37/16 1955/38/16 1948/39/16
f 1950/37/17 1952/38/17 1957/39/17
f 1949/37/18 1948/38/18 1952/39/18
f 1947/37/19 1949/38/19 1936/39/19
f 1939/37/20 1938/38/20 1951/39/20
f 1953/37/21 1947/38/21 1935/39/21
f 1940/37/22 1946/38/22 1942/39/22
f 1951/37/23 1938/38/23 1936/39/23
f 1944/37/24 1939/38/24 1950/39/24
f 1945/37/25 1958/38/25 1954/39/25
f 1957/37/26 1952/38/26 1948/39/26
f 1960/16/22 1962/17/22 1961/18/22
f 1962/16/25 1966/17/25 1965/18/25
f 1966/16/26 1964/17/26 1963/18/26
f 1964/16/23 1960/17/23 1959/18/23
f 1965/16/21 1963/17/21 1959/18/21
f 1962/16/24 1960/17/24 1964/18/24
f 1968/16/22 1970/17/22 1969/18/22
f 1970/16/25 1974/17/25 1973/18/25
f 1974/16/26 1972/17/26 1971/18/26
f 1972/16/23 1968/17/23 1967/18/23
f 1973/16/21 1971/17/21 1967/18/21
f 1970/16/24 1968/17/24 1972/18/24
f 1975/37/9 1977/38/9 1982/39/9
f 1978/37/10 1980/38/10 1977/39/10
f 1984/37/11 1986/38/11 1980/39/11
f 1983/37/12 1982/38/12 1986/39/12
f 1981/37/13 1983/38/13 1994/39/13
f 1996/37/14 1998/38/14 1985/39/14
f 1995/37/15 1994/38/15 1998/39/15
f 1993/37/16 1995/38/16 1988/39/16
f 1990/37/17 1992/38/17 1997/39/17
f 1989/37/18 1988/38/18 1992/39/18
f 1987/37/19 1989/38/19 1976/39/19
f 1979/37/20 1978/38/20 1991/39/20
f 1993/37/21 1987/38/21 1975/39/21
f 1980/37/22 1986/38/22 1982/39/22
f 1991/37/23 1978/38/23 1976/39/23
f 1984/37/24 1979/38/24 1990/39/24
f 1985/37/25 1998/38/25 1994/39/25
f 1997/37/26 1992/38/26 1988/39/26
f 2000/16/22 2002/17/22 2001/18/22
f 2002/16/25 2006/17/25 2005/18/25
f 2006/16/26 2004/17/26 2003/18/26
f 2004/16/23 2000/17/23 1999/18/23
f 2005/16/21 2003/17/21 1999/18/21
f 2002/16/24 2000/17/24 2004/18/24
f 2008/16/22 2010/17/22 2009/18/22
f 2010/16/25 2014/17/25 2013/18/25
f 2014/16/26 2012/17/26 2011/18/26
f 2012/16/23 2008/17/23 2007/18/23
f 2013/16/21 2011/17/21 2007/18/21
f 2010/16/24 2008/17/24 2012/18/24
f 2015/25/9 2017/26/9 2022/27/9
f 2018/25/10 2020/26/10 2017/27/10
f 2024/25/11 2026/26/11 2020/27/11
f 2023/25/12 2022/26/12 2026/27/12
f 2021/25/13 2023/26/13 2034/27/13
f 2036/25/14 2038/26/14 2025/27/14
f 2035/25/15 2034/26/15 2038/27/15
f 2033/25/16 2035/26/16 2028/27/16
f 2030/25/17 2032/26/17 2037/27/17
f 2029/25/18 2028/26/18 2032/27/18
f 2027/25/19 2029/26/19 2016/27/19
f 2019/25/20 2018/26/20 2031/27/20
f 2033/25/21 2027/26/21 2015/27/21
f 2020/25/22 2026/26/22 2022/27/22
f 2031/25/23 2018/26/23 2016/27/23
f 2024/25/24 2019/26/24 2030/27/24
f 2025/25/25 2038/26/25 2034/27/25
f 2037/25/26 2032/26/26 2028/27/26
f 2039/25/9 2041/26/9 2046/27/9
f 2042/25/10 2044/26/10 2041/27/10
f 2048/25/11 2050/26/11 2044/27/11
f 2047/25/12 2046/26/12 2050/27/12
f 2045/25/13 2047/26/13 2058/27/13
f 2060/25/14 2062/26/14 2049/27/14
f 2059/25/15 2058/26/15 2062/27/15
f 2057/25/16 2059/26/16 2052/27/16
f 2054/25/17 2056/26/17 2061/27/17
f 2053/25/18 2052/26/18 2056/27/18
f 2051/25/19 2053/26/19 2040/27/19
f 2043/25/20 2042/26/20 2055/27/20
f 2057/25/21 2051/26/21 2039/27/21
f 2044/25/22 2050/26/22 2046/27/22
f 2055/25/23 2042/26/23 2040/27/23
f 2048/25/24 2043/26/24 2054/27/24
f 2049/25/25 2062/26/25 2058/27/25
f 2061/25/26 2056/26/26 2052/27/26
f 2063/16/9 2065/17/9 2070/18/9
f 2066/16/10 2068/17/10 2065/18/10
f 2072/16/11 2074/17/11 2068/18/11
f 2071/16/12 2070/17/12 2074/18/12
f 2069/16/13 2071/17/13 2082/18/13
f 2084/16/14 2086/17/14 2073/18/14
f 2083/16/15 2082/17/15 2086/18/15
f 2081/16/16 2083/17/16 2076/18/16
f 2078/16/17 2080/17/17 2085/18/17
f 2077/16/18 2076/17/18 2080/18/18
f 2075/16/19 2077/17/19 2064/18/19
f 2067/16/20 2066/17/20 2079/18/20
f 2081/16/21 2075/17/21 2063/18/21
f 2068/16/22 2074/17/22 2070/18/22
f 2079/16/23 2066/17/23 2064/18/23
f 2072/16/24 2067/17/24 2078/18/24
f 2073/16/25 2086/17/25 2082/18/25
f 2085/16/26 2080/17/26 2076/18/26
f 2087/16/9 2089/17/9 2094/18/9
f 2090/16/10 2092/17/10 2089/18/10
f 2096/16/11 2098/17/11 2092/18/11
f 2095/16/12 2094/17/12 2098/18/12
f 2093/16/13 2095/17/13 2106/18/13
f 2108/16/14 2110/17/14 2097/18/14
f 2107/16/15 2106/17/15 2110/18/15
f 2105/16/16 2107/17/16 2100/18/16
f 2102/16/17 2104/17/17 2109/18/17
f 2101/16/18 2100/17/18 2104/18/18
f 2099/16/19 2101/17/19 2088/18/19
f 2091/16/20 2090/17/20 2103/18/20
f 2105/16/21 2099/17/21 2087/18/21
f 2092/16/22 2098/17/22 2094/18/22
f 2103/16/23 2090/17/23 2088/18/23
f 2096/16/24 2091/17/24 2102/18/24
f 2097/16/25 2110/17/25 2106/18/25
f 2109/16/26 2104/17/26 2100/18/26
f 2112/16/22 2114/17/22 2113/18/22
f 2114/16/25 2118/17/25 2117/18/25
f 2118/16/26 2116/17/26 2115/18/26
f 2116/16/23 2112/17/23 2111/18/23
f 2117/16/21 2115/17/21 2111/18/21
f 2114/16/24 2112/17/24 2116/18/24
f 2120/16/22 2122/17/22 2121/18/22
f 2122/16/25 2126/17/25 2125/18/25
f 2126/16/26 2124/17/26 2123/18/26
f 2124/16/23 2120/17/23 2119/18/23
f 2125/16/21 2123/17/21 2119/18/21
f 2122/16/24 2120/17/24 2124/18/24
f 2128/16/22 2130/17/22 2129/18/22
f 2130/16/25 2134/17/25 2133/18/25
f 2134/16/26 2132/17/26 2131/18/26
f 2132/16/23 2128/17/23 2127/18/23
f 2133/16/21 2131/17/21 2127/18/21
f 2130/16/24 2128/17/24 2132/18/24
f 2136/16/22 2138/17/22 2137/18/22
f 2138/16/25 2142/17/25 2141/18/25
f 2142/16/26 2140/17/26 2139/18/26
f 2140/16/23 2136/17/23 2135/18/23
f 2141/16/21 2139/17/21 2135/18/21
f 2138/16/24 2136/17/24 2140/18/24
f 2143/37/9 2145/38/9 2150/39/9
f 2146/37/10 2148/38/10 2145/39/10
f 2152/37/11 2154/38/11 2148/39/11
f 2151/37/12 2150/38/12 2154/39/12
f 2149/37/13 2151/38/13 2162/39/13
f 2164/37/14 2166/38/14 2153/39/14
f 2163/37/15 2162/38/15 2166/39/15
f 2161/37/16 2163/38/16 2156/39/16
f 2158/37/17 2160/38/17 2165/39/17
f 2157/37/18 2156/38/18 2160/39/18
f 2155/37/19 2157/38/19 2144/39/19
f 2147/37/20 2146/38/20 2159/39/20
f 2161/37/21 2155/38/21 2143/39/21
f 2148/37/22 2154/38/22 2150/39/22
f 2159/37/23 2146/38/23 2144/39/23
f 2152/37/24 2147/38/24 2158/39/24
f 2153/37/25 2166/38/25 2162/39/25
f 2165/37/26 2160/38/26 2156/39/26
f 2168/16/22 2170/17/22 2169/18/22
f 2170/16/25 2174/17/25 2173/18/25
f 2174/16/26 2172/17/26 2171/18/26
f 2172/16/23 2168/17/23 2167/18/23
f 2173/16/21 2171/17/21 2167/18/21
f 2170/16/24 2168/17/24 2172/18/24
f 2176/16/22 2178/17/22 2177/18/22
f 2178/16/25 2182/17/25 2181/18/25
f 2182/16/26 2180/17/26 2179/18/26
f 2180/16/23 2176/17/23 2175/18/23
f 2181/16/21 2179/17/21 2175/18/21
f 2178/16/24 2176/17/24 2180/18/24
f 2183/37/9 2185/38/9 2190/39/9
f 2186/37/10 2188/38/10 2185/39/10
f 2192/37/11 2194/38/11 2188/39/11
f 2191/37/12 2190/38/12 2194/39/12
f 2189/37/13 2191/38/13 2202/39/13
f 2204/37/14 2206/38/14 2193/39/14
f 2203/37/15 2202/38/15 2206/39/15
f 2201/37/16 2203/38/16 2196/39/16
f 2198/37/17 2200/38/17 2205/39/17
f 2197/37/18 2196/38/18 2200/39/18
f 2195/37/19 2197/38/19 2184/39/19
f 2187/37/20 2186/38/20 2199/39/20
f 2201/37/21 2195/38/21 2183/39/21
f 2188/37/22 2194/38/22 2190/39/22
f 2199/37/23 2186/38/23 2184/39/23
f 2192/37/24 2187/38/24 2198/39/24
f 2193/37/25 2206/38/25 2202/39/25
f 2205/37/26 2200/38/26 2196/39/26
f 2208/16/22 2210/17/22 2209/18/22
f 2210/16/25 2214/17/25 2213/18/25
f 2214/16/26 2212/17/26 2211/18/26
f 2212/16/23 2208/17/23 2207/18/23
f 2213/16/21 2211/17/21 2207/18/21
f 2210/16/24 2208/17/24 2212/18/24
f 2216/16/22 2218/17/22 2217/18/22
f 2218/16/25 2222/17/25 2221/18/25
f 2222/16/26 2220/17/26 2219/18/26
f 2220/16/23 2216/17/23 2215/18/23
f 2221/16/21 2219/17/21 2215/18/21
f 2218/16/24 2216/17/24 2220/18/24
f 2223/25/9 2225/26/9 2230/27/9
f 2226/25/10 2228/26/10 2225/27/10
f 2232/25/11 2234/26/11 2228/27/11
f 2231/25/12 2230/26/12 2234/27/12
f 2229/25/13 2231/26/13 2242/27/13
f 2244/25/14 2246/26/14 2233/27/14
f 2243/25/15 2242/26/15 2246/27/15
f 2241/25/16 2243/26/16 2236/27/16
f 2238/25/17 2240/26/17 2245/27/17
f 2237/25/18 2236/26/18 2240/27/18
f 2235/25/19 2237/26/19 2224/27/19
f 2227/25/20 2226/26/20 2239/27/20
f 2241/25/21 2235/26/21 2223/27/21
f 2228/25/22 2234/26/22 2230/27/22
f 2239/25/23 2226/26/23 2224/27/23
f 2232/25/24 2227/26/24 2238/27/24
f 2233/25/25 2246/26/25 2242/27/25
f 2245/25/26 2240/26/26 2236/27/26
f 2247/25/9 2249/26/9 2254/27/9
f 2250/25/10 2252/26/10 2249/27/10
f 2256/25/11 2258/26/11 2252/27/11
f 2255/25/12 2254/26/12 2258/27/12
f 2253/25/13 2255/26/13 2266/27/13
f 2268/25/14 2270/26/14 2257/27/14
f 2267/25/15 2266/26/15 2270/27/15
f 2265/25/16 2267/26/16 2260/27/16
f 2262/25/17 2264/26/17 2269/27/17
f 2261/25/18 2260/26/18 2264/27/18
f 2259/25/19 2261/26/19 2248/27/19
f 2251/25/20 2250/26/20 2263/27/20
f 2265/25/21 2259/26/21 2247/27/21
f 2252/25/22 2258/26/22 2254/27/22
f 2263/25/23 2250/26/23 2248/27/23
f 2256/25/24 2251/26/24 2262/27/24
f 2257/25/25 2270/26/25 2266/27/25
f 2269/25/26 2264/26/26 2260/27/26
f 2271/16/9 2273/17/9 2278/18/9
f 2274/16/10 2276/17/10 2273/18/10
f 2280/16/11 2282/17/11 2276/18/11
f 2279/16/12 2278/17/12 2282/18/12
f 2277/16/13 2279/17/13 2290/18/13
f 2292/16/14 2294/17/14 2281/18/14
f 2291/16/15 2290/17/15 2294/18/15
f 2289/16/16 2291/17/16 2284/18/16
f 2286/16/17 2288/17/17 2293/18/17
f 2285/16/18 2284/17/18 2288/18/18
f 2283/16/19 2285/17/19 2272/18/19
f 2275/16/20 2274/17/20 2287/18/20
f 2289/16/21 2283/17/21 2271/18/21
f 2276/16/22 2282/17/22 2278/18/22
f 2287/16/23 2274/17/23 2272/18/23
f 2280/16/24 2275/17/24 2286/18/24
f 2281/16/25 2294/17/25 2290/18/25
f 2293/16/26 2288/17/26 2284/18/26
f 2295/16/9 2297/17/9 2302/18/9
f 2298/16/10 2300/17/10 2297/18/10
f 2304/16/11 2306/17/11 2300/18/11
f 2303/16/12 2302/17/12 2306/18/12
f 2301/16/13 2303/17/13 2314/18/13
f 2316/16/14 2318/17/14 2305/18/14
f 2315/16/15 2314/17/15 2318/18/15
f 2313/16/16 2315/17/16 2308/18/16
f 2310/16/17 2312/17/17 2317/18/17
f 2309/16/18 2308/17/18 2312/18/18
f 2307/16/19 2309/17/19 2296/18/19
f 2299/16/20 2298/17/20 2311/18/20
f 2313/16/21 2307/17/21 2295/18/21
f 2300/16/22 2306/17/22 2302/18/22
f 2311/16/23 2298/17/23 2296/18/23
f 2304/16/24 2299/17/24 2310/18/24
f 2305/16/25 2318/17/25 2314/18/25
f 2317/16/26 2312/17/26 2308/18/26
f 2320/22/1109 2322/23/1109 2321/24/1109
f 2322/22/25 2326/23/25 2325/24/25
f 2326/22/1110 2324/23/1110 2323/24/1110
f 2324/22/23 2320/23/23 2319/24/23
f 2325/22/1111 2323/23/1111 2319/24/1111
f 2322/22/1112 2320/23/1112 2324/24/1112
f 2327/25/1121 2329/26/1121 2334/27/1121
f 2330/25/1122 2332/26/1122 2329/27/1122
f 2336/25/1123 2338/26/1123 2332/27/1123
f 2335/25/1124 2334/26/1124 2338/27/1124
f 2345/25/1125 2333/26/1125 2335/27/1125
f 2336/25/1126 2348/26/1126 2350/27/1126
f 2347/25/1127 2346/26/1127 2350/27/1127
f 2345/25/1128 2347/26/1128 2340/27/1128
f 2342/25/1129 2344/26/1129 2349/27/1129
f 2341/25/1130 2340/26/1130 2344/27/1130
f 2327/25/1131 2339/26/1131 2341/27/1131
f 2342/25/1132 2331/26/1132 2330/27/1132
f 2345/25/1111 2339/26/1111 2327/27/1111
f 2332/25/1109 2338/26/1109 2334/27/1109
f 2341/25/23 2343/26/23 2330/27/23
f 2336/25/1112 2331/26/1112 2342/27/1112
f 2335/25/25 2337/26/25 2350/27/25
f 2349/25/1110 2344/26/1110 2340/27/1110
f 2352/22/1133 2354/23/1133 2353/24/1133
f 2354/22/25 2358/23/25 2357/24/25
f 2358/22/1134 2356/23/1134 2355/24/1134
f 2356/22/23 2352/23/23 2351/24/23
f 2357/22/1135 2355/23/1135 2351/24/1135
f 2354/22/1136 2352/23/1136 2356/24/1136
f 2359/25/1145 2361/26/1145 2366/27/1145
f 2360/25/1146 2362/26/1146 2364/27/1146
f 2368/25/1147 2370/26/1147 2364/27/1147
f 2369/25/1148 2367/26/1148 2366/27/1148
f 2365/25/1149 2367/26/1149 2378/27/1149
f 2380/25/1150 2382/26/1150 2369/27/1150
f 2381/25/1151 2379/26/1151 2378/27/1151
f 2377/25/1152 2379/26/1152 2372/27/1152
f 2374/25/1153 2376/26/1153 2381/27/1153
f 2375/25/1154 2373/26/1154 2372/27/1154
f 2359/25/1155 2371/26/1155 2373/27/1155
f 2374/25/1156 2363/26/1156 2362/27/1156
f 2377/25/1135 2371/26/1135 2359/27/1135
f 2364/25/1133 2370/26/1133 2366/27/1133
f 2375/25/23 2362/26/23 2360/27/23
f 2368/25/1136 2363/26/1136 2374/27/1136
f 2367/25/25 2369/26/25 2382/27/25
f 2381/25/1134 2376/26/1134 2372/27/1134
f 2386/16/21 2387/17/21 2384/18/21
f 2387/16/1136 2388/17/1136 2385/18/1136
f 2388/16/1112 2386/17/1112 2383/18/1112
f 2390/16/22 2392/17/22 2391/18/22
f 2392/16/25 2396/17/25 2395/18/25
f 2396/16/26 2394/17/26 2393/18/26
f 2394/16/23 2390/17/23 2389/18/23
f 2395/16/21 2393/17/21 2389/18/21
f 2392/16/24 2390/17/24 2394/18/24
f 2397/13/9 2399/14/9 2404/15/9
f 2400/13/10 2402/14/10 2399/15/10
f 2406/13/11 2408/14/11 2402/15/11
f 2405/13/12 2404/14/12 2408/15/12
f 2403/13/13 2405/14/13 2416/15/13
f 2418/13/14 2420/14/14 2407/15/14
f 2417/13/15 2416/14/15 2420/15/15
f 2415/13/16 2417/14/16 2410/15/16
f 2412/13/17 2414/14/17 2419/15/17
f 2411/13/18 2410/14/18 2414/15/18
f 2409/13/19 2411/14/19 2398/15/19
f 2401/13/20 2400/14/20 2413/15/20
f 2415/13/21 2409/14/21 2397/15/21
f 2402/13/22 2408/14/22 2404/15/22
f 2413/13/23 2400/14/23 2398/15/23
f 2406/13/24 2401/14/24 2412/15/24
f 2407/13/25 2420/14/25 2416/15/25
f 2419/13/26 2414/14/26 2410/15/26
f 2421/4/9 2423/5/9 2428/6/9
f 2424/4/10 2426/5/10 2423/6/10
f 2430/4/11 2432/5/11 2426/6/11
f 2429/4/12 2428/5/12 2432/6/12
f 2427/4/13 2429/5/13 2440/6/13
f 2442/4/14 2444/5/14 2431/6/14
f 2441/4/15 2440/5/15 2444/6/15
f 2439/4/16 2441/5/16 2434/6/16
f 2436/4/17 2438/5/17 2443/6/17
f 2435/4/18 2434/5/18 2438/6/18
f 2433/4/19 2435/5/19 2422/6/19
f 2425/4/20 2424/5/20 2437/6/20
f 2439/4/21 2433/5/21 2421/6/21
f 2426/4/22 2432/5/22 2428/6/22
f 2437/4/23 2424/5/23 2422/6/23
f 2430/4/24 2425/5/24 2436/6/24
f 2431/4/25 2444/5/25 2440/6/25
f 2443/4/26 2438/5/26 2434/6/26
f 2445/4/9 2447/5/9 2452/6/9
f 2448/4/10 2450/5/10 2447/6/10
f 2453/4/11 2455/5/11 2450/6/11
f 2422/4/12 2452/5/12 2455/6/12
f 2451/4/13 2422/5/13 2435/6/13
f 2464/4/14 2466/5/14 2454/6/14
f 2465/4/15 2463/5/15 2435/6/15
f 2462/4/16 2463/5/16 2457/6/16
f 2459/4/17 2461/5/17 2465/6/17
f 2458/4/18 2457/5/18 2461/6/18
f 2456/4/19 2458/5/19 2446/6/19
f 2449/4/20 2448/5/20 2460/6/20
f 2462/4/21 2456/5/21 2445/6/21
f 2450/4/22 2455/5/22 2452/6/22
f 2460/4/23 2448/5/23 2446/6/23
f 2453/4/24 2449/5/24 2459/6/24
f 2454/4/25 2466/5/25 2435/6/25
f 2465/4/26 2461/5/26 2457/6/26
f 2467/4/9 2469/5/9 2474/6/9
f 2470/4/10 2472/5/10 2469/6/10
f 2475/4/11 2477/5/11 2472/6/11
f 2446/4/12 2474/5/12 2477/6/12
f 2473/4/13 2446/5/13 2458/6/13
f 2486/4/14 2488/5/14 2476/6/14
f 2485/4/15 2458/5/15 2488/6/15
f 2484/4/16 2485/5/16 2479/6/16
f 2481/4/17 2483/5/17 2487/6/17
f 2480/4/18 2479/5/18 2483/6/18
f 2478/4/19 2480/5/19 2468/6/19
f 2471/4/20 2470/5/20 2482/6/20
f 2484/4/21 2478/5/21 2467/6/21
f 2472/4/22 2477/5/22 2474/6/22
f 2482/4/23 2470/5/23 2468/6/23
f 2475/4/24 2471/5/24 2481/6/24
f 2476/4/25 2488/5/25 2458/6/25
f 2487/4/26 2483/5/26 2479/6/26
f 2490/31/22 2492/32/22 2491/33/22
f 2492/31/25 2496/32/25 2495/33/25
f 2496/31/26 2494/32/26 2493/33/26
f 2494/31/23 2490/32/23 2489/33/23
f 2495/31/21 2493/32/21 2489/33/21
f 2492/31/24 2490/32/24 2494/33/24
f 2498/31/22 2500/32/22 2499/33/22
f 2500/31/25 2504/32/25 2503/33/25
f 2504/31/26 2502/32/26 2501/33/26
f 2502/31/23 2498/32/23 2497/33/23
f 2503/31/21 2501/32/21 2497/33/21
f 2500/31/24 2498/32/24 2502/33/24
f 2506/31/21 2507/32/21 2508/33/21
f 2510/16/19 2512/17/19 2517/18/19
f 2513/16/18 2515/17/18 2512/18/18
f 2519/16/20 2521/17/20 2515/18/20
f 2518/16/10 2517/17/10 2521/18/10
f 2516/16/9 2518/17/9 2529/18/9
f 2531/16/11 2533/17/11 2520/18/11
f 2530/16/12 2529/17/12 2533/18/12
f 2528/16/13 2530/17/13 2523/18/13
f 2525/16/14 2527/17/14 2532/18/14
f 2524/16/15 2523/17/15 2527/18/15
f 2522/16/16 2524/17/16 2511/18/16
f 2514/16/17 2513/17/17 2526/18/17
f 2516/16/21 2528/17/21 2522/18/21
f 2515/16/23 2521/17/23 2517/18/23
f 2526/16/26 2513/17/26 2511/18/26
f 2519/16/24 2514/17/24 2525/18/24
f 2520/16/22 2533/17/22 2529/18/22
f 2532/16/25 2527/17/25 2523/18/25
f 2534/16/19 2536/17/19 2541/18/19
f 2537/16/18 2539/17/18 2536/18/18
f 2543/16/20 2545/17/20 2539/18/20
f 2542/16/10 2541/17/10 2545/18/10
f 2540/16/9 2542/17/9 2553/18/9
f 2555/16/11 2557/17/11 2544/18/11
f 2554/16/12 2553/17/12 2557/18/12
f 2552/16/13 2554/17/13 2547/18/13
f 2549/16/14 2551/17/14 2556/18/14
f 2548/16/15 2547/17/15 2551/18/15
f 2546/16/16 2548/17/16 2535/18/16
f 2538/16/17 2537/17/17 2550/18/17
f 2552/16/21 2546/17/21 2534/18/21
f 2539/16/23 2545/17/23 2541/18/23
f 2550/16/26 2537/17/26 2535/18/26
f 2543/16/24 2538/17/24 2549/18/24
f 2544/16/22 2557/17/22 2553/18/22
f 2556/16/25 2551/17/25 2547/18/25
f 2559/16/23 2561/17/23 2560/18/23
f 2561/16/22 2565/17/22 2564/18/22
f 2565/16/25 2563/17/25 2562/18/25
f 2563/16/26 2559/17/26 2558/18/26
f 2564/16/21 2562/17/21 2558/18/21
f 2561/16/24 2559/17/24 2563/18/24
f 2567/16/23 2569/17/23 2568/18/23
f 2569/16/22 2573/17/22 2572/18/22
f 2573/16/25 2571/17/25 2570/18/25
f 2571/16/26 2567/17/26 2566/18/26
f 2572/16/21 2570/17/21 2566/18/21
f 2569/16/24 2567/17/24 2571/18/24
f 2575/16/23 2577/17/23 2576/18/23
f 2577/16/22 2581/17/22 2580/18/22
f 2581/16/25 2579/17/25 2578/18/25
f 2579/16/26 2575/17/26 2574/18/26
f 2580/16/21 2578/17/21 2574/18/21
f 2577/16/24 2575/17/24 2579/18/24
f 2583/16/23 2585/17/23 2584/18/23
f 2585/16/22 2589/17/22 2588/18/22
f 2589/16/25 2587/17/25 2586/18/25
f 2587/16/26 2583/17/26 2582/18/26
f 2588/16/21 2586/17/21 2582/18/21
f 2585/16/24 2583/17/24 2587/18/24
f 2590/37/19 2592/38/19 2597/39/19
f 2593/37/18 2595/38/18 2592/39/18
f 2599/37/20 2601/38/20 2595/39/20
f 2598/37/10 2597/38/10 2601/39/10
f 2596/37/9 2598/38/9 2609/39/9
f 2611/37/11 2613/38/11 2600/39/11
f 2610/37/12 2609/38/12 2613/39/12
f 2608/37/13 2610/38/13 2603/39/13
f 2605/37/14 2607/38/14 2612/39/14
f 2604/37/15 2603/38/15 2607/39/15
f 2602/37/16 2604/38/16 2591/39/16
f 2594/37/17 2593/38/17 2606/39/17
f 2608/37/21 2602/38/21 2590/39/21
f 2595/37/23 2601/38/23 2597/39/23
f 2606/37/26 2593/38/26 2591/39/26
f 2599/37/24 2594/38/24 2605/39/24
f 2600/37/22 2613/38/22 2609/39/22
f 2612/37/25 2607/38/25 2603/39/25
f 2615/16/23 2617/17/23 2616/18/23
f 2617/16/22 2621/17/22 2620/18/22
f 2621/16/25 2619/17/25 2618/18/25
f 2619/16/26 2615/17/26 2614/18/26
f 2620/16/21 2618/17/21 2614/18/21
f 2617/16/24 2615/17/24 2619/18/24
f 2623/16/23 2625/17/23 2624/18/23
f 2625/16/22 2629/17/22 2628/18/22
f 2629/16/25 2627/17/25 2626/18/25
f 2627/16/26 2623/17/26 2622/18/26
f 2628/16/21 2626/17/21 2622/18/21
f 2625/16/24 2623/17/24 2627/18/24
f 2630/37/19 2632/38/19 2637/39/19
f 2633/37/18 2635/38/18 2632/39/18
f 2639/37/20 2641/38/20 2635/39/20
f 2638/37/10 2637/38/10 2641/39/10
f 2636/37/9 2638/38/9 2649/39/9
f 2651/37/11 2653/38/11 2640/39/11
f 2650/37/12 2649/38/12 2653/39/12
f 2648/37/13 2650/38/13 2643/39/13
f 2645/37/14 2647/38/14 2652/39/14
f 2644/37/15 2643/38/15 2647/39/15
f 2642/37/16 2644/38/16 2631/39/16
f 2634/37/17 2633/38/17 2646/39/17
f 2648/37/21 2642/38/21 2630/39/21
f 2635/37/23 2641/38/23 2637/39/23
f 2646/37/26 2633/38/26 2631/39/26
f 2639/37/24 2634/38/24 2645/39/24
f 2640/37/22 2653/38/22 2649/39/22
f 2652/37/25 2647/38/25 2643/39/25
f 2655/16/23 2657/17/23 2656/18/23
f 2657/16/22 2661/17/22 2660/18/22
f 2661/16/25 2659/17/25 2658/18/25
f 2659/16/26 2655/17/26 2654/18/26
f 2660/16/21 2658/17/21 2654/18/21
f 2657/16/24 2655/17/24 2659/18/24
f 2663/16/23 2665/17/23 2664/18/23
f 2665/16/22 2669/17/22 2668/18/22
f 2669/16/25 2667/17/25 2666/18/25
f 2667/16/26 2663/17/26 2662/18/26
f 2668/16/21 2666/17/21 2662/18/21
f 2665/16/24 2663/17/24 2667/18/24
f 2670/25/19 2672/26/19 2677/27/19
f 2673/25/18 2675/26/18 2672/27/18
f 2679/25/20 2681/26/20 2675/27/20
f 2678/25/10 2677/26/10 2681/27/10
f 2676/25/9 2678/26/9 2689/27/9
f 2691/25/11 2693/26/11 2680/27/11
f 2690/25/12 2689/26/12 2693/27/12
f 2688/25/13 2690/26/13 2683/27/13
f 2685/25/14 2687/26/14 2692/27/14
f 2684/25/15 2683/26/15 2687/27/15
f 2682/25/16 2684/26/16 2671/27/16
f 2674/25/17 2673/26/17 2686/27/17
f 2688/25/21 2682/26/21 2670/27/21
f 2675/25/23 2681/26/23 2677/27/23
f 2686/25/26 2673/26/26 2671/27/26
f 2679/25/24 2674/26/24 2685/27/24
f 2680/25/22 2693/26/22 2689/27/22
f 2692/25/25 2687/26/25 2683/27/25
f 2694/25/19 2696/26/19 2701/27/19
f 2697/25/18 2699/26/18 2696/27/18
f 2703/25/20 2705/26/20 2699/27/20
f 2702/25/10 2701/26/10 2705/27/10
f 2700/25/9 2702/26/9 2713/27/9
f 2715/25/11 2717/26/11 2704/27/11
f 2714/25/12 2713/26/12 2717/27/12
f 2712/25/13 2714/26/13 2707/27/13
f 2709/25/14 2711/26/14 2716/27/14
f 2708/25/15 2707/26/15 2711/27/15
f 2706/25/16 2708/26/16 2695/27/16
f 2698/25/17 2697/26/17 2710/27/17
f 2712/25/21 2706/26/21 2694/27/21
f 2699/25/23 2705/26/23 2701/27/23
f 2710/25/26 2697/26/26 2695/27/26
f 2703/25/24 2698/26/24 2709/27/24
f 2704/25/22 2717/26/22 2713/27/22
f 2716/25/25 2711/26/25 2707/27/25
f 2718/16/13 2720/17/13 2725/18/13
f 2721/16/12 2723/17/12 2720/18/12
f 2727/16/14 2729/17/14 2723/18/14
f 2726/16/15 2725/17/15 2729/18/15
f 2724/16/16 2726/17/16 2737/18/16
f 2739/16/17 2741/17/17 2728/18/17
f 2738/16/18 2737/17/18 2741/18/18
f 2736/16/19 2738/17/19 2731/18/19
f 2733/16/20 2735/17/20 2740/18/20
f 2732/16/10 2731/17/10 2735/18/10
f 2730/16/9 2732/17/9 2719/18/9
f 2722/16/11 2721/17/11 2734/18/11
f 2736/16/21 2730/17/21 2718/18/21
f 2723/16/25 2729/17/25 2725/18/25
f 2734/16/22 2721/17/22 2719/18/22
f 2739/16/24 2727/17/24 2722/18/24
f 2728/16/26 2741/17/26 2737/18/26
f 2740/16/23 2735/17/23 2731/18/23
f 2742/16/13 2744/17/13 2749/18/13
f 2745/16/12 2747/17/12 2744/18/12
f 2751/16/14 2753/17/14 2747/18/14
f 2750/16/15 2749/17/15 2753/18/15
f 2748/16/16 2750/17/16 2761/18/16
f 2763/16/17 2765/17/17 2752/18/17
f 2762/16/18 2761/17/18 2765/18/18
f 2760/16/19 2762/17/19 2755/18/19
f 2757/16/20 2759/17/20 2764/18/20
f 2756/16/10 2755/17/10 2759/18/10
f 2754/16/9 2756/17/9 2743/18/9
f 2746/16/11 2745/17/11 2758/18/11
f 2760/16/21 2754/17/21 2742/18/21
f 2747/16/25 2753/17/25 2749/18/25
f 2758/16/22 2745/17/22 2743/18/22
f 2751/16/24 2746/17/24 2757/18/24
f 2752/16/26 2765/17/26 2761/18/26
f 2764/16/23 2759/17/23 2755/18/23
f 2767/16/25 2769/17/25 2768/18/25
f 2769/16/26 2773/17/26 2772/18/26
f 2773/16/23 2771/17/23 2770/18/23
f 2771/16/22 2767/17/22 2766/18/22
f 2772/16/21 2770/17/21 2766/18/21
f 2769/16/24 2767/17/24 2771/18/24
f 2775/16/25 2777/17/25 2776/18/25
f 2777/16/26 2781/17/26 2780/18/26
f 2781/16/23 2779/17/23 2778/18/23
f 2779/16/22 2775/17/22 2774/18/22
f 2780/16/21 2778/17/21 2774/18/21
f 2777/16/24 2775/17/24 2779/18/24
f 2783/16/25 2785/17/25 2784/18/25
f 2785/16/26 2789/17/26 2788/18/26
f 2789/16/23 2787/17/23 2786/18/23
f 2787/16/22 2783/17/22 2782/18/22
f 2788/16/21 2786/17/21 2782/18/21
f 2785/16/24 2783/17/24 2787/18/24
f 2791/16/25 2793/17/25 2792/18/25
f 2793/16/26 2797/17/26 2796/18/26
f 2797/16/23 2795/17/23 2794/18/23
f 2795/16/22 2791/17/22 2790/18/22
f 2796/16/21 2794/17/21 2790/18/21
f 2793/16/24 2791/17/24 2795/18/24
f 2798/37/13 2800/38/13 2805/39/13
f 2801/37/12 2803/38/12 2800/39/12
f 2807/37/14 2809/38/14 2803/39/14
f 2806/37/15 2805/38/15 2809/39/15
f 2804/37/16 2806/38/16 2817/39/16
f 2819/37/17 2821/38/17 2808/39/17
f 2818/37/18 2817/38/18 2821/39/18
f 2816/37/19 2818/38/19 2811/39/19
f 2813/37/20 2815/38/20 2820/39/20
f 2812/37/10 2811/38/10 2815/39/10
f 2810/37/9 2812/38/9 2799/39/9
f 2802/37/11 2801/38/11 2814/39/11
f 2816/37/21 2810/38/21 2798/39/21
f 2803/37/25 2809/38/25 2805/39/25
f 2814/37/22 2801/38/22 2799/39/22
f 2807/37/24 2802/38/24 2813/39/24
f 2808/37/26 2821/38/26 2817/39/26
f 2820/37/23 2815/38/23 2811/39/23
f 2823/16/25 2825/17/25 2824/18/25
f 2825/16/26 2829/17/26 2828/18/26
f 2829/16/23 2827/17/23 2826/18/23
f 2827/16/22 2823/17/22 2822/18/22
f 2828/16/21 2826/17/21 2822/18/21
f 2825/16/24 2823/17/24 2827/18/24
f 2831/16/25 2833/17/25 2832/18/25
f 2833/16/26 2837/17/26 2836/18/26
f 2837/16/23 2835/17/23 2834/18/23
f 2835/16/22 2831/17/22 2830/18/22
f 2836/16/21 2834/17/21 2830/18/21
f 2833/16/24 2831/17/24 2835/18/24
f 2838/37/13 2840/38/13 2845/39/13
f 2841/37/12 2843/38/12 2840/39/12
f 2847/37/14 2849/38/14 2843/39/14
f 2846/37/15 2845/38/15 2849/39/15
f 2844/37/16 2846/38/16 2857/39/16
f 2859/37/17 2861/38/17 2848/39/17
f 2858/37/18 2857/38/18 2861/39/18
f 2856/37/19 2858/38/19 2851/39/19
f 2853/37/20 2855/38/20 2860/39/20
f 2852/37/10 2851/38/10 2855/39/10
f 2850/37/9 2852/38/9 2839/39/9
f 2842/37/11 2841/38/11 2854/39/11
f 2856/37/21 2850/38/21 2838/39/21
f 2843/37/25 2849/38/25 2845/39/25
f 2854/37/22 2841/38/22 2839/39/22
f 2847/37/24 2842/38/24 2853/39/24
f 2848/37/26 2861/38/26 2857/39/26
f 2860/37/23 2855/38/23 2851/39/23
f 2863/16/25 2865/17/25 2864/18/25
f 2865/16/26 2869/17/26 2868/18/26
f 2869/16/23 2867/17/23 2866/18/23
f 2867/16/22 2863/17/22 2862/18/22
f 2868/16/21 2866/17/21 2862/18/21
f 2865/16/24 2863/17/24 2867/18/24
f 2871/16/25 2873/17/25 2872/18/25
f 2873/16/26 2877/17/26 2876/18/26
f 2877/16/23 2875/17/23 2874/18/23
f 2875/16/22 2871/17/22 2870/18/22
f 2876/16/21 2874/17/21 2870/18/21
f 2873/16/24 2871/17/24 2875/18/24
f 2878/25/13 2880/26/13 2885/27/13
f 2881/25/12 2883/26/12 2880/27/12
f 2887/25/14 2889/26/14 2883/27/14
f 2886/25/15 2885/26/15 2889/27/15
f 2884/25/16 2886/26/16 2897/27/16
f 2899/25/17 2901/26/17 2888/27/17
f 2898/25/18 2897/26/18 2901/27/18
f 2896/25/19 2898/26/19 2891/27/19
f 2893/25/20 2895/26/20 2900/27/20
f 2892/25/10 2891/26/10 2895/27/10
f 2890/25/9 2892/26/9 2879/27/9
f 2882/25/11 2881/26/11 2894/27/11
f 2896/25/21 2890/26/21 2878/27/21
f 2883/25/25 2889/26/25 2885/27/25
f 2894/25/22 2881/26/22 2879/27/22
f 2887/25/24 2882/26/24 2893/27/24
f 2888/25/26 2901/26/26 2897/27/26
f 2900/25/23 2895/26/23 2891/27/23
f 2902/25/13 2904/26/13 2909/27/13
f 2905/25/12 2907/26/12 2904/27/12
f 2911/25/14 2913/26/14 2907/27/14
f 2910/25/15 2909/26/15 2913/27/15
f 2908/25/16 2910/26/16 2921/27/16
f 2923/25/17 2925/26/17 2912/27/17
f 2922/25/18 2921/26/18 2925/27/18
f 2920/25/19 2922/26/19 2915/27/19
f 2917/25/20 2919/26/20 2924/27/20
f 2916/25/10 2915/26/10 2919/27/10
f 2914/25/9 2916/26/9 2903/27/9
f 2906/25/11 2905/26/11 2918/27/11
f 2920/25/21 2914/26/21 2902/27/21
f 2907/25/25 2913/26/25 2909/27/25
f 2918/25/22 2905/26/22 2903/27/22
f 2911/25/24 2906/26/24 2917/27/24
f 2912/25/26 2925/26/26 2921/27/26
f 2924/25/23 2919/26/23 2915/27/23
f 2926/16/16 2928/17/16 2933/18/16
f 2929/16/15 2931/17/15 2928/18/15
f 2935/16/17 2937/17/17 2931/18/17
f 2934/16/18 2933/17/18 2937/18/18
f 2932/16/19 2934/17/19 2945/18/19
f 2947/16/20 2949/17/20 2936/18/20
f 2946/16/10 2945/17/10 2949/18/10
f 2944/16/9 2946/17/9 2939/18/9
f 2941/16/11 2943/17/11 2948/18/11
f 2940/16/12 2939/17/12 2943/18/12
f 2926/16/13 2938/17/13 2940/18/13
f 2930/16/14 2929/17/14 2942/18/14
f 2944/16/21 2938/17/21 2926/18/21
f 2931/16/26 2937/17/26 2933/18/26
f 2942/16/25 2929/17/25 2927/18/25
f 2935/16/24 2930/17/24 2941/18/24
f 2936/16/23 2949/17/23 2945/18/23
f 2948/16/22 2943/17/22 2939/18/22
f 2950/16/16 2952/17/16 2957/18/16
f 2953/16/15 2955/17/15 2952/18/15
f 2959/16/17 2961/17/17 2955/18/17
f 2958/16/18 2957/17/18 2961/18/18
f 2956/16/19 2958/17/19 2969/18/19
f 2971/16/20 2973/17/20 2960/18/20
f 2970/16/10 2969/17/10 2973/18/10
f 2968/16/9 2970/17/9 2963/18/9
f 2965/16/11 2967/17/11 2972/18/11
f 2964/16/12 2963/17/12 2967/18/12
f 2962/16/13 2964/17/13 2951/18/13
f 2954/16/14 2953/17/14 2966/18/14
f 2968/16/21 2962/17/21 2950/18/21
f 2955/16/26 2961/17/26 2957/18/26
f 2966/16/25 2953/17/25 2951/18/25
f 2959/16/24 2954/17/24 2965/18/24
f 2960/16/23 2973/17/23 2969/18/23
f 2972/16/22 2967/17/22 2963/18/22
f 2975/16/26 2977/17/26 2976/18/26
f 2977/16/23 2981/17/23 2980/18/23
f 2981/16/22 2979/17/22 2978/18/22
f 2979/16/25 2975/17/25 2974/18/25
f 2980/16/21 2978/17/21 2974/18/21
f 2977/16/24 2975/17/24 2979/18/24
f 2983/16/26 2985/17/26 2984/18/26
f 2985/16/23 2989/17/23 2988/18/23
f 2989/16/22 2987/17/22 2986/18/22
f 2987/16/25 2983/17/25 2982/18/25
f 2988/16/21 2986/17/21 2982/18/21
f 2985/16/24 2983/17/24 2987/18/24
f 2991/16/26 2993/17/26 2992/18/26
f 2993/16/23 2997/17/23 2996/18/23
f 2997/16/22 2995/17/22 2994/18/22
f 2995/16/25 2991/17/25 2990/18/25
f 2996/16/21 2994/17/21 2990/18/21
f 2993/16/24 2991/17/24 2995/18/24
f 2999/16/26 3001/17/26 3000/18/26
f 3001/16/23 3005/17/23 3004/18/23
f 3005/16/22 3003/17/22 3002/18/22
f 3003/16/25 2999/17/25 2998/18/25
f 3004/16/21 3002/17/21 2998/18/21
f 3001/16/24 2999/17/24 3003/18/24
f 3006/37/16 3008/38/16 3013/39/16
f 3009/37/15 3011/38/15 3008/39/15
f 3015/37/17 3017/38/17 3011/39/17
f 3014/37/18 3013/38/18 3017/39/18
f 3012/37/19 3014/38/19 3025/39/19
f 3027/37/20 3029/38/20 3016/39/20
f 3026/37/10 3025/38/10 3029/39/10
f 3024/37/9 3026/38/9 3019/39/9
f 3021/37/11 3023/38/11 3028/39/11
f 3020/37/12 3019/38/12 3023/39/12
f 3018/37/13 3020/38/13 3007/39/13
f 3010/37/14 3009/38/14 3022/39/14
f 3024/37/21 3018/38/21 3006/39/21
f 3011/37/26 3017/38/26 3013/39/26
f 3022/37/25 3009/38/25 3007/39/25
f 3015/37/24 3010/38/24 3021/39/24
f 3016/37/23 3029/38/23 3025/39/23
f 3028/37/22 3023/38/22 3019/39/22
f 3031/16/26 3033/17/26 3032/18/26
f 3033/16/23 3037/17/23 3036/18/23
f 3037/16/22 3035/17/22 3034/18/22
f 3035/16/25 3031/17/25 3030/18/25
f 3036/16/21 3034/17/21 3030/18/21
f 3033/16/24 3031/17/24 3035/18/24
f 3039/16/26 3041/17/26 3040/18/26
f 3041/16/23 3045/17/23 3044/18/23
f 3045/16/22 3043/17/22 3042/18/22
f 3043/16/25 3039/17/25 3038/18/25
f 3044/16/21 3042/17/21 3038/18/21
f 3041/16/24 3039/17/24 3043/18/24
f 3046/37/16 3048/38/16 3053/39/16
f 3049/37/15 3051/38/15 3048/39/15
f 3055/37/17 3057/38/17 3051/39/17
f 3054/37/18 3053/38/18 3057/39/18
f 3052/37/19 3054/38/19 3065/39/19
f 3067/37/20 3069/38/20 3056/39/20
f 3066/37/10 3065/38/10 3069/39/10
f 3064/37/9 3066/38/9 3059/39/9
f 3061/37/11 3063/38/11 3068/39/11
f 3060/37/12 3059/38/12 3063/39/12
f 3058/37/13 3060/38/13 3047/39/13
f 3050/37/14 3049/38/14 3062/39/14
f 3064/37/21 3058/38/21 3046/39/21
f 3051/37/26 3057/38/26 3053/39/26
f 3062/37/25 3049/38/25 3047/39/25
f 3055/37/24 3050/38/24 3061/39/24
f 3056/37/23 3069/38/23 3065/39/23
f 3068/37/22 3063/38/22 3059/39/22
f 3071/16/26 3073/17/26 3072/18/26
f 3073/16/23 3077/17/23 3076/18/23
f 3077/16/22 3075/17/22 3074/18/22
f 3075/16/25 3071/17/25 3070/18/25
f 3076/16/21 3074/17/21 3070/18/21
f 3073/16/24 3071/17/24 3075/18/24
f 3079/16/26 3081/17/26 3080/18/26
f 3081/16/23 3085/17/23 3084/18/23
f 3085/16/22 3083/17/22 3082/18/22
f 3083/16/25 3079/17/25 3078/18/25
f 3084/16/21 3082/17/21 3078/18/21
f 3081/16/24 3079/17/24 3083/18/24
f 3086/25/16 3088/26/16 3093/27/16
f 3089/25/15 3091/26/15 3088/27/15
f 3095/25/17 3097/26/17 3091/27/17
f 3094/25/18 3093/26/18 3097/27/18
f 3092/25/19 3094/26/19 3105/27/19
f 3107/25/20 3109/26/20 3096/27/20
f 3106/25/10 3105/26/10 3109/27/10
f 3104/25/9 3106/26/9 3099/27/9
f 3101/25/11 3103/26/11 3108/27/11
f 3100/25/12 3099/26/12 3103/27/12
f 3098/25/13 3100/26/13 3087/27/13
f 3090/25/14 3089/26/14 3102/27/14
f 3104/25/21 3098/26/21 3086/27/21
f 3091/25/26 3097/26/26 3093/27/26
f 3102/25/25 3089/26/25 3087/27/25
f 3095/25/24 3090/26/24 3101/27/24
f 3096/25/23 3109/26/23 3105/27/23
f 3108/25/22 3103/26/22 3099/27/22
f 3110/25/16 3112/26/16 3117/27/16
f 3113/25/15 3115/26/15 3112/27/15
f 3119/25/17 3121/26/17 3115/27/17
f 3118/25/18 3117/26/18 3121/27/18
f 3116/25/19 3118/26/19 3129/27/19
f 3131/25/20 3133/26/20 3120/27/20
f 3130/25/10 3129/26/10 3133/27/10
f 3128/25/9 3130/26/9 3123/27/9
f 3125/25/11 3127/26/11 3132/27/11
f 3124/25/12 3123/26/12 3127/27/12
f 3122/25/13 3124/26/13 3111/27/13
f 3114/25/14 3113/26/14 3126/27/14
f 3116/25/21 3128/26/21 3122/27/21
f 3115/25/26 3121/26/26 3117/27/26
f 3126/25/25 3113/26/25 3111/27/25
f 3119/25/24 3114/26/24 3125/27/24
f 3120/25/23 3133/26/23 3129/27/23
f 3132/25/22 3127/26/22 3123/27/22
f 3134/16/9 3136/17/9 3141/18/9
f 3137/16/10 3139/17/10 3136/18/10
f 3143/16/11 3145/17/11 3139/18/11
f 3142/16/12 3141/17/12 3145/18/12
f 3140/16/13 3142/17/13 3153/18/13
f 3155/16/14 3157/17/14 3144/18/14
f 3154/16/15 3153/17/15 3157/18/15
f 3152/16/16 3154/17/16 3147/18/16
f 3149/16/17 3151/17/17 3156/18/17
f 3148/16/18 3147/17/18 3151/18/18
f 3146/16/19 3148/17/19 3135/18/19
f 3138/16/20 3137/17/20 3150/18/20
f 3152/16/21 3146/17/21 3134/18/21
f 3139/16/22 3145/17/22 3141/18/22
f 3150/16/23 3137/17/23 3135/18/23
f 3143/16/24 3138/17/24 3149/18/24
f 3144/16/25 3157/17/25 3153/18/25
f 3156/16/26 3151/17/26 3147/18/26
f 3158/16/9 3160/17/9 3165/18/9
f 3161/16/10 3163/17/10 3160/18/10
f 3167/16/11 3169/17/11 3163/18/11
f 3166/16/12 3165/17/12 3169/18/12
f 3164/16/13 3166/17/13 3177/18/13
f 3179/16/14 3181/17/14 3168/18/14
f 3178/16/15 3177/17/15 3181/18/15
f 3176/16/16 3178/17/16 3171/18/16
f 3173/16/17 3175/17/17 3180/18/17
f 3172/16/18 3171/17/18 3175/18/18
f 3170/16/19 3172/17/19 3159/18/19
f 3162/16/20 3161/17/20 3174/18/20
f 3176/16/21 3170/17/21 3158/18/21
f 3163/16/22 3169/17/22 3165/18/22
f 3174/16/23 3161/17/23 3159/18/23
f 3167/16/24 3162/17/24 3173/18/24
f 3168/16/25 3181/17/25 3177/18/25
f 3180/16/26 3175/17/26 3171/18/26
f 3183/16/22 3185/17/22 3184/18/22
f 3185/16/25 3189/17/25 3188/18/25
f 3189/16/26 3187/17/26 3186/18/26
f 3187/16/23 3183/17/23 3182/18/23
f 3188/16/21 3186/17/21 3182/18/21
f 3185/16/24 3183/17/24 3187/18/24
f 3191/16/22 3193/17/22 3192/18/22
f 3193/16/25 3197/17/25 3196/18/25
f 3197/16/26 3195/17/26 3194/18/26
f 3195/16/23 3191/17/23 3190/18/23
f 3196/16/21 3194/17/21 3190/18/21
f 3193/16/24 3191/17/24 3195/18/24
f 3199/16/22 3201/17/22 3200/18/22
f 3201/16/25 3205/17/25 3204/18/25
f 3205/16/26 3203/17/26 3202/18/26
f 3203/16/23 3199/17/23 3198/18/23
f 3204/16/21 3202/17/21 3198/18/21
f 3201/16/24 3199/17/24 3203/18/24
f 3207/16/22 3209/17/22 3208/18/22
f 3209/16/25 3213/17/25 3212/18/25
f 3213/16/26 3211/17/26 3210/18/26
f 3211/16/23 3207/17/23 3206/18/23
f 3212/16/21 3210/17/21 3206/18/21
f 3209/16/24 3207/17/24 3211/18/24
o cabin_Icicles
v -10.100000 8.669111 5.942500
v -9.928810 8.669111 5.818123
v -9.994199 8.669111 5.616877
v -10.205802 8.669111 5.616877
v -10.271191 8.669111 5.818123
v -10.100000 7.474600 5.762500
v -10.100000 8.669111 4.906519
v -9.928810 8.669111 4.782142
v -9.994199 8.669111 4.580896
v -10.205802 8.669111 4.580896
v -10.271191 8.669111 4.782142
v -10.100000 7.961302 4.726519
v -10.100000 8.669111 3.426614
v -9.928810 8.669111 3.302237
v -9.994199 8.669111 3.100991
v -10.205802 8.669111 3.100991
v -10.271191 8.669111 3.302237
v -10.100000 8.159458 3.246614
v -10.100000 8.669111 2.274110
v -9.928810 8.669111 2.149733
v -9.994199 8.669111 1.948487
v -10.205802 8.669111 1.948487
v -10.271191 8.669111 2.149733
v -10.100000 6.821664 2.094110
v -10.100000 8.669111 1.501377
v -9.928810 8.669111 1.376999
v -9.994199 8.669111 1.175753
v -10.205802 8.669111 1.175753
v -10.271191 8.669111 1.376999
v -10.100000 7.337706 1.321376
v -10.100000 8.669111 0.246391
v -9.928810 8.669111 0.122015
v -9.994199 8.669111 -0.079232
v -10.205802 8.669111 -0.079232
v -10.271191 8.669111 0.122015
v -10.100000 8.107767 0.066391
v -10.100000 8.669111 -0.794726
v -9.928810 8.669111 -0.919103
v -9.994199 8.669111 -1.120349
v -10.205802 8.669111 -1.120349
v -10.271191 8.669111 -0.919103
v -10.100000 7.113891 -0.974726
v -10.100000 8.669111 -1.901545
v -9.928810 8.669111 -2.025922
v -9.994199 8.669111 -2.227168
v -10.205802 8.669111 -2.227168
v -10.271191 8.669111 -2.025922
v -10.100000 7.081513 -2.081545
v -10.100000 8.669110 -2.742986
v -9.928810 8.669110 -2.867363
v -9.994199 8.669110 -3.068610
v -10.205802 8.669110 -3.068610
v -10.271191 8.669110 -2.867363
v -10.100000 7.812092 -2.922987
v -10.100000 8.669111 -3.542839
v -9.928810 8.669111 -3.667216
v -9.994199 8.669111 -3.868462
v -10.205802 8.669111 -3.868462
v -10.271191 8.669111 -3.667216
v -10.100000 7.409708 -3.722839
v -10.100000 8.669111 -5.074286
v -9.928810 8.669111 -5.198663
v -9.994199 8.669111 -5.399909
v -10.205802 8.669111 -5.399909
v -10.271191 8.669111 -5.198663
v -10.100000 7.283468 -5.254286
v -10.100000 8.669111 -6.471075
v -9.928810 8.669111 -6.595452
v -9.994199 8.669111 -6.796698
v -10.205802 8.669111 -6.796698
v -10.271191 8.669111 -6.595452
v -10.100000 7.593614 -6.651075
v -10.100000 8.669111 -7.842560
v -9.928810 8.669111 -7.966938
v -9.994199 8.669111 -8.168184
v -10.205802 8.669111 -8.168184
v -10.271191 8.669111 -7.966938
v -10.100000 8.016607 -8.022560
v -10.100000 8.669111 -8.804621
v -9.928810 8.669111 -8.928997
v -9.994199 8.669111 -9.130243
v -10.205802 8.669111 -9.130243
v -10.271191 8.669111 -8.928997
v -10.100000 7.157757 -8.984621
v -10.100000 8.669111 -10.157755
v -9.928810 8.669111 -10.282131
v -9.994199 8.669111 -10.483377
v -10.205802 8.669111 -10.483377
v -10.271191 8.669111 -10.282131
v -10.100000 7.536478 -10.337755
v -10.100000 8.669111 -10.936697
v -9.928810 8.669111 -11.061073
v -9.994199 8.669111 -11.262320
v -10.205802 8.669111 -11.262320
v -10.271191 8.669111 -11.061073
v -10.100000 7.769011 -11.116697
v 10.100000 8.669110 5.942500
v 10.271191 8.669110 5.818123
v 10.205801 8.669110 5.616877
v 9.994200 8.669110 5.616877
v 9.928810 8.669110 5.818123
v 10.100000 7.747334 5.762500
v 10.100000 8.669111 4.513941
v 10.271191 8.669111 4.389564
v 10.205801 8.669111 4.188317
v 9.994200 8.669111 4.188317
v 9.928810 8.669111 4.389564
v 10.100000 7.869886 4.333941
v 10.100000 8.669111 3.016181
v 10.271191 8.669111 2.891804
v 10.205801 8.669111 2.690558
v 9.994200 8.669111 2.690558
v 9.928810 8.669111 2.891804
v 10.100000 6.850051 2.836181
v 10.100000 8.669111 2.266870
v 10.271191 8.669111 2.142493
v 10.205801 8.669111 1.941247
v 9.994200 8.669111 1.941247
v 9.928810 8.669111 2.142493
v 10.100000 7.600887 2.086870
v 10.100000 8.669111 1.124330
v 10.271191 8.669111 0.999953
v 10.205801 8.669111 0.798707
v 9.994200 8.669111 0.798707
v 9.928810 8.669111 0.999953
v 10.100000 8.133886 0.944330
v 10.100000 8.669111 0.042077
v 10.271191 8.669111 -0.082300
v 10.205801 8.669111 -0.283546
v 9.994200 8.669111 -0.283546
v 9.928810 8.669111 -0.082300
v 10.100000 6.809495 -0.137923
v 10.100000 8.669111 -0.758765
v 10.271191 8.669111 -0.883142
v 10.205801 8.669111 -1.084388
v 9.994200 8.669111 -1.084388
v 9.928810 8.669111 -0.883142
v 10.100000 7.273843 -0.938765
v 10.100000 8.669111 -1.567874
v 10.271191 8.669111 -1.692251
v 10.205801 8.669111 -1.893497
v 9.994200 8.669111 -1.893497
v 9.928810 8.669111 -1.692251
v 10.100000 7.301061 -1.747874
v 10.100000 8.669111 -3.073647
v 10.271191 8.669111 -3.198024
v 10.205801 8.669111 -3.399271
v 9.994200 8.669111 -3.399271
v 9.928810 8.669111 -3.198024
v 10.100000 7.864531 -3.253647
v 10.100000 8.669111 -3.781074
v 10.271191 8.669111 -3.905451
v 10.205801 8.669111 -4.106698
v 9.994200 8.669111 -4.106698
v 9.928810 8.669111 -3.905451
v 10.100000 8.043856 -3.961074
v 10.100000 8.669111 -4.966867
v 10.271191 8.669111 -5.091244
v 10.205801 8.669111 -5.292490
v 9.994200 8.669111 -5.292490
v 9.928810 8.669111 -5.091244
v 10.100000 8.142914 -5.146867
v 10.100000 8.669111 -5.743220
v 10.271191 8.669111 -5.867597
v 10.205801 8.669111 -6.068843
v 9.994200 8.669111 -6.068843
v 9.928810 8.669111 -5.867597
v 10.100000 7.423998 -5.923220
v 10.100000 8.669111 -7.272053
v 10.271191 8.669111 -7.396430
v 10.205801 8.669111 -7.597677
v 9.994200 8.669111 -7.597677
v 9.928810 8.669111 -7.396430
v 10.100000 7.538950 -7.452054
v 10.100000 8.669111 -8.330374
v 10.271191 8.669111 -8.454752
v 10.205801 8.669111 -8.655998
v 9.994200 8.669111 -8.655998
v 9.928810 8.669111 -8.454752
v 10.100000 7.211035 -8.510374
v 10.100000 8.669111 -9.114450
v 10.271191 8.669111 -9.238829
v 10.205801 8.669111 -9.440075
v 9.994200 8.669111 -9.440075
v 9.928810 8.669111 -9.238829
v 10.100000 7.299411 -9.294451
v 10.100000 8.669111 -9.969749
v 10.271191 8.669111 -10.094128
v 10.205801 8.669111 -10.295372
v 9.994200 8.669111 -10.295372
v 9.928810 8.669111 -10.094128
v 10.100000 7.255778 -10.149750
vn 0.5835 -0.1210 0.8031
vn 0.9441 -0.1210 -0.3068
vn -0.0000 -0.1210 -0.9927
vn -0.0000 1.0000 -0.0000
vn -0.9441 -0.1210 -0.3067
vn -0.5835 -0.1210 0.8031
vn 0.5757 -0.2015 0.7924
vn 0.9315 -0.2015 -0.3027
vn -0.0000 -0.2015 -0.9795
vn -0.9315 -0.2015 -0.3027
vn -0.5757 -0.2015 0.7924
vn 0.5652 -0.2747 0.7779
vn 0.9145 -0.2747 -0.2971
vn -0.0000 -0.2747 -0.9615
vn -0.9145 -0.2747 -0.2971
vn -0.5652 -0.2747 0.7779
vn 0.5860 -0.0786 0.8065
vn 0.9481 -0.0786 -0.3081
vn -0.0000 -0.0786 -0.9969
vn -0.9481 -0.0786 -0.3081
vn -0.5860 -0.0786 0.8065
vn 0.5843 -0.1087 0.8042
vn 0.9454 -0.1087 -0.3072
vn -0.0000 -0.1087 -0.9941
vn -0.9454 -0.1087 -0.3072
vn -0.5843 -0.1087 0.8042
vn 0.5690 -0.2511 0.7831
vn 0.9206 -0.2511 -0.2991
vn -0.0000 -0.2511 -0.9680
vn -0.9206 -0.2511 -0.2991
vn -0.5690 -0.2511 0.7831
vn 0.5852 -0.0932 0.8055
vn 0.9469 -0.0932 -0.3077
vn -0.0000 -0.0932 -0.9956
vn -0.9469 -0.0932 -0.3077
vn -0.5852 -0.0932 0.8055
vn 0.5853 -0.0913 0.8056
vn 0.9471 -0.0913 -0.3077
vn -0.0000 -0.0913 -0.9958
vn -0.9471 -0.0913 -0.3077
vn -0.5853 -0.0913 0.8056
vn 0.5795 -0.1675 0.7976
vn 0.9376 -0.1675 -0.3047
vn -0.0000 -0.1675 -0.9859
vn -0.9376 -0.1675 -0.3047
vn -0.5795 -0.1675 0.7976
vn 0.5839 -0.1149 0.8037
vn 0.9448 -0.1149 -0.3070
vn -0.0000 -0.1149 -0.9934
vn -0.9448 -0.1149 -0.3070
vn -0.5839 -0.1149 0.8037
vn 0.5846 -0.1045 0.8046
vn 0.9458 -0.1045 -0.3073
vn -0.0000 -0.1045 -0.9945
vn -0.9458 -0.1045 -0.3073
vn -0.5846 -0.1045 0.8046
vn 0.5825 -0.1342 0.8017
vn 0.9425 -0.1342 -0.3062
vn -0.0000 -0.1342 -0.9910
vn -0.9425 -0.1342 -0.3062
vn -0.5825 -0.1342 0.8017
vn 0.5737 -0.2178 0.7896
vn 0.9282 -0.2178 -0.3016
vn -0.0000 -0.2178 -0.9760
vn -0.9282 -0.2178 -0.3016
vn -0.5737 -0.2178 0.7896
vn 0.5851 -0.0959 0.8053
vn 0.9467 -0.0959 -0.3076
vn -0.0000 -0.0959 -0.9954
vn -0.9467 -0.0959 -0.3076
vn -0.5851 -0.0959 0.8053
vn 0.5830 -0.1275 0.8024
vn 0.9433 -0.1275 -0.3065
vn -0.0000 -0.1275 -0.9918
vn -0.9433 -0.1275 -0.3065
vn -0.5830 -0.1275 0.8024
vn 0.5802 -0.1597 0.7986
vn 0.9388 -0.1597 -0.3051
vn -0.0000 -0.1597 -0.9872
vn -0.9388 -0.1597 -0.3051
vn -0.5802 -0.1597 0.7986
vn 0.5806 -0.1560 0.7991
vn 0.9394 -0.1560 -0.3052
vn -0.0000 -0.1560 -0.9877
vn -0.9394 -0.1560 -0.3052
vn -0.5806 -0.1560 0.7991
vn 0.5783 -0.1793 0.7959
vn 0.9357 -0.1793 -0.3040
vn -0.0000 -0.1793 -0.9838
vn -0.9357 -0.1793 -0.3040
vn -0.5783 -0.1793 0.7959
vn 0.5859 -0.0798 0.8064
vn 0.9480 -0.0798 -0.3080
vn -0.0000 -0.0798 -0.9968
vn -0.9480 -0.0798 -0.3080
vn -0.5859 -0.0798 0.8064
vn 0.5824 -0.1351 0.8016
vn 0.9423 -0.1351 -0.3062
vn -0.0000 -0.1351 -0.9908
vn -0.9423 -0.1351 -0.3062
vn -0.5824 -0.1351 0.8016
vn 0.5672 -0.2625 0.7806
vn 0.9177 -0.2625 -0.2982
vn -0.0000 -0.2625 -0.9649
vn -0.9177 -0.2625 -0.2982
vn -0.5672 -0.2625 0.7806
vn 0.5860 -0.0781 0.8065
vn 0.9482 -0.0781 -0.3081
vn -0.0000 -0.0781 -0.9969
vn -0.9482 -0.0781 -0.3081
vn -0.5860 -0.0781 0.8065
vn 0.5846 -0.1038 0.8046
vn 0.9459 -0.1038 -0.3074
vn -0.0000 -0.1038 -0.9946
vn -0.9459 -0.1038 -0.3074
vn -0.5846 -0.1038 0.8046
vn 0.5845 -0.1058 0.8045
vn 0.9457 -0.1058 -0.3073
vn -0.0000 -0.1058 -0.9944
vn -0.9457 -0.1058 -0.3073
vn -0.5845 -0.1058 0.8045
vn 0.5784 -0.1781 0.7961
vn 0.9359 -0.1781 -0.3041
vn -0.0000 -0.1781 -0.9840
vn -0.9358 -0.1781 -0.3041
vn -0.5784 -0.1781 0.7961
vn 0.5725 -0.2268 0.7879
vn 0.9263 -0.2268 -0.3010
vn -0.0000 -0.2268 -0.9739
vn -0.9263 -0.2268 -0.3010
vn -0.5725 -0.2268 0.7879
vn 0.5665 -0.2667 0.7797
vn 0.9166 -0.2667 -0.2978
vn -0.0000 -0.2667 -0.9638
vn -0.9166 -0.2667 -0.2978
vn -0.5665 -0.2667 0.7797
vn 0.5838 -0.1162 0.8035
vn 0.9446 -0.1162 -0.3069
vn -0.0000 -0.1162 -0.9932
vn -0.9446 -0.1162 -0.3069
vn -0.5838 -0.1162 0.8035
vn 0.5830 -0.1278 0.8024
vn 0.9433 -0.1278 -0.3065
vn -0.0000 -0.1278 -0.9918
vn -0.9433 -0.1278 -0.3065
vn -0.5830 -0.1278 0.8024
vn 0.5849 -0.0994 0.8050
vn 0.9463 -0.0994 -0.3075
vn -0.0000 -0.0994 -0.9950
vn -0.9463 -0.0994 -0.3075
vn -0.5849 -0.0994 0.8050
vn 0.5845 -0.1057 0.8045
vn 0.9457 -0.1057 -0.3073
vn -0.0000 -0.1057 -0.9944
vn -0.9457 -0.1057 -0.3073
vn -0.5845 -0.1057 0.8045
vn 0.5847 -0.1025 0.8048
vn 0.9460 -0.1025 -0.3074
vn -0.0000 -0.1025 -0.9947
vn -0.9460 -0.1025 -0.3074
vn -0.5847 -0.1025 0.8048
vt 0.712500 0.500000
vt 0.675000 0.524744
vt 0.675000 0.475256
s 0
usemtl Palette
f 3214/40/1851 3219/41/1851 3215/42/1851
f 3215/40/1852 3219/41/1852 3216/42/1852
f 3216/40/1853 3219/41/1853 3217/42/1853
f 3215/40/1854 3216/41/1854 3217/42/1854
f 3217/40/1855 3219/41/1855 3218/42/1855
f 3218/40/1856 3219/41/1856 3214/42/1856
f 3220/40/1857 3225/41/1857 3221/42/1857
f 3221/40/1858 3225/41/1858 3222/42/1858
f 3222/40/1859 3225/41/1859 3223/42/1859
f 3221/40/1854 3222/41/1854 3223/42/1854
f 3223/40/1860 3225/41/1860 3224/42/1860
f 3224/40/1861 3225/41/1861 3220/42/1861
f 3226/40/1862 3231/41/1862 3227/42/1862
f 3227/40/1863 3231/41/1863 3228/42/1863
f 3228/40/1864 3231/41/1864 3229/42/1864
f 3227/40/1854 3229/41/1854 3230/42/1854
f 3229/40/1865 3231/41/1865 3230/42/1865
f 3230/40/1866 3231/41/1866 3226/42/1866
f 3232/40/1867 3237/41/1867 3233/42/1867
f 3233/40/1868 3237/41/1868 3234/42/1868
f 3234/40/1869 3237/41/1869 3235/42/1869
f 3233/40/1854 3235/41/1854 3236/42/1854
f 3235/40/1870 3237/41/1870 3236/42/1870
f 3236/40/1871 3237/41/1871 3232/42/1871
f 3238/40/1872 3243/41/1872 3239/42/1872
f 3239/40/1873 3243/41/1873 3240/42/1873
f 3240/40/1874 3243/41/1874 3241/42/1874
f 3239/40/1854 3241/41/1854 3242/42/1854
f 3241/40/1875 3243/41/1875 3242/42/1875
f 3242/40/1876 3243/41/1876 3238/42/1876
f 3244/40/1877 3249/41/1877 3245/42/1877
f 3245/40/1878 3249/41/1878 3246/42/1878
f 3246/40/1879 3249/41/1879 3247/42/1879
f 3245/40/1854 3246/41/1854 3247/42/1854
f 3247/40/1880 3249/41/1880 3248/42/1880
f 3248/40/1881 3249/41/1881 3244/42/1881
f 3250/40/1882 3255/41/1882 3251/42/1882
f 3251/40/1883 3255/41/1883 3252/42/1883
f 3252/40/1884 3255/41/1884 3253/42/1884
f 3251/40/1854 3253/41/1854 3254/42/1854
f 3253/40/1885 3255/41/1885 3254/42/1885
f 3254/40/1886 3255/41/1886 3250/42/1886
f 3256/40/1887 3261/41/1887 3257/42/1887
f 3257/40/1888 3261/41/1888 3258/42/1888
f 3258/40/1889 3261/41/1889 3259/42/1889
f 3257/40/1854 3259/41/1854 3260/42/1854
f 3259/40/1890 3261/41/1890 3260/42/1890
f 3260/40/1891 3261/41/1891 3256/42/1891
f 3262/40/1892 3267/41/1892 3263/42/1892
f 3263/40/1893 3267/41/1893 3264/42/1893
f 3264/40/1894 3267/41/1894 3265/42/1894
f 3263/40/1854 3265/41/1854 3266/42/1854
f 3265/40/1895 3267/41/1895 3266/42/1895
f 3266/40/1896 3267/41/1896 3262/42/1896
f 3268/40/1897 3273/41/1897 3269/42/1897
f 3269/40/1898 3273/41/1898 3270/42/1898
f 3270/40/1899 3273/41/1899 3271/42/1899
f 3269/40/1854 3271/41/1854 3272/42/1854
f 3271/40/1900 3273/41/1900 3272/42/1900
f 3272/40/1901 3273/41/1901 3268/42/1901
f 3274/40/1902 3279/41/1902 3275/42/1902
f 3275/40/1903 3279/41/1903 3276/42/1903
f 3276/40/1904 3279/41/1904 3277/42/1904
f 3275/40/1854 3277/41/1854 3278/42/1854
f 3277/40/1905 3279/41/1905 3278/42/1905
f 3278/40/1906 3279/41/1906 3274/42/1906
f 3280/40/1907 3285/41/1907 3281/42/1907
f 3281/40/1908 3285/41/1908 3282/42/1908
f 3282/40/1909 3285/41/1909 3283/42/1909
f 3281/40/1854 3283/41/1854 3284/42/1854
f 3283/40/1910 3285/41/1910 3284/42/1910
f 3284/40/1911 3285/41/1911 3280/42/1911
f 3286/40/1912 3291/41/1912 3287/42/1912
f 3287/40/1913 3291/41/1913 3288/42/1913
f 3288/40/1914 3291/41/1914 3289/42/1914
f 3287/40/1854 3289/41/1854 3290/42/1854
f 3289/40/1915 3291/41/1915 3290/42/1915
f 3290/40/1916 3291/41/1916 3286/42/1916
f 3292/40/1917 3297/41/1917 3293/42/1917
f 3293/40/1918 3297/41/1918 3294/42/1918
f 3294/40/1919 3297/41/1919 3295/42/1919
f 3293/40/1854 3294/41/1854 3295/42/1854
f 3295/40/1920 3297/41/1920 3296/42/1920
f 3296/40/1921 3297/41/1921 3292/42/1921
f 3298/40/1922 3303/41/1922 3299/42/1922
f 3299/40/1923 3303/41/1923 3300/42/1923
f 3300/40/1924 3303/41/1924 3301/42/1924
f 3299/40/1854 3300/41/1854 3301/42/1854
f 3301/40/1925 3303/41/1925 3302/42/1925
f 3302/40/1926 3303/41/1926 3298/42/1926
f 3304/40/1927 3309/41/1927 3305/42/1927
f 3305/40/1928 3309/41/1928 3306/42/1928
f 3306/40/1929 3309/41/1929 3307/42/1929
f 3305/40/1854 3306/41/1854 3307/42/1854
f 3307/40/1930 3309/41/1930 3308/42/1930
f 3308/40/1931 3309/41/1931 3304/42/1931
f 3310/40/1932 3315/41/1932 3311/42/1932
f 3311/40/1933 3315/41/1933 3312/42/1933
f 3312/40/1934 3315/41/1934 3313/42/1934
f 3311/40/1854 3312/41/1854 3313/42/1854
f 3313/40/1935 3315/41/1935 3314/42/1935
f 3314/40/1936 3315/41/1936 3310/42/1936
f 3316/40/1937 3321/41/1937 3317/42/1937
f 3317/40/1938 3321/41/1938 3318/42/1938
f 3318/40/1939 3321/41/1939 3319/42/1939
f 3317/40/1854 3319/41/1854 3320/42/1854
f 3319/40/1940 3321/41/1940 3320/42/1940
f 3320/40/1941 3321/41/1941 3316/42/1941
f 3322/40/1942 3327/41/1942 3323/42/1942
f 3323/40/1943 3327/41/1943 3324/42/1943
f 3324/40/1944 3327/41/1944 3325/42/1944
f 3323/40/1854 3324/41/1854 3325/42/1854
f 3325/40/1945 3327/41/1945 3326/42/1945
f 3326/40/1946 3327/41/1946 3322/42/1946
f 3328/40/1947 3333/41/1947 3329/42/1947
f 3329/40/1948 3333/41/1948 3330/42/1948
f 3330/40/1949 3333/41/1949 3331/42/1949
f 3329/40/1854 3330/41/1854 3331/42/1854
f 3331/40/1950 3333/41/1950 3332/42/1950
f 3332/40/1951 3333/41/1951 3328/42/1951
f 3334/40/1952 3339/41/1952 3335/42/1952
f 3335/40/1953 3339/41/1953 3336/42/1953
f 3336/40/1954 3339/41/1954 3337/42/1954
f 3335/40/1854 3336/41/1854 3337/42/1854
f 3337/40/1955 3339/41/1955 3338/42/1955
f 3338/40/1956 3339/41/1956 3334/42/1956
f 3340/40/1957 3345/41/1957 3341/42/1957
f 3341/40/1958 3345/41/1958 3342/42/1958
f 3342/40/1959 3345/41/1959 3343/42/1959
f 3341/40/1854 3343/41/1854 3344/42/1854
f 3343/40/1960 3345/41/1960 3344/42/1960
f 3344/40/1961 3345/41/1961 3340/42/1961
f 3346/40/1962 3351/41/1962 3347/42/1962
f 3347/40/1963 3351/41/1963 3348/42/1963
f 3348/40/1964 3351/41/1964 3349/42/1964
f 3347/40/1854 3349/41/1854 3350/42/1854
f 3349/40/1965 3351/41/1965 3350/42/1965
f 3350/40/1966 3351/41/1966 3346/42/1966
f 3352/40/1967 3357/41/1967 3353/42/1967
f 3353/40/1968 3357/41/1968 3354/42/1968
f 3354/40/1969 3357/41/1969 3355/42/1969
f 3353/40/1854 3354/41/1854 3355/42/1854
f 3355/40/1970 3357/41/1970 3356/42/1970
f 3356/40/1971 3357/41/1971 3352/42/1971
f 3358/40/1972 3363/41/1972 3359/42/1972
f 3359/40/1973 3363/41/1973 3360/42/1973
f 3360/40/1974 3363/41/1974 3361/42/1974
f 3359/40/1854 3361/41/1854 3362/42/1854
f 3361/40/1975 3363/41/1975 3362/42/1975
f 3362/40/1976 3363/41/1976 3358/42/1976
f 3364/40/1977 3369/41/1977 3365/42/1977
f 3365/40/1978 3369/41/1978 3366/42/1978
f 3366/40/1979 3369/41/1979 3367/42/1979
f 3365/40/1854 3367/41/1854 3368/42/1854
f 3367/40/1980 3369/41/1980 3368/42/1980
f 3368/40/1981 3369/41/1981 3364/42/1981
f 3370/40/1982 3375/41/1982 3371/42/1982
f 3371/40/1983 3375/41/1983 3372/42/1983
f 3372/40/1984 3375/41/1984 3373/42/1984
f 3371/40/1854 3373/41/1854 3374/42/1854
f 3373/40/1985 3375/41/1985 3374/42/1985
f 3374/40/1986 3375/41/1986 3370/42/1986
f 3376/40/1987 3381/41/1987 3377/42/1987
f 3377/40/1988 3381/41/1988 3378/42/1988
f 3378/40/1989 3381/41/1989 3379/42/1989
f 3377/40/1854 3379/41/1854 3380/42/1854
f 3379/40/1990 3381/41/1990 3380/42/1990
f 3380/40/1991 3381/41/1991 3376/42/1991
f 3382/40/1992 3387/41/1992 3383/42/1992
f 3383/40/1993 3387/41/1993 3384/42/1993
f 3384/40/1994 3387/41/1994 3385/42/1994
f 3383/40/1854 3385/41/1854 3386/42/1854
f 3385/40/1995 3387/41/1995 3386/42/1995
f 3386/40/1996 3387/41/1996 3382/42/1996
f 3388/40/1997 3393/41/1997 3389/42/1997
f 3389/40/1998 3393/41/1998 3390/42/1998
f 3390/40/1999 3393/41/1999 3391/42/1999
f 3389/40/1854 3391/41/1854 3392/42/1854
f 3391/40/2000 3393/41/2000 3392/42/2000
f 3392/40/2001 3393/41/2001 3388/42/2001
f 3394/40/2002 3399/41/2002 3395/42/2002
f 3395/40/2003 3399/41/2003 3396/42/2003
f 3396/40/2004 3399/41/2004 3397/42/2004
f 3395/40/1854 3397/41/1854 3398/42/1854
f 3397/40/2005 3399/41/2005 3398/42/2005
f 3398/40/2006 3399/41/2006 3394/42/2006
f 3400/40/2007 3405/41/2007 3401/42/2007
f 3401/40/2008 3405/41/2008 3402/42/2008
f 3402/40/2009 3405/41/2009 3403/42/2009
f 3401/40/1854 3403/41/1854 3404/42/1854
f 3403/40/2010 3405/41/2010 3404/42/2010
f 3404/40/2011 3405/41/2011 3400/42/2011
f 3218/40/1854 3214/41/1854 3217/42/1854
f 3214/40/1854 3215/41/1854 3217/42/1854
f 3224/40/1854 3220/41/1854 3223/42/1854
f 3220/40/1854 3221/41/1854 3223/42/1854
f 3230/40/1854 3226/41/1854 3227/42/1854
f 3227/40/1854 3228/41/1854 3229/42/1854
f 3236/40/1854 3232/41/1854 3233/42/1854
f 3233/40/1854 3234/41/1854 3235/42/1854
f 3242/40/1854 3238/41/1854 3239/42/1854
f 3239/40/1854 3240/41/1854 3241/42/1854
f 3248/40/1854 3244/41/1854 3247/42/1854
f 3244/40/1854 3245/41/1854 3247/42/1854
f 3254/40/1854 3250/41/1854 3251/42/1854
f 3251/40/1854 3252/41/1854 3253/42/1854
f 3260/40/1854 3256/41/1854 3257/42/1854
f 3257/40/1854 3258/41/1854 3259/42/1854
f 3266/40/1854 3262/41/1854 3263/42/1854
f 3263/40/1854 3264/41/1854 3265/42/1854
f 3272/40/1854 3268/41/1854 3269/42/1854
f 3269/40/1854 3270/41/1854 3271/42/1854
f 3278/40/1854 3274/41/1854 3275/42/1854
f 3275/40/1854 3276/41/1854 3277/42/1854
f 3284/40/1854 3280/41/1854 3281/42/1854
f 3281/40/1854 3282/41/1854 3283/42/1854
f 3290/40/1854 3286/41/1854 3287/42/1854
f 3287/40/1854 3288/41/1854 3289/42/1854
f 3296/40/1854 3292/41/1854 3295/42/1854
f 3292/40/1854 3293/41/1854 3295/42/1854
f 3302/40/1854 3298/41/1854 3301/42/1854
f 3298/40/1854 3299/41/1854 3301/42/1854
f 3308/40/1854 3304/41/1854 3307/42/1854
f 3304/40/1854 3305/41/1854 3307/42/1854
f 3314/40/1854 3310/41/1854 3313/42/1854
f 3310/40/1854 3311/41/1854 3313/42/1854
f 3320/40/1854 3316/41/1854 3317/42/1854
f 3317/40/1854 3318/41/1854 3319/42/1854
f 3326/40/1854 3322/41/1854 3325/42/1854
f 3322/40/1854 3323/41/1854 3325/42/1854
f 3332/40/1854 3328/41/1854 3331/42/1854
f 3328/40/1854 3329/41/1854 3331/42/1854
f 3338/40/1854 3334/41/1854 3337/42/1854
f 3334/40/1854 3335/41/1854 3337/42/1854
f 3344/40/1854 3340/41/1854 3341/42/1854
f 3341/40/1854 3342/41/1854 3343/42/1854
f 3350/40/1854 3346/41/1854 3347/42/1854
f 3347/40/1854 3348/41/1854 3349/42/1854
f 3356/40/1854 3352/41/1854 3355/42/1854
f 3352/40/1854 3353/41/1854 3355/42/1854
f 3362/40/1854 3358/41/1854 3359/42/1854
f 3359/40/1854 3360/41/1854 3361/42/1854
f 3368/40/1854 3364/41/1854 3365/42/1854
f 3365/40/1854 3366/41/1854 3367/42/1854
f 3374/40/1854 3370/41/1854 3371/42/1854
f 3371/40/1854 3372/41/1854 3373/42/1854
f 3380/40/1854 3376/41/1854 3377/42/1854
f 3377/40/1854 3378/41/1854 3379/42/1854
f 3386/40/1854 3382/41/1854 3383/42/1854
f 3383/40/1854 3384/41/1854 3385/42/1854
f 3392/40/1854 3388/41/1854 3389/42/1854
f 3389/40/1854 3390/41/1854 3391/42/1854
f 3398/40/1854 3394/41/1854 3395/42/1854
f 3395/40/1854 3396/41/1854 3397/42/1854
f 3404/40/1854 3400/41/1854 3401/42/1854
f 3401/40/1854 3402/41/1854 3403/42/1854
o cabin_Windows
v -0.500000 5.500000 4.882500
v -0.500000 6.700000 4.882500
v -0.500000 5.500000 4.782500
v -0.500000 6.700000 4.782500
v 0.500000 5.500000 4.882500
v 0.500000 6.700000 4.882500
v 0.500000 5.500000 4.782500
v 0.500000 6.700000 4.782500
v -5.900000 4.800000 4.742500
v -5.900000 7.600000 4.742500
v -5.900000 4.800000 4.642500
v -5.900000 7.600000 4.642500
v -3.700000 4.800000 4.742500
v -3.700000 7.600000 4.742500
v -3.700000 4.800000 4.642500
v -3.700000 7.600000 4.642500
v 3.700000 4.800000 4.742500
v 3.700000 7.600000 4.742500
v 3.700000 4.800000 4.642500
v 3.700000 7.600000 4.642500
v 5.900000 4.800000 4.742500
v 5.900000 7.600000 4.742500
v 5.900000 4.800000 4.642500
v 5.900000 7.600000 4.642500
v 2.000000 6.770000 5.462500
v 2.000000 7.370000 5.462500
v 2.000000 6.770000 5.062500
v 2.000000 7.370000 5.062500
v 2.400000 6.770000 5.462500
v 2.400000 7.370000 5.462500
v 2.400000 6.770000 5.062500
v 2.400000 7.370000 5.062500
v 8.580000 4.800000 -1.737500
v 8.580000 7.600000 -1.737500
v 8.480000 4.800000 -1.737500
v 8.480000 7.600000 -1.737500
v 8.580000 4.800000 -3.937500
v 8.580000 7.600000 -3.937500
v 8.480000 4.800000 -3.937500
v 8.480000 7.600000 -3.937500
v -8.580000 4.800000 -3.937500
v -8.580000 7.600000 -3.937500
v -8.480000 4.800000 -3.937500
v -8.480000 7.600000 -3.937500
v -8.580000 4.800000 -1.737500
v -8.580000 7.600000 -1.737500
v -8.480000 4.800000 -1.737500
v -8.480000 7.600000 -1.737500
v 1.100000 4.800000 -10.417500
v 1.100000 7.600000 -10.417500
v 1.100000 4.800000 -10.317501
v 1.100000 7.600000 -10.317501
v -1.100000 4.800000 -10.417500
v -1.100000 7.600000 -10.417500
v -1.100000 4.800000 -10.317500
v -1.100000 7.600000 -10.317500
v -0.900000 12.500000 4.392500
v -0.900000 14.700001 4.392500
v -0.900000 12.500000 4.292500
v -0.900000 14.700001 4.292500
v 0.900000 12.500000 4.392500
v 0.900000 14.700001 4.392500
v 0.900000 12.500000 4.292500
v 0.900000 14.700001 4.292500
vn -1.0000 -0.0000 -0.0000
vn -0.0000 -0.0000 -1.0000
vn 1.0000 -0.0000 -0.0000
vn -0.0000 -0.0000 1.0000
vn -0.0000 -1.0000 -0.0000
vn -0.0000 1.0000 -0.0000
vt 0.212500 0.214286
vt 0.175000 0.239029
vt 0.175000 0.189542
s 0
usemtl Palette
f 3407/43/2012 3408/44/2012 3406/45/2012
f 3409/43/2013 3412/44/2013 3408/45/2013
f 3413/43/2014 3410/44/2014 3412/45/2014
f 3411/43/2015 3406/44/2015 3410/45/2015
f 3412/43/2016 3406/44/2016 3408/45/2016
f 3409/43/2017 3411/44/2017 3413/45/2017
f 3415/43/2012 3416/44/2012 3414/45/2012
f 3417/43/2013 3420/44/2013 3416/45/2013
f 3421/43/2014 3418/44/2014 3420/45/2014
f 3419/43/2015 3414/44/2015 3418/45/2015
f 3420/43/2016 3414/44/2016 3416/45/2016
f 3417/43/2017 3419/44/2017 3421/45/2017
f 3423/43/2012 3424/44/2012 3422/45/2012
f 3425/43/2013 3428/44/2013 3424/45/2013
f 3429/43/2014 3426/44/2014 3428/45/2014
f 3427/43/2015 3422/44/2015 3426/45/2015
f 3428/43/2016 3422/44/2016 3424/45/2016
f 3425/43/2017 3427/44/2017 3429/45/2017
f 3431/43/2012 3432/44/2012 3430/45/2012
f 3433/43/2013 3436/44/2013 3432/45/2013
f 3437/43/2014 3434/44/2014 3436/45/2014
f 3435/43/2015 3430/44/2015 3434/45/2015
f 3436/43/2016 3430/44/2016 3432/45/2016
f 3433/43/2017 3435/44/2017 3437/45/2017
f 3439/43/2015 3440/44/2015 3438/45/2015
f 3441/43/2012 3444/44/2012 3440/45/2012
f 3445/43/2013 3442/44/2013 3444/45/2013
f 3443/43/2014 3438/44/2014 3442/45/2014
f 3444/43/2016 3438/44/2016 3440/45/2016
f 3441/43/2017 3443/44/2017 3445/45/2017
f 3447/43/2013 3448/44/2013 3446/45/2013
f 3449/43/2014 3452/44/2014 3448/45/2014
f 3453/43/2015 3450/44/2015 3452/45/2015
f 3451/43/2012 3446/44/2012 3450/45/2012
f 3452/43/2016 3446/44/2016 3448/45/2016
f 3449/43/2017 3451/44/2017 3453/45/2017
f 3455/43/2014 3456/44/2014 3454/45/2014
f 3457/43/2015 3460/44/2015 3456/45/2015
f 3461/43/2012 3458/44/2012 3460/45/2012
f 3459/43/2013 3454/44/2013 3458/45/2013
f 3456/43/2016 3458/44/2016 3454/45/2016
f 3457/43/2017 3459/44/2017 3461/45/2017
f 3463/43/2012 3464/44/2012 3462/45/2012
f 3465/43/2013 3468/44/2013 3464/45/2013
f 3469/43/2014 3466/44/2014 3468/45/2014
f 3467/43/2015 3462/44/2015 3466/45/2015
f 3468/43/2016 3462/44/2016 3464/45/2016
f 3465/43/2017 3467/44/2017 3469/45/2017
f 3407/43/2012 3409/44/2012 3408/45/2012
f 3409/43/2013 3413/44/2013 3412/45/2013
f 3413/43/2014 3411/44/2014 3410/45/2014
f 3411/43/2015 3407/44/2015 3406/45/2015
f 3412/43/2016 3410/44/2016 3406/45/2016
f 3409/43/2017 3407/44/2017 3411/45/2017
f 3415/43/2012 3417/44/2012 3416/45/2012
f 3417/43/2013 3421/44/2013 3420/45/2013
f 3421/43/2014 3419/44/2014 3418/45/2014
f 3419/43/2015 3415/44/2015 3414/45/2015
f 3420/43/2016 3418/44/2016 3414/45/2016
f 3417/43/2017 3415/44/2017 3419/45/2017
f 3423/43/2012 3425/44/2012 3424/45/2012
f 3425/43/2013 3429/44/2013 3428/45/2013
f 3429/43/2014 3427/44/2014 3426/45/2014
f 3427/43/2015 3423/44/2015 3422/45/2015
f 3428/43/2016 3426/44/2016 3422/45/2016
f 3425/43/2017 3423/44/2017 3427/45/2017
f 3431/43/2012 3433/44/2012 3432/45/2012
f 3433/43/2013 3437/44/2013 3436/45/2013
f 3437/43/2014 3435/44/2014 3434/45/2014
f 3435/43/2015 3431/44/2015 3430/45/2015
f 3436/43/2016 3434/44/2016 3430/45/2016
f 3433/43/2017 3431/44/2017 3435/45/2017
f 3439/43/2015 3441/44/2015 3440/45/2015
f 3441/43/2012 3445/44/2012 3444/45/2012
f 3445/43/2013 3443/44/2013 3442/45/2013
f 3443/43/2014 3439/44/2014 3438/45/2014
f 3444/43/2016 3442/44/2016 3438/45/2016
f 3441/43/2017 3439/44/2017 3443/45/2017
f 3447/43/2013 3449/44/2013 3448/45/2013
f 3449/43/2014 3453/44/2014 3452/45/2014
f 3453/43/2015 3451/44/2015 3450/45/2015
f 3451/43/2012 3447/44/2012 3446/45/2012
f 3452/43/2016 3450/44/2016 3446/45/2016
f 3449/43/2017 3447/44/2017 3451/45/2017
f 3455/43/2014 3457/44/2014 3456/45/2014
f 3457/43/2015 3461/44/2015 3460/45/2015
f 3461/43/2012 3459/44/2012 3458/45/2012
f 3459/43/2013 3455/44/2013 3454/45/2013
f 3456/43/2016 3460/44/2016 3458/45/2016
f 3457/43/2017 3455/44/2017 3459/45/2017
f 3463/43/2012 3465/44/2012 3464/45/2012
f 3465/43/2013 3469/44/2013 3468/45/2013
f 3469/43/2014 3467/44/2014 3466/45/2014
f 3467/43/2015 3463/44/2015 3462/45/2015
f 3468/43/2016 3466/44/2016 3462/45/2016
f 3465/43/2017 3463/44/2017 3467/45/2017
