# Blender 5.0.1
# www.blender.org
mtllib snowman.mtl
o snowman
v 0.000000 0.000000 0.000000
v 1.302493 0.915404 0.946306
v -0.497498 0.915404 1.531169
v -1.609967 0.915411 0.000000
v -0.497498 0.915404 -1.531169
v 1.302493 0.915404 -0.946306
v 0.497498 2.396596 1.531169
v -1.302493 2.396595 0.946306
v -1.302493 2.396595 -0.946306
v 0.497498 2.396596 -1.531169
v 1.609967 2.396589 0.000000
v 0.000000 3.312000 0.000000
v -0.419079 0.567148 1.289814
v -0.292420 0.247316 0.899991
v -0.139692 0.053075 0.429935
v 0.365726 0.053075 0.265712
v 0.765581 0.247317 0.556220
v 1.097184 0.567149 0.797141
v 0.957494 0.824188 1.227082
v 0.473164 0.785378 1.456221
v -0.053351 0.824188 1.555531
v 1.462913 0.824190 -0.531428
v 1.531166 0.785381 0.000000
v 1.462913 0.824190 0.531428
v 0.365726 0.053075 -0.265712
v 0.765581 0.247317 -0.556220
v 1.097184 0.567149 -0.797141
v -1.356195 0.567155 0.000000
v -0.946314 0.247321 0.000000
v -0.452065 0.053077 0.000000
v -0.871148 0.824189 1.289816
v -1.238741 0.785381 0.899994
v -1.495891 0.824194 0.429936
v -0.419079 0.567148 -1.289814
v -0.292420 0.247316 -0.899991
v -0.139692 0.053075 -0.429935
v -1.495891 0.824194 -0.429936
v -1.238741 0.785381 -0.899994
v -0.871148 0.824189 -1.289816
v -0.053351 0.824188 -1.555531
v 0.473164 0.785378 -1.456221
v 0.957494 0.824188 -1.227082
v 1.721926 2.071903 0.265713
v 1.711904 1.656000 0.556223
v 1.549256 1.240094 0.797144
v 1.549256 1.240094 -0.797144
v 1.711904 1.656000 -0.556223
v 1.721926 2.071903 -0.265713
v 0.279387 2.071907 1.719760
v 0.000000 1.656000 1.800000
v -0.279387 1.240093 1.719760
v 1.236885 1.240092 1.227088
v 1.058014 1.656000 1.456230
v 0.784812 2.071908 1.555538
v -1.549256 2.071906 0.797144
v -1.711904 1.656000 0.556223
v -1.721926 1.240097 0.265713
v -0.784812 1.240092 1.555538
v -1.058014 1.656000 1.456230
v -1.236885 2.071908 1.227088
v -1.236885 2.071908 -1.227088
v -1.058014 1.656000 -1.456230
v -0.784812 1.240092 -1.555538
v -1.721926 1.240097 -0.265713
v -1.711904 1.656000 -0.556223
v -1.549256 2.071906 -0.797144
v 0.784812 2.071908 -1.555538
v 1.058014 1.656000 -1.456230
v 1.236885 1.240092 -1.227088
v -0.279387 1.240093 -1.719760
v 0.000000 1.656000 -1.800000
v 0.279387 2.071907 -1.719760
v 1.495891 2.487807 0.429936
v 1.238741 2.526619 0.899994
v 0.871148 2.487812 1.289816
v 0.053351 2.487812 1.555531
v -0.473164 2.526622 1.456221
v -0.957494 2.487812 1.227082
v -1.462913 2.487810 0.531428
v -1.531166 2.526618 0.000000
v -1.462913 2.487810 -0.531428
v -0.957494 2.487812 -1.227082
v -0.473164 2.526622 -1.456221
v 0.053351 2.487812 -1.555531
v 0.871148 2.487812 -1.289816
v 1.238741 2.526619 -0.899994
v 1.495891 2.487807 -0.429936
v 0.139692 3.258925 0.429935
v 0.292420 3.064684 0.899991
v 0.419079 2.744852 1.289814
v 1.356195 2.744844 0.000000
v 0.946314 3.064679 0.000000
v 0.452065 3.258924 0.000000
v -0.365726 3.258924 0.265712
v -0.765581 3.064683 0.556220
v -1.097184 2.744851 0.797141
v -0.365726 3.258924 -0.265712
v -0.765581 3.064683 -0.556220
v -1.097184 2.744851 -0.797141
v 0.139692 3.258925 -0.429935
v 0.292420 3.064684 -0.899991
v 0.419079 2.744852 -1.289814
v 0.651241 3.137175 -0.473153
v 1.148748 2.854298 -0.473155
v 0.804976 2.854301 -0.946311
v -0.248755 3.137176 -0.765575
v -0.095021 2.854302 -1.238733
v -0.651247 2.854302 -1.058001
v -0.804978 3.137175 0.000000
v -1.207470 2.854300 -0.292423
v -1.207470 2.854300 0.292423
v -0.248755 3.137176 0.765575
v -0.651247 2.854302 1.058001
v -0.095021 2.854302 1.238733
v 0.651241 3.137175 0.473153
v 0.804976 2.854301 0.946311
v 1.148748 2.854298 0.473155
v 1.551248 2.113712 -0.765579
v 1.456235 1.656000 -1.058008
v 1.207477 2.113714 -1.238740
v -0.248757 2.113714 -1.711899
v -0.556230 1.655999 -1.711902
v -0.804987 2.113714 -1.531168
v -1.704984 2.113711 -0.292424
v -1.800000 1.656001 0.000001
v -1.704983 2.113713 0.292424
v -0.804988 2.113713 1.531167
v -0.556231 1.655999 1.711902
v -0.248759 2.113713 1.711899
v 1.207477 2.113712 1.238742
v 1.456234 1.655997 1.058009
v 1.551247 2.113709 0.765582
v 0.556231 1.656000 -1.711902
v 0.804988 1.198286 -1.531167
v 0.248758 1.198286 -1.711899
v -1.456233 1.656000 -1.058010
v -1.207474 1.198286 -1.238743
v -1.551245 1.198288 -0.765583
v -1.456233 1.656000 1.058010
v -1.551246 1.198288 0.765583
v -1.207474 1.198286 1.238743
v 0.556231 1.656000 1.711902
v 0.248758 1.198286 1.711899
v 0.804988 1.198285 1.531167
v 1.800000 1.656000 0.000000
v 1.704984 1.198288 0.292424
v 1.704984 1.198288 -0.292424
v 0.651246 0.457699 -1.058002
v 0.248754 0.174825 -0.765578
v 0.095020 0.457700 -1.238735
v -0.804979 0.457699 -0.946309
v -0.651242 0.174826 -0.473153
v -1.148750 0.457703 -0.473153
v -1.148750 0.457703 0.473155
v -0.651242 0.174827 0.473156
v -0.804979 0.457701 0.946312
v 1.207471 0.457701 -0.292422
v 1.207472 0.457702 0.292424
v 0.804980 0.174826 0.000001
v 0.095023 0.457699 1.238734
v 0.248758 0.174825 0.765577
v 0.651249 0.457700 1.058002
v 0.000000 2.756000 0.000000
v 0.940690 3.474615 0.683443
v -0.359304 3.474614 1.105844
v -1.162754 3.474620 0.000000
v -0.359304 3.474614 -1.105844
v 0.940690 3.474615 -0.683443
v 0.359304 4.637386 1.105844
v -0.940690 4.637385 0.683443
v -0.940690 4.637385 -0.683443
v 0.359304 4.637386 -1.105844
v 1.162754 4.637381 0.000000
v 0.000000 5.356000 0.000000
v -0.302668 3.201225 0.931532
v -0.211192 2.950149 0.649994
v -0.100889 2.797666 0.310509
v 0.264135 2.797666 0.191903
v 0.552920 2.950150 0.401715
v 0.792411 3.201226 0.575713
v 0.691523 3.403008 0.886226
v 0.341729 3.372541 1.051715
v -0.038531 3.403008 1.123439
v 1.056548 3.403009 -0.383809
v 1.105842 3.372543 0.000000
v 1.056548 3.403009 0.383809
v 0.264135 2.797666 -0.191903
v 0.552920 2.950150 -0.401715
v 0.792411 3.201226 -0.575713
v -0.979474 3.201231 0.000000
v -0.683449 2.950153 0.000000
v -0.326491 2.797667 0.000000
v -0.629163 3.403008 0.931534
v -0.894646 3.372543 0.649996
v -1.080366 3.403012 0.310509
v -0.302668 3.201225 -0.931532
v -0.211192 2.950149 -0.649994
v -0.100889 2.797666 -0.310509
v -1.080366 3.403012 -0.310509
v -0.894646 3.372543 -0.649996
v -0.629163 3.403008 -0.931534
v -0.038531 3.403008 -1.123439
v 0.341729 3.372541 -1.051715
v 0.691523 3.403008 -0.886226
v 1.243613 4.382494 0.191904
v 1.236375 4.056000 0.401716
v 1.118907 3.729504 0.575715
v 1.118907 3.729504 -0.575715
v 1.236375 4.056000 -0.401716
v 1.243613 4.382494 -0.191904
v 0.201780 4.382497 1.242049
v 0.000000 4.056000 1.300000
v -0.201780 3.729503 1.242049
v 0.893306 3.729503 0.886230
v 0.764121 4.056000 1.051722
v 0.566809 4.382498 1.123444
v -1.118907 4.382496 0.575715
v -1.236375 4.056000 0.401716
v -1.243613 3.729506 0.191904
v -0.566809 3.729503 1.123444
v -0.764121 4.056000 1.051722
v -0.893306 4.382498 0.886230
v -0.893306 4.382498 -0.886230
v -0.764121 4.056000 -1.051722
v -0.566809 3.729503 -1.123444
v -1.243613 3.729506 -0.191904
v -1.236375 4.056000 -0.401716
v -1.118907 4.382496 -0.575715
v 0.566809 4.382498 -1.123444
v 0.764121 4.056000 -1.051722
v 0.893306 3.729503 -0.886230
v -0.201780 3.729503 -1.242049
v 0.000000 4.056000 -1.300000
v 0.201780 4.382497 -1.242049
v 1.080366 4.708988 0.310509
v 0.894646 4.739457 0.649996
v 0.629163 4.708992 0.931534
v 0.038531 4.708992 1.123439
v -0.341729 4.739459 1.051715
v -0.691523 4.708992 0.886226
v -1.056548 4.708991 0.383809
v -1.105842 4.739457 -0.000000
v -1.056548 4.708991 -0.383809
v -0.691523 4.708992 -0.886226
v -0.341729 4.739459 -1.051715
v 0.038531 4.708992 -1.123439
v 0.629163 4.708992 -0.931534
v 0.894646 4.739457 -0.649996
v 1.080366 4.708988 -0.310509
v 0.100889 5.314335 0.310509
v 0.211192 5.161851 0.649994
v 0.302668 4.910775 0.931532
v 0.979474 4.910769 0.000000
v 0.683449 5.161847 0.000000
v 0.326491 5.314334 0.000000
v -0.264135 5.314335 0.191903
v -0.552920 5.161850 0.401715
v -0.792411 4.910775 0.575713
v -0.264135 5.314335 -0.191903
v -0.552920 5.161850 -0.401715
v -0.792411 4.910775 -0.575713
v 0.100889 5.314335 -0.310509
v 0.211192 5.161851 -0.649994
v 0.302668 4.910775 -0.931532
v 0.470340 5.218758 -0.341722
v 0.829652 4.996693 -0.341723
v 0.581372 4.996695 -0.683447
v -0.179656 5.218759 -0.552915
v -0.068626 4.996696 -0.894640
v -0.470345 4.996696 -0.764112
v -0.581373 5.218758 0.000000
v -0.872062 4.996694 -0.211194
v -0.872062 4.996694 0.211194
v -0.179656 5.218759 0.552915
v -0.470345 4.996696 0.764112
v -0.068626 4.996696 0.894640
v 0.470340 5.218758 0.341722
v 0.581372 4.996695 0.683447
v 0.829652 4.996693 0.341723
v 1.120345 4.415315 -0.552918
v 1.051725 4.056000 -0.764117
v 0.872067 4.415317 -0.894646
v -0.179658 4.415316 -1.236372
v -0.401721 4.056000 -1.236374
v -0.581380 4.415317 -1.105843
v -1.231377 4.415315 -0.211195
v -1.300000 4.056001 0.000000
v -1.231377 4.415316 0.211195
v -0.581380 4.415316 1.105843
v -0.401722 4.055999 1.236373
v -0.179659 4.415316 1.236372
v 0.872066 4.415315 0.894647
v 1.051724 4.055998 0.764118
v 1.120345 4.415313 0.552920
v 0.401722 4.056000 -1.236373
v 0.581380 3.696683 -1.105843
v 0.179659 3.696683 -1.236371
v -1.051724 4.056000 -0.764118
v -0.872065 3.696684 -0.894648
v -1.120344 3.696685 -0.552921
v -1.051724 4.056000 0.764118
v -1.120344 3.696685 0.552921
v -0.872065 3.696683 0.894648
v 0.401722 4.056000 1.236373
v 0.179659 3.696683 1.236371
v 0.581380 3.696683 1.105843
v 1.300000 4.056000 0.000000
v 1.231377 3.696685 0.211195
v 1.231377 3.696685 -0.211195
v 0.470345 3.115305 -0.764113
v 0.179656 2.893242 -0.552918
v 0.068626 3.115306 -0.894642
v -0.581374 3.115305 -0.683445
v -0.470342 2.893243 -0.341721
v -0.829653 3.115308 -0.341722
v -0.829653 3.115308 0.341723
v -0.470342 2.893243 0.341724
v -0.581374 3.115306 0.683447
v 0.872062 3.115306 -0.211194
v 0.872063 3.115307 0.211195
v 0.581374 2.893243 0.000001
v 0.068627 3.115305 0.894641
v 0.179658 2.893242 0.552917
v 0.470346 3.115306 0.764113
v 0.000000 4.956000 0.000000
v 0.687427 5.481142 0.499439
v -0.262569 5.481141 0.808117
v -0.849705 5.481145 0.000000
v -0.262569 5.481141 -0.808117
v 0.687427 5.481142 -0.499439
v 0.262569 6.330859 0.808117
v -0.687427 6.330859 0.499439
v -0.687427 6.330859 -0.499439
v 0.262569 6.330859 -0.808117
v 0.849705 6.330855 0.000000
v 0.000000 6.856000 0.000000
v -0.221180 5.281357 0.680735
v -0.154333 5.097878 0.474996
v -0.073726 4.986448 0.226910
v 0.193022 4.986448 0.140237
v 0.404057 5.097878 0.293561
v 0.579069 5.281357 0.420714
v 0.505344 5.428813 0.647627
v 0.249725 5.406549 0.768561
v -0.028157 5.428813 0.820975
v 0.772093 5.428814 -0.280476
v 0.808115 5.406551 0.000000
v 0.772093 5.428814 0.280476
v 0.193022 4.986448 -0.140237
v 0.404057 5.097878 -0.293561
v 0.579069 5.281357 -0.420714
v -0.715770 5.281361 0.000000
v -0.499443 5.097881 0.000000
v -0.238590 4.986449 0.000000
v -0.459773 5.428813 0.680736
v -0.653780 5.406550 0.474997
v -0.789498 5.428816 0.226911
v -0.221180 5.281357 -0.680735
v -0.154333 5.097878 -0.474996
v -0.073726 4.986448 -0.226910
v -0.789498 5.428816 -0.226911
v -0.653780 5.406550 -0.474997
v -0.459773 5.428813 -0.680736
v -0.028157 5.428813 -0.820975
v 0.249725 5.406549 -0.768561
v 0.505344 5.428813 -0.647627
v 0.908794 6.144592 0.140237
v 0.903505 5.906000 0.293562
v 0.817663 5.667407 0.420715
v 0.817663 5.667407 -0.420715
v 0.903505 5.906000 -0.293562
v 0.908794 6.144592 -0.140237
v 0.147454 6.144594 0.907651
v 0.000000 5.906000 0.950000
v -0.147454 5.667406 0.907651
v 0.652801 5.667406 0.647630
v 0.558396 5.906000 0.768566
v 0.414206 6.144595 0.820978
v -0.817663 6.144593 0.420715
v -0.903505 5.906000 0.293562
v -0.908794 5.667408 0.140237
v -0.414206 5.667406 0.820978
v -0.558396 5.906000 0.768566
v -0.652801 6.144595 0.647630
v -0.652801 6.144595 -0.647630
v -0.558396 5.906000 -0.768566
v -0.414206 5.667406 -0.820978
v -0.908794 5.667408 -0.140237
v -0.903505 5.906000 -0.293562
v -0.817663 6.144593 -0.420715
v 0.414206 6.144595 -0.820978
v 0.558396 5.906000 -0.768566
v 0.652801 5.667406 -0.647630
v -0.147454 5.667406 -0.907651
v 0.000000 5.906000 -0.950000
v 0.147454 6.144594 -0.907651
v 0.789498 6.383184 0.226911
v 0.653780 6.405449 0.474997
v 0.459773 6.383187 0.680736
v 0.028157 6.383187 0.820975
v -0.249725 6.405451 0.768561
v -0.505344 6.383187 0.647627
v -0.772093 6.383186 0.280476
v -0.808115 6.405449 0.000000
v -0.772093 6.383186 -0.280476
v -0.505344 6.383187 -0.647627
v -0.249725 6.405451 -0.768561
v 0.028157 6.383187 -0.820975
v 0.459773 6.383187 -0.680736
v 0.653780 6.405449 -0.474997
v 0.789498 6.383184 -0.226911
v 0.073726 6.825552 0.226910
v 0.154333 6.714122 0.474996
v 0.221180 6.530643 0.680735
v 0.715770 6.530639 0.000000
v 0.499443 6.714119 0.000000
v 0.238590 6.825552 0.000000
v -0.193022 6.825552 0.140237
v -0.404057 6.714122 0.293561
v -0.579069 6.530643 0.420714
v -0.193022 6.825552 -0.140237
v -0.404057 6.714122 -0.293561
v -0.579069 6.530643 -0.420714
v 0.073726 6.825552 -0.226910
v 0.154333 6.714122 -0.474996
v 0.221180 6.530643 -0.680735
v 0.343710 6.755708 -0.249720
v 0.606284 6.593430 -0.249721
v 0.424849 6.593431 -0.499442
v -0.131287 6.755709 -0.404054
v -0.050150 6.593432 -0.653776
v -0.343714 6.593431 -0.558389
v -0.424849 6.755708 0.000000
v -0.637276 6.593431 -0.154334
v -0.637276 6.593431 0.154334
v -0.131287 6.755709 0.404054
v -0.343714 6.593431 0.558389
v -0.050150 6.593432 0.653776
v 0.343710 6.755708 0.249720
v 0.424849 6.593431 0.499442
v 0.606284 6.593430 0.249721
v 0.818714 6.168576 -0.404056
v 0.768568 5.906000 -0.558393
v 0.637280 6.168578 -0.653780
v -0.131289 6.168577 -0.903502
v -0.293566 5.906000 -0.903504
v -0.424854 6.168578 -0.808116
v -0.899853 6.168576 -0.154335
v -0.950000 5.906001 0.000000
v -0.899852 6.168577 0.154335
v -0.424855 6.168577 0.808116
v -0.293566 5.905999 0.903504
v -0.131289 6.168577 0.903502
v 0.637279 6.168576 0.653780
v 0.768568 5.905998 0.558394
v 0.818714 6.168575 0.404057
v 0.293566 5.906000 -0.903504
v 0.424855 5.643422 -0.808116
v 0.131289 5.643423 -0.903502
v -0.768568 5.906000 -0.558394
v -0.637278 5.643423 -0.653781
v -0.818713 5.643424 -0.404058
v -0.768568 5.906000 0.558394
v -0.818713 5.643424 0.404058
v -0.637278 5.643423 0.653781
v 0.293566 5.906000 0.903504
v 0.131289 5.643423 0.903502
v 0.424855 5.643422 0.808116
v 0.950000 5.906000 0.000000
v 0.899853 5.643424 0.154335
v 0.899853 5.643424 -0.154335
v 0.343713 5.218569 -0.558390
v 0.131287 5.056293 -0.404055
v 0.050150 5.218570 -0.653777
v -0.424850 5.218569 -0.499441
v -0.343711 5.056293 -0.249719
v -0.606285 5.218571 -0.249720
v -0.606285 5.218571 0.249721
v -0.343711 5.056293 0.249721
v -0.424850 5.218570 0.499442
v 0.637276 5.218570 -0.154334
v 0.637277 5.218571 0.154335
v 0.424850 5.056293 0.000001
v 0.050151 5.218569 0.653776
v 0.131289 5.056293 0.404055
v 0.343715 5.218570 0.558390
v 0.000000 3.526000 1.220000
v 0.094068 3.597862 1.288344
v -0.035930 3.597862 1.330583
v -0.116275 3.597862 1.220000
v -0.035930 3.597862 1.109417
v 0.094068 3.597862 1.151656
v 0.035930 3.714138 1.330583
v -0.094068 3.714138 1.288344
v -0.094068 3.714138 1.151656
v 0.035930 3.714138 1.109417
v 0.116275 3.714138 1.220000
v 0.000000 3.786000 1.220000
v 0.000000 4.126000 1.270000
v 0.094068 4.197862 1.338344
v -0.035930 4.197862 1.380583
v -0.116275 4.197862 1.270000
v -0.035930 4.197862 1.159417
v 0.094068 4.197862 1.201656
v 0.035930 4.314138 1.380583
v -0.094068 4.314138 1.338344
v -0.094068 4.314138 1.201656
v 0.035930 4.314138 1.159417
v 0.116275 4.314138 1.270000
v 0.000000 4.386000 1.270000
v 0.000000 4.726000 1.220000
v 0.094068 4.797863 1.288344
v -0.035930 4.797863 1.330583
v -0.116275 4.797863 1.220000
v -0.035930 4.797863 1.109417
v 0.094068 4.797863 1.151656
v 0.035930 4.914138 1.330583
v -0.094068 4.914138 1.288344
v -0.094068 4.914138 1.151656
v 0.035930 4.914138 1.109417
v 0.116275 4.914138 1.220000
v 0.000000 4.986001 1.220000
v -0.330000 6.036000 0.840000
v -0.243168 6.102334 0.903086
v -0.363166 6.102334 0.942077
v -0.437331 6.102334 0.840000
v -0.363166 6.102334 0.737923
v -0.243168 6.102334 0.776914
v -0.296834 6.209666 0.942077
v -0.416832 6.209666 0.903086
v -0.416832 6.209666 0.776914
v -0.296834 6.209666 0.737923
v -0.222669 6.209666 0.840000
v -0.330000 6.276000 0.840000
v 0.330000 6.036000 0.840000
v 0.416832 6.102334 0.903086
v 0.296834 6.102334 0.942077
v 0.222669 6.102334 0.840000
v 0.296834 6.102334 0.737923
v 0.416832 6.102334 0.776914
v 0.363166 6.209666 0.942077
v 0.243168 6.209666 0.903086
v 0.243168 6.209666 0.776914
v 0.363166 6.209666 0.737923
v 0.437331 6.209666 0.840000
v 0.330000 6.276000 0.840000
v 0.000000 6.066000 0.800000
v 0.138564 5.986000 0.800000
v 0.138564 5.826000 0.800000
v 0.000000 5.746000 0.800000
v -0.138564 5.826000 0.800000
v -0.138564 5.986000 0.800000
v 0.000000 5.906000 1.700000
v -0.360000 5.536000 0.860000
v -0.309348 5.574695 0.896800
v -0.379347 5.574695 0.919545
v -0.422610 5.574695 0.860000
v -0.379347 5.574695 0.800455
v -0.309348 5.574695 0.823200
v -0.340653 5.637305 0.919545
v -0.410652 5.637305 0.896800
v -0.410652 5.637305 0.823200
v -0.340653 5.637305 0.800455
v -0.297390 5.637305 0.860000
v -0.360000 5.676001 0.860000
v -0.180000 5.486000 0.860000
v -0.129348 5.524695 0.896800
v -0.199347 5.524695 0.919545
v -0.242610 5.524695 0.860000
v -0.199347 5.524695 0.800455
v -0.129348 5.524695 0.823200
v -0.160653 5.587305 0.919545
v -0.230652 5.587305 0.896800
v -0.230652 5.587305 0.823200
v -0.160653 5.587305 0.800455
v -0.117390 5.587305 0.860000
v -0.180000 5.626000 0.860000
v 0.000000 5.436000 0.860000
v 0.050652 5.474695 0.896800
v -0.019347 5.474695 0.919545
v -0.062610 5.474695 0.860000
v -0.019347 5.474695 0.800455
v 0.050652 5.474695 0.823200
v 0.019347 5.537305 0.919545
v -0.050652 5.537305 0.896800
v -0.050652 5.537305 0.823200
v 0.019347 5.537305 0.800455
v 0.062610 5.537305 0.860000
v 0.000000 5.576000 0.860000
v 0.180000 5.486000 0.860000
v 0.230652 5.524695 0.896800
v 0.160653 5.524695 0.919545
v 0.117390 5.524695 0.860000
v 0.160653 5.524695 0.800455
v 0.230652 5.524695 0.823200
v 0.199347 5.587305 0.919545
v 0.129348 5.587305 0.896800
v 0.129348 5.587305 0.823200
v 0.199347 5.587305 0.800455
v 0.242610 5.587305 0.860000
v 0.180000 5.626000 0.860000
v 0.360000 5.536000 0.860000
v 0.410652 5.574695 0.896800
v 0.340653 5.574695 0.919545
v 0.297390 5.574695 0.860000
v 0.340653 5.574695 0.800455
v 0.410652 5.574695 0.823200
v 0.379347 5.637305 0.919545
v 0.309348 5.637305 0.896800
v 0.309348 5.637305 0.823200
v 0.379347 5.637305 0.800455
v 0.422610 5.637305 0.860000
v 0.360000 5.676001 0.860000
v 1.200000 5.056000 0.000000
v 1.090000 5.246526 0.000000
v 0.870000 5.246526 0.000000
v 0.760000 5.056000 0.000000
v 0.870000 4.865475 0.000000
v 1.090000 4.865475 0.000000
v 1.108656 5.056000 -0.459220
v 1.007029 5.246526 -0.417125
v 0.803775 5.246526 -0.332935
v 0.702148 5.056000 -0.290839
v 0.803775 4.865475 -0.332935
v 1.007029 4.865475 -0.417125
v 0.848528 5.056000 -0.848528
v 0.770746 5.246526 -0.770746
v 0.615183 5.246526 -0.615183
v 0.537401 5.056000 -0.537401
v 0.615183 4.865475 -0.615183
v 0.770746 4.865475 -0.770746
v 0.459220 5.056000 -1.108655
v 0.417125 5.246526 -1.007029
v 0.332935 5.246526 -0.803775
v 0.290840 5.056000 -0.702148
v 0.332935 4.865475 -0.803775
v 0.417125 4.865475 -1.007029
v 0.000000 5.056000 -1.200000
v 0.000000 5.246526 -1.090000
v 0.000000 5.246526 -0.870000
v 0.000000 5.056000 -0.760000
v 0.000000 4.865475 -0.870000
v 0.000000 4.865475 -1.090000
v -0.459220 5.056000 -1.108655
v -0.417125 5.246526 -1.007029
v -0.332935 5.246526 -0.803775
v -0.290839 5.056000 -0.702148
v -0.332935 4.865475 -0.803775
v -0.417125 4.865475 -1.007029
v -0.848528 5.056000 -0.848528
v -0.770747 5.246526 -0.770746
v -0.615183 5.246526 -0.615183
v -0.537401 5.056000 -0.537401
v -0.615183 4.865475 -0.615183
v -0.770747 4.865475 -0.770746
v -1.108655 5.056000 -0.459220
v -1.007029 5.246526 -0.417125
v -0.803775 5.246526 -0.332935
v -0.702148 5.056000 -0.290839
v -0.803775 4.865475 -0.332935
v -1.007029 4.865475 -0.417125
v -1.200000 5.056000 -0.000000
v -1.090000 5.246526 -0.000000
v -0.870000 5.246526 -0.000000
v -0.760000 5.056000 -0.000000
v -0.870000 4.865475 -0.000000
v -1.090000 4.865475 -0.000000
v -1.108656 5.056000 0.459220
v -1.007029 5.246526 0.417125
v -0.803775 5.246526 0.332934
v -0.702149 5.056000 0.290839
v -0.803775 4.865475 0.332934
v -1.007029 4.865475 0.417125
v -0.848528 5.056000 0.848528
v -0.770747 5.246526 0.770746
v -0.615183 5.246526 0.615183
v -0.537401 5.056000 0.537401
v -0.615183 4.865475 0.615183
v -0.770747 4.865475 0.770746
v -0.459220 5.056000 1.108655
v -0.417125 5.246526 1.007029
v -0.332935 5.246526 0.803775
v -0.290839 5.056000 0.702148
v -0.332935 4.865475 0.803775
v -0.417125 4.865475 1.007029
v 0.000000 5.056000 1.200000
v 0.000000 5.246526 1.090000
v 0.000000 5.246526 0.870000
v 0.000000 5.056000 0.760000
v 0.000000 4.865475 0.870000
v 0.000000 4.865475 1.090000
v 0.459220 5.056000 1.108655
v 0.417125 5.246526 1.007029
v 0.332935 5.246526 0.803775
v 0.290840 5.056000 0.702148
v 0.332935 4.865475 0.803775
v 0.417125 4.865475 1.007029
v 0.848528 5.056000 0.848529
v 0.770746 5.246526 0.770747
v 0.615183 5.246526 0.615183
v 0.537401 5.056000 0.537401
v 0.615183 4.865475 0.615183
v 0.770746 4.865475 0.770747
v 1.108655 5.056000 0.459221
v 1.007029 5.246526 0.417125
v 0.803775 5.246526 0.332935
v 0.702148 5.056000 0.290840
v 0.803775 4.865475 0.332935
v 1.007029 4.865475 0.417125
v 0.358767 3.802584 0.887736
v 0.321150 5.089932 1.064707
v 0.387591 3.822068 0.752128
v 0.349974 5.109416 0.929099
v 0.750026 3.802584 0.970901
v 0.712409 5.089932 1.147872
v 0.778850 3.822068 0.835293
v 0.741233 5.109416 1.012264
v 0.000000 6.646000 -1.050000
v 0.000000 6.766000 -1.050000
v 0.401818 6.646000 -0.970073
v 0.401818 6.766000 -0.970073
v 0.742462 6.646000 -0.742462
v 0.742462 6.766000 -0.742462
v 0.970073 6.646000 -0.401818
v 0.970073 6.766000 -0.401818
v 1.050000 6.646000 0.000000
v 1.050000 6.766000 0.000000
v 0.970073 6.646000 0.401818
v 0.970073 6.766000 0.401818
v 0.742462 6.646000 0.742462
v 0.742462 6.766000 0.742462
v 0.401818 6.646000 0.970073
v 0.401818 6.766000 0.970073
v 0.000000 6.646000 1.050000
v 0.000000 6.766000 1.050000
v -0.401818 6.646000 0.970073
v -0.401818 6.766000 0.970073
v -0.742462 6.646000 0.742462
v -0.742462 6.766000 0.742462
v -0.970073 6.646000 0.401818
v -0.970073 6.766000 0.401818
v -1.050000 6.646000 0.000000
v -1.050000 6.766000 0.000000
v -0.970073 6.646000 -0.401818
v -0.970073 6.766000 -0.401818
v -0.742462 6.646000 -0.742462
v -0.742462 6.766000 -0.742462
v -0.401818 6.646000 -0.970073
v -0.401818 6.766000 -0.970073
v 0.000000 6.756000 -0.650000
v 0.000000 7.856000 -0.650000
v 0.248744 6.756000 -0.600522
v 0.248744 7.856000 -0.600522
v 0.459619 6.756000 -0.459619
v 0.459619 7.856000 -0.459619
v 0.600522 6.756000 -0.248744
v 0.600522 7.856000 -0.248744
v 0.650000 6.756000 0.000000
v 0.650000 7.856000 0.000000
v 0.600522 6.756000 0.248744
v 0.600522 7.856000 0.248744
v 0.459619 6.756000 0.459619
v 0.459619 7.856000 0.459619
v 0.248744 6.756000 0.600522
v 0.248744 7.856000 0.600522
v 0.000000 6.756000 0.650000
v 0.000000 7.856000 0.650000
v -0.248744 6.756000 0.600522
v -0.248744 7.856000 0.600522
v -0.459619 6.756000 0.459619
v -0.459619 7.856000 0.459619
v -0.600522 6.756000 0.248744
v -0.600522 7.856000 0.248744
v -0.650000 6.756000 0.000000
v -0.650000 7.856000 0.000000
v -0.600522 6.756000 -0.248744
v -0.600522 7.856000 -0.248744
v -0.459619 6.756000 -0.459619
v -0.459619 7.856000 -0.459619
v -0.248744 6.756000 -0.600522
v -0.248744 7.856000 -0.600522
v 0.000000 6.806000 -0.670000
v 0.000000 7.006000 -0.670000
v 0.256398 6.806000 -0.618999
v 0.256398 7.006000 -0.618999
v 0.473762 6.806000 -0.473762
v 0.473762 7.006000 -0.473762
v 0.618999 6.806000 -0.256398
v 0.618999 7.006000 -0.256398
v 0.670000 6.806000 0.000000
v 0.670000 7.006000 0.000000
v 0.618999 6.806000 0.256398
v 0.618999 7.006000 0.256398
v 0.473762 6.806000 0.473762
v 0.473762 7.006000 0.473762
v 0.256398 6.806000 0.618999
v 0.256398 7.006000 0.618999
v 0.000000 6.806000 0.670000
v 0.000000 7.006000 0.670000
v -0.256398 6.806000 0.618999
v -0.256398 7.006000 0.618999
v -0.473762 6.806000 0.473762
v -0.473762 7.006000 0.473762
v -0.618999 6.806000 0.256398
v -0.618999 7.006000 0.256398
v -0.670000 6.806000 0.000000
v -0.670000 7.006000 0.000000
v -0.618999 6.806000 -0.256398
v -0.618999 7.006000 -0.256398
v -0.473762 6.806000 -0.473762
v -0.473762 7.006000 -0.473762
v -0.256398 6.806000 -0.618999
v -0.256398 7.006000 -0.618999
v -1.102918 4.361230 -0.079776
v -2.402918 5.161230 0.020224
v -1.060898 4.422276 -0.021877
v -2.360898 5.222275 0.078123
v -1.072915 4.391731 0.066255
v -2.372915 5.191730 0.166255
v -1.122363 4.311808 0.062824
v -2.422363 5.111807 0.162824
v -1.140906 4.292957 -0.027427
v -2.440906 5.092957 0.072573
v -2.400000 5.156000 0.020000
v -3.000000 5.856000 0.020000
v -2.342233 5.205515 0.075279
v -2.942233 5.905515 0.075279
v -2.364298 5.186602 0.164721
v -2.964298 5.886602 0.164721
v -2.435703 5.125398 0.164721
v -3.035703 5.825398 0.164721
v -2.457768 5.106484 0.075279
v -3.057768 5.806485 0.075279
v -2.400001 5.236000 0.100000
v -2.400000 5.212568 0.043431
v -2.400000 5.099432 0.043431
v -2.400000 5.076000 0.100000
v -2.346200 5.212568 0.082519
v -2.323916 5.156000 0.075279
v -2.346200 5.099432 0.082519
v -2.366750 5.212568 0.145765
v -2.352978 5.156000 0.164721
v -2.366750 5.099432 0.145765
v -2.433251 5.212568 0.145765
v -2.447023 5.156000 0.164721
v -2.433250 5.099432 0.145765
v -2.453800 5.212568 0.082519
v -2.476085 5.156000 0.075279
v -2.453800 5.099432 0.082519
v -2.409616 5.165806 0.051923
v -2.909616 5.165806 0.151923
v -2.401142 5.205659 0.094288
v -2.901142 5.205659 0.194288
v -2.391091 5.176886 0.144547
v -2.891091 5.176886 0.244547
v -2.393352 5.119248 0.133243
v -2.893352 5.119248 0.233243
v -2.404800 5.112401 0.075999
v -2.904800 5.112401 0.175999
v 1.102918 4.361230 -0.079776
v 2.402918 5.161230 0.020224
v 1.140906 4.292957 -0.027427
v 2.440906 5.092957 0.072573
v 1.122363 4.311808 0.062824
v 2.422363 5.111807 0.162824
v 1.072915 4.391731 0.066255
v 2.372915 5.191730 0.166255
v 1.060898 4.422276 -0.021877
v 2.360898 5.222275 0.078123
v 2.400000 5.156000 0.020000
v 3.000000 5.856000 0.020000
v 2.457768 5.106484 0.075279
v 3.057768 5.806485 0.075279
v 2.435703 5.125398 0.164721
v 3.035703 5.825398 0.164721
v 2.364298 5.186602 0.164721
v 2.964298 5.886602 0.164721
v 2.342233 5.205515 0.075279
v 2.942233 5.905515 0.075279
v 2.400001 5.236000 0.100000
v 2.400000 5.212568 0.043431
v 2.400000 5.099432 0.043431
v 2.400000 5.076000 0.100000
v 2.453800 5.212568 0.082519
v 2.476085 5.156000 0.075279
v 2.453800 5.099432 0.082519
v 2.433251 5.212568 0.145765
v 2.447023 5.156000 0.164721
v 2.433250 5.099432 0.145765
v 2.366750 5.212568 0.145765
v 2.352978 5.156000 0.164721
v 2.366750 5.099432 0.145765
v 2.346200 5.212568 0.082519
v 2.323916 5.156000 0.075279
v 2.346200 5.099432 0.082519
v 2.409616 5.165806 0.051923
v 2.909616 5.165806 0.151923
v 2.404800 5.112401 0.075999
v 2.904800 5.112401 0.175999
v 2.393352 5.119248 0.133243
v 2.893352 5.119248 0.233243
v 2.391091 5.176886 0.144547
v 2.891091 5.176886 0.244547
v 2.401142 5.205659 0.094288
v 2.901142 5.205659 0.194288
vn 0.0444 -0.9896 0.1366
vn 0.7036 -0.5866 0.4010
vn -0.1162 -0.9896 0.0844
vn -0.1162 -0.9896 -0.0844
vn 0.0444 -0.9896 -0.1366
vn 0.8077 -0.4272 0.4063
vn -0.1368 -0.4272 0.8937
vn -0.8923 -0.4272 0.1461
vn -0.4147 -0.4272 -0.8034
vn 0.6360 -0.4272 -0.6426
vn 0.7648 -0.3260 0.5557
vn -0.2921 -0.3260 0.8991
vn -0.9454 -0.3260 -0.0000
vn -0.2921 -0.3260 -0.8991
vn 0.7648 -0.3260 -0.5557
vn 0.3335 0.5866 0.7380
vn -0.5988 0.5866 0.5453
vn -0.7036 0.5866 -0.4010
vn 0.1640 0.5866 -0.7931
vn 0.8050 0.5866 -0.0891
vn 0.1162 0.9896 -0.0844
vn 0.3644 0.9273 -0.0852
vn 0.6129 0.7854 -0.0870
vn 0.2161 0.9637 -0.1570
vn 0.1936 0.9273 -0.3203
vn 0.4869 0.8563 -0.1724
vn 0.4652 0.8182 -0.3380
vn 0.3144 0.8563 -0.4098
vn 0.2721 0.7854 -0.5560
vn 0.7258 0.6682 -0.1636
vn 0.7038 0.6274 -0.3332
vn 0.5755 0.7028 -0.4182
vn 0.5344 0.6274 -0.5664
vn 0.3799 0.6682 -0.6397
vn 0.3335 0.5866 -0.7380
vn -0.0444 0.9896 -0.1366
vn 0.0316 0.9273 -0.3729
vn 0.1066 0.7854 -0.6097
vn -0.0825 0.9637 -0.2540
vn -0.2448 0.9273 -0.2831
vn -0.0135 0.8563 -0.5163
vn -0.1777 0.8182 -0.5469
vn -0.2925 0.8563 -0.4257
vn -0.4447 0.7854 -0.4306
vn 0.0686 0.6682 -0.7408
vn -0.0994 0.6274 -0.7723
vn -0.2198 0.7028 -0.6766
vn -0.3735 0.6274 -0.6833
vn -0.4910 0.6682 -0.5590
vn -0.5988 0.5866 -0.5453
vn -0.1436 0.9896 -0.0000
vn -0.3449 0.9273 -0.1453
vn -0.5469 0.7854 -0.2898
vn -0.2671 0.9637 -0.0000
vn -0.3449 0.9273 0.1453
vn -0.4952 0.8563 -0.1467
vn -0.5750 0.8182 -0.0000
vn -0.4952 0.8563 0.1467
vn -0.5469 0.7854 0.2898
vn -0.6834 0.6682 -0.2942
vn -0.7653 0.6274 -0.1441
vn -0.7114 0.7028 -0.0000
vn -0.7653 0.6274 0.1441
vn -0.6834 0.6682 0.2942
vn -0.7036 0.5866 0.4010
vn -0.0444 0.9896 0.1366
vn -0.2448 0.9273 0.2831
vn -0.4447 0.7854 0.4306
vn -0.0825 0.9637 0.2540
vn 0.0316 0.9273 0.3729
vn -0.2925 0.8563 0.4257
vn -0.1777 0.8182 0.5469
vn -0.0135 0.8563 0.5163
vn 0.1066 0.7854 0.6097
vn -0.4910 0.6682 0.5590
vn -0.3735 0.6274 0.6833
vn -0.2198 0.7028 0.6766
vn -0.0994 0.6274 0.7723
vn 0.0686 0.6682 0.7408
vn 0.1640 0.5866 0.7931
vn 0.1162 0.9896 0.0844
vn 0.1936 0.9273 0.3203
vn 0.2721 0.7854 0.5560
vn 0.2161 0.9637 0.1570
vn 0.3644 0.9273 0.0852
vn 0.3144 0.8563 0.4098
vn 0.4652 0.8182 0.3380
vn 0.4869 0.8563 0.1724
vn 0.6129 0.7854 0.0870
vn 0.3799 0.6682 0.6397
vn 0.5344 0.6274 0.5664
vn 0.5755 0.7028 0.4182
vn 0.7038 0.6274 0.3332
vn 0.7258 0.6682 0.1636
vn 0.8050 0.5866 0.0891
vn 0.8923 0.4272 -0.1461
vn 0.9340 0.1892 -0.3031
vn 0.8878 -0.0852 -0.4523
vn 0.8866 0.3747 -0.2714
vn 0.7902 0.4699 -0.3935
vn 0.8861 0.1045 -0.4515
vn 0.7921 0.2033 -0.5755
vn 0.7456 0.3880 -0.5417
vn 0.6184 0.4699 -0.6299
vn 0.7951 -0.1845 -0.5777
vn 0.7045 -0.0852 -0.7045
vn 0.7032 0.1045 -0.7032
vn 0.5769 0.1892 -0.7946
vn 0.5321 0.3747 -0.7593
vn 0.4147 0.4272 -0.8034
vn 0.1368 0.4272 -0.8937
vn 0.0004 0.1892 -0.9819
vn -0.1559 -0.0852 -0.9841
vn 0.0159 0.3747 -0.9270
vn -0.1300 0.4699 -0.8731
vn -0.1556 0.1045 -0.9823
vn -0.3026 0.2033 -0.9312
vn -0.2848 0.3880 -0.8766
vn -0.4080 0.4699 -0.7828
vn -0.3037 -0.1845 -0.9347
vn -0.4523 -0.0852 -0.8878
vn -0.4515 0.1045 -0.8861
vn -0.5775 0.1892 -0.7942
vn -0.5577 0.3747 -0.7407
vn -0.6360 0.4272 -0.6426
vn -0.8077 0.4272 -0.4063
vn -0.9338 0.1892 -0.3038
vn -0.9841 -0.0852 -0.1559
vn -0.8767 0.3747 -0.3015
vn -0.8705 0.4699 -0.1461
vn -0.9823 0.1045 -0.1556
vn -0.9791 0.2033 -0.0000
vn -0.9217 0.3880 -0.0000
vn -0.8705 0.4699 0.1461
vn -0.9828 -0.1845 -0.0000
vn -0.9841 -0.0852 0.1559
vn -0.9823 0.1045 0.1556
vn -0.9338 0.1892 0.3038
vn -0.8767 0.3747 0.3015
vn -0.8077 0.4272 0.4063
vn -0.6360 0.4272 0.6426
vn -0.5775 0.1892 0.7942
vn -0.4523 -0.0852 0.8878
vn -0.5577 0.3747 0.7406
vn -0.4080 0.4699 0.7828
vn -0.4515 0.1045 0.8861
vn -0.3026 0.2033 0.9312
vn -0.2848 0.3880 0.8766
vn -0.1300 0.4699 0.8731
vn -0.3037 -0.1845 0.9347
vn -0.1559 -0.0852 0.9841
vn -0.1556 0.1045 0.9823
vn 0.0004 0.1892 0.9819
vn 0.0159 0.3747 0.9270
vn 0.1368 0.4272 0.8937
vn 0.4147 0.4272 0.8034
vn 0.5769 0.1892 0.7946
vn 0.7045 -0.0852 0.7045
vn 0.5321 0.3747 0.7593
vn 0.6184 0.4699 0.6299
vn 0.7032 0.1045 0.7032
vn 0.7921 0.2033 0.5755
vn 0.7456 0.3880 0.5417
vn 0.7902 0.4699 0.3935
vn 0.7951 -0.1845 0.5777
vn 0.8878 -0.0852 0.4523
vn 0.8861 0.1045 0.4515
vn 0.9340 0.1892 0.3031
vn 0.8866 0.3747 0.2714
vn 0.8923 0.4272 0.1461
vn 0.2921 0.3260 -0.8991
vn 0.4523 0.0852 -0.8878
vn 0.5775 -0.1892 -0.7942
vn 0.3037 0.1845 -0.9347
vn 0.1559 0.0852 -0.9841
vn 0.4515 -0.1045 -0.8861
vn 0.3026 -0.2033 -0.9312
vn 0.1556 -0.1045 -0.9823
vn -0.0004 -0.1892 -0.9819
vn 0.5577 -0.3747 -0.7407
vn 0.4080 -0.4699 -0.7828
vn 0.2848 -0.3880 -0.8766
vn 0.1300 -0.4699 -0.8731
vn -0.0159 -0.3747 -0.9270
vn -0.1368 -0.4272 -0.8937
vn -0.7648 0.3260 -0.5557
vn -0.7045 0.0852 -0.7045
vn -0.5769 -0.1892 -0.7946
vn -0.7951 0.1845 -0.5777
vn -0.8878 0.0852 -0.4523
vn -0.7032 -0.1045 -0.7032
vn -0.7921 -0.2033 -0.5755
vn -0.8861 -0.1045 -0.4515
vn -0.9340 -0.1892 -0.3031
vn -0.5321 -0.3747 -0.7593
vn -0.6184 -0.4699 -0.6299
vn -0.7456 -0.3880 -0.5417
vn -0.7902 -0.4699 -0.3935
vn -0.8866 -0.3747 -0.2714
vn -0.8923 -0.4272 -0.1461
vn -0.7648 0.3260 0.5557
vn -0.8878 0.0852 0.4523
vn -0.9340 -0.1892 0.3031
vn -0.7951 0.1845 0.5777
vn -0.7045 0.0852 0.7045
vn -0.8861 -0.1045 0.4515
vn -0.7921 -0.2033 0.5755
vn -0.7032 -0.1045 0.7032
vn -0.5769 -0.1892 0.7946
vn -0.8866 -0.3747 0.2714
vn -0.7902 -0.4699 0.3935
vn -0.7456 -0.3880 0.5417
vn -0.6184 -0.4699 0.6299
vn -0.5321 -0.3747 0.7593
vn -0.4147 -0.4272 0.8034
vn 0.2921 0.3260 0.8991
vn 0.1559 0.0852 0.9841
vn -0.0004 -0.1892 0.9819
vn 0.3037 0.1845 0.9347
vn 0.4523 0.0852 0.8878
vn 0.1556 -0.1045 0.9823
vn 0.3026 -0.2033 0.9312
vn 0.4515 -0.1045 0.8861
vn 0.5775 -0.1892 0.7942
vn -0.0159 -0.3747 0.9270
vn 0.1300 -0.4699 0.8731
vn 0.2848 -0.3880 0.8766
vn 0.4080 -0.4699 0.7828
vn 0.5577 -0.3747 0.7407
vn 0.6360 -0.4272 0.6426
vn 0.9454 0.3260 -0.0000
vn 0.9841 0.0852 0.1559
vn 0.9338 -0.1892 0.3038
vn 0.9828 0.1845 -0.0000
vn 0.9841 0.0852 -0.1559
vn 0.9823 -0.1045 0.1556
vn 0.9791 -0.2033 -0.0000
vn 0.9823 -0.1045 -0.1556
vn 0.9338 -0.1892 -0.3038
vn 0.8767 -0.3747 0.3015
vn 0.8705 -0.4699 0.1461
vn 0.9217 -0.3880 -0.0000
vn 0.8705 -0.4699 -0.1461
vn 0.8767 -0.3747 -0.3015
vn 0.8077 -0.4272 -0.4063
vn 0.5988 -0.5866 -0.5453
vn 0.4447 -0.7854 -0.4306
vn 0.2448 -0.9273 -0.2831
vn 0.4910 -0.6682 -0.5590
vn 0.3735 -0.6274 -0.6833
vn 0.2925 -0.8563 -0.4257
vn 0.1777 -0.8182 -0.5469
vn 0.2198 -0.7028 -0.6766
vn 0.0994 -0.6274 -0.7723
vn 0.0825 -0.9637 -0.2540
vn -0.0316 -0.9273 -0.3729
vn 0.0135 -0.8563 -0.5163
vn -0.1066 -0.7854 -0.6097
vn -0.0686 -0.6682 -0.7408
vn -0.1640 -0.5866 -0.7931
vn -0.3335 -0.5866 -0.7380
vn -0.2721 -0.7854 -0.5560
vn -0.1936 -0.9273 -0.3203
vn -0.3799 -0.6682 -0.6397
vn -0.5344 -0.6274 -0.5664
vn -0.3144 -0.8563 -0.4098
vn -0.4652 -0.8182 -0.3380
vn -0.5755 -0.7028 -0.4182
vn -0.7038 -0.6274 -0.3332
vn -0.2161 -0.9637 -0.1570
vn -0.3644 -0.9273 -0.0852
vn -0.4869 -0.8563 -0.1724
vn -0.6129 -0.7854 -0.0870
vn -0.7258 -0.6682 -0.1636
vn -0.8050 -0.5866 -0.0891
vn -0.8050 -0.5866 0.0891
vn -0.6129 -0.7854 0.0870
vn -0.3644 -0.9273 0.0852
vn -0.7258 -0.6682 0.1636
vn -0.7038 -0.6274 0.3332
vn -0.4869 -0.8563 0.1724
vn -0.4652 -0.8181 0.3380
vn -0.5755 -0.7028 0.4182
vn -0.5344 -0.6274 0.5664
vn -0.2161 -0.9637 0.1570
vn -0.1936 -0.9273 0.3203
vn -0.3144 -0.8563 0.4098
vn -0.2721 -0.7854 0.5560
vn -0.3799 -0.6682 0.6397
vn -0.3335 -0.5866 0.7380
vn 0.7036 -0.5866 -0.4010
vn 0.7653 -0.6274 -0.1441
vn 0.7653 -0.6274 0.1441
vn 0.6834 -0.6682 -0.2942
vn 0.5469 -0.7854 -0.2898
vn 0.7114 -0.7028 -0.0000
vn 0.5750 -0.8182 -0.0000
vn 0.4952 -0.8563 -0.1467
vn 0.3449 -0.9273 -0.1453
vn 0.6834 -0.6682 0.2942
vn 0.5469 -0.7854 0.2898
vn 0.4952 -0.8563 0.1467
vn 0.3449 -0.9273 0.1453
vn 0.2671 -0.9637 -0.0000
vn 0.1436 -0.9896 -0.0000
vn -0.1640 -0.5866 0.7931
vn -0.1066 -0.7854 0.6097
vn -0.0316 -0.9273 0.3729
vn -0.0686 -0.6682 0.7408
vn 0.0994 -0.6274 0.7723
vn 0.0135 -0.8563 0.5163
vn 0.1777 -0.8182 0.5469
vn 0.2198 -0.7028 0.6766
vn 0.3735 -0.6274 0.6833
vn 0.0825 -0.9637 0.2540
vn 0.2448 -0.9273 0.2831
vn 0.2925 -0.8563 0.4257
vn 0.4447 -0.7854 0.4306
vn 0.4910 -0.6682 0.5590
vn 0.5988 -0.5866 0.5453
vn 0.0482 -0.9878 0.1482
vn 0.7230 -0.5545 0.4121
vn -0.1261 -0.9878 0.0916
vn -0.1261 -0.9878 -0.0916
vn 0.0482 -0.9878 -0.1482
vn 0.8193 -0.3987 0.4121
vn -0.1387 -0.3987 0.9065
vn -0.9050 -0.3987 0.1482
vn -0.4206 -0.3987 -0.8149
vn 0.6451 -0.3987 -0.6519
vn 0.7711 -0.3024 0.5603
vn -0.2945 -0.3024 0.9065
vn -0.9532 -0.3024 -0.0000
vn -0.2945 -0.3024 -0.9065
vn 0.7711 -0.3024 -0.5603
vn 0.3427 0.5545 0.7583
vn -0.6153 0.5545 0.5603
vn -0.7230 0.5545 -0.4121
vn 0.1685 0.5545 -0.8149
vn 0.8271 0.5545 -0.0916
vn 0.1261 0.9878 -0.0916
vn 0.3912 0.9158 -0.0915
vn 0.6441 0.7594 -0.0915
vn 0.2334 0.9575 -0.1696
vn 0.2079 0.9158 -0.3438
vn 0.5168 0.8363 -0.1830
vn 0.4911 0.7947 -0.3568
vn 0.3338 0.8363 -0.4350
vn 0.2860 0.7594 -0.5843
vn 0.7520 0.6369 -0.1696
vn 0.7261 0.5955 -0.3438
vn 0.5987 0.6726 -0.4350
vn 0.5513 0.5955 -0.5843
vn 0.3936 0.6369 -0.6628
vn 0.3427 0.5545 -0.7583
vn -0.0482 0.9878 -0.1482
vn 0.0339 0.9158 -0.4003
vn 0.1121 0.7594 -0.6409
vn -0.0891 0.9575 -0.2743
vn -0.2627 0.9158 -0.3039
vn -0.0144 0.8363 -0.5481
vn -0.1876 0.7947 -0.5773
vn -0.3105 0.8363 -0.4519
vn -0.4674 0.7594 -0.4526
vn 0.0711 0.6369 -0.7676
vn -0.1026 0.5955 -0.7968
vn -0.2287 0.6726 -0.7038
vn -0.3854 0.5955 -0.7049
vn -0.5087 0.6369 -0.5792
vn -0.6153 0.5545 -0.5603
vn -0.1558 0.9878 -0.0000
vn -0.3702 0.9158 -0.1559
vn -0.5749 0.7594 -0.3046
vn -0.2885 0.9575 -0.0000
vn -0.3702 0.9158 0.1559
vn -0.5257 0.8363 -0.1557
vn -0.6071 0.7947 -0.0000
vn -0.5257 0.8363 0.1557
vn -0.5749 0.7594 0.3046
vn -0.7081 0.6369 -0.3049
vn -0.7895 0.5955 -0.1487
vn -0.7400 0.6726 -0.0000
vn -0.7895 0.5955 0.1487
vn -0.7081 0.6369 0.3049
vn -0.7230 0.5545 0.4121
vn -0.0482 0.9878 0.1482
vn -0.2627 0.9158 0.3039
vn -0.4674 0.7594 0.4526
vn -0.0891 0.9575 0.2743
vn 0.0339 0.9158 0.4003
vn -0.3105 0.8363 0.4519
vn -0.1876 0.7947 0.5773
vn -0.0144 0.8363 0.5481
vn 0.1121 0.7594 0.6409
vn -0.5087 0.6369 0.5792
vn -0.3854 0.5955 0.7049
vn -0.2287 0.6726 0.7038
vn -0.1026 0.5955 0.7968
vn 0.0711 0.6369 0.7676
vn 0.1685 0.5545 0.8149
vn 0.1261 0.9878 0.0916
vn 0.2079 0.9158 0.3438
vn 0.2860 0.7594 0.5843
vn 0.2334 0.9575 0.1696
vn 0.3912 0.9158 0.0915
vn 0.3338 0.8363 0.4350
vn 0.4911 0.7947 0.3568
vn 0.5168 0.8363 0.1830
vn 0.6441 0.7594 0.0915
vn 0.3936 0.6369 0.6628
vn 0.5513 0.5955 0.5843
vn 0.5987 0.6726 0.4350
vn 0.7261 0.5955 0.3438
vn 0.7520 0.6369 0.1696
vn 0.8271 0.5545 0.0916
vn 0.9050 0.3987 -0.1482
vn 0.9366 0.1745 -0.3039
vn 0.8883 -0.0784 -0.4526
vn 0.8963 0.3485 -0.2744
vn 0.8039 0.4399 -0.4003
vn 0.8869 0.0962 -0.4519
vn 0.7947 0.1876 -0.5773
vn 0.7544 0.3611 -0.5481
vn 0.6291 0.4399 -0.6409
vn 0.7972 -0.1702 -0.5792
vn 0.7049 -0.0784 -0.7049
vn 0.7038 0.0962 -0.7038
vn 0.5785 0.1745 -0.7968
vn 0.5379 0.3485 -0.7676
vn 0.4206 0.3987 -0.8149
vn 0.1387 0.3987 -0.9065
vn 0.0004 0.1745 -0.9846
vn -0.1560 -0.0784 -0.9846
vn 0.0160 0.3485 -0.9372
vn -0.1323 0.4399 -0.8883
vn -0.1557 0.0962 -0.9831
vn -0.3035 0.1876 -0.9342
vn -0.2882 0.3611 -0.8869
vn -0.4151 0.4399 -0.7964
vn -0.3045 -0.1702 -0.9372
vn -0.4526 -0.0784 -0.8883
vn -0.4519 0.0962 -0.8869
vn -0.5791 0.1745 -0.7964
vn -0.5638 0.3485 -0.7488
vn -0.6451 0.3987 -0.6519
vn -0.8193 0.3987 -0.4121
vn -0.9363 0.1745 -0.3046
vn -0.9846 -0.0784 -0.1560
vn -0.8864 0.3485 -0.3049
vn -0.8857 0.4399 -0.1487
vn -0.9831 0.0962 -0.1557
vn -0.9822 0.1876 -0.0000
vn -0.9325 0.3611 -0.0000
vn -0.8857 0.4399 0.1487
vn -0.9854 -0.1702 -0.0000
vn -0.9846 -0.0784 0.1560
vn -0.9831 0.0962 0.1557
vn -0.9363 0.1745 0.3046
vn -0.8864 0.3485 0.3049
vn -0.8193 0.3987 0.4121
vn -0.6451 0.3987 0.6519
vn -0.5791 0.1745 0.7964
vn -0.4526 -0.0784 0.8883
vn -0.5638 0.3485 0.7488
vn -0.4151 0.4399 0.7964
vn -0.4519 0.0962 0.8869
vn -0.3035 0.1876 0.9342
vn -0.2882 0.3611 0.8869
vn -0.1323 0.4399 0.8883
vn -0.3045 -0.1702 0.9372
vn -0.1560 -0.0784 0.9846
vn -0.1557 0.0962 0.9831
vn 0.0004 0.1745 0.9846
vn 0.0160 0.3485 0.9372
vn 0.1387 0.3987 0.9065
vn 0.4206 0.3987 0.8149
vn 0.5785 0.1745 0.7968
vn 0.7049 -0.0784 0.7049
vn 0.5379 0.3485 0.7676
vn 0.6291 0.4399 0.6409
vn 0.7038 0.0962 0.7038
vn 0.7947 0.1876 0.5774
vn 0.7544 0.3611 0.5481
vn 0.8039 0.4399 0.4003
vn 0.7972 -0.1702 0.5792
vn 0.8883 -0.0784 0.4526
vn 0.8869 0.0962 0.4519
vn 0.9366 0.1745 0.3039
vn 0.8963 0.3485 0.2744
vn 0.9050 0.3987 0.1482
vn 0.2945 0.3024 -0.9065
vn 0.4526 0.0784 -0.8883
vn 0.5791 -0.1745 -0.7964
vn 0.3045 0.1702 -0.9372
vn 0.1560 0.0784 -0.9846
vn 0.4519 -0.0962 -0.8869
vn 0.3035 -0.1876 -0.9342
vn 0.1557 -0.0962 -0.9831
vn -0.0004 -0.1745 -0.9846
vn 0.5638 -0.3485 -0.7488
vn 0.4151 -0.4399 -0.7964
vn 0.2882 -0.3611 -0.8869
vn 0.1323 -0.4399 -0.8883
vn -0.0160 -0.3485 -0.9372
vn -0.1387 -0.3987 -0.9065
vn -0.7711 0.3024 -0.5603
vn -0.7049 0.0784 -0.7049
vn -0.5785 -0.1745 -0.7968
vn -0.7972 0.1702 -0.5792
vn -0.8883 0.0784 -0.4526
vn -0.7038 -0.0962 -0.7038
vn -0.7947 -0.1876 -0.5774
vn -0.8869 -0.0962 -0.4519
vn -0.9366 -0.1745 -0.3039
vn -0.5379 -0.3485 -0.7676
vn -0.6291 -0.4399 -0.6409
vn -0.7544 -0.3611 -0.5481
vn -0.8039 -0.4399 -0.4003
vn -0.8963 -0.3485 -0.2744
vn -0.9050 -0.3987 -0.1482
vn -0.7711 0.3024 0.5603
vn -0.8883 0.0784 0.4526
vn -0.9366 -0.1745 0.3039
vn -0.7972 0.1702 0.5792
vn -0.7049 0.0784 0.7049
vn -0.8869 -0.0962 0.4519
vn -0.7947 -0.1876 0.5773
vn -0.7038 -0.0962 0.7038
vn -0.5785 -0.1745 0.7968
vn -0.8963 -0.3485 0.2744
vn -0.8039 -0.4399 0.4003
vn -0.7544 -0.3611 0.5481
vn -0.6291 -0.4399 0.6409
vn -0.5379 -0.3485 0.7676
vn -0.4206 -0.3987 0.8149
vn 0.2945 0.3024 0.9065
vn 0.1560 0.0784 0.9846
vn -0.0004 -0.1745 0.9846
vn 0.3045 0.1702 0.9372
vn 0.4526 0.0784 0.8883
vn 0.1557 -0.0962 0.9831
vn 0.3035 -0.1876 0.9342
vn 0.4519 -0.0962 0.8869
vn 0.5791 -0.1745 0.7964
vn -0.0160 -0.3485 0.9372
vn 0.1323 -0.4399 0.8883
vn 0.2882 -0.3611 0.8869
vn 0.4151 -0.4399 0.7964
vn 0.5638 -0.3485 0.7488
vn 0.6451 -0.3987 0.6519
vn 0.9532 0.3024 -0.0000
vn 0.9846 0.0784 0.1560
vn 0.9363 -0.1745 0.3046
vn 0.9854 0.1702 -0.0000
vn 0.9846 0.0784 -0.1560
vn 0.9831 -0.0962 0.1557
vn 0.9822 -0.1876 -0.0000
vn 0.9831 -0.0962 -0.1557
vn 0.9363 -0.1745 -0.3046
vn 0.8864 -0.3485 0.3049
vn 0.8857 -0.4399 0.1487
vn 0.9325 -0.3611 -0.0000
vn 0.8857 -0.4399 -0.1487
vn 0.8864 -0.3485 -0.3049
vn 0.8193 -0.3987 -0.4121
vn 0.6153 -0.5545 -0.5603
vn 0.4674 -0.7594 -0.4526
vn 0.2627 -0.9158 -0.3039
vn 0.5087 -0.6369 -0.5792
vn 0.3854 -0.5955 -0.7049
vn 0.3105 -0.8363 -0.4519
vn 0.1876 -0.7947 -0.5773
vn 0.2287 -0.6726 -0.7038
vn 0.1026 -0.5955 -0.7968
vn 0.0891 -0.9575 -0.2744
vn -0.0339 -0.9158 -0.4003
vn 0.0144 -0.8363 -0.5481
vn -0.1121 -0.7594 -0.6409
vn -0.0711 -0.6369 -0.7676
vn -0.1685 -0.5545 -0.8149
vn -0.3427 -0.5545 -0.7583
vn -0.2860 -0.7594 -0.5843
vn -0.2079 -0.9158 -0.3438
vn -0.3936 -0.6369 -0.6628
vn -0.5513 -0.5955 -0.5843
vn -0.3338 -0.8363 -0.4350
vn -0.4911 -0.7947 -0.3568
vn -0.5987 -0.6726 -0.4350
vn -0.7261 -0.5955 -0.3438
vn -0.2334 -0.9575 -0.1696
vn -0.3912 -0.9158 -0.0915
vn -0.5168 -0.8363 -0.1830
vn -0.6441 -0.7594 -0.0915
vn -0.7520 -0.6369 -0.1696
vn -0.8271 -0.5545 -0.0916
vn -0.8271 -0.5545 0.0916
vn -0.6441 -0.7594 0.0915
vn -0.3912 -0.9158 0.0915
vn -0.7520 -0.6369 0.1696
vn -0.7261 -0.5955 0.3438
vn -0.5168 -0.8363 0.1830
vn -0.4911 -0.7947 0.3568
vn -0.5987 -0.6726 0.4350
vn -0.5513 -0.5955 0.5843
vn -0.2334 -0.9575 0.1696
vn -0.2079 -0.9158 0.3438
vn -0.3338 -0.8363 0.4350
vn -0.2860 -0.7594 0.5843
vn -0.3936 -0.6369 0.6628
vn -0.3427 -0.5545 0.7583
vn 0.7230 -0.5545 -0.4121
vn 0.7895 -0.5955 -0.1487
vn 0.7895 -0.5955 0.1487
vn 0.7081 -0.6369 -0.3049
vn 0.5749 -0.7594 -0.3046
vn 0.7400 -0.6726 -0.0000
vn 0.6071 -0.7947 -0.0000
vn 0.5257 -0.8363 -0.1557
vn 0.3702 -0.9158 -0.1559
vn 0.7081 -0.6369 0.3049
vn 0.5749 -0.7594 0.3046
vn 0.5257 -0.8363 0.1557
vn 0.3702 -0.9158 0.1559
vn 0.2885 -0.9575 -0.0000
vn 0.1558 -0.9878 -0.0000
vn -0.1685 -0.5545 0.8149
vn -0.1121 -0.7594 0.6409
vn -0.0339 -0.9158 0.4003
vn -0.0711 -0.6369 0.7676
vn 0.1026 -0.5955 0.7968
vn 0.0144 -0.8363 0.5481
vn 0.1876 -0.7947 0.5773
vn 0.2287 -0.6726 0.7038
vn 0.3854 -0.5955 0.7049
vn 0.0891 -0.9575 0.2744
vn 0.2627 -0.9158 0.3039
vn 0.3105 -0.8363 0.4519
vn 0.4674 -0.7594 0.4526
vn 0.5087 -0.6369 0.5792
vn 0.6153 -0.5545 0.5603
vn -0.7947 -0.1876 0.5774
vn 0.3702 -0.9158 0.1560
vn 0.1876 -0.7947 0.5774
vn 0.1876 -0.7947 -0.5774
vn 0.7946 0.1876 0.5774
vn 0.7946 0.1876 -0.5774
vn -0.1876 0.7947 0.5774
vn -0.1876 0.7947 -0.5774
vn 0.6071 -0.7946 -0.0000
vn -0.7946 -0.1876 0.5774
vn -0.7946 -0.1876 -0.5774
vn -0.6071 0.7946 -0.0000
vn 0.1876 -0.7946 0.5774
vn 0.1876 -0.7946 -0.5774
vn 0.4911 0.7946 0.3568
vn -0.1876 0.7946 0.5774
vn -0.1876 0.7946 -0.5774
vn 0.4911 0.7946 -0.3568
vn 0.4942 0.8559 0.1522
vn 0.9884 -0.0000 0.1522
vn 0.4942 -0.8559 0.1522
vn -0.4942 -0.8559 0.1522
vn -0.0000 -0.0000 -1.0000
vn -0.9884 -0.0000 0.1522
vn -0.4942 0.8559 0.1522
vn 0.7947 0.1876 -0.5774
vn 0.8535 0.4927 -0.1698
vn -0.0000 1.0000 -0.0000
vn -0.8535 0.4927 0.1698
vn -0.8535 -0.4927 0.1698
vn -0.0000 -1.0000 -0.0000
vn 0.8535 -0.4927 -0.1698
vn 0.7235 0.4927 -0.4834
vn -0.7235 0.4927 0.4834
vn -0.7235 -0.4927 0.4834
vn 0.7235 -0.4927 -0.4834
vn 0.4834 0.4927 -0.7235
vn -0.4834 0.4927 0.7235
vn -0.4834 -0.4927 0.7235
vn 0.4834 -0.4927 -0.7235
vn 0.1698 0.4927 -0.8535
vn -0.1698 0.4927 0.8535
vn -0.1698 -0.4927 0.8535
vn 0.1698 -0.4927 -0.8535
vn -0.1698 0.4927 -0.8535
vn 0.1698 0.4927 0.8535
vn 0.1698 -0.4927 0.8535
vn -0.1698 -0.4927 -0.8535
vn -0.4834 0.4927 -0.7235
vn 0.4834 0.4927 0.7235
vn 0.4834 -0.4927 0.7235
vn -0.4834 -0.4927 -0.7235
vn -0.7235 0.4927 -0.4834
vn 0.7235 0.4927 0.4834
vn 0.7235 -0.4927 0.4834
vn -0.7235 -0.4927 -0.4834
vn -0.8535 0.4927 -0.1698
vn 0.8535 0.4927 0.1698
vn 0.8535 -0.4927 0.1698
vn -0.8535 -0.4927 -0.1698
vn -0.9781 -0.0000 -0.2079
vn 0.2059 0.1392 -0.9686
vn 0.9781 -0.0000 0.2079
vn -0.2059 -0.1392 0.9686
vn 0.0289 -0.9903 -0.1361
vn -0.0289 0.9903 0.1361
vn 0.1951 -0.0000 -0.9808
vn 0.5556 -0.0000 -0.8315
vn 0.8315 -0.0000 -0.5556
vn 0.9808 -0.0000 -0.1951
vn 0.9808 -0.0000 0.1951
vn 0.8315 -0.0000 0.5556
vn 0.5556 -0.0000 0.8315
vn 0.1951 -0.0000 0.9808
vn -0.1951 -0.0000 0.9808
vn -0.5556 -0.0000 0.8315
vn -0.8315 -0.0000 0.5556
vn -0.9808 -0.0000 0.1951
vn -0.9808 -0.0000 -0.1951
vn -0.8315 -0.0000 -0.5556
vn -0.5556 -0.0000 -0.8315
vn -0.1951 -0.0000 -0.9808
vn 0.2795 0.5524 -0.7853
vn 0.5113 0.7880 0.3428
vn 0.0365 -0.0654 0.9972
vn -0.8498 0.5230 0.0654
vn -0.4888 -0.8284 0.2735
vn -0.3386 -0.4466 -0.8282
vn 0.8498 -0.5230 -0.0654
vn 0.4463 0.3825 -0.8090
vn 0.7221 0.6189 0.3090
vn -0.0000 -0.0000 1.0000
vn -0.6508 0.7593 -0.0000
vn -0.7221 -0.6189 0.3090
vn -0.4463 -0.3825 -0.8090
vn 0.6508 -0.7593 -0.0000
vn 0.5573 -0.3177 -0.7671
vn 0.2679 0.8901 -0.3687
vn 0.2679 -0.8901 -0.3687
vn 0.5573 0.3177 -0.7671
vn 0.9018 -0.3177 0.2930
vn 0.4334 0.8901 0.1408
vn 0.4334 -0.8901 0.1408
vn 0.9018 0.3177 0.2930
vn -0.0000 -0.3177 0.9482
vn -0.0000 0.8901 0.4557
vn -0.0000 -0.8901 0.4557
vn -0.0000 0.3177 0.9482
vn -0.9018 -0.3177 0.2930
vn -0.4334 0.8901 0.1408
vn -0.4334 -0.8901 0.1408
vn -0.9018 0.3177 0.2930
vn -0.5573 0.3177 -0.7671
vn -0.5573 -0.3177 -0.7671
vn -0.2679 0.8901 -0.3687
vn -0.2679 -0.8901 -0.3687
vn -0.1330 0.7350 -0.6649
vn 0.0960 0.8720 0.4800
vn 0.1923 -0.1961 0.9615
vn -0.9806 -0.0000 0.1961
vn 0.0228 -0.9932 0.1142
vn -0.1782 -0.4177 -0.8909
vn 0.9806 -0.0000 -0.1961
vn 0.3386 -0.4466 -0.8282
vn 0.4888 -0.8284 0.2735
vn -0.0365 -0.0654 0.9972
vn 0.8498 0.5230 0.0654
vn -0.5113 0.7880 0.3428
vn -0.2795 0.5524 -0.7853
vn -0.8498 -0.5230 -0.0654
vn 0.4463 -0.3825 -0.8090
vn 0.7221 -0.6189 0.3090
vn 0.6508 0.7593 -0.0000
vn -0.7221 0.6189 0.3090
vn -0.4463 0.3825 -0.8090
vn -0.6508 -0.7593 -0.0000
vn 0.1782 -0.4177 -0.8909
vn -0.0228 -0.9932 0.1142
vn -0.1923 -0.1961 0.9615
vn 0.9806 -0.0000 0.1961
vn -0.0960 0.8720 0.4800
vn 0.1330 0.7350 -0.6649
vn -0.9806 -0.0000 -0.1961
vn 0.6508 -0.7592 -0.0000
vt 0.462500 0.500000
vt 0.425000 0.524744
vt 0.425000 0.475256
vt 0.462500 0.071429
vt 0.425000 0.096172
vt 0.425000 0.046685
vt 0.962500 0.928571
vt 0.925000 0.953315
vt 0.925000 0.903828
vt 0.712500 0.928571
vt 0.675000 0.953315
vt 0.675000 0.903828
vt 0.587500 0.357143
vt 0.550000 0.381886
vt 0.550000 0.332399
s 0
usemtl Palette
f 1/1/1 16/2/1 15/3/1
f 2/1/2 18/2/2 24/3/2
f 1/1/3 15/2/3 30/3/3
f 1/1/4 30/2/4 36/3/4
f 1/1/5 36/2/5 25/3/5
f 2/1/6 24/2/6 45/3/6
f 3/1/7 21/2/7 51/3/7
f 4/1/8 33/2/8 57/3/8
f 5/1/9 39/2/9 63/3/9
f 6/1/10 42/2/10 69/3/10
f 2/1/11 45/2/11 52/3/11
f 3/1/12 51/2/12 58/3/12
f 4/1/13 57/2/13 64/3/13
f 5/1/14 63/2/14 70/3/14
f 6/1/15 69/2/15 46/3/15
f 7/1/16 75/2/16 90/3/16
f 8/1/17 78/2/17 96/3/17
f 9/1/18 81/2/18 99/3/18
f 10/1/19 84/2/19 102/3/19
f 11/1/20 87/2/20 91/3/20
f 93/1/21 100/2/21 12/3/21
f 92/1/22 103/2/22 93/3/22
f 91/1/23 104/2/23 92/3/23
f 93/1/24 103/2/24 100/3/24
f 103/1/25 101/2/25 100/3/25
f 92/1/26 104/2/26 103/3/26
f 104/1/27 105/2/27 103/3/27
f 103/1/28 105/2/28 101/3/28
f 105/1/29 102/2/29 101/3/29
f 91/1/30 87/2/30 104/3/30
f 87/1/31 86/2/31 104/3/31
f 104/1/32 86/2/32 105/3/32
f 86/1/33 85/2/33 105/3/33
f 105/1/34 85/2/34 102/3/34
f 85/1/35 10/2/35 102/3/35
f 100/1/36 97/2/36 12/3/36
f 101/1/37 106/2/37 100/3/37
f 102/1/38 107/2/38 101/3/38
f 100/1/39 106/2/39 97/3/39
f 106/1/40 98/2/40 97/3/40
f 101/1/41 107/2/41 106/3/41
f 107/1/42 108/2/42 106/3/42
f 106/1/43 108/2/43 98/3/43
f 108/1/44 99/2/44 98/3/44
f 102/1/45 84/2/45 107/3/45
f 84/1/46 83/2/46 107/3/46
f 107/1/47 83/2/47 108/3/47
f 83/1/48 82/2/48 108/3/48
f 108/1/49 82/2/49 99/3/49
f 82/1/50 9/2/50 99/3/50
f 97/1/51 94/2/51 12/3/51
f 98/1/52 109/2/52 97/3/52
f 99/1/53 110/2/53 98/3/53
f 97/1/54 109/2/54 94/3/54
f 109/1/55 95/2/55 94/3/55
f 98/1/56 110/2/56 109/3/56
f 110/1/57 111/2/57 109/3/57
f 109/1/58 111/2/58 95/3/58
f 111/1/59 96/2/59 95/3/59
f 99/1/60 81/2/60 110/3/60
f 81/1/61 80/2/61 110/3/61
f 110/1/62 80/2/62 111/3/62
f 80/1/63 79/2/63 111/3/63
f 111/1/64 79/2/64 96/3/64
f 79/1/65 8/2/65 96/3/65
f 94/1/66 88/2/66 12/3/66
f 95/1/67 112/2/67 94/3/67
f 96/1/68 113/2/68 95/3/68
f 94/1/69 112/2/69 88/3/69
f 112/1/70 89/2/70 88/3/70
f 95/1/71 113/2/71 112/3/71
f 113/1/72 114/2/72 112/3/72
f 112/1/73 114/2/73 89/3/73
f 114/1/74 90/2/74 89/3/74
f 96/1/75 78/2/75 113/3/75
f 78/1/76 77/2/76 113/3/76
f 113/1/77 77/2/77 114/3/77
f 77/1/78 76/2/78 114/3/78
f 114/1/79 76/2/79 90/3/79
f 76/1/80 7/2/80 90/3/80
f 88/1/81 93/2/81 12/3/81
f 89/1/82 115/2/82 88/3/82
f 90/1/83 116/2/83 89/3/83
f 88/1/84 115/2/84 93/3/84
f 115/1/85 92/2/85 93/3/85
f 89/1/86 116/2/86 115/3/86
f 116/1/87 117/2/87 115/3/87
f 115/1/88 117/2/88 92/3/88
f 117/1/89 91/2/89 92/3/89
f 90/1/90 75/2/90 116/3/90
f 75/1/91 74/2/91 116/3/91
f 116/1/92 74/2/92 117/3/92
f 74/1/93 73/2/93 117/3/93
f 117/1/94 73/2/94 91/3/94
f 73/1/95 11/2/95 91/3/95
f 48/1/96 87/2/96 11/3/96
f 47/1/97 118/2/97 48/3/97
f 46/1/98 119/2/98 47/3/98
f 48/1/99 118/2/99 87/3/99
f 118/1/100 86/2/100 87/3/100
f 47/1/101 119/2/101 118/3/101
f 119/1/102 120/2/102 118/3/102
f 118/1/103 120/2/103 86/3/103
f 120/1/104 85/2/104 86/3/104
f 46/1/105 69/2/105 119/3/105
f 69/1/106 68/2/106 119/3/106
f 119/1/107 68/2/107 120/3/107
f 68/1/108 67/2/108 120/3/108
f 120/1/109 67/2/109 85/3/109
f 67/1/110 10/2/110 85/3/110
f 72/1/111 84/2/111 10/3/111
f 71/1/112 121/2/112 72/3/112
f 70/1/113 122/2/113 71/3/113
f 72/1/114 121/2/114 84/3/114
f 121/1/115 83/2/115 84/3/115
f 71/1/116 122/2/116 121/3/116
f 122/1/117 123/2/117 121/3/117
f 121/1/118 123/2/118 83/3/118
f 123/1/119 82/2/119 83/3/119
f 70/1/120 63/2/120 122/3/120
f 63/1/121 62/2/121 122/3/121
f 122/1/122 62/2/122 123/3/122
f 62/1/123 61/2/123 123/3/123
f 123/1/124 61/2/124 82/3/124
f 61/1/125 9/2/125 82/3/125
f 66/1/126 81/2/126 9/3/126
f 65/1/127 124/2/127 66/3/127
f 64/1/128 125/2/128 65/3/128
f 66/1/129 124/2/129 81/3/129
f 124/1/130 80/2/130 81/3/130
f 65/1/131 125/2/131 124/3/131
f 125/1/132 126/2/132 124/3/132
f 124/1/133 126/2/133 80/3/133
f 126/1/134 79/2/134 80/3/134
f 64/1/135 57/2/135 125/3/135
f 57/1/136 56/2/136 125/3/136
f 125/1/137 56/2/137 126/3/137
f 56/1/138 55/2/138 126/3/138
f 126/1/139 55/2/139 79/3/139
f 55/1/140 8/2/140 79/3/140
f 60/1/141 78/2/141 8/3/141
f 59/1/142 127/2/142 60/3/142
f 58/1/143 128/2/143 59/3/143
f 60/1/144 127/2/144 78/3/144
f 127/1/145 77/2/145 78/3/145
f 59/1/146 128/2/146 127/3/146
f 128/1/147 129/2/147 127/3/147
f 127/1/148 129/2/148 77/3/148
f 129/1/149 76/2/149 77/3/149
f 58/1/150 51/2/150 128/3/150
f 51/1/151 50/2/151 128/3/151
f 128/1/152 50/2/152 129/3/152
f 50/1/153 49/2/153 129/3/153
f 129/1/154 49/2/154 76/3/154
f 49/1/155 7/2/155 76/3/155
f 54/1/156 75/2/156 7/3/156
f 53/1/157 130/2/157 54/3/157
f 52/1/158 131/2/158 53/3/158
f 54/1/159 130/2/159 75/3/159
f 130/1/160 74/2/160 75/3/160
f 53/1/161 131/2/161 130/3/161
f 131/1/162 132/2/162 130/3/162
f 130/1/163 132/2/163 74/3/163
f 132/1/164 73/2/164 74/3/164
f 52/1/165 45/2/165 131/3/165
f 45/1/166 44/2/166 131/3/166
f 131/1/167 44/2/167 132/3/167
f 44/1/168 43/2/168 132/3/168
f 132/1/169 43/2/169 73/3/169
f 43/1/170 11/2/170 73/3/170
f 67/1/171 72/2/171 10/3/171
f 68/1/172 133/2/172 67/3/172
f 69/1/173 134/2/173 68/3/173
f 67/1/174 133/2/174 72/3/174
f 133/1/175 71/2/175 72/3/175
f 68/1/176 134/2/176 133/3/176
f 134/1/177 135/2/177 133/3/177
f 133/1/178 135/2/178 71/3/178
f 135/1/179 70/2/179 71/3/179
f 69/1/180 42/2/180 134/3/180
f 42/1/181 41/2/181 134/3/181
f 134/1/182 41/2/182 135/3/182
f 41/1/183 40/2/183 135/3/183
f 135/1/184 40/2/184 70/3/184
f 40/1/185 5/2/185 70/3/185
f 61/1/186 66/2/186 9/3/186
f 62/1/187 136/2/187 61/3/187
f 63/1/188 137/2/188 62/3/188
f 61/1/189 136/2/189 66/3/189
f 136/1/190 65/2/190 66/3/190
f 62/1/191 137/2/191 136/3/191
f 137/1/192 138/2/192 136/3/192
f 136/1/193 138/2/193 65/3/193
f 138/1/194 64/2/194 65/3/194
f 63/1/195 39/2/195 137/3/195
f 39/1/196 38/2/196 137/3/196
f 137/1/197 38/2/197 138/3/197
f 38/1/198 37/2/198 138/3/198
f 138/1/199 37/2/199 64/3/199
f 37/1/200 4/2/200 64/3/200
f 55/1/201 60/2/201 8/3/201
f 56/1/202 139/2/202 55/3/202
f 57/1/203 140/2/203 56/3/203
f 55/1/204 139/2/204 60/3/204
f 139/1/205 59/2/205 60/3/205
f 56/1/206 140/2/206 139/3/206
f 140/1/207 141/2/207 139/3/207
f 139/1/208 141/2/208 59/3/208
f 141/1/209 58/2/209 59/3/209
f 57/1/210 33/2/210 140/3/210
f 33/1/211 32/2/211 140/3/211
f 140/1/212 32/2/212 141/3/212
f 32/1/213 31/2/213 141/3/213
f 141/1/214 31/2/214 58/3/214
f 31/1/215 3/2/215 58/3/215
f 49/1/216 54/2/216 7/3/216
f 50/1/217 142/2/217 49/3/217
f 51/1/218 143/2/218 50/3/218
f 49/1/219 142/2/219 54/3/219
f 142/1/220 53/2/220 54/3/220
f 50/1/221 143/2/221 142/3/221
f 143/1/222 144/2/222 142/3/222
f 142/1/223 144/2/223 53/3/223
f 144/1/224 52/2/224 53/3/224
f 51/1/225 21/2/225 143/3/225
f 21/1/226 20/2/226 143/3/226
f 143/1/227 20/2/227 144/3/227
f 20/1/228 19/2/228 144/3/228
f 144/1/229 19/2/229 52/3/229
f 19/1/230 2/2/230 52/3/230
f 43/1/231 48/2/231 11/3/231
f 44/1/232 145/2/232 43/3/232
f 45/1/233 146/2/233 44/3/233
f 43/1/234 145/2/234 48/3/234
f 145/1/235 47/2/235 48/3/235
f 44/1/236 146/2/236 145/3/236
f 146/1/237 147/2/237 145/3/237
f 145/1/238 147/2/238 47/3/238
f 147/1/239 46/2/239 47/3/239
f 45/1/240 24/2/240 146/3/240
f 24/1/241 23/2/241 146/3/241
f 146/1/242 23/2/242 147/3/242
f 23/1/243 22/2/243 147/3/243
f 147/1/244 22/2/244 46/3/244
f 22/1/245 6/2/245 46/3/245
f 27/1/246 42/2/246 6/3/246
f 26/1/247 148/2/247 27/3/247
f 25/1/248 149/2/248 26/3/248
f 27/1/249 148/2/249 42/3/249
f 148/1/250 41/2/250 42/3/250
f 26/1/251 149/2/251 148/3/251
f 149/1/252 150/2/252 148/3/252
f 148/1/253 150/2/253 41/3/253
f 150/1/254 40/2/254 41/3/254
f 25/1/255 36/2/255 149/3/255
f 36/1/256 35/2/256 149/3/256
f 149/1/257 35/2/257 150/3/257
f 35/1/258 34/2/258 150/3/258
f 150/1/259 34/2/259 40/3/259
f 34/1/260 5/2/260 40/3/260
f 34/1/261 39/2/261 5/3/261
f 35/1/262 151/2/262 34/3/262
f 36/1/263 152/2/263 35/3/263
f 34/1/264 151/2/264 39/3/264
f 151/1/265 38/2/265 39/3/265
f 35/1/266 152/2/266 151/3/266
f 152/1/267 153/2/267 151/3/267
f 151/1/268 153/2/268 38/3/268
f 153/1/269 37/2/269 38/3/269
f 36/1/270 30/2/270 152/3/270
f 30/1/271 29/2/271 152/3/271
f 152/1/272 29/2/272 153/3/272
f 29/1/273 28/2/273 153/3/273
f 153/1/274 28/2/274 37/3/274
f 28/1/275 4/2/275 37/3/275
f 28/1/276 33/2/276 4/3/276
f 29/1/277 154/2/277 28/3/277
f 30/1/278 155/2/278 29/3/278
f 28/1/279 154/2/279 33/3/279
f 154/1/280 32/2/280 33/3/280
f 29/1/281 155/2/281 154/3/281
f 155/1/282 156/2/282 154/3/282
f 154/1/283 156/2/283 32/3/283
f 156/1/284 31/2/284 32/3/284
f 30/1/285 15/2/285 155/3/285
f 15/1/286 14/2/286 155/3/286
f 155/1/287 14/2/287 156/3/287
f 14/1/288 13/2/288 156/3/288
f 156/1/289 13/2/289 31/3/289
f 13/1/290 3/2/290 31/3/290
f 22/1/291 27/2/291 6/3/291
f 23/1/292 157/2/292 22/3/292
f 24/1/293 158/2/293 23/3/293
f 22/1/294 157/2/294 27/3/294
f 157/1/295 26/2/295 27/3/295
f 23/1/296 158/2/296 157/3/296
f 158/1/297 159/2/297 157/3/297
f 157/1/298 159/2/298 26/3/298
f 159/1/299 25/2/299 26/3/299
f 24/1/300 18/2/300 158/3/300
f 18/1/301 17/2/301 158/3/301
f 158/1/302 17/2/302 159/3/302
f 17/1/303 16/2/303 159/3/303
f 159/1/304 16/2/304 25/3/304
f 16/1/305 1/2/305 25/3/305
f 13/1/306 21/2/306 3/3/306
f 14/1/307 160/2/307 13/3/307
f 15/1/308 161/2/308 14/3/308
f 13/1/309 160/2/309 21/3/309
f 160/1/310 20/2/310 21/3/310
f 14/1/311 161/2/311 160/3/311
f 161/1/312 162/2/312 160/3/312
f 160/1/313 162/2/313 20/3/313
f 162/1/314 19/2/314 20/3/314
f 15/1/315 16/2/315 161/3/315
f 16/1/316 17/2/316 161/3/316
f 161/1/317 17/2/317 162/3/317
f 17/1/318 18/2/318 162/3/318
f 162/1/319 18/2/319 19/3/319
f 18/1/320 2/2/320 19/3/320
f 163/1/321 178/2/321 177/3/321
f 164/1/322 180/2/322 186/3/322
f 163/1/323 177/2/323 192/3/323
f 163/1/324 192/2/324 198/3/324
f 163/1/325 198/2/325 187/3/325
f 164/1/326 186/2/326 207/3/326
f 165/1/327 183/2/327 213/3/327
f 166/1/328 195/2/328 219/3/328
f 167/1/329 201/2/329 225/3/329
f 168/1/330 204/2/330 231/3/330
f 164/1/331 207/2/331 214/3/331
f 165/1/332 213/2/332 220/3/332
f 166/1/333 219/2/333 226/3/333
f 167/1/334 225/2/334 232/3/334
f 168/1/335 231/2/335 208/3/335
f 169/1/336 237/2/336 252/3/336
f 170/1/337 240/2/337 258/3/337
f 171/1/338 243/2/338 261/3/338
f 172/1/339 246/2/339 264/3/339
f 173/1/340 249/2/340 253/3/340
f 255/1/341 262/2/341 174/3/341
f 254/1/342 265/2/342 255/3/342
f 253/1/343 266/2/343 254/3/343
f 255/1/344 265/2/344 262/3/344
f 265/1/345 263/2/345 262/3/345
f 254/1/346 266/2/346 265/3/346
f 266/1/347 267/2/347 265/3/347
f 265/1/348 267/2/348 263/3/348
f 267/1/349 264/2/349 263/3/349
f 253/1/350 249/2/350 266/3/350
f 249/1/351 248/2/351 266/3/351
f 266/1/352 248/2/352 267/3/352
f 248/1/353 247/2/353 267/3/353
f 267/1/354 247/2/354 264/3/354
f 247/1/355 172/2/355 264/3/355
f 262/1/356 259/2/356 174/3/356
f 263/1/357 268/2/357 262/3/357
f 264/1/358 269/2/358 263/3/358
f 262/1/359 268/2/359 259/3/359
f 268/1/360 260/2/360 259/3/360
f 263/1/361 269/2/361 268/3/361
f 269/1/362 270/2/362 268/3/362
f 268/1/363 270/2/363 260/3/363
f 270/1/364 261/2/364 260/3/364
f 264/1/365 246/2/365 269/3/365
f 246/1/366 245/2/366 269/3/366
f 269/1/367 245/2/367 270/3/367
f 245/1/368 244/2/368 270/3/368
f 270/1/369 244/2/369 261/3/369
f 244/1/370 171/2/370 261/3/370
f 259/1/371 256/2/371 174/3/371
f 260/1/372 271/2/372 259/3/372
f 261/1/373 272/2/373 260/3/373
f 259/1/374 271/2/374 256/3/374
f 271/1/375 257/2/375 256/3/375
f 260/1/376 272/2/376 271/3/376
f 272/1/377 273/2/377 271/3/377
f 271/1/378 273/2/378 257/3/378
f 273/1/379 258/2/379 257/3/379
f 261/1/380 243/2/380 272/3/380
f 243/1/381 242/2/381 272/3/381
f 272/1/382 242/2/382 273/3/382
f 242/1/383 241/2/383 273/3/383
f 273/1/384 241/2/384 258/3/384
f 241/1/385 170/2/385 258/3/385
f 256/1/386 250/2/386 174/3/386
f 257/1/387 274/2/387 256/3/387
f 258/1/388 275/2/388 257/3/388
f 256/1/389 274/2/389 250/3/389
f 274/1/390 251/2/390 250/3/390
f 257/1/391 275/2/391 274/3/391
f 275/1/392 276/2/392 274/3/392
f 274/1/393 276/2/393 251/3/393
f 276/1/394 252/2/394 251/3/394
f 258/1/395 240/2/395 275/3/395
f 240/1/396 239/2/396 275/3/396
f 275/1/397 239/2/397 276/3/397
f 239/1/398 238/2/398 276/3/398
f 276/1/399 238/2/399 252/3/399
f 238/1/400 169/2/400 252/3/400
f 250/1/401 255/2/401 174/3/401
f 251/1/402 277/2/402 250/3/402
f 252/1/403 278/2/403 251/3/403
f 250/1/404 277/2/404 255/3/404
f 277/1/405 254/2/405 255/3/405
f 251/1/406 278/2/406 277/3/406
f 278/1/407 279/2/407 277/3/407
f 277/1/408 279/2/408 254/3/408
f 279/1/409 253/2/409 254/3/409
f 252/1/410 237/2/410 278/3/410
f 237/1/411 236/2/411 278/3/411
f 278/1/412 236/2/412 279/3/412
f 236/1/413 235/2/413 279/3/413
f 279/1/414 235/2/414 253/3/414
f 235/1/415 173/2/415 253/3/415
f 210/1/416 249/2/416 173/3/416
f 209/1/417 280/2/417 210/3/417
f 208/1/418 281/2/418 209/3/418
f 210/1/419 280/2/419 249/3/419
f 280/1/420 248/2/420 249/3/420
f 209/1/421 281/2/421 280/3/421
f 281/1/422 282/2/422 280/3/422
f 280/1/423 282/2/423 248/3/423
f 282/1/424 247/2/424 248/3/424
f 208/1/425 231/2/425 281/3/425
f 231/1/426 230/2/426 281/3/426
f 281/1/427 230/2/427 282/3/427
f 230/1/428 229/2/428 282/3/428
f 282/1/429 229/2/429 247/3/429
f 229/1/430 172/2/430 247/3/430
f 234/1/431 246/2/431 172/3/431
f 233/1/432 283/2/432 234/3/432
f 232/1/433 284/2/433 233/3/433
f 234/1/434 283/2/434 246/3/434
f 283/1/435 245/2/435 246/3/435
f 233/1/436 284/2/436 283/3/436
f 284/1/437 285/2/437 283/3/437
f 283/1/438 285/2/438 245/3/438
f 285/1/439 244/2/439 245/3/439
f 232/1/440 225/2/440 284/3/440
f 225/1/441 224/2/441 284/3/441
f 284/1/442 224/2/442 285/3/442
f 224/1/443 223/2/443 285/3/443
f 285/1/444 223/2/444 244/3/444
f 223/1/445 171/2/445 244/3/445
f 228/1/446 243/2/446 171/3/446
f 227/1/447 286/2/447 228/3/447
f 226/1/448 287/2/448 227/3/448
f 228/1/449 286/2/449 243/3/449
f 286/1/450 242/2/450 243/3/450
f 227/1/451 287/2/451 286/3/451
f 287/1/452 288/2/452 286/3/452
f 286/1/453 288/2/453 242/3/453
f 288/1/454 241/2/454 242/3/454
f 226/1/455 219/2/455 287/3/455
f 219/1/456 218/2/456 287/3/456
f 287/1/457 218/2/457 288/3/457
f 218/1/458 217/2/458 288/3/458
f 288/1/459 217/2/459 241/3/459
f 217/1/460 170/2/460 241/3/460
f 222/1/461 240/2/461 170/3/461
f 221/1/462 289/2/462 222/3/462
f 220/1/463 290/2/463 221/3/463
f 222/1/464 289/2/464 240/3/464
f 289/1/465 239/2/465 240/3/465
f 221/1/466 290/2/466 289/3/466
f 290/1/467 291/2/467 289/3/467
f 289/1/468 291/2/468 239/3/468
f 291/1/469 238/2/469 239/3/469
f 220/1/470 213/2/470 290/3/470
f 213/1/471 212/2/471 290/3/471
f 290/1/472 212/2/472 291/3/472
f 212/1/473 211/2/473 291/3/473
f 291/1/474 211/2/474 238/3/474
f 211/1/475 169/2/475 238/3/475
f 216/1/476 237/2/476 169/3/476
f 215/1/477 292/2/477 216/3/477
f 214/1/478 293/2/478 215/3/478
f 216/1/479 292/2/479 237/3/479
f 292/1/480 236/2/480 237/3/480
f 215/1/481 293/2/481 292/3/481
f 293/1/482 294/2/482 292/3/482
f 292/1/483 294/2/483 236/3/483
f 294/1/484 235/2/484 236/3/484
f 214/1/485 207/2/485 293/3/485
f 207/1/486 206/2/486 293/3/486
f 293/1/487 206/2/487 294/3/487
f 206/1/488 205/2/488 294/3/488
f 294/1/489 205/2/489 235/3/489
f 205/1/490 173/2/490 235/3/490
f 229/1/491 234/2/491 172/3/491
f 230/1/492 295/2/492 229/3/492
f 231/1/493 296/2/493 230/3/493
f 229/1/494 295/2/494 234/3/494
f 295/1/495 233/2/495 234/3/495
f 230/1/496 296/2/496 295/3/496
f 296/1/497 297/2/497 295/3/497
f 295/1/498 297/2/498 233/3/498
f 297/1/499 232/2/499 233/3/499
f 231/1/500 204/2/500 296/3/500
f 204/1/501 203/2/501 296/3/501
f 296/1/502 203/2/502 297/3/502
f 203/1/503 202/2/503 297/3/503
f 297/1/504 202/2/504 232/3/504
f 202/1/505 167/2/505 232/3/505
f 223/1/506 228/2/506 171/3/506
f 224/1/507 298/2/507 223/3/507
f 225/1/508 299/2/508 224/3/508
f 223/1/509 298/2/509 228/3/509
f 298/1/510 227/2/510 228/3/510
f 224/1/511 299/2/511 298/3/511
f 299/1/512 300/2/512 298/3/512
f 298/1/513 300/2/513 227/3/513
f 300/1/514 226/2/514 227/3/514
f 225/1/515 201/2/515 299/3/515
f 201/1/516 200/2/516 299/3/516
f 299/1/517 200/2/517 300/3/517
f 200/1/518 199/2/518 300/3/518
f 300/1/519 199/2/519 226/3/519
f 199/1/520 166/2/520 226/3/520
f 217/1/521 222/2/521 170/3/521
f 218/1/522 301/2/522 217/3/522
f 219/1/523 302/2/523 218/3/523
f 217/1/524 301/2/524 222/3/524
f 301/1/525 221/2/525 222/3/525
f 218/1/526 302/2/526 301/3/526
f 302/1/527 303/2/527 301/3/527
f 301/1/528 303/2/528 221/3/528
f 303/1/529 220/2/529 221/3/529
f 219/1/530 195/2/530 302/3/530
f 195/1/531 194/2/531 302/3/531
f 302/1/532 194/2/532 303/3/532
f 194/1/533 193/2/533 303/3/533
f 303/1/534 193/2/534 220/3/534
f 193/1/535 165/2/535 220/3/535
f 211/1/536 216/2/536 169/3/536
f 212/1/537 304/2/537 211/3/537
f 213/1/538 305/2/538 212/3/538
f 211/1/539 304/2/539 216/3/539
f 304/1/540 215/2/540 216/3/540
f 212/1/541 305/2/541 304/3/541
f 305/1/542 306/2/542 304/3/542
f 304/1/543 306/2/543 215/3/543
f 306/1/544 214/2/544 215/3/544
f 213/1/545 183/2/545 305/3/545
f 183/1/546 182/2/546 305/3/546
f 305/1/547 182/2/547 306/3/547
f 182/1/548 181/2/548 306/3/548
f 306/1/549 181/2/549 214/3/549
f 181/1/550 164/2/550 214/3/550
f 205/1/551 210/2/551 173/3/551
f 206/1/552 307/2/552 205/3/552
f 207/1/553 308/2/553 206/3/553
f 205/1/554 307/2/554 210/3/554
f 307/1/555 209/2/555 210/3/555
f 206/1/556 308/2/556 307/3/556
f 308/1/557 309/2/557 307/3/557
f 307/1/558 309/2/558 209/3/558
f 309/1/559 208/2/559 209/3/559
f 207/1/560 186/2/560 308/3/560
f 186/1/561 185/2/561 308/3/561
f 308/1/562 185/2/562 309/3/562
f 185/1/563 184/2/563 309/3/563
f 309/1/564 184/2/564 208/3/564
f 184/1/565 168/2/565 208/3/565
f 189/1/566 204/2/566 168/3/566
f 188/1/567 310/2/567 189/3/567
f 187/1/568 311/2/568 188/3/568
f 189/1/569 310/2/569 204/3/569
f 310/1/570 203/2/570 204/3/570
f 188/1/571 311/2/571 310/3/571
f 311/1/572 312/2/572 310/3/572
f 310/1/573 312/2/573 203/3/573
f 312/1/574 202/2/574 203/3/574
f 187/1/575 198/2/575 311/3/575
f 198/1/576 197/2/576 311/3/576
f 311/1/577 197/2/577 312/3/577
f 197/1/578 196/2/578 312/3/578
f 312/1/579 196/2/579 202/3/579
f 196/1/580 167/2/580 202/3/580
f 196/1/581 201/2/581 167/3/581
f 197/1/582 313/2/582 196/3/582
f 198/1/583 314/2/583 197/3/583
f 196/1/584 313/2/584 201/3/584
f 313/1/585 200/2/585 201/3/585
f 197/1/586 314/2/586 313/3/586
f 314/1/587 315/2/587 313/3/587
f 313/1/588 315/2/588 200/3/588
f 315/1/589 199/2/589 200/3/589
f 198/1/590 192/2/590 314/3/590
f 192/1/591 191/2/591 314/3/591
f 314/1/592 191/2/592 315/3/592
f 191/1/593 190/2/593 315/3/593
f 315/1/594 190/2/594 199/3/594
f 190/1/595 166/2/595 199/3/595
f 190/1/596 195/2/596 166/3/596
f 191/1/597 316/2/597 190/3/597
f 192/1/598 317/2/598 191/3/598
f 190/1/599 316/2/599 195/3/599
f 316/1/600 194/2/600 195/3/600
f 191/1/601 317/2/601 316/3/601
f 317/1/602 318/2/602 316/3/602
f 316/1/603 318/2/603 194/3/603
f 318/1/604 193/2/604 194/3/604
f 192/1/605 177/2/605 317/3/605
f 177/1/606 176/2/606 317/3/606
f 317/1/607 176/2/607 318/3/607
f 176/1/608 175/2/608 318/3/608
f 318/1/609 175/2/609 193/3/609
f 175/1/610 165/2/610 193/3/610
f 184/1/611 189/2/611 168/3/611
f 185/1/612 319/2/612 184/3/612
f 186/1/613 320/2/613 185/3/613
f 184/1/614 319/2/614 189/3/614
f 319/1/615 188/2/615 189/3/615
f 185/1/616 320/2/616 319/3/616
f 320/1/617 321/2/617 319/3/617
f 319/1/618 321/2/618 188/3/618
f 321/1/619 187/2/619 188/3/619
f 186/1/620 180/2/620 320/3/620
f 180/1/621 179/2/621 320/3/621
f 320/1/622 179/2/622 321/3/622
f 179/1/623 178/2/623 321/3/623
f 321/1/624 178/2/624 187/3/624
f 178/1/625 163/2/625 187/3/625
f 175/1/626 183/2/626 165/3/626
f 176/1/627 322/2/627 175/3/627
f 177/1/628 323/2/628 176/3/628
f 175/1/629 322/2/629 183/3/629
f 322/1/630 182/2/630 183/3/630
f 176/1/631 323/2/631 322/3/631
f 323/1/632 324/2/632 322/3/632
f 322/1/633 324/2/633 182/3/633
f 324/1/634 181/2/634 182/3/634
f 177/1/635 178/2/635 323/3/635
f 178/1/636 179/2/636 323/3/636
f 323/1/637 179/2/637 324/3/637
f 179/1/638 180/2/638 324/3/638
f 324/1/639 180/2/639 181/3/639
f 180/1/640 164/2/640 181/3/640
f 325/1/321 340/2/321 339/3/321
f 326/1/322 342/2/322 348/3/322
f 325/1/323 339/2/323 354/3/323
f 325/1/324 354/2/324 360/3/324
f 325/1/325 360/2/325 349/3/325
f 326/1/326 348/2/326 369/3/326
f 327/1/327 345/2/327 375/3/327
f 328/1/328 357/2/328 381/3/328
f 329/1/329 363/2/329 387/3/329
f 330/1/330 366/2/330 393/3/330
f 326/1/331 369/2/331 376/3/331
f 327/1/332 375/2/332 382/3/332
f 328/1/333 381/2/333 388/3/333
f 329/1/334 387/2/334 394/3/334
f 330/1/335 393/2/335 370/3/335
f 331/1/336 399/2/336 414/3/336
f 332/1/337 402/2/337 420/3/337
f 333/1/338 405/2/338 423/3/338
f 334/1/339 408/2/339 426/3/339
f 335/1/340 411/2/340 415/3/340
f 417/1/341 424/2/341 336/3/341
f 416/1/342 427/2/342 417/3/342
f 415/1/343 428/2/343 416/3/343
f 417/1/344 427/2/344 424/3/344
f 427/1/345 425/2/345 424/3/345
f 416/1/346 428/2/346 427/3/346
f 428/1/347 429/2/347 427/3/347
f 427/1/348 429/2/348 425/3/348
f 429/1/349 426/2/349 425/3/349
f 415/1/350 411/2/350 428/3/350
f 411/1/351 410/2/351 428/3/351
f 428/1/352 410/2/352 429/3/352
f 410/1/353 409/2/353 429/3/353
f 429/1/354 409/2/354 426/3/354
f 409/1/355 334/2/355 426/3/355
f 424/1/356 421/2/356 336/3/356
f 425/1/357 430/2/357 424/3/357
f 426/1/358 431/2/358 425/3/358
f 424/1/359 430/2/359 421/3/359
f 430/1/360 422/2/360 421/3/360
f 425/1/361 431/2/361 430/3/361
f 431/1/362 432/2/362 430/3/362
f 430/1/363 432/2/363 422/3/363
f 432/1/364 423/2/364 422/3/364
f 426/1/365 408/2/365 431/3/365
f 408/1/366 407/2/366 431/3/366
f 431/1/367 407/2/367 432/3/367
f 407/1/368 406/2/368 432/3/368
f 432/1/369 406/2/369 423/3/369
f 406/1/370 333/2/370 423/3/370
f 421/1/371 418/2/371 336/3/371
f 422/1/372 433/2/372 421/3/372
f 423/1/373 434/2/373 422/3/373
f 421/1/374 433/2/374 418/3/374
f 433/1/375 419/2/375 418/3/375
f 422/1/376 434/2/376 433/3/376
f 434/1/377 435/2/377 433/3/377
f 433/1/378 435/2/378 419/3/378
f 435/1/379 420/2/379 419/3/379
f 423/1/380 405/2/380 434/3/380
f 405/1/381 404/2/381 434/3/381
f 434/1/382 404/2/382 435/3/382
f 404/1/383 403/2/383 435/3/383
f 435/1/384 403/2/384 420/3/384
f 403/1/385 332/2/385 420/3/385
f 418/1/386 412/2/386 336/3/386
f 419/1/387 436/2/387 418/3/387
f 420/1/388 437/2/388 419/3/388
f 418/1/389 436/2/389 412/3/389
f 436/1/390 413/2/390 412/3/390
f 419/1/391 437/2/391 436/3/391
f 437/1/392 438/2/392 436/3/392
f 436/1/393 438/2/393 413/3/393
f 438/1/394 414/2/394 413/3/394
f 420/1/395 402/2/395 437/3/395
f 402/1/396 401/2/396 437/3/396
f 437/1/397 401/2/397 438/3/397
f 401/1/398 400/2/398 438/3/398
f 438/1/399 400/2/399 414/3/399
f 400/1/400 331/2/400 414/3/400
f 412/1/401 417/2/401 336/3/401
f 413/1/402 439/2/402 412/3/402
f 414/1/403 440/2/403 413/3/403
f 412/1/404 439/2/404 417/3/404
f 439/1/405 416/2/405 417/3/405
f 413/1/406 440/2/406 439/3/406
f 440/1/407 441/2/407 439/3/407
f 439/1/408 441/2/408 416/3/408
f 441/1/409 415/2/409 416/3/409
f 414/1/410 399/2/410 440/3/410
f 399/1/411 398/2/411 440/3/411
f 440/1/412 398/2/412 441/3/412
f 398/1/413 397/2/413 441/3/413
f 441/1/414 397/2/414 415/3/414
f 397/1/415 335/2/415 415/3/415
f 372/1/416 411/2/416 335/3/416
f 371/1/417 442/2/417 372/3/417
f 370/1/418 443/2/418 371/3/418
f 372/1/419 442/2/419 411/3/419
f 442/1/420 410/2/420 411/3/420
f 371/1/421 443/2/421 442/3/421
f 443/1/422 444/2/422 442/3/422
f 442/1/423 444/2/423 410/3/423
f 444/1/424 409/2/424 410/3/424
f 370/1/425 393/2/425 443/3/425
f 393/1/426 392/2/426 443/3/426
f 443/1/427 392/2/427 444/3/427
f 392/1/428 391/2/428 444/3/428
f 444/1/429 391/2/429 409/3/429
f 391/1/430 334/2/430 409/3/430
f 396/1/431 408/2/431 334/3/431
f 395/1/432 445/2/432 396/3/432
f 394/1/433 446/2/433 395/3/433
f 396/1/434 445/2/434 408/3/434
f 445/1/435 407/2/435 408/3/435
f 395/1/436 446/2/436 445/3/436
f 446/1/437 447/2/437 445/3/437
f 445/1/438 447/2/438 407/3/438
f 447/1/439 406/2/439 407/3/439
f 394/1/440 387/2/440 446/3/440
f 387/1/441 386/2/441 446/3/441
f 446/1/442 386/2/442 447/3/442
f 386/1/443 385/2/443 447/3/443
f 447/1/444 385/2/444 406/3/444
f 385/1/445 333/2/445 406/3/445
f 390/1/446 405/2/446 333/3/446
f 389/1/447 448/2/447 390/3/447
f 388/1/448 449/2/448 389/3/448
f 390/1/449 448/2/449 405/3/449
f 448/1/450 404/2/450 405/3/450
f 389/1/451 449/2/451 448/3/451
f 449/1/452 450/2/452 448/3/452
f 448/1/453 450/2/453 404/3/453
f 450/1/454 403/2/454 404/3/454
f 388/1/455 381/2/455 449/3/455
f 381/1/456 380/2/456 449/3/456
f 449/1/457 380/2/457 450/3/457
f 380/1/458 379/2/458 450/3/458
f 450/1/459 379/2/459 403/3/459
f 379/1/460 332/2/460 403/3/460
f 384/1/461 402/2/461 332/3/461
f 383/1/462 451/2/462 384/3/462
f 382/1/463 452/2/463 383/3/463
f 384/1/464 451/2/464 402/3/464
f 451/1/465 401/2/465 402/3/465
f 383/1/466 452/2/466 451/3/466
f 452/1/467 453/2/467 451/3/467
f 451/1/468 453/2/468 401/3/468
f 453/1/469 400/2/469 401/3/469
f 382/1/470 375/2/470 452/3/470
f 375/1/471 374/2/471 452/3/471
f 452/1/472 374/2/472 453/3/472
f 374/1/473 373/2/473 453/3/473
f 453/1/474 373/2/474 400/3/474
f 373/1/475 331/2/475 400/3/475
f 378/1/476 399/2/476 331/3/476
f 377/1/477 454/2/477 378/3/477
f 376/1/478 455/2/478 377/3/478
f 378/1/479 454/2/479 399/3/479
f 454/1/480 398/2/480 399/3/480
f 377/1/481 455/2/481 454/3/481
f 455/1/482 456/2/482 454/3/482
f 454/1/483 456/2/483 398/3/483
f 456/1/484 397/2/484 398/3/484
f 376/1/485 369/2/485 455/3/485
f 369/1/486 368/2/486 455/3/486
f 455/1/487 368/2/487 456/3/487
f 368/1/488 367/2/488 456/3/488
f 456/1/489 367/2/489 397/3/489
f 367/1/490 335/2/490 397/3/490
f 391/1/491 396/2/491 334/3/491
f 392/1/492 457/2/492 391/3/492
f 393/1/493 458/2/493 392/3/493
f 391/1/494 457/2/494 396/3/494
f 457/1/495 395/2/495 396/3/495
f 392/1/496 458/2/496 457/3/496
f 458/1/497 459/2/497 457/3/497
f 457/1/498 459/2/498 395/3/498
f 459/1/499 394/2/499 395/3/499
f 393/1/500 366/2/500 458/3/500
f 366/1/501 365/2/501 458/3/501
f 458/1/502 365/2/502 459/3/502
f 365/1/503 364/2/503 459/3/503
f 459/1/504 364/2/504 394/3/504
f 364/1/505 329/2/505 394/3/505
f 385/1/506 390/2/506 333/3/506
f 386/1/507 460/2/507 385/3/507
f 387/1/508 461/2/508 386/3/508
f 385/1/509 460/2/509 390/3/509
f 460/1/510 389/2/510 390/3/510
f 386/1/511 461/2/511 460/3/511
f 461/1/512 462/2/512 460/3/512
f 460/1/513 462/2/513 389/3/513
f 462/1/514 388/2/514 389/3/514
f 387/1/515 363/2/515 461/3/515
f 363/1/516 362/2/516 461/3/516
f 461/1/517 362/2/517 462/3/517
f 362/1/518 361/2/518 462/3/518
f 462/1/519 361/2/519 388/3/519
f 361/1/520 328/2/520 388/3/520
f 379/1/521 384/2/521 332/3/521
f 380/1/522 463/2/522 379/3/522
f 381/1/523 464/2/523 380/3/523
f 379/1/524 463/2/524 384/3/524
f 463/1/525 383/2/525 384/3/525
f 380/1/526 464/2/526 463/3/526
f 464/1/641 465/2/641 463/3/641
f 463/1/528 465/2/528 383/3/528
f 465/1/529 382/2/529 383/3/529
f 381/1/530 357/2/530 464/3/530
f 357/1/531 356/2/531 464/3/531
f 464/1/532 356/2/532 465/3/532
f 356/1/533 355/2/533 465/3/533
f 465/1/534 355/2/534 382/3/534
f 355/1/535 327/2/535 382/3/535
f 373/1/536 378/2/536 331/3/536
f 374/1/537 466/2/537 373/3/537
f 375/1/538 467/2/538 374/3/538
f 373/1/539 466/2/539 378/3/539
f 466/1/540 377/2/540 378/3/540
f 374/1/541 467/2/541 466/3/541
f 467/1/542 468/2/542 466/3/542
f 466/1/543 468/2/543 377/3/543
f 468/1/544 376/2/544 377/3/544
f 375/1/545 345/2/545 467/3/545
f 345/1/546 344/2/546 467/3/546
f 467/1/547 344/2/547 468/3/547
f 344/1/548 343/2/548 468/3/548
f 468/1/549 343/2/549 376/3/549
f 343/1/550 326/2/550 376/3/550
f 367/1/551 372/2/551 335/3/551
f 368/1/552 469/2/552 367/3/552
f 369/1/553 470/2/553 368/3/553
f 367/1/554 469/2/554 372/3/554
f 469/1/555 371/2/555 372/3/555
f 368/1/556 470/2/556 469/3/556
f 470/1/557 471/2/557 469/3/557
f 469/1/558 471/2/558 371/3/558
f 471/1/559 370/2/559 371/3/559
f 369/1/560 348/2/560 470/3/560
f 348/1/561 347/2/561 470/3/561
f 470/1/562 347/2/562 471/3/562
f 347/1/563 346/2/563 471/3/563
f 471/1/564 346/2/564 370/3/564
f 346/1/565 330/2/565 370/3/565
f 351/1/566 366/2/566 330/3/566
f 350/1/567 472/2/567 351/3/567
f 349/1/568 473/2/568 350/3/568
f 351/1/569 472/2/569 366/3/569
f 472/1/570 365/2/570 366/3/570
f 350/1/571 473/2/571 472/3/571
f 473/1/572 474/2/572 472/3/572
f 472/1/573 474/2/573 365/3/573
f 474/1/574 364/2/574 365/3/574
f 349/1/575 360/2/575 473/3/575
f 360/1/576 359/2/576 473/3/576
f 473/1/577 359/2/577 474/3/577
f 359/1/578 358/2/578 474/3/578
f 474/1/579 358/2/579 364/3/579
f 358/1/580 329/2/580 364/3/580
f 358/1/581 363/2/581 329/3/581
f 359/1/582 475/2/582 358/3/582
f 360/1/583 476/2/583 359/3/583
f 358/1/584 475/2/584 363/3/584
f 475/1/585 362/2/585 363/3/585
f 359/1/586 476/2/586 475/3/586
f 476/1/587 477/2/587 475/3/587
f 475/1/588 477/2/588 362/3/588
f 477/1/589 361/2/589 362/3/589
f 360/1/590 354/2/590 476/3/590
f 354/1/591 353/2/591 476/3/591
f 476/1/592 353/2/592 477/3/592
f 353/1/593 352/2/593 477/3/593
f 477/1/594 352/2/594 361/3/594
f 352/1/595 328/2/595 361/3/595
f 352/1/596 357/2/596 328/3/596
f 353/1/597 478/2/597 352/3/597
f 354/1/598 479/2/598 353/3/598
f 352/1/599 478/2/599 357/3/599
f 478/1/600 356/2/600 357/3/600
f 353/1/601 479/2/601 478/3/601
f 479/1/602 480/2/602 478/3/602
f 478/1/603 480/2/603 356/3/603
f 480/1/604 355/2/604 356/3/604
f 354/1/605 339/2/605 479/3/605
f 339/1/606 338/2/606 479/3/606
f 479/1/607 338/2/607 480/3/607
f 338/1/608 337/2/608 480/3/608
f 480/1/609 337/2/609 355/3/609
f 337/1/610 327/2/610 355/3/610
f 346/1/611 351/2/611 330/3/611
f 347/1/612 481/2/612 346/3/612
f 348/1/613 482/2/613 347/3/613
f 346/1/614 481/2/614 351/3/614
f 481/1/615 350/2/615 351/3/615
f 347/1/616 482/2/616 481/3/616
f 482/1/617 483/2/617 481/3/617
f 481/1/618 483/2/618 350/3/618
f 483/1/619 349/2/619 350/3/619
f 348/1/620 342/2/620 482/3/620
f 342/1/621 341/2/621 482/3/621
f 482/1/622 341/2/622 483/3/622
f 341/1/642 340/2/642 483/3/642
f 483/1/624 340/2/624 349/3/624
f 340/1/625 325/2/625 349/3/625
f 337/1/626 345/2/626 327/3/626
f 338/1/627 484/2/627 337/3/627
f 339/1/628 485/2/628 338/3/628
f 337/1/629 484/2/629 345/3/629
f 484/1/630 344/2/630 345/3/630
f 338/1/631 485/2/631 484/3/631
f 485/1/632 486/2/632 484/3/632
f 484/1/633 486/2/633 344/3/633
f 486/1/634 343/2/634 344/3/634
f 339/1/635 340/2/635 485/3/635
f 340/1/636 341/2/636 485/3/636
f 485/1/637 341/2/637 486/3/637
f 341/1/638 342/2/638 486/3/638
f 486/1/639 342/2/639 343/3/639
f 342/1/640 326/2/640 343/3/640
f 487/4/643 488/5/643 489/6/643
f 488/4/617 487/5/617 492/6/617
f 487/4/602 489/5/602 490/6/602
f 487/4/587 490/5/587 491/6/587
f 487/4/644 491/5/644 492/6/644
f 488/4/557 492/5/557 497/6/557
f 489/4/542 488/5/542 493/6/542
f 490/4/641 489/5/641 494/6/641
f 491/4/512 490/5/512 495/6/512
f 492/4/497 491/5/497 496/6/497
f 488/4/645 497/5/645 493/6/645
f 489/4/467 493/5/467 494/6/467
f 490/4/452 494/5/452 495/6/452
f 491/4/437 495/5/437 496/6/437
f 492/4/646 496/5/646 497/6/646
f 493/4/407 497/5/407 498/6/407
f 494/4/647 493/5/647 498/6/647
f 495/4/377 494/5/377 498/6/377
f 496/4/648 495/5/648 498/6/648
f 497/4/347 496/5/347 498/6/347
f 499/4/643 500/5/643 501/6/643
f 500/4/649 499/5/649 504/6/649
f 499/4/602 501/5/602 502/6/602
f 499/4/587 502/5/587 503/6/587
f 499/4/644 503/5/644 504/6/644
f 500/4/557 504/5/557 509/6/557
f 501/4/542 500/5/542 505/6/542
f 502/4/650 501/5/650 506/6/650
f 503/4/651 502/5/651 507/6/651
f 504/4/497 503/5/497 508/6/497
f 500/4/645 509/5/645 505/6/645
f 501/4/467 505/5/467 506/6/467
f 502/4/452 506/5/452 507/6/452
f 503/4/437 507/5/437 508/6/437
f 504/4/646 508/5/646 509/6/646
f 505/4/407 509/5/407 510/6/407
f 506/4/647 505/5/647 510/6/647
f 507/4/652 506/5/652 510/6/652
f 508/4/648 507/5/648 510/6/648
f 509/4/347 508/5/347 510/6/347
f 511/4/643 512/5/643 513/6/643
f 512/4/617 511/5/617 516/6/617
f 511/4/602 513/5/602 514/6/602
f 511/4/587 514/5/587 515/6/587
f 511/4/644 515/5/644 516/6/644
f 512/4/557 516/5/557 521/6/557
f 513/4/542 512/5/542 517/6/542
f 514/4/650 513/5/650 518/6/650
f 515/4/651 514/5/651 519/6/651
f 516/4/497 515/5/497 520/6/497
f 512/4/645 521/5/645 517/6/645
f 513/4/467 517/5/467 518/6/467
f 514/4/452 518/5/452 519/6/452
f 515/4/437 519/5/437 520/6/437
f 516/4/646 520/5/646 521/6/646
f 517/4/407 521/5/407 522/6/407
f 518/4/647 517/5/647 522/6/647
f 519/4/652 518/5/652 522/6/652
f 520/4/648 519/5/648 522/6/648
f 521/4/347 520/5/347 522/6/347
f 523/4/653 524/5/653 525/6/653
f 524/4/649 523/5/649 528/6/649
f 523/4/602 525/5/602 526/6/602
f 523/4/587 526/5/587 527/6/587
f 523/4/654 527/5/654 528/6/654
f 524/4/557 528/5/557 533/6/557
f 525/4/542 524/5/542 529/6/542
f 526/4/641 525/5/641 530/6/641
f 527/4/512 526/5/512 531/6/512
f 528/4/497 527/5/497 532/6/497
f 524/4/645 533/5/645 529/6/645
f 525/4/467 529/5/467 530/6/467
f 526/4/452 530/5/452 531/6/452
f 527/4/437 531/5/437 532/6/437
f 528/4/646 532/5/646 533/6/646
f 529/4/655 533/5/655 534/6/655
f 530/4/656 529/5/656 534/6/656
f 531/4/652 530/5/652 534/6/652
f 532/4/657 531/5/657 534/6/657
f 533/4/658 532/5/658 534/6/658
f 535/4/653 536/5/653 537/6/653
f 536/4/649 535/5/649 540/6/649
f 535/4/602 537/5/602 538/6/602
f 535/4/587 538/5/587 539/6/587
f 535/4/654 539/5/654 540/6/654
f 536/4/557 540/5/557 545/6/557
f 537/4/542 536/5/542 541/6/542
f 538/4/641 537/5/641 542/6/641
f 539/4/512 538/5/512 543/6/512
f 540/4/497 539/5/497 544/6/497
f 536/4/645 545/5/645 541/6/645
f 537/4/467 541/5/467 542/6/467
f 538/4/452 542/5/452 543/6/452
f 539/4/437 543/5/437 544/6/437
f 540/4/646 544/5/646 545/6/646
f 541/4/655 545/5/655 546/6/655
f 542/4/656 541/5/656 546/6/656
f 543/4/652 542/5/652 546/6/652
f 544/4/657 543/5/657 546/6/657
f 545/4/658 544/5/658 546/6/658
f 547/7/659 553/8/659 548/9/659
f 548/7/660 553/8/660 549/9/660
f 549/7/661 553/8/661 550/9/661
f 550/7/662 553/8/662 551/9/662
f 550/7/663 551/8/663 552/9/663
f 551/7/664 553/8/664 552/9/664
f 552/7/665 553/8/665 547/9/665
f 554/4/643 555/5/643 556/6/643
f 555/4/617 554/5/617 559/6/617
f 554/4/602 556/5/602 557/6/602
f 554/4/587 557/5/587 558/6/587
f 554/4/644 558/5/644 559/6/644
f 555/4/557 559/5/557 564/6/557
f 556/4/542 555/5/542 560/6/542
f 557/4/650 556/5/650 561/6/650
f 558/4/651 557/5/651 562/6/651
f 559/4/497 558/5/497 563/6/497
f 555/4/482 564/5/482 560/6/482
f 556/4/467 560/5/467 561/6/467
f 557/4/452 561/5/452 562/6/452
f 558/4/437 562/5/437 563/6/437
f 559/4/666 563/5/666 564/6/666
f 560/4/407 564/5/407 565/6/407
f 561/4/656 560/5/656 565/6/656
f 562/4/652 561/5/652 565/6/652
f 563/4/657 562/5/657 565/6/657
f 564/4/347 563/5/347 565/6/347
f 566/4/643 567/5/643 568/6/643
f 567/4/617 566/5/617 571/6/617
f 566/4/602 568/5/602 569/6/602
f 566/4/587 569/5/587 570/6/587
f 566/4/644 570/5/644 571/6/644
f 567/4/557 571/5/557 576/6/557
f 568/4/542 567/5/542 572/6/542
f 569/4/650 568/5/650 573/6/650
f 570/4/651 569/5/651 574/6/651
f 571/4/497 570/5/497 575/6/497
f 567/4/482 576/5/482 572/6/482
f 568/4/467 572/5/467 573/6/467
f 569/4/452 573/5/452 574/6/452
f 570/4/437 574/5/437 575/6/437
f 571/4/666 575/5/666 576/6/666
f 572/4/407 576/5/407 577/6/407
f 573/4/647 572/5/647 577/6/647
f 574/4/377 573/5/377 577/6/377
f 575/4/648 574/5/648 577/6/648
f 576/4/347 575/5/347 577/6/347
f 578/4/643 579/5/643 580/6/643
f 579/4/617 578/5/617 583/6/617
f 578/4/602 580/5/602 581/6/602
f 578/4/587 581/5/587 582/6/587
f 578/4/644 582/5/644 583/6/644
f 579/4/557 583/5/557 588/6/557
f 580/4/542 579/5/542 584/6/542
f 581/4/650 580/5/650 585/6/650
f 582/4/651 581/5/651 586/6/651
f 583/4/497 582/5/497 587/6/497
f 579/4/482 588/5/482 584/6/482
f 580/4/467 584/5/467 585/6/467
f 581/4/452 585/5/452 586/6/452
f 582/4/437 586/5/437 587/6/437
f 583/4/666 587/5/666 588/6/666
f 584/4/407 588/5/407 589/6/407
f 585/4/647 584/5/647 589/6/647
f 586/4/377 585/5/377 589/6/377
f 587/4/648 586/5/648 589/6/648
f 588/4/347 587/5/347 589/6/347
f 590/4/643 591/5/643 592/6/643
f 591/4/617 590/5/617 595/6/617
f 590/4/602 592/5/602 593/6/602
f 590/4/587 593/5/587 594/6/587
f 590/4/644 594/5/644 595/6/644
f 591/4/557 595/5/557 600/6/557
f 592/4/542 591/5/542 596/6/542
f 593/4/650 592/5/650 597/6/650
f 594/4/651 593/5/651 598/6/651
f 595/4/497 594/5/497 599/6/497
f 591/4/482 600/5/482 596/6/482
f 592/4/467 596/5/467 597/6/467
f 593/4/452 597/5/452 598/6/452
f 594/4/437 598/5/437 599/6/437
f 595/4/666 599/5/666 600/6/666
f 596/4/407 600/5/407 601/6/407
f 597/4/647 596/5/647 601/6/647
f 598/4/377 597/5/377 601/6/377
f 599/4/648 598/5/648 601/6/648
f 600/4/347 599/5/347 601/6/347
f 602/4/643 603/5/643 604/6/643
f 603/4/617 602/5/617 607/6/617
f 602/4/602 604/5/602 605/6/602
f 602/4/587 605/5/587 606/6/587
f 602/4/644 606/5/644 607/6/644
f 603/4/557 607/5/557 612/6/557
f 604/4/542 603/5/542 608/6/542
f 605/4/650 604/5/650 609/6/650
f 606/4/651 605/5/651 610/6/651
f 607/4/497 606/5/497 611/6/497
f 603/4/482 612/5/482 608/6/482
f 604/4/467 608/5/467 609/6/467
f 605/4/452 609/5/452 610/6/452
f 606/4/437 610/5/437 611/6/437
f 607/4/666 611/5/666 612/6/666
f 608/4/407 612/5/407 613/6/407
f 609/4/656 608/5/656 613/6/656
f 610/4/652 609/5/652 613/6/652
f 611/4/657 610/5/657 613/6/657
f 612/4/347 611/5/347 613/6/347
f 620/10/667 615/11/667 614/12/667
f 621/10/668 616/11/668 615/12/668
f 622/10/669 617/11/669 616/12/669
f 623/10/670 618/11/670 617/12/670
f 618/10/671 625/11/671 619/12/671
f 625/10/672 614/11/672 619/12/672
f 626/10/673 621/11/673 620/12/673
f 627/10/668 622/11/668 621/12/668
f 628/10/674 623/11/674 622/12/674
f 629/10/675 624/11/675 623/12/675
f 624/10/671 631/11/671 625/12/671
f 631/10/676 620/11/676 625/12/676
f 632/10/677 627/11/677 626/12/677
f 633/10/668 628/11/668 627/12/668
f 628/10/678 635/11/678 629/12/678
f 635/10/679 630/11/679 629/12/679
f 630/10/671 637/11/671 631/12/671
f 637/10/680 626/11/680 631/12/680
f 638/10/681 633/11/681 632/12/681
f 639/10/668 634/11/668 633/12/668
f 640/10/682 635/11/682 634/12/682
f 641/10/683 636/11/683 635/12/683
f 636/10/671 643/11/671 637/12/671
f 643/10/684 632/11/684 637/12/684
f 644/10/685 639/11/685 638/12/685
f 645/10/668 640/11/668 639/12/668
f 646/10/686 641/11/686 640/12/686
f 647/10/687 642/11/687 641/12/687
f 648/10/671 643/11/671 642/12/671
f 649/10/688 638/11/688 643/12/688
f 650/10/689 645/11/689 644/12/689
f 645/10/668 652/11/668 646/12/668
f 652/10/690 647/11/690 646/12/690
f 653/10/691 648/11/691 647/12/691
f 654/10/671 649/11/671 648/12/671
f 655/10/692 644/11/692 649/12/692
f 656/10/693 651/11/693 650/12/693
f 657/10/668 652/11/668 651/12/668
f 652/10/694 659/11/694 653/12/694
f 659/10/695 654/11/695 653/12/695
f 660/10/671 655/11/671 654/12/671
f 661/10/696 650/11/696 655/12/696
f 662/10/697 657/11/697 656/12/697
f 663/10/668 658/11/668 657/12/668
f 664/10/698 659/11/698 658/12/698
f 665/10/699 660/11/699 659/12/699
f 666/10/671 661/11/671 660/12/671
f 661/10/700 662/11/700 656/12/700
f 668/10/669 663/11/669 662/12/669
f 669/10/668 664/11/668 663/12/668
f 664/10/667 671/11/667 665/12/667
f 671/10/672 666/11/672 665/12/672
f 666/10/671 673/11/671 667/12/671
f 673/10/670 662/11/670 667/12/670
f 674/10/674 669/11/674 668/12/674
f 675/10/668 670/11/668 669/12/668
f 676/10/673 671/11/673 670/12/673
f 677/10/676 672/11/676 671/12/676
f 678/10/671 673/11/671 672/12/671
f 673/10/675 674/11/675 668/12/675
f 680/10/678 675/11/678 674/12/678
f 681/10/668 676/11/668 675/12/668
f 682/10/677 677/11/677 676/12/677
f 683/10/680 678/11/680 677/12/680
f 678/10/671 685/11/671 679/12/671
f 679/10/679 680/11/679 674/12/679
f 680/10/682 687/11/682 681/12/682
f 687/10/668 682/11/668 681/12/668
f 688/10/681 683/11/681 682/12/681
f 689/10/684 684/11/684 683/12/684
f 690/10/671 685/11/671 684/12/671
f 691/10/683 680/11/683 685/12/683
f 686/10/686 693/11/686 687/12/686
f 693/10/668 688/11/668 687/12/668
f 694/10/685 689/11/685 688/12/685
f 695/10/688 690/11/688 689/12/688
f 696/10/671 691/11/671 690/12/671
f 697/10/687 686/11/687 691/12/687
f 698/10/690 693/11/690 692/12/690
f 699/10/668 694/11/668 693/12/668
f 700/10/689 695/11/689 694/12/689
f 701/10/692 696/11/692 695/12/692
f 702/10/671 697/11/671 696/12/671
f 703/10/691 692/11/691 697/12/691
f 704/10/694 699/11/694 698/12/694
f 705/10/668 700/11/668 699/12/668
f 706/10/693 701/11/693 700/12/693
f 707/10/696 702/11/696 701/12/696
f 708/10/671 703/11/671 702/12/671
f 709/10/695 698/11/695 703/12/695
f 704/10/698 615/11/698 705/12/698
f 615/10/668 706/11/668 705/12/668
f 616/10/697 707/11/697 706/12/697
f 617/10/700 708/11/700 707/12/700
f 618/10/671 709/11/671 708/12/671
f 709/10/699 614/11/699 704/12/699
f 711/10/701 712/11/701 710/12/701
f 713/10/702 716/11/702 712/12/702
f 716/10/703 715/11/703 714/12/703
f 715/10/704 710/11/704 714/12/704
f 716/10/705 710/11/705 712/12/705
f 713/10/706 715/11/706 717/12/706
f 719/4/707 720/5/707 718/6/707
f 721/4/708 722/5/708 720/6/708
f 723/4/709 724/5/709 722/6/709
f 725/4/710 726/5/710 724/6/710
f 727/4/711 728/5/711 726/6/711
f 729/4/712 730/5/712 728/6/712
f 731/4/713 732/5/713 730/6/713
f 733/4/714 734/5/714 732/6/714
f 735/4/715 736/5/715 734/6/715
f 737/4/716 738/5/716 736/6/716
f 739/4/717 740/5/717 738/6/717
f 741/4/718 742/5/718 740/6/718
f 743/4/719 744/5/719 742/6/719
f 745/4/720 746/5/720 744/6/720
f 727/4/668 723/5/668 739/6/668
f 747/4/721 748/5/721 746/6/721
f 749/4/722 718/5/722 748/6/722
f 732/4/671 740/5/671 748/6/671
f 751/4/707 752/5/707 750/6/707
f 753/4/708 754/5/708 752/6/708
f 755/4/709 756/5/709 754/6/709
f 757/4/710 758/5/710 756/6/710
f 759/4/711 760/5/711 758/6/711
f 761/4/712 762/5/712 760/6/712
f 763/4/713 764/5/713 762/6/713
f 765/4/714 766/5/714 764/6/714
f 767/4/715 768/5/715 766/6/715
f 769/4/716 770/5/716 768/6/716
f 771/4/717 772/5/717 770/6/717
f 773/4/718 774/5/718 772/6/718
f 775/4/719 776/5/719 774/6/719
f 777/4/720 778/5/720 776/6/720
f 771/4/668 763/5/668 755/6/668
f 779/4/721 780/5/721 778/6/721
f 781/4/722 750/5/722 780/6/722
f 764/4/671 772/5/671 780/6/671
f 783/10/707 784/11/707 782/12/707
f 785/10/708 786/11/708 784/12/708
f 787/10/709 788/11/709 786/12/709
f 789/10/710 790/11/710 788/12/710
f 791/10/711 792/11/711 790/12/711
f 793/10/712 794/11/712 792/12/712
f 795/10/713 796/11/713 794/12/713
f 797/10/714 798/11/714 796/12/714
f 799/10/715 800/11/715 798/12/715
f 801/10/716 802/11/716 800/12/716
f 803/10/717 804/11/717 802/12/717
f 805/10/718 806/11/718 804/12/718
f 807/10/719 808/11/719 806/12/719
f 809/10/720 810/11/720 808/12/720
f 791/10/668 787/11/668 803/12/668
f 811/10/721 812/11/721 810/12/721
f 813/10/722 782/11/722 812/12/722
f 812/10/671 788/11/671 796/12/671
f 815/13/723 816/14/723 814/15/723
f 817/13/724 818/14/724 816/15/724
f 818/13/725 821/14/725 820/15/725
f 823/13/726 821/14/726 819/15/726
f 821/13/727 822/14/727 820/15/727
f 822/13/728 815/14/728 814/15/728
f 816/13/729 820/14/729 822/15/729
f 825/13/730 826/14/730 824/15/730
f 827/13/731 828/14/731 826/15/731
f 829/13/732 830/14/732 828/15/732
f 833/13/733 831/14/733 829/15/733
f 831/13/734 832/14/734 830/15/734
f 832/13/735 825/14/735 824/15/735
f 826/13/736 828/14/736 830/15/736
f 824/13/737 840/14/737 836/15/737
f 835/13/738 834/14/738 838/15/738
f 837/13/739 836/14/739 840/15/739
f 835/13/740 839/14/740 824/15/740
f 839/13/741 843/14/741 840/15/741
f 838/13/742 834/14/742 841/15/742
f 837/13/743 840/14/743 843/15/743
f 839/13/744 841/14/744 842/15/744
f 842/13/745 846/14/745 843/15/745
f 841/13/746 834/14/746 844/15/746
f 837/13/747 843/14/747 846/15/747
f 842/13/748 844/14/748 845/15/748
f 846/13/749 848/14/749 849/15/749
f 844/13/750 834/14/750 847/15/750
f 837/13/751 846/14/751 849/15/751
f 844/13/752 848/14/752 845/15/752
f 847/13/753 824/14/753 848/15/753
f 849/13/754 824/14/754 836/15/754
f 847/13/755 834/14/755 835/15/755
f 837/13/756 849/14/756 836/15/756
f 851/13/757 852/14/757 850/15/757
f 852/13/758 855/14/758 854/15/758
f 855/13/759 856/14/759 854/15/759
f 851/13/760 859/14/760 857/15/760
f 856/13/761 859/14/761 858/15/761
f 858/13/762 851/14/762 850/15/762
f 852/13/763 856/14/763 858/15/763
f 860/13/764 863/14/764 862/15/764
f 863/13/765 864/14/765 862/15/765
f 865/13/766 866/14/766 864/15/766
f 861/13/767 869/14/767 867/15/767
f 867/13/768 868/14/768 866/15/768
f 869/13/769 860/14/769 868/15/769
f 864/13/770 866/14/770 868/15/770
f 871/13/771 872/14/771 870/15/771
f 873/13/772 874/14/772 872/15/772
f 875/13/732 876/14/732 874/15/732
f 879/13/773 877/14/773 875/15/773
f 877/13/774 878/14/774 876/15/774
f 879/13/775 870/14/775 878/15/775
f 872/13/776 874/14/776 876/15/776
f 870/13/737 886/14/737 882/15/737
f 881/13/738 880/14/738 884/15/738
f 883/13/739 882/14/739 886/15/739
f 870/13/740 884/14/740 885/15/740
f 886/13/741 888/14/741 889/15/741
f 884/13/742 880/14/742 887/15/742
f 883/13/743 886/14/743 889/15/743
f 884/13/744 888/14/744 885/15/744
f 888/13/745 892/14/745 889/15/745
f 887/13/746 880/14/746 890/15/746
f 883/13/747 889/14/747 892/15/747
f 888/13/748 890/14/748 891/15/748
f 892/13/749 894/14/749 895/15/749
f 890/13/750 880/14/750 893/15/750
f 883/13/751 892/14/751 895/15/751
f 890/13/752 894/14/752 891/15/752
f 894/13/753 881/14/753 870/15/753
f 894/13/754 882/14/754 895/15/754
f 893/13/755 880/14/755 881/15/755
f 883/13/756 895/14/756 882/15/756
f 897/13/777 898/14/777 896/15/777
f 899/13/778 900/14/778 898/15/778
f 900/13/779 903/14/779 902/15/779
f 905/13/780 903/14/780 901/15/780
f 903/13/781 904/14/781 902/15/781
f 904/13/782 897/14/782 896/15/782
f 900/13/783 902/14/783 904/15/783
f 552/7/663 547/8/663 550/9/663
f 547/7/663 548/8/663 550/9/663
f 548/7/663 549/8/663 550/9/663
f 620/10/667 621/11/667 615/12/667
f 621/10/668 622/11/668 616/12/668
f 622/10/669 623/11/669 617/12/669
f 623/10/670 624/11/670 618/12/670
f 618/10/671 624/11/671 625/12/671
f 625/10/672 620/11/672 614/12/672
f 626/10/673 627/11/673 621/12/673
f 627/10/668 628/11/668 622/12/668
f 628/10/674 629/11/674 623/12/674
f 629/10/675 630/11/675 624/12/675
f 624/10/671 630/11/671 631/12/671
f 631/10/676 626/11/676 620/12/676
f 632/10/677 633/11/677 627/12/677
f 633/10/668 634/11/668 628/12/668
f 628/10/678 634/11/678 635/12/678
f 635/10/679 636/11/679 630/12/679
f 630/10/671 636/11/671 637/12/671
f 637/10/680 632/11/680 626/12/680
f 638/10/681 639/11/681 633/12/681
f 639/10/668 640/11/668 634/12/668
f 640/10/682 641/11/682 635/12/682
f 641/10/683 642/11/683 636/12/683
f 636/10/671 642/11/671 643/12/671
f 643/10/684 638/11/684 632/12/684
f 644/10/685 645/11/685 639/12/685
f 645/10/668 646/11/668 640/12/668
f 646/10/686 647/11/686 641/12/686
f 647/10/687 648/11/687 642/12/687
f 648/10/671 649/11/671 643/12/671
f 649/10/688 644/11/688 638/12/688
f 650/10/689 651/11/689 645/12/689
f 645/10/668 651/11/668 652/12/668
f 652/10/690 653/11/690 647/12/690
f 653/10/691 654/11/691 648/12/691
f 654/10/671 655/11/671 649/12/671
f 655/10/692 650/11/692 644/12/692
f 656/10/693 657/11/693 651/12/693
f 657/10/668 658/11/668 652/12/668
f 652/10/694 658/11/694 659/12/694
f 659/10/695 660/11/695 654/12/695
f 660/10/671 661/11/671 655/12/671
f 661/10/696 656/11/696 650/12/696
f 662/10/697 663/11/697 657/12/697
f 663/10/668 664/11/668 658/12/668
f 664/10/698 665/11/698 659/12/698
f 665/10/699 666/11/699 660/12/699
f 666/10/671 667/11/671 661/12/671
f 661/10/700 667/11/700 662/12/700
f 668/10/669 669/11/669 663/12/669
f 669/10/668 670/11/668 664/12/668
f 664/10/667 670/11/667 671/12/667
f 671/10/672 672/11/672 666/12/672
f 666/10/671 672/11/671 673/12/671
f 673/10/670 668/11/670 662/12/670
f 674/10/674 675/11/674 669/12/674
f 675/10/668 676/11/668 670/12/668
f 676/10/673 677/11/673 671/12/673
f 677/10/676 678/11/676 672/12/676
f 678/10/671 679/11/671 673/12/671
f 673/10/675 679/11/675 674/12/675
f 680/10/678 681/11/678 675/12/678
f 681/10/668 682/11/668 676/12/668
f 682/10/677 683/11/677 677/12/677
f 683/10/680 684/11/680 678/12/680
f 678/10/671 684/11/671 685/12/671
f 679/10/679 685/11/679 680/12/679
f 680/10/682 686/11/682 687/12/682
f 687/10/668 688/11/668 682/12/668
f 688/10/681 689/11/681 683/12/681
f 689/10/684 690/11/684 684/12/684
f 690/10/671 691/11/671 685/12/671
f 691/10/683 686/11/683 680/12/683
f 686/10/686 692/11/686 693/12/686
f 693/10/668 694/11/668 688/12/668
f 694/10/685 695/11/685 689/12/685
f 695/10/688 696/11/688 690/12/688
f 696/10/671 697/11/671 691/12/671
f 697/10/687 692/11/687 686/12/687
f 698/10/690 699/11/690 693/12/690
f 699/10/668 700/11/668 694/12/668
f 700/10/689 701/11/689 695/12/689
f 701/10/692 702/11/692 696/12/692
f 702/10/671 703/11/671 697/12/671
f 703/10/691 698/11/691 692/12/691
f 704/10/694 705/11/694 699/12/694
f 705/10/668 706/11/668 700/12/668
f 706/10/693 707/11/693 701/12/693
f 707/10/696 708/11/696 702/12/696
f 708/10/671 709/11/671 703/12/671
f 709/10/695 704/11/695 698/12/695
f 704/10/698 614/11/698 615/12/698
f 615/10/668 616/11/668 706/12/668
f 616/10/697 617/11/697 707/12/697
f 617/10/700 618/11/700 708/12/700
f 618/10/671 619/11/671 709/12/671
f 709/10/699 619/11/699 614/12/699
f 711/10/701 713/11/701 712/12/701
f 713/10/702 717/11/702 716/12/702
f 716/10/703 717/11/703 715/12/703
f 715/10/704 711/11/704 710/12/704
f 716/10/705 714/11/705 710/12/705
f 713/10/706 711/11/706 715/12/706
f 719/4/707 721/5/707 720/6/707
f 721/4/708 723/5/708 722/6/708
f 723/4/709 725/5/709 724/6/709
f 725/4/710 727/5/710 726/6/710
f 727/4/711 729/5/711 728/6/711
f 729/4/712 731/5/712 730/6/712
f 731/4/713 733/5/713 732/6/713
f 733/4/714 735/5/714 734/6/714
f 735/4/715 737/5/715 736/6/715
f 737/4/716 739/5/716 738/6/716
f 739/4/717 741/5/717 740/6/717
f 741/4/718 743/5/718 742/6/718
f 743/4/719 745/5/719 744/6/719
f 745/4/720 747/5/720 746/6/720
f 723/4/668 721/5/668 719/6/668
f 719/4/668 749/5/668 747/6/668
f 747/4/668 745/5/668 743/6/668
f 743/4/668 741/5/668 739/6/668
f 739/4/668 737/5/668 735/6/668
f 735/4/668 733/5/668 731/6/668
f 731/4/668 729/5/668 727/6/668
f 727/4/668 725/5/668 723/6/668
f 723/4/668 719/5/668 747/6/668
f 747/4/668 743/5/668 723/6/668
f 743/4/668 739/5/668 723/6/668
f 739/4/668 735/5/668 731/6/668
f 731/4/668 727/5/668 739/6/668
f 747/4/721 749/5/721 748/6/721
f 749/4/722 719/5/722 718/6/722
f 748/4/671 718/5/671 720/6/671
f 720/4/671 722/5/671 724/6/671
f 724/4/671 726/5/671 728/6/671
f 728/4/671 730/5/671 732/6/671
f 732/4/671 734/5/671 736/6/671
f 736/4/671 738/5/671 740/6/671
f 740/4/671 742/5/671 744/6/671
f 744/4/671 746/5/671 748/6/671
f 748/4/671 720/5/671 724/6/671
f 724/4/671 728/5/671 732/6/671
f 732/4/671 736/5/671 740/6/671
f 740/4/671 744/5/671 748/6/671
f 748/4/671 724/5/671 732/6/671
f 751/4/707 753/5/707 752/6/707
f 753/4/708 755/5/708 754/6/708
f 755/4/709 757/5/709 756/6/709
f 757/4/710 759/5/710 758/6/710
f 759/4/711 761/5/711 760/6/711
f 761/4/712 763/5/712 762/6/712
f 763/4/713 765/5/713 764/6/713
f 765/4/714 767/5/714 766/6/714
f 767/4/715 769/5/715 768/6/715
f 769/4/716 771/5/716 770/6/716
f 771/4/717 773/5/717 772/6/717
f 773/4/718 775/5/718 774/6/718
f 775/4/719 777/5/719 776/6/719
f 777/4/720 779/5/720 778/6/720
f 755/4/668 753/5/668 751/6/668
f 751/4/668 781/5/668 779/6/668
f 779/4/668 777/5/668 775/6/668
f 775/4/668 773/5/668 771/6/668
f 771/4/668 769/5/668 767/6/668
f 767/4/668 765/5/668 763/6/668
f 763/4/668 761/5/668 759/6/668
f 759/4/668 757/5/668 755/6/668
f 755/4/668 751/5/668 779/6/668
f 779/4/668 775/5/668 771/6/668
f 771/4/668 767/5/668 763/6/668
f 763/4/668 759/5/668 755/6/668
f 755/4/668 779/5/668 771/6/668
f 779/4/721 781/5/721 780/6/721
f 781/4/722 751/5/722 750/6/722
f 780/4/671 750/5/671 752/6/671
f 752/4/671 754/5/671 780/6/671
f 754/4/671 756/5/671 780/6/671
f 756/4/671 758/5/671 760/6/671
f 760/4/671 762/5/671 756/6/671
f 762/4/671 764/5/671 756/6/671
f 764/4/671 766/5/671 768/6/671
f 768/4/671 770/5/671 764/6/671
f 770/4/671 772/5/671 764/6/671
f 772/4/671 774/5/671 776/6/671
f 776/4/671 778/5/671 772/6/671
f 778/4/671 780/5/671 772/6/671
f 780/4/671 756/5/671 764/6/671
f 783/10/707 785/11/707 784/12/707
f 785/10/708 787/11/708 786/12/708
f 787/10/709 789/11/709 788/12/709
f 789/10/710 791/11/710 790/12/710
f 791/10/711 793/11/711 792/12/711
f 793/10/712 795/11/712 794/12/712
f 795/10/713 797/11/713 796/12/713
f 797/10/714 799/11/714 798/12/714
f 799/10/715 801/11/715 800/12/715
f 801/10/716 803/11/716 802/12/716
f 803/10/717 805/11/717 804/12/717
f 805/10/718 807/11/718 806/12/718
f 807/10/719 809/11/719 808/12/719
f 809/10/720 811/11/720 810/12/720
f 787/10/668 785/11/668 783/12/668
f 783/10/668 813/11/668 811/12/668
f 811/10/668 809/11/668 807/12/668
f 807/10/668 805/11/668 803/12/668
f 803/10/668 801/11/668 799/12/668
f 799/10/668 797/11/668 795/12/668
f 795/10/668 793/11/668 791/12/668
f 791/10/668 789/11/668 787/12/668
f 787/10/668 783/11/668 811/12/668
f 811/10/668 807/11/668 787/12/668
f 807/10/668 803/11/668 787/12/668
f 803/10/668 799/11/668 795/12/668
f 795/10/668 791/11/668 803/12/668
f 811/10/721 813/11/721 812/12/721
f 813/10/722 783/11/722 782/12/722
f 812/10/671 782/11/671 784/12/671
f 784/10/671 786/11/671 812/12/671
f 786/10/671 788/11/671 812/12/671
f 788/10/671 790/11/671 792/12/671
f 792/10/671 794/11/671 788/12/671
f 794/10/671 796/11/671 788/12/671
f 796/10/671 798/11/671 800/12/671
f 800/10/671 802/11/671 804/12/671
f 804/10/671 806/11/671 808/12/671
f 808/10/671 810/11/671 804/12/671
f 810/10/671 812/11/671 804/12/671
f 796/10/671 800/11/671 812/12/671
f 800/10/671 804/11/671 812/12/671
f 815/13/723 817/14/723 816/15/723
f 817/13/724 819/14/724 818/15/724
f 818/13/725 819/14/725 821/15/725
f 819/13/726 817/14/726 815/15/726
f 815/13/726 823/14/726 819/15/726
f 821/13/727 823/14/727 822/15/727
f 822/13/728 823/14/728 815/15/728
f 822/13/729 814/14/729 816/15/729
f 816/13/729 818/14/729 820/15/729
f 825/13/730 827/14/730 826/15/730
f 827/13/731 829/14/731 828/15/731
f 829/13/732 831/14/732 830/15/732
f 829/13/733 827/14/733 825/15/733
f 825/13/733 833/14/733 829/15/733
f 831/13/734 833/14/734 832/15/734
f 832/13/735 833/14/735 825/15/735
f 832/13/736 824/14/736 830/15/736
f 824/13/784 826/14/784 830/15/784
f 824/13/737 839/14/737 840/15/737
f 835/13/740 838/14/740 839/15/740
f 839/13/741 842/14/741 843/15/741
f 839/13/744 838/14/744 841/15/744
f 842/13/745 845/14/745 846/15/745
f 842/13/748 841/14/748 844/15/748
f 846/13/749 845/14/749 848/15/749
f 844/13/752 847/14/752 848/15/752
f 847/13/753 835/14/753 824/15/753
f 849/13/754 848/14/754 824/15/754
f 851/13/757 853/14/757 852/15/757
f 852/13/758 853/14/758 855/15/758
f 855/13/759 857/14/759 856/15/759
f 855/13/760 853/14/760 857/15/760
f 853/13/760 851/14/760 857/15/760
f 856/13/761 857/14/761 859/15/761
f 858/13/762 859/14/762 851/15/762
f 858/13/763 850/14/763 852/15/763
f 852/13/763 854/14/763 856/15/763
f 860/13/764 861/14/764 863/15/764
f 863/13/765 865/14/765 864/15/765
f 865/13/766 867/14/766 866/15/766
f 865/13/767 863/14/767 867/15/767
f 863/13/767 861/14/767 867/15/767
f 867/13/768 869/14/768 868/15/768
f 869/13/769 861/14/769 860/15/769
f 868/13/770 860/14/770 862/15/770
f 862/13/770 864/14/770 868/15/770
f 871/13/771 873/14/771 872/15/771
f 873/13/772 875/14/772 874/15/772
f 875/13/732 877/14/732 876/15/732
f 875/13/773 873/14/773 871/15/773
f 871/13/773 879/14/773 875/15/773
f 877/13/774 879/14/774 878/15/774
f 879/13/775 871/14/775 870/15/775
f 878/13/776 870/14/776 876/15/776
f 870/13/776 872/14/776 876/15/776
f 870/13/737 885/14/737 886/15/737
f 870/13/740 881/14/740 884/15/740
f 886/13/741 885/14/741 888/15/741
f 884/13/744 887/14/744 888/15/744
f 888/13/745 891/14/745 892/15/745
f 888/13/748 887/14/748 890/15/748
f 892/13/749 891/14/749 894/15/749
f 890/13/752 893/14/752 894/15/752
f 894/13/753 893/14/753 881/15/753
f 894/13/754 870/14/754 882/15/754
f 897/13/777 899/14/777 898/15/777
f 899/13/778 901/14/778 900/15/778
f 900/13/779 901/14/779 903/15/779
f 901/13/780 899/14/780 897/15/780
f 897/13/780 905/14/780 901/15/780
f 903/13/781 905/14/781 904/15/781
f 904/13/782 905/14/782 897/15/782
f 904/13/783 896/14/783 898/15/783
f 898/13/783 900/14/783 904/15/783
