# Blender 5.0.1
# www.blender.org
mtllib board_rookie.mtl
o board_rookie_Deck
v -0.033950 0.430000 2.400000
v -0.027160 0.430000 2.400000
v -0.020370 0.430000 2.400000
v -0.013580 0.430000 2.400000
v -0.006790 0.430000 2.400000
v 0.000000 0.430000 2.400000
v 0.006790 0.430000 2.400000
v 0.013580 0.430000 2.400000
v 0.020370 0.430000 2.400000
v 0.027160 0.430000 2.400000
v 0.033950 0.430000 2.400000
v 0.035000 0.385000 2.400000
v 0.033950 0.340000 2.400000
v 0.027160 0.340000 2.400000
v 0.020370 0.340000 2.400000
v 0.013580 0.340000 2.400000
v 0.006790 0.340000 2.400000
v 0.000000 0.340000 2.400000
v -0.006790 0.340000 2.400000
v -0.013580 0.340000 2.400000
v -0.020370 0.340000 2.400000
v -0.027160 0.340000 2.400000
v -0.033950 0.340000 2.400000
v -0.035000 0.385000 2.400000
v -0.083265 0.428653 2.397716
v -0.066612 0.428653 2.397716
v -0.049959 0.428653 2.397716
v -0.033306 0.428653 2.397716
v -0.016653 0.428653 2.397716
v 0.000000 0.428653 2.397716
v 0.016653 0.428653 2.397716
v 0.033306 0.428653 2.397716
v 0.049959 0.428653 2.397716
v 0.066612 0.428653 2.397716
v 0.083265 0.428653 2.397716
v 0.085840 0.383653 2.397716
v 0.083265 0.338653 2.397716
v 0.066612 0.338653 2.397716
v 0.049959 0.338653 2.397716
v 0.033306 0.338653 2.397716
v 0.016653 0.338653 2.397716
v 0.000000 0.338653 2.397716
v -0.016653 0.338653 2.397716
v -0.033306 0.338653 2.397716
v -0.049959 0.338653 2.397716
v -0.066612 0.338653 2.397716
v -0.083265 0.338653 2.397716
v -0.085840 0.383653 2.397716
v -0.141603 0.424631 2.390867
v -0.113283 0.424631 2.390867
v -0.084962 0.424631 2.390867
v -0.056641 0.424631 2.390867
v -0.028321 0.424631 2.390867
v 0.000000 0.424631 2.390867
v 0.028321 0.424631 2.390867
v 0.056641 0.424631 2.390867
v 0.084962 0.424631 2.390867
v 0.113283 0.424631 2.390867
v 0.141603 0.424631 2.390867
v 0.145983 0.379631 2.390867
v 0.141603 0.334631 2.390867
v 0.113283 0.334631 2.390867
v 0.084962 0.334631 2.390867
v 0.056641 0.334631 2.390867
v 0.028321 0.334631 2.390867
v 0.000000 0.334631 2.390867
v -0.028321 0.334631 2.390867
v -0.056641 0.334631 2.390867
v -0.084962 0.334631 2.390867
v -0.113283 0.334631 2.390867
v -0.141603 0.334631 2.390867
v -0.145983 0.379631 2.390867
v -0.192728 0.417988 2.379468
v -0.154183 0.417988 2.379468
v -0.115637 0.417988 2.379468
v -0.077091 0.417988 2.379468
v -0.038546 0.417988 2.379468
v 0.000000 0.417988 2.379468
v 0.038546 0.417988 2.379468
v 0.077091 0.417988 2.379468
v 0.115637 0.417988 2.379468
v 0.154183 0.417988 2.379468
v 0.192728 0.417988 2.379468
v 0.198689 0.372988 2.379468
v 0.192728 0.327988 2.379468
v 0.154183 0.327988 2.379468
v 0.115637 0.327988 2.379468
v 0.077091 0.327988 2.379468
v 0.038546 0.327988 2.379468
v 0.000000 0.327988 2.379468
v -0.038546 0.327988 2.379468
v -0.077091 0.327988 2.379468
v -0.115637 0.327988 2.379468
v -0.154183 0.327988 2.379468
v -0.192728 0.327988 2.379468
v -0.198689 0.372988 2.379468
v -0.239237 0.408818 2.363539
v -0.191390 0.408818 2.363539
v -0.143542 0.408818 2.363539
v -0.095695 0.408818 2.363539
v -0.047847 0.408818 2.363539
v 0.000000 0.408818 2.363539
v 0.047847 0.408818 2.363539
v 0.095695 0.408818 2.363539
v 0.143542 0.408818 2.363539
v 0.191390 0.408818 2.363539
v 0.239237 0.408818 2.363539
v 0.246636 0.363818 2.363539
v 0.239237 0.318818 2.363539
v 0.191390 0.318818 2.363539
v 0.143542 0.318818 2.363539
v 0.095695 0.318818 2.363539
v 0.047847 0.318818 2.363539
v 0.000000 0.318818 2.363539
v -0.047847 0.318818 2.363539
v -0.095695 0.318818 2.363539
v -0.143542 0.318818 2.363539
v -0.191390 0.318818 2.363539
v -0.239237 0.318818 2.363539
v -0.246636 0.363818 2.363539
v -0.282166 0.397249 2.343110
v -0.225733 0.397249 2.343110
v -0.169300 0.397249 2.343110
v -0.112867 0.397249 2.343110
v -0.056433 0.397249 2.343110
v 0.000000 0.397249 2.343110
v 0.056433 0.397249 2.343110
v 0.112867 0.397249 2.343110
v 0.169300 0.397249 2.343110
v 0.225733 0.397249 2.343110
v 0.282166 0.397249 2.343110
v 0.290893 0.352249 2.343110
v 0.282166 0.307249 2.343110
v 0.225733 0.307249 2.343110
v 0.169300 0.307249 2.343110
v 0.112867 0.307249 2.343110
v 0.056433 0.307249 2.343110
v 0.000000 0.307249 2.343110
v -0.056433 0.307249 2.343110
v -0.112867 0.307249 2.343110
v -0.169300 0.307249 2.343110
v -0.225733 0.307249 2.343110
v -0.282166 0.307249 2.343110
v -0.290893 0.352249 2.343110
v -0.322024 0.383442 2.318222
v -0.257619 0.383442 2.318222
v -0.193215 0.383442 2.318222
v -0.128810 0.383442 2.318222
v -0.064405 0.383442 2.318222
v 0.000000 0.383442 2.318222
v 0.064405 0.383442 2.318222
v 0.128810 0.383442 2.318222
v 0.193215 0.383442 2.318222
v 0.257619 0.383442 2.318222
v 0.322024 0.383442 2.318222
v 0.331984 0.338442 2.318222
v 0.322024 0.293442 2.318222
v 0.257619 0.293442 2.318222
v 0.193215 0.293442 2.318222
v 0.128810 0.293442 2.318222
v 0.064405 0.293442 2.318222
v 0.000000 0.293442 2.318222
v -0.064405 0.293442 2.318222
v -0.128810 0.293442 2.318222
v -0.193215 0.293442 2.318222
v -0.257619 0.293442 2.318222
v -0.322024 0.293442 2.318222
v -0.331984 0.338442 2.318222
v -0.359083 0.367593 2.288921
v -0.287266 0.367593 2.288921
v -0.215450 0.367593 2.288921
v -0.143633 0.367593 2.288921
v -0.071817 0.367593 2.288921
v 0.000000 0.367593 2.288921
v 0.071817 0.367593 2.288921
v 0.143633 0.367593 2.288921
v 0.215450 0.367593 2.288921
v 0.287266 0.367593 2.288921
v 0.359083 0.367593 2.288921
v 0.370189 0.322593 2.288921
v 0.359083 0.277593 2.288921
v 0.287266 0.277593 2.288921
v 0.215450 0.277593 2.288921
v 0.143633 0.277593 2.288921
v 0.071817 0.277593 2.288921
v 0.000000 0.277593 2.288921
v -0.071817 0.277593 2.288921
v -0.143633 0.277593 2.288921
v -0.215450 0.277593 2.288921
v -0.287266 0.277593 2.288921
v -0.359083 0.277593 2.288921
v -0.370189 0.322593 2.288921
v -0.393490 0.349932 2.255262
v -0.314792 0.349932 2.255262
v -0.236094 0.349932 2.255262
v -0.157396 0.349932 2.255262
v -0.078698 0.349932 2.255262
v 0.000000 0.349932 2.255262
v 0.078698 0.349932 2.255262
v 0.157396 0.349932 2.255262
v 0.236094 0.349932 2.255262
v 0.314792 0.349932 2.255262
v 0.393490 0.349932 2.255262
v 0.405660 0.304932 2.255262
v 0.393490 0.259932 2.255262
v 0.314792 0.259932 2.255262
v 0.236094 0.259932 2.255262
v 0.157396 0.259932 2.255262
v 0.078698 0.259932 2.255262
v 0.000000 0.259932 2.255262
v -0.078698 0.259932 2.255262
v -0.157396 0.259932 2.255262
v -0.236094 0.259932 2.255262
v -0.314792 0.259932 2.255262
v -0.393490 0.259932 2.255262
v -0.405660 0.304932 2.255262
v -0.425323 0.330713 2.217311
v -0.340259 0.330713 2.217311
v -0.255194 0.330713 2.217311
v -0.170129 0.330713 2.217311
v -0.085065 0.330713 2.217311
v 0.000000 0.330713 2.217311
v 0.085065 0.330713 2.217311
v 0.170129 0.330713 2.217311
v 0.255194 0.330713 2.217311
v 0.340259 0.330713 2.217311
v 0.425323 0.330713 2.217311
v 0.438478 0.285713 2.217311
v 0.425323 0.240713 2.217311
v 0.340259 0.240713 2.217311
v 0.255194 0.240713 2.217311
v 0.170129 0.240713 2.217311
v 0.085065 0.240713 2.217311
v 0.000000 0.240713 2.217311
v -0.085065 0.240713 2.217311
v -0.170129 0.240713 2.217311
v -0.255194 0.240713 2.217311
v -0.340259 0.240713 2.217311
v -0.425323 0.240713 2.217311
v -0.438478 0.285713 2.217311
v -0.454617 0.310223 2.175139
v -0.363693 0.310223 2.175139
v -0.272770 0.310223 2.175139
v -0.181847 0.310223 2.175139
v -0.090923 0.310223 2.175139
v 0.000000 0.310223 2.175139
v 0.090923 0.310223 2.175139
v 0.181847 0.310223 2.175139
v 0.272770 0.310223 2.175139
v 0.363693 0.310223 2.175139
v 0.454617 0.310223 2.175139
v 0.468677 0.265223 2.175139
v 0.454617 0.220223 2.175139
v 0.363693 0.220223 2.175139
v 0.272770 0.220223 2.175139
v 0.181847 0.220223 2.175139
v 0.090923 0.220223 2.175139
v 0.000000 0.220223 2.175139
v -0.090923 0.220223 2.175139
v -0.181847 0.220223 2.175139
v -0.272770 0.220223 2.175139
v -0.363693 0.220223 2.175139
v -0.454617 0.220223 2.175139
v -0.468677 0.265223 2.175139
v -0.481379 0.288772 2.128826
v -0.385103 0.288772 2.128826
v -0.288827 0.288772 2.128826
v -0.192551 0.288772 2.128826
v -0.096276 0.288772 2.128826
v 0.000000 0.288772 2.128826
v 0.096276 0.288772 2.128826
v 0.192551 0.288772 2.128826
v 0.288827 0.288772 2.128826
v 0.385103 0.288772 2.128826
v 0.481379 0.288772 2.128826
v 0.496267 0.243772 2.128826
v 0.481379 0.198772 2.128826
v 0.385103 0.198772 2.128826
v 0.288827 0.198772 2.128826
v 0.192551 0.198772 2.128826
v 0.096276 0.198772 2.128826
v 0.000000 0.198772 2.128826
v -0.096276 0.198772 2.128826
v -0.192551 0.198772 2.128826
v -0.288827 0.198772 2.128826
v -0.385103 0.198772 2.128826
v -0.481379 0.198772 2.128826
v -0.496267 0.243772 2.128826
v -0.505603 0.266690 2.078461
v -0.404483 0.266690 2.078461
v -0.303362 0.266690 2.078461
v -0.202241 0.266690 2.078461
v -0.101121 0.266690 2.078461
v 0.000000 0.266690 2.078461
v 0.101121 0.266690 2.078461
v 0.202241 0.266690 2.078461
v 0.303362 0.266690 2.078461
v 0.404483 0.266690 2.078461
v 0.505603 0.266690 2.078461
v 0.521241 0.221690 2.078461
v 0.505603 0.176690 2.078461
v 0.404483 0.176690 2.078461
v 0.303362 0.176690 2.078461
v 0.202241 0.176690 2.078461
v 0.101121 0.176690 2.078461
v 0.000000 0.176690 2.078461
v -0.101121 0.176690 2.078461
v -0.202241 0.176690 2.078461
v -0.303362 0.176690 2.078461
v -0.404483 0.176690 2.078461
v -0.505603 0.176690 2.078461
v -0.521241 0.221690 2.078461
v -0.527278 0.244331 2.024139
v -0.421822 0.244331 2.024139
v -0.316367 0.244331 2.024139
v -0.210911 0.244331 2.024139
v -0.105456 0.244331 2.024139
v 0.000000 0.244331 2.024139
v 0.105456 0.244331 2.024139
v 0.210911 0.244331 2.024139
v 0.316367 0.244331 2.024139
v 0.421822 0.244331 2.024139
v 0.527278 0.244331 2.024139
v 0.543585 0.199331 2.024139
v 0.527278 0.154331 2.024139
v 0.421822 0.154331 2.024139
v 0.316367 0.154331 2.024139
v 0.210911 0.154331 2.024139
v 0.105456 0.154331 2.024139
v 0.000000 0.154331 2.024139
v -0.105456 0.154331 2.024139
v -0.210911 0.154331 2.024139
v -0.316367 0.154331 2.024139
v -0.421822 0.154331 2.024139
v -0.527278 0.154331 2.024139
v -0.543585 0.199331 2.024139
v -0.546387 0.222063 1.965965
v -0.437110 0.222063 1.965965
v -0.327832 0.222063 1.965965
v -0.218555 0.222063 1.965965
v -0.109277 0.222063 1.965965
v 0.000000 0.222063 1.965965
v 0.109277 0.222063 1.965965
v 0.218555 0.222063 1.965965
v 0.327832 0.222063 1.965965
v 0.437110 0.222063 1.965965
v 0.546387 0.222063 1.965965
v 0.563286 0.177063 1.965965
v 0.546387 0.132063 1.965965
v 0.437110 0.132063 1.965965
v 0.327832 0.132063 1.965965
v 0.218555 0.132063 1.965965
v 0.109277 0.132063 1.965965
v 0.000000 0.132063 1.965965
v -0.109277 0.132063 1.965965
v -0.218555 0.132063 1.965965
v -0.327832 0.132063 1.965965
v -0.437110 0.132063 1.965965
v -0.546387 0.132063 1.965965
v -0.563286 0.177063 1.965965
v -0.562925 0.200267 1.904048
v -0.450340 0.200267 1.904048
v -0.337755 0.200267 1.904048
v -0.225170 0.200267 1.904048
v -0.112585 0.200267 1.904048
v 0.000000 0.200267 1.904048
v 0.112585 0.200267 1.904048
v 0.225170 0.200267 1.904048
v 0.337755 0.200267 1.904048
v 0.450340 0.200267 1.904048
v 0.562925 0.200267 1.904048
v 0.580335 0.155267 1.904048
v 0.562925 0.110267 1.904048
v 0.450340 0.110267 1.904048
v 0.337755 0.110267 1.904048
v 0.225170 0.110267 1.904048
v 0.112585 0.110267 1.904048
v 0.000000 0.110267 1.904048
v -0.112585 0.110267 1.904048
v -0.225170 0.110267 1.904048
v -0.337755 0.110267 1.904048
v -0.450340 0.110267 1.904048
v -0.562925 0.110267 1.904048
v -0.580335 0.155267 1.904048
v -0.576892 0.179335 1.838507
v -0.461514 0.179335 1.838507
v -0.346135 0.179335 1.838507
v -0.230757 0.179335 1.838507
v -0.115378 0.179335 1.838507
v 0.000000 0.179335 1.838507
v 0.115378 0.179335 1.838507
v 0.230757 0.179335 1.838507
v 0.346135 0.179335 1.838507
v 0.461514 0.179335 1.838507
v 0.576892 0.179335 1.838507
v 0.594734 0.134335 1.838507
v 0.576892 0.089335 1.838507
v 0.461514 0.089335 1.838507
v 0.346135 0.089335 1.838507
v 0.230757 0.089335 1.838507
v 0.115378 0.089335 1.838507
v 0.000000 0.089335 1.838507
v -0.115378 0.089335 1.838507
v -0.230757 0.089335 1.838507
v -0.346135 0.089335 1.838507
v -0.461514 0.089335 1.838507
v -0.576892 0.089335 1.838507
v -0.594734 0.134335 1.838507
v -0.588312 0.159667 1.769466
v -0.470649 0.159667 1.769466
v -0.352987 0.159667 1.769466
v -0.235325 0.159667 1.769466
v -0.117662 0.159667 1.769466
v 0.000000 0.159667 1.769466
v 0.117662 0.159667 1.769466
v 0.235325 0.159667 1.769466
v 0.352987 0.159667 1.769466
v 0.470649 0.159667 1.769466
v 0.588312 0.159667 1.769466
v 0.606507 0.114667 1.769466
v 0.588312 0.069667 1.769466
v 0.470649 0.069667 1.769466
v 0.352987 0.069667 1.769466
v 0.235325 0.069667 1.769466
v 0.117662 0.069667 1.769466
v 0.000000 0.069667 1.769466
v -0.117662 0.069667 1.769466
v -0.235325 0.069667 1.769466
v -0.352987 0.069667 1.769466
v -0.470649 0.069667 1.769466
v -0.588312 0.069667 1.769466
v -0.606507 0.114667 1.769466
v -0.597235 0.141663 1.697056
v -0.477788 0.141663 1.697056
v -0.358341 0.141663 1.697056
v -0.238894 0.141663 1.697056
v -0.119447 0.141663 1.697056
v 0.000000 0.141663 1.697056
v 0.119447 0.141663 1.697056
v 0.238894 0.141663 1.697056
v 0.358341 0.141663 1.697056
v 0.477788 0.141663 1.697056
v 0.597235 0.141663 1.697056
v 0.615706 0.096663 1.697056
v 0.597235 0.051663 1.697056
v 0.477788 0.051663 1.697056
v 0.358341 0.051663 1.697056
v 0.238894 0.051663 1.697056
v 0.119447 0.051663 1.697056
v 0.000000 0.051663 1.697056
v -0.119447 0.051663 1.697056
v -0.238894 0.051663 1.697056
v -0.358341 0.051663 1.697056
v -0.477788 0.051663 1.697056
v -0.597235 0.051663 1.697056
v -0.615706 0.096663 1.697056
v -0.603756 0.125724 1.621416
v -0.483005 0.125724 1.621416
v -0.362254 0.125724 1.621416
v -0.241502 0.125724 1.621416
v -0.120751 0.125724 1.621416
v 0.000000 0.125724 1.621416
v 0.120751 0.125724 1.621416
v 0.241502 0.125724 1.621416
v 0.362254 0.125724 1.621416
v 0.483005 0.125724 1.621416
v 0.603756 0.125724 1.621416
v 0.622429 0.080724 1.621416
v 0.603756 0.035724 1.621416
v 0.483005 0.035724 1.621416
v 0.362254 0.035724 1.621416
v 0.241502 0.035724 1.621416
v 0.120751 0.035724 1.621416
v 0.000000 0.035724 1.621416
v -0.120751 0.035724 1.621416
v -0.241502 0.035724 1.621416
v -0.362254 0.035724 1.621416
v -0.483005 0.035724 1.621416
v -0.603756 0.035724 1.621416
v -0.622429 0.080724 1.621416
v -0.608034 0.112249 1.542690
v -0.486427 0.112249 1.542690
v -0.364820 0.112249 1.542690
v -0.243213 0.112249 1.542690
v -0.121607 0.112249 1.542690
v 0.000000 0.112249 1.542690
v 0.121607 0.112249 1.542690
v 0.243213 0.112249 1.542690
v 0.364820 0.112249 1.542690
v 0.486427 0.112249 1.542690
v 0.608034 0.112249 1.542690
v 0.626839 0.067249 1.542690
v 0.608034 0.022249 1.542690
v 0.486427 0.022249 1.542690
v 0.364820 0.022249 1.542690
v 0.243213 0.022249 1.542690
v 0.121607 0.022249 1.542690
v 0.000000 0.022249 1.542690
v -0.121607 0.022249 1.542690
v -0.243213 0.022249 1.542690
v -0.364820 0.022249 1.542690
v -0.486427 0.022249 1.542690
v -0.608034 0.022249 1.542690
v -0.626839 0.067249 1.542690
v -0.610328 0.101626 1.461027
v -0.488262 0.101626 1.461027
v -0.366197 0.101626 1.461027
v -0.244131 0.101626 1.461027
v -0.122066 0.101626 1.461027
v 0.000000 0.101626 1.461027
v 0.122066 0.101626 1.461027
v 0.244131 0.101626 1.461027
v 0.366197 0.101626 1.461027
v 0.488262 0.101626 1.461027
v 0.610328 0.101626 1.461027
v 0.629204 0.056626 1.461027
v 0.610328 0.011626 1.461027
v 0.488262 0.011626 1.461027
v 0.366197 0.011626 1.461027
v 0.244131 0.011626 1.461027
v 0.122066 0.011626 1.461027
v 0.000000 0.011626 1.461027
v -0.122066 0.011626 1.461027
v -0.244131 0.011626 1.461027
v -0.366197 0.011626 1.461027
v -0.488262 0.011626 1.461027
v -0.610328 0.011626 1.461027
v -0.629204 0.056626 1.461027
v -0.611072 0.094236 1.376583
v -0.488858 0.094236 1.376583
v -0.366643 0.094236 1.376583
v -0.244429 0.094236 1.376583
v -0.122214 0.094236 1.376583
v 0.000000 0.094236 1.376583
v 0.122214 0.094236 1.376583
v 0.244429 0.094236 1.376583
v 0.366643 0.094236 1.376583
v 0.488858 0.094236 1.376583
v 0.611072 0.094236 1.376583
v 0.629971 0.049236 1.376583
v 0.611072 0.004236 1.376583
v 0.488858 0.004236 1.376583
v 0.366643 0.004236 1.376583
v 0.244429 0.004236 1.376583
v 0.122214 0.004236 1.376583
v 0.000000 0.004236 1.376583
v -0.122214 0.004236 1.376583
v -0.244429 0.004236 1.376583
v -0.366643 0.004236 1.376583
v -0.488858 0.004236 1.376583
v -0.611072 0.004236 1.376583
v -0.629971 0.049236 1.376583
v -0.605707 0.090442 1.289519
v -0.484565 0.090442 1.289519
v -0.363424 0.090442 1.289519
v -0.242283 0.090442 1.289519
v -0.121141 0.090442 1.289519
v 0.000000 0.090442 1.289519
v 0.121141 0.090442 1.289519
v 0.242283 0.090442 1.289519
v 0.363424 0.090442 1.289519
v 0.484565 0.090442 1.289519
v 0.605707 0.090442 1.289519
v 0.624440 0.045442 1.289519
v 0.605707 0.000442 1.289519
v 0.484565 0.000442 1.289519
v 0.363424 0.000442 1.289519
v 0.242283 0.000442 1.289519
v 0.121141 0.000442 1.289519
v 0.000000 0.000442 1.289519
v -0.121141 0.000442 1.289519
v -0.242283 0.000442 1.289519
v -0.363424 0.000442 1.289519
v -0.484565 0.000442 1.289519
v -0.605707 0.000442 1.289519
v -0.624440 0.045442 1.289519
v -0.597329 0.090000 1.200000
v -0.477864 0.090000 1.200000
v -0.358398 0.090000 1.200000
v -0.238932 0.090000 1.200000
v -0.119466 0.090000 1.200000
v 0.000000 0.090000 1.200000
v 0.119466 0.090000 1.200000
v 0.238932 0.090000 1.200000
v 0.358398 0.090000 1.200000
v 0.477864 0.090000 1.200000
v 0.597329 0.090000 1.200000
v 0.615804 0.045000 1.200000
v 0.597329 0.000000 1.200000
v 0.477864 0.000000 1.200000
v 0.358398 0.000000 1.200000
v 0.238932 0.000000 1.200000
v 0.119466 0.000000 1.200000
v 0.000000 0.000000 1.200000
v -0.119466 0.000000 1.200000
v -0.238932 0.000000 1.200000
v -0.358398 0.000000 1.200000
v -0.477864 0.000000 1.200000
v -0.597329 0.000000 1.200000
v -0.615804 0.045000 1.200000
v -0.589364 0.090000 1.108197
v -0.471491 0.090000 1.108197
v -0.353619 0.090000 1.108197
v -0.235746 0.090000 1.108197
v -0.117873 0.090000 1.108197
v 0.000000 0.090000 1.108197
v 0.117873 0.090000 1.108197
v 0.235746 0.090000 1.108197
v 0.353619 0.090000 1.108197
v 0.471491 0.090000 1.108197
v 0.589364 0.090000 1.108197
v 0.607592 0.045000 1.108197
v 0.589364 0.000000 1.108197
v 0.471491 0.000000 1.108197
v 0.353619 0.000000 1.108197
v 0.235746 0.000000 1.108197
v 0.117873 0.000000 1.108197
v 0.000000 0.000000 1.108197
v -0.117873 0.000000 1.108197
v -0.235746 0.000000 1.108197
v -0.353619 0.000000 1.108197
v -0.471491 0.000000 1.108197
v -0.589364 0.000000 1.108197
v -0.607592 0.045000 1.108197
v -0.581871 0.090000 1.014284
v -0.465497 0.090000 1.014284
v -0.349123 0.090000 1.014284
v -0.232749 0.090000 1.014284
v -0.116374 0.090000 1.014284
v 0.000000 0.090000 1.014284
v 0.116374 0.090000 1.014284
v 0.232749 0.090000 1.014284
v 0.349123 0.090000 1.014284
v 0.465497 0.090000 1.014284
v 0.581871 0.090000 1.014284
v 0.599867 0.045000 1.014284
v 0.581871 0.000000 1.014284
v 0.465497 0.000000 1.014284
v 0.349123 0.000000 1.014284
v 0.232749 0.000000 1.014284
v 0.116374 0.000000 1.014284
v 0.000000 0.000000 1.014284
v -0.116374 0.000000 1.014284
v -0.232749 0.000000 1.014284
v -0.349123 0.000000 1.014284
v -0.465497 0.000000 1.014284
v -0.581871 0.000000 1.014284
v -0.599867 0.045000 1.014284
v -0.574908 0.090000 0.918440
v -0.459927 0.090000 0.918440
v -0.344945 0.090000 0.918440
v -0.229963 0.090000 0.918440
v -0.114982 0.090000 0.918440
v 0.000000 0.090000 0.918440
v 0.114982 0.090000 0.918440
v 0.229963 0.090000 0.918440
v 0.344945 0.090000 0.918440
v 0.459927 0.090000 0.918440
v 0.574908 0.090000 0.918440
v 0.592689 0.045000 0.918440
v 0.574908 0.000000 0.918440
v 0.459927 0.000000 0.918440
v 0.344945 0.000000 0.918440
v 0.229963 0.000000 0.918440
v 0.114982 0.000000 0.918440
v 0.000000 0.000000 0.918440
v -0.114982 0.000000 0.918440
v -0.229963 0.000000 0.918440
v -0.344945 0.000000 0.918440
v -0.459927 0.000000 0.918440
v -0.574908 0.000000 0.918440
v -0.592689 0.045000 0.918440
v -0.568528 0.090000 0.820848
v -0.454822 0.090000 0.820848
v -0.341117 0.090000 0.820848
v -0.227411 0.090000 0.820848
v -0.113706 0.090000 0.820848
v 0.000000 0.090000 0.820848
v 0.113706 0.090000 0.820848
v 0.227411 0.090000 0.820848
v 0.341117 0.090000 0.820848
v 0.454822 0.090000 0.820848
v 0.568528 0.090000 0.820848
v 0.586111 0.045000 0.820848
v 0.568528 0.000000 0.820848
v 0.454822 0.000000 0.820848
v 0.341117 0.000000 0.820848
v 0.227411 0.000000 0.820848
v 0.113706 0.000000 0.820848
v 0.000000 0.000000 0.820848
v -0.113706 0.000000 0.820848
v -0.227411 0.000000 0.820848
v -0.341117 0.000000 0.820848
v -0.454822 0.000000 0.820848
v -0.568528 0.000000 0.820848
v -0.586111 0.045000 0.820848
v -0.562778 0.090000 0.721694
v -0.450223 0.090000 0.721694
v -0.337667 0.090000 0.721694
v -0.225111 0.090000 0.721694
v -0.112556 0.090000 0.721694
v 0.000000 0.090000 0.721694
v 0.112556 0.090000 0.721694
v 0.225111 0.090000 0.721694
v 0.337667 0.090000 0.721694
v 0.450223 0.090000 0.721694
v 0.562778 0.090000 0.721694
v 0.580184 0.045000 0.721694
v 0.562778 0.000000 0.721694
v 0.450223 0.000000 0.721694
v 0.337667 0.000000 0.721694
v 0.225111 0.000000 0.721694
v 0.112556 0.000000 0.721694
v 0.000000 0.000000 0.721694
v -0.112556 0.000000 0.721694
v -0.225111 0.000000 0.721694
v -0.337667 0.000000 0.721694
v -0.450223 0.000000 0.721694
v -0.562778 0.000000 0.721694
v -0.580184 0.045000 0.721694
v -0.557704 0.090000 0.621166
v -0.446163 0.090000 0.621166
v -0.334622 0.090000 0.621166
v -0.223082 0.090000 0.621166
v -0.111541 0.090000 0.621166
v 0.000000 0.090000 0.621166
v 0.111541 0.090000 0.621166
v 0.223082 0.090000 0.621166
v 0.334622 0.090000 0.621166
v 0.446163 0.090000 0.621166
v 0.557704 0.090000 0.621166
v 0.574953 0.045000 0.621166
v 0.557704 0.000000 0.621166
v 0.446163 0.000000 0.621166
v 0.334622 0.000000 0.621166
v 0.223082 0.000000 0.621166
v 0.111541 0.000000 0.621166
v 0.000000 0.000000 0.621166
v -0.111541 0.000000 0.621166
v -0.223082 0.000000 0.621166
v -0.334622 0.000000 0.621166
v -0.446163 0.000000 0.621166
v -0.557704 0.000000 0.621166
v -0.574953 0.045000 0.621166
v -0.553343 0.090000 0.519455
v -0.442674 0.090000 0.519455
v -0.332006 0.090000 0.519455
v -0.221337 0.090000 0.519455
v -0.110669 0.090000 0.519455
v 0.000000 0.090000 0.519455
v 0.110669 0.090000 0.519455
v 0.221337 0.090000 0.519455
v 0.332006 0.090000 0.519455
v 0.442674 0.090000 0.519455
v 0.553343 0.090000 0.519455
v 0.570457 0.045000 0.519455
v 0.553343 0.000000 0.519455
v 0.442674 0.000000 0.519455
v 0.332006 0.000000 0.519455
v 0.221337 0.000000 0.519455
v 0.110669 0.000000 0.519455
v 0.000000 0.000000 0.519455
v -0.110669 0.000000 0.519455
v -0.221337 0.000000 0.519455
v -0.332006 0.000000 0.519455
v -0.442674 0.000000 0.519455
v -0.553343 0.000000 0.519455
v -0.570457 0.045000 0.519455
v -0.549729 0.090000 0.416756
v -0.439783 0.090000 0.416756
v -0.329837 0.090000 0.416756
v -0.219892 0.090000 0.416756
v -0.109946 0.090000 0.416756
v 0.000000 0.090000 0.416756
v 0.109946 0.090000 0.416756
v 0.219892 0.090000 0.416756
v 0.329837 0.090000 0.416756
v 0.439783 0.090000 0.416756
v 0.549729 0.090000 0.416756
v 0.566731 0.045000 0.416756
v 0.549729 0.000000 0.416756
v 0.439783 0.000000 0.416756
v 0.329837 0.000000 0.416756
v 0.219892 0.000000 0.416756
v 0.109946 0.000000 0.416756
v 0.000000 0.000000 0.416756
v -0.109946 0.000000 0.416756
v -0.219892 0.000000 0.416756
v -0.329837 0.000000 0.416756
v -0.439783 0.000000 0.416756
v -0.549729 0.000000 0.416756
v -0.566731 0.045000 0.416756
v -0.546889 0.090000 0.313263
v -0.437511 0.090000 0.313263
v -0.328133 0.090000 0.313263
v -0.218756 0.090000 0.313263
v -0.109378 0.090000 0.313263
v 0.000000 0.090000 0.313263
v 0.109378 0.090000 0.313263
v 0.218756 0.090000 0.313263
v 0.328133 0.090000 0.313263
v 0.437511 0.090000 0.313263
v 0.546889 0.090000 0.313263
v 0.563803 0.045000 0.313263
v 0.546889 0.000000 0.313263
v 0.437511 0.000000 0.313263
v 0.328133 0.000000 0.313263
v 0.218756 0.000000 0.313263
v 0.109378 0.000000 0.313263
v 0.000000 0.000000 0.313263
v -0.109378 0.000000 0.313263
v -0.218756 0.000000 0.313263
v -0.328133 0.000000 0.313263
v -0.437511 0.000000 0.313263
v -0.546889 0.000000 0.313263
v -0.563803 0.045000 0.313263
v -0.544845 0.090000 0.209174
v -0.435876 0.090000 0.209174
v -0.326907 0.090000 0.209174
v -0.217938 0.090000 0.209174
v -0.108969 0.090000 0.209174
v 0.000000 0.090000 0.209174
v 0.108969 0.090000 0.209174
v 0.217938 0.090000 0.209174
v 0.326907 0.090000 0.209174
v 0.435876 0.090000 0.209174
v 0.544845 0.090000 0.209174
v 0.561696 0.045000 0.209174
v 0.544845 0.000000 0.209174
v 0.435876 0.000000 0.209174
v 0.326907 0.000000 0.209174
v 0.217938 0.000000 0.209174
v 0.108969 0.000000 0.209174
v 0.000000 0.000000 0.209174
v -0.108969 0.000000 0.209174
v -0.217938 0.000000 0.209174
v -0.326907 0.000000 0.209174
v -0.435876 0.000000 0.209174
v -0.544845 0.000000 0.209174
v -0.561696 0.045000 0.209174
v -0.543612 0.090000 0.104687
v -0.434890 0.090000 0.104687
v -0.326167 0.090000 0.104687
v -0.217445 0.090000 0.104687
v -0.108722 0.090000 0.104687
v 0.000000 0.090000 0.104687
v 0.108722 0.090000 0.104687
v 0.217445 0.090000 0.104687
v 0.326167 0.090000 0.104687
v 0.434890 0.090000 0.104687
v 0.543612 0.090000 0.104687
v 0.560425 0.045000 0.104687
v 0.543612 0.000000 0.104687
v 0.434890 0.000000 0.104687
v 0.326167 0.000000 0.104687
v 0.217445 0.000000 0.104687
v 0.108722 0.000000 0.104687
v 0.000000 0.000000 0.104687
v -0.108722 0.000000 0.104687
v -0.217445 0.000000 0.104687
v -0.326167 0.000000 0.104687
v -0.434890 0.000000 0.104687
v -0.543612 0.000000 0.104687
v -0.560425 0.045000 0.104687
v -0.543200 0.090000 0.000000
v -0.434560 0.090000 0.000000
v -0.325920 0.090000 0.000000
v -0.217280 0.090000 0.000000
v -0.108640 0.090000 0.000000
v 0.000000 0.090000 0.000000
v 0.108640 0.090000 0.000000
v 0.217280 0.090000 0.000000
v 0.325920 0.090000 0.000000
v 0.434560 0.090000 0.000000
v 0.543200 0.090000 0.000000
v 0.560000 0.045000 0.000000
v 0.543200 0.000000 0.000000
v 0.434560 0.000000 0.000000
v 0.325920 0.000000 0.000000
v 0.217280 0.000000 0.000000
v 0.108640 0.000000 0.000000
v 0.000000 0.000000 0.000000
v -0.108640 0.000000 0.000000
v -0.217280 0.000000 0.000000
v -0.325920 0.000000 0.000000
v -0.434560 0.000000 0.000000
v -0.543200 0.000000 0.000000
v -0.560000 0.045000 0.000000
v -0.543612 0.090000 -0.104687
v -0.434890 0.090000 -0.104687
v -0.326167 0.090000 -0.104687
v -0.217445 0.090000 -0.104687
v -0.108722 0.090000 -0.104687
v 0.000000 0.090000 -0.104687
v 0.108722 0.090000 -0.104687
v 0.217445 0.090000 -0.104687
v 0.326167 0.090000 -0.104687
v 0.434890 0.090000 -0.104687
v 0.543612 0.090000 -0.104687
v 0.560425 0.045000 -0.104687
v 0.543612 0.000000 -0.104687
v 0.434890 0.000000 -0.104687
v 0.326167 0.000000 -0.104687
v 0.217445 0.000000 -0.104687
v 0.108722 0.000000 -0.104687
v 0.000000 0.000000 -0.104687
v -0.108722 0.000000 -0.104687
v -0.217445 0.000000 -0.104687
v -0.326167 0.000000 -0.104687
v -0.434890 0.000000 -0.104687
v -0.543612 0.000000 -0.104687
v -0.560425 0.045000 -0.104687
v -0.544845 0.090000 -0.209174
v -0.435876 0.090000 -0.209174
v -0.326907 0.090000 -0.209174
v -0.217938 0.090000 -0.209174
v -0.108969 0.090000 -0.209174
v 0.000000 0.090000 -0.209174
v 0.108969 0.090000 -0.209174
v 0.217938 0.090000 -0.209174
v 0.326907 0.090000 -0.209174
v 0.435876 0.090000 -0.209174
v 0.544845 0.090000 -0.209174
v 0.561696 0.045000 -0.209174
v 0.544845 0.000000 -0.209174
v 0.435876 0.000000 -0.209174
v 0.326907 0.000000 -0.209174
v 0.217938 0.000000 -0.209174
v 0.108969 0.000000 -0.209174
v 0.000000 0.000000 -0.209174
v -0.108969 0.000000 -0.209174
v -0.217938 0.000000 -0.209174
v -0.326907 0.000000 -0.209174
v -0.435876 0.000000 -0.209174
v -0.544845 0.000000 -0.209174
v -0.561696 0.045000 -0.209174
v -0.546889 0.090000 -0.313263
v -0.437511 0.090000 -0.313263
v -0.328133 0.090000 -0.313263
v -0.218756 0.090000 -0.313263
v -0.109378 0.090000 -0.313263
v 0.000000 0.090000 -0.313263
v 0.109378 0.090000 -0.313263
v 0.218756 0.090000 -0.313263
v 0.328133 0.090000 -0.313263
v 0.437511 0.090000 -0.313263
v 0.546889 0.090000 -0.313263
v 0.563803 0.045000 -0.313263
v 0.546889 0.000000 -0.313263
v 0.437511 0.000000 -0.313263
v 0.328133 0.000000 -0.313263
v 0.218756 0.000000 -0.313263
v 0.109378 0.000000 -0.313263
v 0.000000 0.000000 -0.313263
v -0.109378 0.000000 -0.313263
v -0.218756 0.000000 -0.313263
v -0.328133 0.000000 -0.313263
v -0.437511 0.000000 -0.313263
v -0.546889 0.000000 -0.313263
v -0.563803 0.045000 -0.313263
v -0.549729 0.090000 -0.416756
v -0.439783 0.090000 -0.416756
v -0.329837 0.090000 -0.416756
v -0.219892 0.090000 -0.416756
v -0.109946 0.090000 -0.416756
v 0.000000 0.090000 -0.416756
v 0.109946 0.090000 -0.416756
v 0.219892 0.090000 -0.416756
v 0.329837 0.090000 -0.416756
v 0.439783 0.090000 -0.416756
v 0.549729 0.090000 -0.416756
v 0.566731 0.045000 -0.416756
v 0.549729 0.000000 -0.416756
v 0.439783 0.000000 -0.416756
v 0.329837 0.000000 -0.416756
v 0.219892 0.000000 -0.416756
v 0.109946 0.000000 -0.416756
v 0.000000 0.000000 -0.416756
v -0.109946 0.000000 -0.416756
v -0.219892 0.000000 -0.416756
v -0.329837 0.000000 -0.416756
v -0.439783 0.000000 -0.416756
v -0.549729 0.000000 -0.416756
v -0.566731 0.045000 -0.416756
v -0.553343 0.090000 -0.519455
v -0.442674 0.090000 -0.519455
v -0.332006 0.090000 -0.519455
v -0.221337 0.090000 -0.519455
v -0.110669 0.090000 -0.519455
v 0.000000 0.090000 -0.519455
v 0.110669 0.090000 -0.519455
v 0.221337 0.090000 -0.519455
v 0.332006 0.090000 -0.519455
v 0.442674 0.090000 -0.519455
v 0.553343 0.090000 -0.519455
v 0.570457 0.045000 -0.519455
v 0.553343 0.000000 -0.519455
v 0.442674 0.000000 -0.519455
v 0.332006 0.000000 -0.519455
v 0.221337 0.000000 -0.519455
v 0.110669 0.000000 -0.519455
v 0.000000 0.000000 -0.519455
v -0.110669 0.000000 -0.519455
v -0.221337 0.000000 -0.519455
v -0.332006 0.000000 -0.519455
v -0.442674 0.000000 -0.519455
v -0.553343 0.000000 -0.519455
v -0.570457 0.045000 -0.519455
v -0.557704 0.090000 -0.621166
v -0.446163 0.090000 -0.621166
v -0.334622 0.090000 -0.621166
v -0.223082 0.090000 -0.621166
v -0.111541 0.090000 -0.621166
v 0.000000 0.090000 -0.621166
v 0.111541 0.090000 -0.621166
v 0.223082 0.090000 -0.621166
v 0.334622 0.090000 -0.621166
v 0.446163 0.090000 -0.621166
v 0.557704 0.090000 -0.621166
v 0.574953 0.045000 -0.621166
v 0.557704 0.000000 -0.621166
v 0.446163 0.000000 -0.621166
v 0.334622 0.000000 -0.621166
v 0.223082 0.000000 -0.621166
v 0.111541 0.000000 -0.621166
v 0.000000 0.000000 -0.621166
v -0.111541 0.000000 -0.621166
v -0.223082 0.000000 -0.621166
v -0.334622 0.000000 -0.621166
v -0.446163 0.000000 -0.621166
v -0.557704 0.000000 -0.621166
v -0.574953 0.045000 -0.621166
v -0.562778 0.090000 -0.721694
v -0.450223 0.090000 -0.721694
v -0.337667 0.090000 -0.721694
v -0.225111 0.090000 -0.721694
v -0.112556 0.090000 -0.721694
v 0.000000 0.090000 -0.721694
v 0.112556 0.090000 -0.721694
v 0.225111 0.090000 -0.721694
v 0.337667 0.090000 -0.721694
v 0.450223 0.090000 -0.721694
v 0.562778 0.090000 -0.721694
v 0.580184 0.045000 -0.721694
v 0.562778 0.000000 -0.721694
v 0.450223 0.000000 -0.721694
v 0.337667 0.000000 -0.721694
v 0.225111 0.000000 -0.721694
v 0.112556 0.000000 -0.721694
v 0.000000 0.000000 -0.721694
v -0.112556 0.000000 -0.721694
v -0.225111 0.000000 -0.721694
v -0.337667 0.000000 -0.721694
v -0.450223 0.000000 -0.721694
v -0.562778 0.000000 -0.721694
v -0.580184 0.045000 -0.721694
v -0.568528 0.090000 -0.820848
v -0.454822 0.090000 -0.820848
v -0.341117 0.090000 -0.820848
v -0.227411 0.090000 -0.820848
v -0.113706 0.090000 -0.820848
v 0.000000 0.090000 -0.820848
v 0.113706 0.090000 -0.820848
v 0.227411 0.090000 -0.820848
v 0.341117 0.090000 -0.820848
v 0.454822 0.090000 -0.820848
v 0.568528 0.090000 -0.820848
v 0.586111 0.045000 -0.820848
v 0.568528 0.000000 -0.820848
v 0.454822 0.000000 -0.820848
v 0.341117 0.000000 -0.820848
v 0.227411 0.000000 -0.820848
v 0.113706 0.000000 -0.820848
v 0.000000 0.000000 -0.820848
v -0.113706 0.000000 -0.820848
v -0.227411 0.000000 -0.820848
v -0.341117 0.000000 -0.820848
v -0.454822 0.000000 -0.820848
v -0.568528 0.000000 -0.820848
v -0.586111 0.045000 -0.820848
v -0.574908 0.090000 -0.918440
v -0.459927 0.090000 -0.918440
v -0.344945 0.090000 -0.918440
v -0.229963 0.090000 -0.918440
v -0.114982 0.090000 -0.918440
v 0.000000 0.090000 -0.918440
v 0.114982 0.090000 -0.918440
v 0.229963 0.090000 -0.918440
v 0.344945 0.090000 -0.918440
v 0.459927 0.090000 -0.918440
v 0.574908 0.090000 -0.918440
v 0.592689 0.045000 -0.918440
v 0.574908 0.000000 -0.918440
v 0.459927 0.000000 -0.918440
v 0.344945 0.000000 -0.918440
v 0.229963 0.000000 -0.918440
v 0.114982 0.000000 -0.918440
v 0.000000 0.000000 -0.918440
v -0.114982 0.000000 -0.918440
v -0.229963 0.000000 -0.918440
v -0.344945 0.000000 -0.918440
v -0.459927 0.000000 -0.918440
v -0.574908 0.000000 -0.918440
v -0.592689 0.045000 -0.918440
v -0.581871 0.090000 -1.014284
v -0.465497 0.090000 -1.014284
v -0.349123 0.090000 -1.014284
v -0.232749 0.090000 -1.014284
v -0.116374 0.090000 -1.014284
v 0.000000 0.090000 -1.014284
v 0.116374 0.090000 -1.014284
v 0.232749 0.090000 -1.014284
v 0.349123 0.090000 -1.014284
v 0.465497 0.090000 -1.014284
v 0.581871 0.090000 -1.014284
v 0.599867 0.045000 -1.014284
v 0.581871 0.000000 -1.014284
v 0.465497 0.000000 -1.014284
v 0.349123 0.000000 -1.014284
v 0.232749 0.000000 -1.014284
v 0.116374 0.000000 -1.014284
v 0.000000 0.000000 -1.014284
v -0.116374 0.000000 -1.014284
v -0.232749 0.000000 -1.014284
v -0.349123 0.000000 -1.014284
v -0.465497 0.000000 -1.014284
v -0.581871 0.000000 -1.014284
v -0.599867 0.045000 -1.014284
v -0.589364 0.090000 -1.108197
v -0.471491 0.090000 -1.108197
v -0.353619 0.090000 -1.108197
v -0.235746 0.090000 -1.108197
v -0.117873 0.090000 -1.108197
v 0.000000 0.090000 -1.108197
v 0.117873 0.090000 -1.108197
v 0.235746 0.090000 -1.108197
v 0.353619 0.090000 -1.108197
v 0.471491 0.090000 -1.108197
v 0.589364 0.090000 -1.108197
v 0.607592 0.045000 -1.108197
v 0.589364 0.000000 -1.108197
v 0.471491 0.000000 -1.108197
v 0.353619 0.000000 -1.108197
v 0.235746 0.000000 -1.108197
v 0.117873 0.000000 -1.108197
v 0.000000 0.000000 -1.108197
v -0.117873 0.000000 -1.108197
v -0.235746 0.000000 -1.108197
v -0.353619 0.000000 -1.108197
v -0.471491 0.000000 -1.108197
v -0.589364 0.000000 -1.108197
v -0.607592 0.045000 -1.108197
v -0.597329 0.090000 -1.200000
v -0.477864 0.090000 -1.200000
v -0.358398 0.090000 -1.200000
v -0.238932 0.090000 -1.200000
v -0.119466 0.090000 -1.200000
v 0.000000 0.090000 -1.200000
v 0.119466 0.090000 -1.200000
v 0.238932 0.090000 -1.200000
v 0.358398 0.090000 -1.200000
v 0.477864 0.090000 -1.200000
v 0.597329 0.090000 -1.200000
v 0.615804 0.045000 -1.200000
v 0.597329 0.000000 -1.200000
v 0.477864 0.000000 -1.200000
v 0.358398 0.000000 -1.200000
v 0.238932 0.000000 -1.200000
v 0.119466 0.000000 -1.200000
v 0.000000 0.000000 -1.200000
v -0.119466 0.000000 -1.200000
v -0.238932 0.000000 -1.200000
v -0.358398 0.000000 -1.200000
v -0.477864 0.000000 -1.200000
v -0.597329 0.000000 -1.200000
v -0.615804 0.045000 -1.200000
v -0.605707 0.090442 -1.289519
v -0.484565 0.090442 -1.289519
v -0.363424 0.090442 -1.289519
v -0.242283 0.090442 -1.289519
v -0.121141 0.090442 -1.289519
v 0.000000 0.090442 -1.289519
v 0.121141 0.090442 -1.289519
v 0.242283 0.090442 -1.289519
v 0.363424 0.090442 -1.289519
v 0.484565 0.090442 -1.289519
v 0.605707 0.090442 -1.289519
v 0.624440 0.045442 -1.289519
v 0.605707 0.000442 -1.289519
v 0.484565 0.000442 -1.289519
v 0.363424 0.000442 -1.289519
v 0.242283 0.000442 -1.289519
v 0.121141 0.000442 -1.289519
v 0.000000 0.000442 -1.289519
v -0.121141 0.000442 -1.289519
v -0.242283 0.000442 -1.289519
v -0.363424 0.000442 -1.289519
v -0.484565 0.000442 -1.289519
v -0.605707 0.000442 -1.289519
v -0.624440 0.045442 -1.289519
v -0.611072 0.094236 -1.376583
v -0.488858 0.094236 -1.376583
v -0.366643 0.094236 -1.376583
v -0.244429 0.094236 -1.376583
v -0.122214 0.094236 -1.376583
v 0.000000 0.094236 -1.376583
v 0.122214 0.094236 -1.376583
v 0.244429 0.094236 -1.376583
v 0.366643 0.094236 -1.376583
v 0.488858 0.094236 -1.376583
v 0.611072 0.094236 -1.376583
v 0.629971 0.049236 -1.376583
v 0.611072 0.004236 -1.376583
v 0.488858 0.004236 -1.376583
v 0.366643 0.004236 -1.376583
v 0.244429 0.004236 -1.376583
v 0.122214 0.004236 -1.376583
v 0.000000 0.004236 -1.376583
v -0.122214 0.004236 -1.376583
v -0.244429 0.004236 -1.376583
v -0.366643 0.004236 -1.376583
v -0.488858 0.004236 -1.376583
v -0.611072 0.004236 -1.376583
v -0.629971 0.049236 -1.376583
v -0.610328 0.101626 -1.461027
v -0.488262 0.101626 -1.461027
v -0.366197 0.101626 -1.461027
v -0.244131 0.101626 -1.461027
v -0.122066 0.101626 -1.461027
v 0.000000 0.101626 -1.461027
v 0.122066 0.101626 -1.461027
v 0.244131 0.101626 -1.461027
v 0.366197 0.101626 -1.461027
v 0.488262 0.101626 -1.461027
v 0.610328 0.101626 -1.461027
v 0.629204 0.056626 -1.461027
v 0.610328 0.011626 -1.461027
v 0.488262 0.011626 -1.461027
v 0.366197 0.011626 -1.461027
v 0.244131 0.011626 -1.461027
v 0.122066 0.011626 -1.461027
v 0.000000 0.011626 -1.461027
v -0.122066 0.011626 -1.461027
v -0.244131 0.011626 -1.461027
v -0.366197 0.011626 -1.461027
v -0.488262 0.011626 -1.461027
v -0.610328 0.011626 -1.461027
v -0.629204 0.056626 -1.461027
v -0.608034 0.112249 -1.542690
v -0.486427 0.112249 -1.542690
v -0.364820 0.112249 -1.542690
v -0.243213 0.112249 -1.542690
v -0.121607 0.112249 -1.542690
v 0.000000 0.112249 -1.542690
v 0.121607 0.112249 -1.542690
v 0.243213 0.112249 -1.542690
v 0.364820 0.112249 -1.542690
v 0.486427 0.112249 -1.542690
v 0.608034 0.112249 -1.542690
v 0.626839 0.067249 -1.542690
v 0.608034 0.022249 -1.542690
v 0.486427 0.022249 -1.542690
v 0.364820 0.022249 -1.542690
v 0.243213 0.022249 -1.542690
v 0.121607 0.022249 -1.542690
v 0.000000 0.022249 -1.542690
v -0.121607 0.022249 -1.542690
v -0.243213 0.022249 -1.542690
v -0.364820 0.022249 -1.542690
v -0.486427 0.022249 -1.542690
v -0.608034 0.022249 -1.542690
v -0.626839 0.067249 -1.542690
v -0.603756 0.125724 -1.621416
v -0.483005 0.125724 -1.621416
v -0.362254 0.125724 -1.621416
v -0.241502 0.125724 -1.621416
v -0.120751 0.125724 -1.621416
v 0.000000 0.125724 -1.621416
v 0.120751 0.125724 -1.621416
v 0.241502 0.125724 -1.621416
v 0.362254 0.125724 -1.621416
v 0.483005 0.125724 -1.621416
v 0.603756 0.125724 -1.621416
v 0.622429 0.080724 -1.621416
v 0.603756 0.035724 -1.621416
v 0.483005 0.035724 -1.621416
v 0.362254 0.035724 -1.621416
v 0.241502 0.035724 -1.621416
v 0.120751 0.035724 -1.621416
v 0.000000 0.035724 -1.621416
v -0.120751 0.035724 -1.621416
v -0.241502 0.035724 -1.621416
v -0.362254 0.035724 -1.621416
v -0.483005 0.035724 -1.621416
v -0.603756 0.035724 -1.621416
v -0.622429 0.080724 -1.621416
v -0.597235 0.141663 -1.697056
v -0.477788 0.141663 -1.697056
v -0.358341 0.141663 -1.697056
v -0.238894 0.141663 -1.697056
v -0.119447 0.141663 -1.697056
v 0.000000 0.141663 -1.697056
v 0.119447 0.141663 -1.697056
v 0.238894 0.141663 -1.697056
v 0.358341 0.141663 -1.697056
v 0.477788 0.141663 -1.697056
v 0.597235 0.141663 -1.697056
v 0.615706 0.096663 -1.697056
v 0.597235 0.051663 -1.697056
v 0.477788 0.051663 -1.697056
v 0.358341 0.051663 -1.697056
v 0.238894 0.051663 -1.697056
v 0.119447 0.051663 -1.697056
v 0.000000 0.051663 -1.697056
v -0.119447 0.051663 -1.697056
v -0.238894 0.051663 -1.697056
v -0.358341 0.051663 -1.697056
v -0.477788 0.051663 -1.697056
v -0.597235 0.051663 -1.697056
v -0.615706 0.096663 -1.697056
v -0.588312 0.159667 -1.769466
v -0.470649 0.159667 -1.769466
v -0.352987 0.159667 -1.769466
v -0.235325 0.159667 -1.769466
v -0.117662 0.159667 -1.769466
v 0.000000 0.159667 -1.769466
v 0.117662 0.159667 -1.769466
v 0.235325 0.159667 -1.769466
v 0.352987 0.159667 -1.769466
v 0.470649 0.159667 -1.769466
v 0.588312 0.159667 -1.769466
v 0.606507 0.114667 -1.769466
v 0.588312 0.069667 -1.769466
v 0.470649 0.069667 -1.769466
v 0.352987 0.069667 -1.769466
v 0.235325 0.069667 -1.769466
v 0.117662 0.069667 -1.769466
v 0.000000 0.069667 -1.769466
v -0.117662 0.069667 -1.769466
v -0.235325 0.069667 -1.769466
v -0.352987 0.069667 -1.769466
v -0.470649 0.069667 -1.769466
v -0.588312 0.069667 -1.769466
v -0.606507 0.114667 -1.769466
v -0.576892 0.179335 -1.838507
v -0.461514 0.179335 -1.838507
v -0.346135 0.179335 -1.838507
v -0.230757 0.179335 -1.838507
v -0.115378 0.179335 -1.838507
v 0.000000 0.179335 -1.838507
v 0.115378 0.179335 -1.838507
v 0.230757 0.179335 -1.838507
v 0.346135 0.179335 -1.838507
v 0.461514 0.179335 -1.838507
v 0.576892 0.179335 -1.838507
v 0.594734 0.134335 -1.838507
v 0.576892 0.089335 -1.838507
v 0.461514 0.089335 -1.838507
v 0.346135 0.089335 -1.838507
v 0.230757 0.089335 -1.838507
v 0.115378 0.089335 -1.838507
v 0.000000 0.089335 -1.838507
v -0.115378 0.089335 -1.838507
v -0.230757 0.089335 -1.838507
v -0.346135 0.089335 -1.838507
v -0.461514 0.089335 -1.838507
v -0.576892 0.089335 -1.838507
v -0.594734 0.134335 -1.838507
v -0.562925 0.200267 -1.904048
v -0.450340 0.200267 -1.904048
v -0.337755 0.200267 -1.904048
v -0.225170 0.200267 -1.904048
v -0.112585 0.200267 -1.904048
v 0.000000 0.200267 -1.904048
v 0.112585 0.200267 -1.904048
v 0.225170 0.200267 -1.904048
v 0.337755 0.200267 -1.904048
v 0.450340 0.200267 -1.904048
v 0.562925 0.200267 -1.904048
v 0.580335 0.155267 -1.904048
v 0.562925 0.110267 -1.904048
v 0.450340 0.110267 -1.904048
v 0.337755 0.110267 -1.904048
v 0.225170 0.110267 -1.904048
v 0.112585 0.110267 -1.904048
v 0.000000 0.110267 -1.904048
v -0.112585 0.110267 -1.904048
v -0.225170 0.110267 -1.904048
v -0.337755 0.110267 -1.904048
v -0.450340 0.110267 -1.904048
v -0.562925 0.110267 -1.904048
v -0.580335 0.155267 -1.904048
v -0.546387 0.222063 -1.965965
v -0.437110 0.222063 -1.965965
v -0.327832 0.222063 -1.965965
v -0.218555 0.222063 -1.965965
v -0.109277 0.222063 -1.965965
v 0.000000 0.222063 -1.965965
v 0.109277 0.222063 -1.965965
v 0.218555 0.222063 -1.965965
v 0.327832 0.222063 -1.965965
v 0.437110 0.222063 -1.965965
v 0.546387 0.222063 -1.965965
v 0.563286 0.177063 -1.965965
v 0.546387 0.132063 -1.965965
v 0.437110 0.132063 -1.965965
v 0.327832 0.132063 -1.965965
v 0.218555 0.132063 -1.965965
v 0.109277 0.132063 -1.965965
v 0.000000 0.132063 -1.965965
v -0.109277 0.132063 -1.965965
v -0.218555 0.132063 -1.965965
v -0.327832 0.132063 -1.965965
v -0.437110 0.132063 -1.965965
v -0.546387 0.132063 -1.965965
v -0.563286 0.177063 -1.965965
v -0.527278 0.244331 -2.024139
v -0.421822 0.244331 -2.024139
v -0.316367 0.244331 -2.024139
v -0.210911 0.244331 -2.024139
v -0.105456 0.244331 -2.024139
v 0.000000 0.244331 -2.024139
v 0.105456 0.244331 -2.024139
v 0.210911 0.244331 -2.024139
v 0.316367 0.244331 -2.024139
v 0.421822 0.244331 -2.024139
v 0.527278 0.244331 -2.024139
v 0.543585 0.199331 -2.024139
v 0.527278 0.154331 -2.024139
v 0.421822 0.154331 -2.024139
v 0.316367 0.154331 -2.024139
v 0.210911 0.154331 -2.024139
v 0.105456 0.154331 -2.024139
v 0.000000 0.154331 -2.024139
v -0.105456 0.154331 -2.024139
v -0.210911 0.154331 -2.024139
v -0.316367 0.154331 -2.024139
v -0.421822 0.154331 -2.024139
v -0.527278 0.154331 -2.024139
v -0.543585 0.199331 -2.024139
v -0.505603 0.266690 -2.078461
v -0.404483 0.266690 -2.078461
v -0.303362 0.266690 -2.078461
v -0.202241 0.266690 -2.078461
v -0.101121 0.266690 -2.078461
v 0.000000 0.266690 -2.078461
v 0.101121 0.266690 -2.078461
v 0.202241 0.266690 -2.078461
v 0.303362 0.266690 -2.078461
v 0.404483 0.266690 -2.078461
v 0.505603 0.266690 -2.078461
v 0.521241 0.221690 -2.078461
v 0.505603 0.176690 -2.078461
v 0.404483 0.176690 -2.078461
v 0.303362 0.176690 -2.078461
v 0.202241 0.176690 -2.078461
v 0.101121 0.176690 -2.078461
v 0.000000 0.176690 -2.078461
v -0.101121 0.176690 -2.078461
v -0.202241 0.176690 -2.078461
v -0.303362 0.176690 -2.078461
v -0.404483 0.176690 -2.078461
v -0.505603 0.176690 -2.078461
v -0.521241 0.221690 -2.078461
v -0.481379 0.288772 -2.128826
v -0.385103 0.288772 -2.128826
v -0.288827 0.288772 -2.128826
v -0.192551 0.288772 -2.128826
v -0.096276 0.288772 -2.128826
v 0.000000 0.288772 -2.128826
v 0.096276 0.288772 -2.128826
v 0.192551 0.288772 -2.128826
v 0.288827 0.288772 -2.128826
v 0.385103 0.288772 -2.128826
v 0.481379 0.288772 -2.128826
v 0.496267 0.243772 -2.128826
v 0.481379 0.198772 -2.128826
v 0.385103 0.198772 -2.128826
v 0.288827 0.198772 -2.128826
v 0.192551 0.198772 -2.128826
v 0.096276 0.198772 -2.128826
v 0.000000 0.198772 -2.128826
v -0.096276 0.198772 -2.128826
v -0.192551 0.198772 -2.128826
v -0.288827 0.198772 -2.128826
v -0.385103 0.198772 -2.128826
v -0.481379 0.198772 -2.128826
v -0.496267 0.243772 -2.128826
v -0.454617 0.310223 -2.175139
v -0.363693 0.310223 -2.175139
v -0.272770 0.310223 -2.175139
v -0.181847 0.310223 -2.175139
v -0.090923 0.310223 -2.175139
v 0.000000 0.310223 -2.175139
v 0.090923 0.310223 -2.175139
v 0.181847 0.310223 -2.175139
v 0.272770 0.310223 -2.175139
v 0.363693 0.310223 -2.175139
v 0.454617 0.310223 -2.175139
v 0.468677 0.265223 -2.175139
v 0.454617 0.220223 -2.175139
v 0.363693 0.220223 -2.175139
v 0.272770 0.220223 -2.175139
v 0.181847 0.220223 -2.175139
v 0.090923 0.220223 -2.175139
v 0.000000 0.220223 -2.175139
v -0.090923 0.220223 -2.175139
v -0.181847 0.220223 -2.175139
v -0.272770 0.220223 -2.175139
v -0.363693 0.220223 -2.175139
v -0.454617 0.220223 -2.175139
v -0.468677 0.265223 -2.175139
v -0.425323 0.330713 -2.217311
v -0.340259 0.330713 -2.217311
v -0.255194 0.330713 -2.217311
v -0.170129 0.330713 -2.217311
v -0.085065 0.330713 -2.217311
v 0.000000 0.330713 -2.217311
v 0.085065 0.330713 -2.217311
v 0.170129 0.330713 -2.217311
v 0.255194 0.330713 -2.217311
v 0.340259 0.330713 -2.217311
v 0.425323 0.330713 -2.217311
v 0.438478 0.285713 -2.217311
v 0.425323 0.240713 -2.217311
v 0.340259 0.240713 -2.217311
v 0.255194 0.240713 -2.217311
v 0.170129 0.240713 -2.217311
v 0.085065 0.240713 -2.217311
v 0.000000 0.240713 -2.217311
v -0.085065 0.240713 -2.217311
v -0.170129 0.240713 -2.217311
v -0.255194 0.240713 -2.217311
v -0.340259 0.240713 -2.217311
v -0.425323 0.240713 -2.217311
v -0.438478 0.285713 -2.217311
v -0.393490 0.349932 -2.255262
v -0.314792 0.349932 -2.255262
v -0.236094 0.349932 -2.255262
v -0.157396 0.349932 -2.255262
v -0.078698 0.349932 -2.255262
v 0.000000 0.349932 -2.255262
v 0.078698 0.349932 -2.255262
v 0.157396 0.349932 -2.255262
v 0.236094 0.349932 -2.255262
v 0.314792 0.349932 -2.255262
v 0.393490 0.349932 -2.255262
v 0.405660 0.304932 -2.255262
v 0.393490 0.259932 -2.255262
v 0.314792 0.259932 -2.255262
v 0.236094 0.259932 -2.255262
v 0.157396 0.259932 -2.255262
v 0.078698 0.259932 -2.255262
v 0.000000 0.259932 -2.255262
v -0.078698 0.259932 -2.255262
v -0.157396 0.259932 -2.255262
v -0.236094 0.259932 -2.255262
v -0.314792 0.259932 -2.255262
v -0.393490 0.259932 -2.255262
v -0.405660 0.304932 -2.255262
v -0.359083 0.367593 -2.288921
v -0.287266 0.367593 -2.288921
v -0.215450 0.367593 -2.288921
v -0.143633 0.367593 -2.288921
v -0.071817 0.367593 -2.288921
v 0.000000 0.367593 -2.288921
v 0.071817 0.367593 -2.288921
v 0.143633 0.367593 -2.288921
v 0.215450 0.367593 -2.288921
v 0.287266 0.367593 -2.288921
v 0.359083 0.367593 -2.288921
v 0.370189 0.322593 -2.288921
v 0.359083 0.277593 -2.288921
v 0.287266 0.277593 -2.288921
v 0.215450 0.277593 -2.288921
v 0.143633 0.277593 -2.288921
v 0.071817 0.277593 -2.288921
v 0.000000 0.277593 -2.288921
v -0.071817 0.277593 -2.288921
v -0.143633 0.277593 -2.288921
v -0.215450 0.277593 -2.288921
v -0.287266 0.277593 -2.288921
v -0.359083 0.277593 -2.288921
v -0.370189 0.322593 -2.288921
v -0.322024 0.383442 -2.318222
v -0.257619 0.383442 -2.318222
v -0.193215 0.383442 -2.318222
v -0.128810 0.383442 -2.318222
v -0.064405 0.383442 -2.318222
v 0.000000 0.383442 -2.318222
v 0.064405 0.383442 -2.318222
v 0.128810 0.383442 -2.318222
v 0.193215 0.383442 -2.318222
v 0.257619 0.383442 -2.318222
v 0.322024 0.383442 -2.318222
v 0.331984 0.338442 -2.318222
v 0.322024 0.293442 -2.318222
v 0.257619 0.293442 -2.318222
v 0.193215 0.293442 -2.318222
v 0.128810 0.293442 -2.318222
v 0.064405 0.293442 -2.318222
v 0.000000 0.293442 -2.318222
v -0.064405 0.293442 -2.318222
v -0.128810 0.293442 -2.318222
v -0.193215 0.293442 -2.318222
v -0.257619 0.293442 -2.318222
v -0.322024 0.293442 -2.318222
v -0.331984 0.338442 -2.318222
v -0.282166 0.397249 -2.343110
v -0.225733 0.397249 -2.343110
v -0.169300 0.397249 -2.343110
v -0.112867 0.397249 -2.343110
v -0.056433 0.397249 -2.343110
v 0.000000 0.397249 -2.343110
v 0.056433 0.397249 -2.343110
v 0.112867 0.397249 -2.343110
v 0.169300 0.397249 -2.343110
v 0.225733 0.397249 -2.343110
v 0.282166 0.397249 -2.343110
v 0.290893 0.352249 -2.343110
v 0.282166 0.307249 -2.343110
v 0.225733 0.307249 -2.343110
v 0.169300 0.307249 -2.343110
v 0.112867 0.307249 -2.343110
v 0.056433 0.307249 -2.343110
v 0.000000 0.307249 -2.343110
v -0.056433 0.307249 -2.343110
v -0.112867 0.307249 -2.343110
v -0.169300 0.307249 -2.343110
v -0.225733 0.307249 -2.343110
v -0.282166 0.307249 -2.343110
v -0.290893 0.352249 -2.343110
v -0.239237 0.408818 -2.363539
v -0.191390 0.408818 -2.363539
v -0.143542 0.408818 -2.363539
v -0.095695 0.408818 -2.363539
v -0.047847 0.408818 -2.363539
v 0.000000 0.408818 -2.363539
v 0.047847 0.408818 -2.363539
v 0.095695 0.408818 -2.363539
v 0.143542 0.408818 -2.363539
v 0.191390 0.408818 -2.363539
v 0.239237 0.408818 -2.363539
v 0.246636 0.363818 -2.363539
v 0.239237 0.318818 -2.363539
v 0.191390 0.318818 -2.363539
v 0.143542 0.318818 -2.363539
v 0.095695 0.318818 -2.363539
v 0.047847 0.318818 -2.363539
v 0.000000 0.318818 -2.363539
v -0.047847 0.318818 -2.363539
v -0.095695 0.318818 -2.363539
v -0.143542 0.318818 -2.363539
v -0.191390 0.318818 -2.363539
v -0.239237 0.318818 -2.363539
v -0.246636 0.363818 -2.363539
v -0.192728 0.417988 -2.379468
v -0.154183 0.417988 -2.379468
v -0.115637 0.417988 -2.379468
v -0.077091 0.417988 -2.379468
v -0.038546 0.417988 -2.379468
v 0.000000 0.417988 -2.379468
v 0.038546 0.417988 -2.379468
v 0.077091 0.417988 -2.379468
v 0.115637 0.417988 -2.379468
v 0.154183 0.417988 -2.379468
v 0.192728 0.417988 -2.379468
v 0.198689 0.372988 -2.379468
v 0.192728 0.327988 -2.379468
v 0.154183 0.327988 -2.379468
v 0.115637 0.327988 -2.379468
v 0.077091 0.327988 -2.379468
v 0.038546 0.327988 -2.379468
v 0.000000 0.327988 -2.379468
v -0.038546 0.327988 -2.379468
v -0.077091 0.327988 -2.379468
v -0.115637 0.327988 -2.379468
v -0.154183 0.327988 -2.379468
v -0.192728 0.327988 -2.379468
v -0.198689 0.372988 -2.379468
v -0.141603 0.424631 -2.390867
v -0.113283 0.424631 -2.390867
v -0.084962 0.424631 -2.390867
v -0.056641 0.424631 -2.390867
v -0.028321 0.424631 -2.390867
v 0.000000 0.424631 -2.390867
v 0.028321 0.424631 -2.390867
v 0.056641 0.424631 -2.390867
v 0.084962 0.424631 -2.390867
v 0.113283 0.424631 -2.390867
v 0.141603 0.424631 -2.390867
v 0.145983 0.379631 -2.390867
v 0.141603 0.334631 -2.390867
v 0.113283 0.334631 -2.390867
v 0.084962 0.334631 -2.390867
v 0.056641 0.334631 -2.390867
v 0.028321 0.334631 -2.390867
v 0.000000 0.334631 -2.390867
v -0.028321 0.334631 -2.390867
v -0.056641 0.334631 -2.390867
v -0.084962 0.334631 -2.390867
v -0.113283 0.334631 -2.390867
v -0.141603 0.334631 -2.390867
v -0.145983 0.379631 -2.390867
v -0.083265 0.428653 -2.397716
v -0.066612 0.428653 -2.397716
v -0.049959 0.428653 -2.397716
v -0.033306 0.428653 -2.397716
v -0.016653 0.428653 -2.397716
v 0.000000 0.428653 -2.397716
v 0.016653 0.428653 -2.397716
v 0.033306 0.428653 -2.397716
v 0.049959 0.428653 -2.397716
v 0.066612 0.428653 -2.397716
v 0.083265 0.428653 -2.397716
v 0.085840 0.383653 -2.397716
v 0.083265 0.338653 -2.397716
v 0.066612 0.338653 -2.397716
v 0.049959 0.338653 -2.397716
v 0.033306 0.338653 -2.397716
v 0.016653 0.338653 -2.397716
v 0.000000 0.338653 -2.397716
v -0.016653 0.338653 -2.397716
v -0.033306 0.338653 -2.397716
v -0.049959 0.338653 -2.397716
v -0.066612 0.338653 -2.397716
v -0.083265 0.338653 -2.397716
v -0.085840 0.383653 -2.397716
v -0.033950 0.430000 -2.400000
v -0.027160 0.430000 -2.400000
v -0.020370 0.430000 -2.400000
v -0.013580 0.430000 -2.400000
v -0.006790 0.430000 -2.400000
v 0.000000 0.430000 -2.400000
v 0.006790 0.430000 -2.400000
v 0.013580 0.430000 -2.400000
v 0.020370 0.430000 -2.400000
v 0.027160 0.430000 -2.400000
v 0.033950 0.430000 -2.400000
v 0.035000 0.385000 -2.400000
v 0.033950 0.340000 -2.400000
v 0.027160 0.340000 -2.400000
v 0.020370 0.340000 -2.400000
v 0.013580 0.340000 -2.400000
v 0.006790 0.340000 -2.400000
v 0.000000 0.340000 -2.400000
v -0.006790 0.340000 -2.400000
v -0.013580 0.340000 -2.400000
v -0.020370 0.340000 -2.400000
v -0.027160 0.340000 -2.400000
v -0.033950 0.340000 -2.400000
v -0.035000 0.385000 -2.400000
vn -0.0000 0.8614 -0.5079
vn -0.0000 0.8614 -0.5080
vn -0.0000 0.8613 -0.5081
vn 0.0463 0.0011 0.9989
vn 0.0448 -0.0026 0.9990
vn -0.0000 -0.8614 0.5079
vn -0.0000 -0.8614 0.5078
vn -0.0000 -0.8614 0.5080
vn -0.0000 -0.8613 0.5081
vn -0.0462 -0.0011 0.9989
vn -0.0450 0.0026 0.9990
vn -0.0000 0.8623 -0.5065
vn -0.0000 0.8623 -0.5064
vn 0.1170 0.0067 0.9931
vn 0.1124 -0.0109 0.9936
vn -0.0000 -0.8622 0.5065
vn -0.0000 -0.8623 0.5065
vn -0.0000 -0.8623 0.5064
vn -0.1161 -0.0066 0.9932
vn -0.1139 0.0111 0.9934
vn -0.0000 0.8640 -0.5034
vn -0.0000 0.8640 -0.5035
vn 0.2202 0.0214 0.9752
vn 0.2089 -0.0203 0.9777
vn -0.0000 -0.8640 0.5034
vn -0.0000 -0.8640 0.5035
vn -0.2140 -0.0284 0.9764
vn -0.2147 0.0284 0.9763
vn -0.0000 0.8667 -0.4989
vn 0.3314 0.0439 0.9425
vn 0.3080 -0.0408 0.9505
vn -0.0000 -0.8667 0.4989
vn -0.3144 -0.0517 0.9479
vn -0.3240 0.0533 0.9446
vn -0.0000 0.8701 -0.4928
vn 0.4445 0.0731 0.8928
vn 0.4038 -0.0664 0.9124
vn -0.0000 -0.8701 0.4928
vn -0.4107 -0.0796 0.9083
vn -0.4357 0.0845 0.8961
vn -0.0000 0.8745 -0.4851
vn -0.0000 0.8744 -0.4851
vn 0.5531 0.1073 0.8262
vn 0.4921 -0.0954 0.8653
vn -0.0000 -0.8745 0.4851
vn -0.0000 -0.8744 0.4851
vn -0.4986 -0.1104 0.8598
vn -0.5436 0.1203 0.8307
vn -0.0000 0.8796 -0.4757
vn 0.6509 0.1441 0.7453
vn 0.5702 -0.1262 0.8117
vn -0.0000 -0.8796 0.4757
vn -0.5758 -0.1421 0.8051
vn -0.6414 0.1583 0.7507
vn -0.0000 0.8855 -0.4647
vn 0.7336 0.1811 0.6550
vn 0.6374 -0.1573 0.7543
vn -0.0000 -0.8855 0.4647
vn -0.6417 -0.1735 0.7471
vn -0.7246 0.1959 0.6608
vn -0.0000 0.8921 -0.4518
vn 0.7992 0.2161 0.5609
vn 0.6940 -0.1877 0.6951
vn -0.0000 -0.8921 0.4518
vn -0.6969 -0.2037 0.6877
vn -0.7908 0.2312 0.5668
vn -0.0000 0.8995 -0.4370
vn 0.8479 0.2479 0.4686
vn 0.7409 -0.2166 0.6358
vn -0.0000 -0.8995 0.4370
vn -0.7425 -0.2320 0.6284
vn -0.8404 0.2626 0.4742
vn -0.0000 0.9074 -0.4203
vn 0.8821 0.2756 0.3821
vn 0.7795 -0.2435 0.5772
vn -0.0000 -0.9074 0.4203
vn -0.7799 -0.2580 0.5702
vn -0.8753 0.2896 0.3873
vn -0.0000 0.9158 -0.4015
vn 0.9045 0.2992 0.3039
vn 0.8110 -0.2683 0.5198
vn -0.0000 -0.9158 0.4015
vn -0.8106 -0.2817 0.5134
vn -0.8985 0.3122 0.3086
vn -0.0000 0.9247 -0.3806
vn 0.9181 0.3190 0.2350
vn 0.8368 -0.2908 0.4639
vn -0.0000 -0.9247 0.3806
vn -0.8357 -0.3029 0.4581
vn -0.9128 0.3308 0.2393
vn -0.0000 0.9339 -0.3575
vn 0.9256 0.3354 0.1756
vn 0.8577 -0.3108 0.4095
vn -0.0000 -0.9339 0.3575
vn -0.8562 -0.3215 0.4043
vn -0.9210 0.3458 0.1795
vn -0.0000 0.9433 -0.3320
vn 0.9288 0.3488 0.1253
vn 0.8747 -0.3285 0.3565
vn -0.0000 -0.9433 0.3320
vn -0.8729 -0.3377 0.3520
vn -0.9249 0.3578 0.1287
vn -0.0000 0.9526 -0.3042
vn 0.9294 0.3596 0.0832
vn 0.8882 -0.3436 0.3049
vn -0.0000 -0.9526 0.3042
vn -0.8864 -0.3515 0.3012
vn -0.9261 0.3672 0.0862
vn -0.0000 0.9617 -0.2740
vn 0.9285 0.3681 0.0487
vn 0.8989 -0.3564 0.2548
vn -0.0000 -0.9617 0.2740
vn -0.8972 -0.3628 0.2518
vn -0.9259 0.3744 0.0512
vn -0.0000 0.9705 -0.2413
vn 0.9269 0.3748 0.0210
vn 0.9071 -0.3668 0.2064
vn -0.0000 -0.9705 0.2413
vn -0.9056 -0.3717 0.2040
vn -0.9249 0.3796 0.0231
vn -0.0000 0.9785 -0.2062
vn 0.9251 0.3797 -0.0003
vn 0.9132 -0.3748 0.1601
vn -0.0000 -0.9785 0.2062
vn -0.9120 -0.3784 0.1584
vn -0.9236 0.3833 0.0013
vn -0.0000 0.9857 -0.1687
vn 0.9235 0.3832 -0.0154
vn 0.9173 -0.3807 0.1165
vn -0.0000 -0.9857 0.1687
vn -0.9165 -0.3830 0.1154
vn -0.9226 0.3855 -0.0143
vn -0.0000 0.9916 -0.1290
vn 0.9224 0.3855 -0.0242
vn 0.9200 -0.3844 0.0767
vn -0.0000 -0.9916 0.1290
vn -0.9195 -0.3857 0.0760
vn -0.9219 0.3867 -0.0236
vn -0.0000 0.9962 -0.0872
vn 0.9219 0.3867 -0.0257
vn 0.9213 -0.3865 0.0422
vn -0.0000 -0.9962 0.0872
vn -0.9212 -0.3869 0.0420
vn -0.9217 0.3871 -0.0255
vn -0.0000 0.9991 -0.0435
vn 0.9195 0.3862 -0.0735
vn 0.9212 -0.3869 -0.0417
vn -0.0000 -0.9991 0.0435
vn -0.9225 -0.3840 -0.0401
vn -0.9206 0.3832 -0.0752
vn -0.0000 1.0000 -0.0049
vn 0.9215 0.3783 -0.0881
vn 0.9197 -0.3829 -0.0868
vn -0.0000 -1.0000 0.0049
vn -0.9218 -0.3784 -0.0844
vn -0.9194 0.3827 -0.0906
vn -0.0000 1.0000 -0.0000
vn 0.9239 0.3742 -0.0802
vn 0.9219 -0.3785 -0.0825
vn -0.0000 -1.0000 -0.0000
vn -0.9239 -0.3742 -0.0802
vn -0.9219 0.3785 -0.0825
vn 0.9260 0.3703 -0.0739
vn 0.9242 -0.3743 -0.0760
vn -0.9260 -0.3703 -0.0739
vn -0.9242 0.3743 -0.0760
vn 0.9279 0.3666 -0.0674
vn 0.9263 -0.3704 -0.0694
vn -0.9279 -0.3666 -0.0674
vn -0.9263 0.3704 -0.0694
vn 0.9297 0.3633 -0.0608
vn 0.9282 -0.3668 -0.0626
vn -0.9297 -0.3633 -0.0608
vn -0.9282 0.3668 -0.0626
vn 0.9313 0.3602 -0.0540
vn 0.9300 -0.3634 -0.0556
vn -0.9313 -0.3602 -0.0540
vn -0.9300 0.3634 -0.0556
vn 0.9327 0.3575 -0.0471
vn 0.9316 -0.3603 -0.0485
vn -0.9327 -0.3575 -0.0471
vn -0.9316 0.3603 -0.0485
vn 0.9339 0.3552 -0.0400
vn 0.9330 -0.3576 -0.0412
vn -0.9339 -0.3552 -0.0400
vn -0.9330 0.3576 -0.0412
vn 0.9350 0.3532 -0.0329
vn 0.9342 -0.3553 -0.0339
vn -0.9350 -0.3532 -0.0329
vn -0.9342 0.3553 -0.0339
vn 0.9358 0.3517 -0.0257
vn 0.9351 -0.3533 -0.0265
vn -0.9358 -0.3517 -0.0257
vn -0.9351 0.3533 -0.0265
vn 0.9363 0.3506 -0.0184
vn 0.9359 -0.3518 -0.0189
vn -0.9363 -0.3506 -0.0184
vn -0.9359 0.3518 -0.0189
vn 0.9367 0.3500 -0.0111
vn 0.9364 -0.3507 -0.0114
vn -0.9367 -0.3500 -0.0111
vn -0.9364 0.3507 -0.0114
vn 0.9368 0.3498 -0.0037
vn 0.9367 -0.3500 -0.0038
vn -0.9368 -0.3498 -0.0037
vn -0.9367 0.3500 -0.0038
vn 0.9368 0.3498 0.0037
vn 0.9367 -0.3500 0.0038
vn -0.9368 -0.3498 0.0037
vn -0.9367 0.3500 0.0038
vn 0.9367 0.3500 0.0111
vn 0.9364 -0.3507 0.0114
vn -0.9367 -0.3500 0.0111
vn -0.9364 0.3507 0.0114
vn 0.9363 0.3506 0.0184
vn 0.9359 -0.3518 0.0189
vn -0.9363 -0.3506 0.0184
vn -0.9359 0.3518 0.0189
vn 0.9358 0.3517 0.0257
vn 0.9351 -0.3533 0.0265
vn -0.9358 -0.3517 0.0257
vn -0.9351 0.3533 0.0265
vn 0.9350 0.3532 0.0329
vn 0.9342 -0.3553 0.0339
vn -0.9350 -0.3532 0.0329
vn -0.9342 0.3553 0.0339
vn 0.9339 0.3552 0.0400
vn 0.9330 -0.3576 0.0412
vn -0.9339 -0.3552 0.0400
vn -0.9330 0.3576 0.0412
vn 0.9327 0.3575 0.0471
vn 0.9316 -0.3603 0.0485
vn -0.9327 -0.3575 0.0471
vn -0.9316 0.3603 0.0485
vn 0.9313 0.3602 0.0540
vn 0.9300 -0.3634 0.0556
vn -0.9313 -0.3602 0.0540
vn -0.9300 0.3634 0.0556
vn 0.9297 0.3633 0.0608
vn 0.9282 -0.3668 0.0626
vn -0.9297 -0.3633 0.0608
vn -0.9282 0.3668 0.0626
vn 0.9279 0.3666 0.0674
vn 0.9263 -0.3704 0.0694
vn -0.9279 -0.3666 0.0674
vn -0.9263 0.3704 0.0694
vn 0.9260 0.3703 0.0739
vn 0.9242 -0.3743 0.0760
vn -0.9260 -0.3703 0.0739
vn -0.9242 0.3743 0.0760
vn 0.9239 0.3742 0.0802
vn 0.9219 -0.3785 0.0825
vn -0.9239 -0.3742 0.0802
vn -0.9219 0.3785 0.0825
vn -0.0000 1.0000 0.0049
vn 0.9215 0.3783 0.0881
vn 0.9197 -0.3829 0.0868
vn -0.0000 -1.0000 -0.0049
vn -0.9218 -0.3784 0.0844
vn -0.9194 0.3827 0.0906
vn -0.0000 0.9991 0.0435
vn 0.9195 0.3862 0.0735
vn 0.9212 -0.3869 0.0417
vn -0.0000 -0.9991 -0.0435
vn -0.9225 -0.3840 0.0401
vn -0.9206 0.3832 0.0752
vn -0.0000 0.9962 0.0872
vn 0.9219 0.3867 0.0257
vn 0.9213 -0.3865 -0.0422
vn -0.0000 -0.9962 -0.0872
vn -0.9212 -0.3869 -0.0420
vn -0.9217 0.3871 0.0255
vn -0.0000 0.9916 0.1290
vn 0.9224 0.3855 0.0242
vn 0.9200 -0.3844 -0.0767
vn -0.0000 -0.9916 -0.1290
vn -0.9195 -0.3857 -0.0760
vn -0.9219 0.3867 0.0236
vn -0.0000 0.9857 0.1687
vn 0.9235 0.3832 0.0154
vn 0.9173 -0.3807 -0.1165
vn -0.0000 -0.9857 -0.1687
vn -0.9165 -0.3830 -0.1154
vn -0.9226 0.3855 0.0143
vn -0.0000 0.9785 0.2062
vn 0.9251 0.3797 0.0003
vn 0.9132 -0.3748 -0.1601
vn -0.0000 -0.9785 -0.2062
vn -0.9120 -0.3784 -0.1584
vn -0.9236 0.3833 -0.0013
vn -0.0000 0.9705 0.2413
vn 0.9269 0.3748 -0.0210
vn 0.9071 -0.3668 -0.2064
vn -0.0000 -0.9705 -0.2413
vn -0.9056 -0.3717 -0.2040
vn -0.9249 0.3796 -0.0231
vn -0.0000 0.9617 0.2740
vn 0.9285 0.3681 -0.0487
vn 0.8989 -0.3564 -0.2548
vn -0.0000 -0.9617 -0.2740
vn -0.8972 -0.3628 -0.2518
vn -0.9259 0.3744 -0.0512
vn -0.0000 0.9526 0.3042
vn 0.9294 0.3596 -0.0832
vn 0.8882 -0.3436 -0.3049
vn -0.0000 -0.9526 -0.3042
vn -0.8864 -0.3515 -0.3012
vn -0.9261 0.3672 -0.0862
vn -0.0000 0.9433 0.3320
vn 0.9288 0.3488 -0.1253
vn 0.8747 -0.3285 -0.3565
vn -0.0000 -0.9433 -0.3320
vn -0.8729 -0.3377 -0.3520
vn -0.9249 0.3578 -0.1287
vn -0.0000 0.9339 0.3575
vn 0.9256 0.3354 -0.1756
vn 0.8577 -0.3108 -0.4095
vn -0.0000 -0.9339 -0.3575
vn -0.8562 -0.3215 -0.4043
vn -0.9210 0.3458 -0.1795
vn -0.0000 0.9247 0.3806
vn 0.9181 0.3190 -0.2350
vn 0.8368 -0.2908 -0.4639
vn -0.0000 -0.9247 -0.3806
vn -0.8357 -0.3029 -0.4581
vn -0.9128 0.3308 -0.2393
vn -0.0000 0.9158 0.4015
vn 0.9045 0.2992 -0.3039
vn 0.8110 -0.2683 -0.5198
vn -0.0000 -0.9158 -0.4015
vn -0.8106 -0.2817 -0.5134
vn -0.8985 0.3122 -0.3086
vn -0.0000 0.9074 0.4203
vn 0.8821 0.2756 -0.3821
vn 0.7795 -0.2435 -0.5772
vn -0.0000 -0.9074 -0.4203
vn -0.7799 -0.2580 -0.5702
vn -0.8753 0.2896 -0.3873
vn -0.0000 0.8995 0.4370
vn 0.8479 0.2479 -0.4686
vn 0.7409 -0.2166 -0.6358
vn -0.0000 -0.8995 -0.4370
vn -0.7425 -0.2320 -0.6284
vn -0.8404 0.2626 -0.4742
vn -0.0000 0.8921 0.4518
vn 0.7992 0.2161 -0.5609
vn 0.6940 -0.1877 -0.6951
vn -0.0000 -0.8921 -0.4518
vn -0.6969 -0.2037 -0.6877
vn -0.7908 0.2312 -0.5668
vn -0.0000 0.8855 0.4647
vn 0.7336 0.1811 -0.6550
vn 0.6374 -0.1573 -0.7543
vn -0.0000 -0.8855 -0.4647
vn -0.6417 -0.1735 -0.7471
vn -0.7246 0.1960 -0.6608
vn -0.0000 0.8796 0.4757
vn 0.6509 0.1441 -0.7453
vn 0.5702 -0.1262 -0.8117
vn -0.0000 -0.8796 -0.4757
vn -0.5758 -0.1421 -0.8051
vn -0.6414 0.1583 -0.7507
vn -0.0000 0.8745 0.4851
vn 0.5531 0.1073 -0.8262
vn 0.4921 -0.0954 -0.8653
vn -0.0000 -0.8745 -0.4851
vn -0.4986 -0.1104 -0.8598
vn -0.5436 0.1203 -0.8307
vn -0.0000 0.8701 0.4928
vn 0.4445 0.0731 -0.8928
vn 0.4038 -0.0664 -0.9124
vn -0.0000 -0.8701 -0.4928
vn -0.4107 -0.0796 -0.9083
vn -0.4357 0.0845 -0.8961
vn -0.0000 0.8667 0.4989
vn 0.3314 0.0439 -0.9425
vn 0.3080 -0.0408 -0.9505
vn -0.0000 -0.8667 -0.4989
vn -0.3144 -0.0517 -0.9479
vn -0.3240 0.0533 -0.9446
vn -0.0000 0.8640 0.5034
vn -0.0000 0.8640 0.5035
vn 0.2202 0.0214 -0.9752
vn 0.2089 -0.0203 -0.9777
vn -0.0000 -0.8640 -0.5034
vn -0.0000 -0.8640 -0.5035
vn -0.2140 -0.0284 -0.9764
vn -0.2147 0.0284 -0.9763
vn -0.0000 0.8622 0.5065
vn -0.0000 0.8623 0.5065
vn -0.0000 0.8623 0.5064
vn 0.1170 0.0067 -0.9931
vn 0.1124 -0.0109 -0.9936
vn -0.0000 -0.8622 -0.5065
vn -0.0000 -0.8623 -0.5065
vn -0.0000 -0.8623 -0.5064
vn -0.1161 -0.0067 -0.9932
vn -0.1139 0.0111 -0.9934
vn -0.0000 0.8614 0.5079
vn -0.0000 0.8614 0.5080
vn -0.0000 0.8613 0.5081
vn 0.0463 0.0011 -0.9989
vn 0.0448 -0.0026 -0.9990
vn -0.0000 -0.8614 -0.5079
vn -0.0000 -0.8614 -0.5080
vn -0.0000 -0.8613 -0.5081
vn -0.0462 -0.0011 -0.9989
vn -0.0450 0.0026 -0.9990
vn -0.0000 -0.0000 1.0000
vn -0.0000 -0.0000 -1.0000
vn 0.0450 0.0026 0.9990
vn 0.0462 -0.0011 0.9989
vn -0.0448 -0.0026 0.9990
vn -0.0463 0.0011 0.9989
vn 0.1139 0.0111 0.9934
vn 0.1161 -0.0066 0.9932
vn -0.1124 -0.0109 0.9936
vn -0.1170 0.0067 0.9931
vn 0.2147 0.0284 0.9763
vn 0.2140 -0.0284 0.9764
vn -0.2089 -0.0203 0.9777
vn -0.2202 0.0214 0.9752
vn 0.3240 0.0533 0.9446
vn 0.3144 -0.0517 0.9479
vn -0.3080 -0.0408 0.9505
vn -0.3314 0.0439 0.9425
vn 0.4357 0.0845 0.8961
vn 0.4107 -0.0796 0.9083
vn -0.4038 -0.0664 0.9124
vn -0.4445 0.0731 0.8928
vn 0.5436 0.1203 0.8307
vn 0.4986 -0.1104 0.8598
vn -0.4921 -0.0954 0.8653
vn -0.5531 0.1073 0.8262
vn 0.6414 0.1583 0.7507
vn 0.5758 -0.1421 0.8051
vn -0.5702 -0.1262 0.8117
vn -0.6509 0.1441 0.7453
vn 0.7246 0.1959 0.6608
vn 0.6417 -0.1735 0.7471
vn -0.6374 -0.1573 0.7543
vn -0.7336 0.1811 0.6550
vn 0.7908 0.2312 0.5668
vn 0.6969 -0.2037 0.6877
vn -0.6940 -0.1877 0.6951
vn -0.7992 0.2161 0.5609
vn 0.8404 0.2626 0.4742
vn 0.7425 -0.2320 0.6284
vn -0.7409 -0.2166 0.6358
vn -0.8479 0.2479 0.4686
vn 0.8753 0.2896 0.3873
vn 0.7799 -0.2580 0.5702
vn -0.7795 -0.2435 0.5772
vn -0.8821 0.2756 0.3821
vn 0.8985 0.3122 0.3086
vn 0.8106 -0.2817 0.5134
vn -0.8110 -0.2683 0.5198
vn -0.9045 0.2992 0.3039
vn 0.9128 0.3308 0.2393
vn 0.8357 -0.3029 0.4581
vn -0.8368 -0.2908 0.4639
vn -0.9181 0.3190 0.2350
vn 0.9210 0.3458 0.1795
vn 0.8562 -0.3215 0.4043
vn -0.8577 -0.3108 0.4095
vn -0.9256 0.3354 0.1756
vn 0.9249 0.3578 0.1287
vn 0.8729 -0.3377 0.3520
vn -0.8747 -0.3285 0.3565
vn -0.9288 0.3488 0.1253
vn 0.9261 0.3672 0.0862
vn 0.8864 -0.3515 0.3012
vn -0.8882 -0.3436 0.3049
vn -0.9294 0.3596 0.0832
vn 0.9259 0.3744 0.0512
vn 0.8972 -0.3628 0.2518
vn -0.8989 -0.3564 0.2548
vn -0.9285 0.3681 0.0487
vn 0.9249 0.3796 0.0231
vn 0.9056 -0.3717 0.2040
vn -0.9071 -0.3668 0.2064
vn -0.9269 0.3748 0.0210
vn 0.9236 0.3833 0.0013
vn 0.9120 -0.3784 0.1584
vn -0.9132 -0.3748 0.1601
vn -0.9251 0.3797 -0.0003
vn 0.9226 0.3855 -0.0143
vn 0.9165 -0.3830 0.1154
vn -0.9173 -0.3807 0.1165
vn -0.9235 0.3832 -0.0154
vn 0.9219 0.3867 -0.0236
vn 0.9195 -0.3857 0.0760
vn -0.9200 -0.3844 0.0767
vn -0.9224 0.3855 -0.0242
vn 0.9217 0.3871 -0.0255
vn 0.9212 -0.3869 0.0420
vn -0.9213 -0.3865 0.0422
vn -0.9219 0.3867 -0.0257
vn 0.9206 0.3832 -0.0752
vn 0.9225 -0.3840 -0.0401
vn -0.9212 -0.3869 -0.0417
vn -0.9195 0.3862 -0.0735
vn 0.9194 0.3827 -0.0906
vn 0.9218 -0.3784 -0.0844
vn -0.9197 -0.3829 -0.0868
vn -0.9215 0.3783 -0.0881
vn 0.9219 0.3785 -0.0825
vn 0.9239 -0.3742 -0.0802
vn -0.9219 -0.3785 -0.0825
vn -0.9239 0.3742 -0.0802
vn 0.9242 0.3743 -0.0760
vn 0.9260 -0.3703 -0.0739
vn -0.9242 -0.3743 -0.0760
vn -0.9260 0.3703 -0.0739
vn 0.9263 0.3704 -0.0694
vn 0.9279 -0.3666 -0.0674
vn -0.9263 -0.3704 -0.0694
vn -0.9279 0.3666 -0.0674
vn 0.9282 0.3668 -0.0626
vn 0.9297 -0.3633 -0.0608
vn -0.9282 -0.3668 -0.0626
vn -0.9297 0.3633 -0.0608
vn 0.9300 0.3634 -0.0556
vn 0.9313 -0.3602 -0.0540
vn -0.9300 -0.3634 -0.0556
vn -0.9313 0.3602 -0.0540
vn 0.9316 0.3603 -0.0485
vn 0.9327 -0.3575 -0.0471
vn -0.9316 -0.3603 -0.0485
vn -0.9327 0.3575 -0.0471
vn 0.9330 0.3576 -0.0412
vn 0.9339 -0.3552 -0.0400
vn -0.9330 -0.3576 -0.0412
vn -0.9339 0.3552 -0.0400
vn 0.9342 0.3553 -0.0339
vn 0.9350 -0.3532 -0.0329
vn -0.9342 -0.3553 -0.0339
vn -0.9350 0.3532 -0.0329
vn 0.9351 0.3533 -0.0265
vn 0.9358 -0.3517 -0.0257
vn -0.9351 -0.3533 -0.0265
vn -0.9358 0.3517 -0.0257
vn 0.9359 0.3518 -0.0189
vn 0.9363 -0.3506 -0.0184
vn -0.9359 -0.3518 -0.0189
vn -0.9363 0.3506 -0.0184
vn 0.9364 0.3507 -0.0114
vn 0.9367 -0.3500 -0.0111
vn -0.9364 -0.3507 -0.0114
vn -0.9367 0.3500 -0.0111
vn 0.9367 0.3500 -0.0038
vn 0.9368 -0.3498 -0.0037
vn -0.9367 -0.3500 -0.0038
vn -0.9368 0.3498 -0.0037
vn 0.9367 0.3500 0.0038
vn 0.9368 -0.3498 0.0037
vn -0.9367 -0.3500 0.0038
vn -0.9368 0.3498 0.0037
vn 0.9364 0.3507 0.0114
vn 0.9367 -0.3500 0.0111
vn -0.9364 -0.3507 0.0114
vn -0.9367 0.3500 0.0111
vn 0.9359 0.3518 0.0189
vn 0.9363 -0.3506 0.0184
vn -0.9359 -0.3518 0.0189
vn -0.9363 0.3506 0.0184
vn 0.9351 0.3533 0.0265
vn 0.9358 -0.3517 0.0257
vn -0.9351 -0.3533 0.0265
vn -0.9358 0.3517 0.0257
vn 0.9342 0.3553 0.0339
vn 0.9350 -0.3532 0.0329
vn -0.9342 -0.3553 0.0339
vn -0.9350 0.3532 0.0329
vn 0.9330 0.3576 0.0412
vn 0.9339 -0.3552 0.0400
vn -0.9330 -0.3576 0.0412
vn -0.9339 0.3552 0.0400
vn 0.9316 0.3603 0.0485
vn 0.9327 -0.3575 0.0471
vn -0.9316 -0.3603 0.0485
vn -0.9327 0.3575 0.0471
vn 0.9300 0.3634 0.0556
vn 0.9313 -0.3602 0.0540
vn -0.9300 -0.3634 0.0556
vn -0.9313 0.3602 0.0540
vn 0.9282 0.3668 0.0626
vn 0.9297 -0.3633 0.0608
vn -0.9282 -0.3668 0.0626
vn -0.9297 0.3633 0.0608
vn 0.9263 0.3704 0.0694
vn 0.9279 -0.3666 0.0674
vn -0.9263 -0.3704 0.0694
vn -0.9279 0.3666 0.0674
vn 0.9242 0.3743 0.0760
vn 0.9260 -0.3703 0.0739
vn -0.9242 -0.3743 0.0760
vn -0.9260 0.3703 0.0739
vn 0.9219 0.3785 0.0825
vn 0.9239 -0.3742 0.0802
vn -0.9219 -0.3785 0.0825
vn -0.9239 0.3742 0.0802
vn 0.9194 0.3827 0.0906
vn 0.9218 -0.3784 0.0844
vn -0.9197 -0.3829 0.0868
vn -0.9215 0.3783 0.0881
vn 0.9206 0.3832 0.0752
vn 0.9225 -0.3840 0.0401
vn -0.9212 -0.3869 0.0417
vn -0.9195 0.3862 0.0735
vn 0.9217 0.3871 0.0255
vn 0.9212 -0.3869 -0.0420
vn -0.9213 -0.3865 -0.0422
vn -0.9219 0.3867 0.0257
vn 0.9219 0.3867 0.0236
vn 0.9195 -0.3857 -0.0760
vn -0.9200 -0.3844 -0.0767
vn -0.9224 0.3855 0.0242
vn 0.9226 0.3855 0.0143
vn 0.9165 -0.3830 -0.1154
vn -0.9173 -0.3807 -0.1165
vn -0.9235 0.3832 0.0154
vn 0.9236 0.3833 -0.0013
vn 0.9120 -0.3784 -0.1584
vn -0.9132 -0.3748 -0.1601
vn -0.9251 0.3797 0.0003
vn 0.9249 0.3796 -0.0231
vn 0.9056 -0.3717 -0.2040
vn -0.9071 -0.3668 -0.2064
vn -0.9269 0.3748 -0.0210
vn 0.9259 0.3744 -0.0512
vn 0.8972 -0.3628 -0.2518
vn -0.8989 -0.3564 -0.2548
vn -0.9285 0.3681 -0.0487
vn 0.9261 0.3672 -0.0862
vn 0.8864 -0.3515 -0.3012
vn -0.8882 -0.3436 -0.3049
vn -0.9294 0.3596 -0.0832
vn 0.9249 0.3578 -0.1287
vn 0.8729 -0.3377 -0.3520
vn -0.8747 -0.3285 -0.3565
vn -0.9288 0.3488 -0.1253
vn 0.9210 0.3458 -0.1795
vn 0.8562 -0.3215 -0.4043
vn -0.8577 -0.3108 -0.4095
vn -0.9256 0.3354 -0.1756
vn 0.9128 0.3308 -0.2393
vn 0.8357 -0.3029 -0.4581
vn -0.8368 -0.2908 -0.4639
vn -0.9181 0.3190 -0.2350
vn 0.8985 0.3122 -0.3086
vn 0.8106 -0.2817 -0.5134
vn -0.8110 -0.2683 -0.5198
vn -0.9045 0.2992 -0.3039
vn 0.8753 0.2896 -0.3873
vn 0.7799 -0.2580 -0.5702
vn -0.7795 -0.2435 -0.5772
vn -0.8821 0.2756 -0.3821
vn 0.8404 0.2626 -0.4742
vn 0.7425 -0.2320 -0.6284
vn -0.7409 -0.2166 -0.6358
vn -0.8479 0.2479 -0.4686
vn 0.7908 0.2312 -0.5668
vn 0.6969 -0.2037 -0.6877
vn -0.6940 -0.1877 -0.6951
vn -0.7992 0.2161 -0.5609
vn 0.7246 0.1960 -0.6608
vn 0.6417 -0.1735 -0.7471
vn -0.6374 -0.1573 -0.7543
vn -0.7336 0.1811 -0.6550
vn 0.6414 0.1583 -0.7507
vn 0.5758 -0.1421 -0.8051
vn -0.5702 -0.1262 -0.8117
vn -0.6509 0.1441 -0.7453
vn 0.5436 0.1203 -0.8307
vn 0.4986 -0.1104 -0.8598
vn -0.4921 -0.0954 -0.8653
vn -0.5531 0.1073 -0.8262
vn 0.4357 0.0845 -0.8961
vn 0.4107 -0.0796 -0.9083
vn -0.4038 -0.0664 -0.9124
vn -0.4445 0.0731 -0.8928
vn 0.3240 0.0533 -0.9446
vn 0.3144 -0.0517 -0.9479
vn -0.3080 -0.0408 -0.9505
vn -0.3314 0.0439 -0.9425
vn 0.2147 0.0284 -0.9763
vn 0.2140 -0.0284 -0.9764
vn -0.2089 -0.0203 -0.9777
vn -0.2202 0.0214 -0.9752
vn 0.1139 0.0111 -0.9934
vn 0.1161 -0.0067 -0.9932
vn -0.1124 -0.0109 -0.9936
vn -0.1170 0.0067 -0.9931
vn 0.0450 0.0026 -0.9990
vn 0.0462 -0.0011 -0.9989
vn -0.0448 -0.0026 -0.9990
vn -0.0463 0.0011 -0.9989
vt 0.000000 0.772933
vt 0.000476 0.785376
vt 0.000476 0.791720
vt 0.000000 0.770347
vt 0.000476 0.779032
vt 0.000000 0.767760
vt 0.000476 0.772688
vt 0.000000 0.765173
vt 0.000476 0.766344
vt 0.000000 0.762587
vt 0.000476 0.760000
vt 0.000000 0.757413
vt 0.000000 0.760000
vt 0.000000 0.754827
vt 0.000476 0.753656
vt 0.000000 0.752240
vt 0.000476 0.747312
vt 0.000000 0.749653
vt 0.000476 0.740968
vt 0.000000 0.747067
vt 0.000476 0.734624
vt 0.000000 0.500000
vt 0.000476 0.500000
vt 0.000000 0.252933
vt 0.000476 0.265376
vt 0.000476 0.271720
vt 0.000000 0.250347
vt 0.000476 0.259032
vt 0.000000 0.247760
vt 0.000476 0.252688
vt 0.000000 0.245173
vt 0.000476 0.246344
vt 0.000000 0.242587
vt 0.000476 0.240000
vt 0.000000 0.237413
vt 0.000000 0.240000
vt 0.000000 0.234827
vt 0.000476 0.233656
vt 0.000000 0.232240
vt 0.000476 0.227312
vt 0.000000 0.229653
vt 0.000476 0.220968
vt 0.000000 0.227067
vt 0.000476 0.214624
vt 0.001903 0.803155
vt 0.001903 0.813944
vt 0.001903 0.792367
vt 0.001903 0.781578
vt 0.001903 0.770789
vt 0.001903 0.760000
vt 0.001903 0.749211
vt 0.001903 0.738422
vt 0.001903 0.727633
vt 0.000476 0.728280
vt 0.001903 0.716845
vt 0.001903 0.500000
vt 0.001903 0.283155
vt 0.001903 0.293944
vt 0.001903 0.272366
vt 0.001903 0.261578
vt 0.001903 0.250789
vt 0.001903 0.240000
vt 0.001903 0.229211
vt 0.001903 0.218422
vt 0.001903 0.207634
vt 0.000476 0.208280
vt 0.001903 0.196845
vt 0.004278 0.818736
vt 0.004278 0.833420
vt 0.004278 0.804052
vt 0.004278 0.789368
vt 0.004278 0.774684
vt 0.004278 0.760000
vt 0.004278 0.745316
vt 0.004278 0.730632
vt 0.004278 0.715948
vt 0.001903 0.706056
vt 0.004278 0.701264
vt 0.004278 0.500000
vt 0.004278 0.298736
vt 0.004278 0.313420
vt 0.004278 0.284052
vt 0.004278 0.269368
vt 0.004278 0.254684
vt 0.004278 0.240000
vt 0.004278 0.225316
vt 0.004278 0.210632
vt 0.004278 0.195948
vt 0.001903 0.186056
vt 0.004278 0.181264
vt 0.007596 0.832910
vt 0.007596 0.851138
vt 0.007596 0.814683
vt 0.007596 0.796455
vt 0.007596 0.778228
vt 0.007596 0.760000
vt 0.007596 0.741772
vt 0.007596 0.723545
vt 0.007596 0.705317
vt 0.004278 0.686580
vt 0.007596 0.687090
vt 0.007596 0.500000
vt 0.007596 0.312910
vt 0.007596 0.331138
vt 0.007596 0.294683
vt 0.007596 0.276455
vt 0.007596 0.258228
vt 0.007596 0.240000
vt 0.007596 0.221772
vt 0.007596 0.203545
vt 0.007596 0.185317
vt 0.004278 0.166580
vt 0.007596 0.167090
vt 0.011852 0.845994
vt 0.011852 0.867492
vt 0.011852 0.824495
vt 0.011852 0.802997
vt 0.011852 0.781498
vt 0.011852 0.760000
vt 0.011852 0.738502
vt 0.011852 0.717003
vt 0.011852 0.695505
vt 0.007596 0.668862
vt 0.011852 0.674006
vt 0.011852 0.500000
vt 0.011852 0.325994
vt 0.011852 0.347492
vt 0.011852 0.304495
vt 0.011852 0.282997
vt 0.011852 0.261498
vt 0.011852 0.240000
vt 0.011852 0.218502
vt 0.011852 0.197003
vt 0.011852 0.175505
vt 0.007596 0.148862
vt 0.011852 0.154006
vt 0.017037 0.858141
vt 0.017037 0.882676
vt 0.017037 0.833606
vt 0.017037 0.809070
vt 0.017037 0.784535
vt 0.017037 0.760000
vt 0.017037 0.735465
vt 0.017037 0.710930
vt 0.017037 0.686394
vt 0.011852 0.652508
vt 0.017037 0.661859
vt 0.017037 0.500000
vt 0.017037 0.338141
vt 0.017037 0.362676
vt 0.017037 0.313606
vt 0.017037 0.289070
vt 0.017037 0.264535
vt 0.017037 0.240000
vt 0.017037 0.215465
vt 0.017037 0.190930
vt 0.017037 0.166394
vt 0.011852 0.132508
vt 0.017037 0.141859
vt 0.023142 0.869435
vt 0.023142 0.896793
vt 0.023142 0.842076
vt 0.023142 0.814717
vt 0.023142 0.787359
vt 0.023142 0.760000
vt 0.023142 0.732641
vt 0.023142 0.705283
vt 0.023142 0.677924
vt 0.017037 0.637324
vt 0.023142 0.650565
vt 0.023142 0.500000
vt 0.023142 0.349435
vt 0.023142 0.376793
vt 0.023142 0.322076
vt 0.023142 0.294717
vt 0.023142 0.267359
vt 0.023142 0.240000
vt 0.023142 0.212641
vt 0.023142 0.185283
vt 0.023142 0.157924
vt 0.017037 0.117324
vt 0.023142 0.130565
vt 0.030154 0.879921
vt 0.030154 0.909901
vt 0.030154 0.849941
vt 0.030154 0.819960
vt 0.030154 0.789980
vt 0.030154 0.760000
vt 0.030154 0.730020
vt 0.030154 0.700040
vt 0.030154 0.670059
vt 0.023142 0.623206
vt 0.030154 0.640079
vt 0.030154 0.500000
vt 0.030154 0.359921
vt 0.030154 0.389901
vt 0.030154 0.329941
vt 0.030154 0.299960
vt 0.030154 0.269980
vt 0.030154 0.240000
vt 0.030154 0.210020
vt 0.030154 0.180040
vt 0.030154 0.150059
vt 0.023142 0.103207
vt 0.030154 0.120079
vt 0.038060 0.889622
vt 0.038060 0.922028
vt 0.038060 0.857217
vt 0.038060 0.824811
vt 0.038060 0.792406
vt 0.038060 0.760000
vt 0.038060 0.727594
vt 0.038060 0.695189
vt 0.038060 0.662783
vt 0.030154 0.610099
vt 0.038060 0.630378
vt 0.038060 0.500000
vt 0.038060 0.369622
vt 0.038060 0.402028
vt 0.038060 0.337217
vt 0.038060 0.304811
vt 0.038060 0.272406
vt 0.038060 0.240000
vt 0.038060 0.207594
vt 0.038060 0.175189
vt 0.038060 0.142783
vt 0.030154 0.090099
vt 0.038060 0.110378
vt 0.046846 0.898550
vt 0.046846 0.933187
vt 0.046846 0.863912
vt 0.046846 0.829275
vt 0.046846 0.794637
vt 0.046846 0.760000
vt 0.046846 0.725363
vt 0.046846 0.690725
vt 0.046846 0.656088
vt 0.038060 0.597972
vt 0.046846 0.621450
vt 0.046846 0.500000
vt 0.046846 0.378550
vt 0.046846 0.413187
vt 0.046846 0.343912
vt 0.046846 0.309275
vt 0.046846 0.274637
vt 0.046846 0.240000
vt 0.046846 0.205363
vt 0.046846 0.170725
vt 0.046846 0.136088
vt 0.038060 0.077972
vt 0.046846 0.101450
vt 0.056495 0.906706
vt 0.056495 0.943382
vt 0.056495 0.870029
vt 0.056495 0.833353
vt 0.056495 0.796676
vt 0.056495 0.760000
vt 0.056495 0.723324
vt 0.056495 0.686647
vt 0.056495 0.649971
vt 0.046846 0.586813
vt 0.056495 0.613294
vt 0.056495 0.500000
vt 0.056495 0.386706
vt 0.056495 0.423382
vt 0.056495 0.350029
vt 0.056495 0.313353
vt 0.056495 0.276676
vt 0.056495 0.240000
vt 0.056495 0.203324
vt 0.056495 0.166647
vt 0.056495 0.129971
vt 0.046846 0.066813
vt 0.056495 0.093294
vt 0.066987 0.914089
vt 0.066987 0.952611
vt 0.066987 0.875566
vt 0.066987 0.837044
vt 0.066987 0.798522
vt 0.066987 0.760000
vt 0.066987 0.721478
vt 0.066987 0.682956
vt 0.066987 0.644433
vt 0.056495 0.576618
vt 0.066987 0.605911
vt 0.066987 0.500000
vt 0.066987 0.394089
vt 0.066987 0.432611
vt 0.066987 0.355566
vt 0.066987 0.317044
vt 0.066987 0.278522
vt 0.066987 0.240000
vt 0.066987 0.201478
vt 0.066987 0.162956
vt 0.066987 0.124434
vt 0.056495 0.056618
vt 0.066987 0.085911
vt 0.078304 0.920694
vt 0.078304 0.960868
vt 0.078304 0.880521
vt 0.078304 0.840347
vt 0.078304 0.800174
vt 0.078304 0.760000
vt 0.078304 0.719826
vt 0.078304 0.679653
vt 0.078304 0.639479
vt 0.066987 0.567389
vt 0.078304 0.599306
vt 0.078304 0.500000
vt 0.078304 0.400694
vt 0.078304 0.440868
vt 0.078304 0.360521
vt 0.078304 0.320347
vt 0.078304 0.280174
vt 0.078304 0.240000
vt 0.078304 0.199826
vt 0.078304 0.159653
vt 0.078304 0.119479
vt 0.066987 0.047389
vt 0.078304 0.079306
vt 0.090424 0.926518
vt 0.090424 0.968148
vt 0.090424 0.884889
vt 0.090424 0.843259
vt 0.090424 0.801630
vt 0.090424 0.760000
vt 0.090424 0.718370
vt 0.090424 0.676741
vt 0.090424 0.635111
vt 0.078304 0.559132
vt 0.090424 0.593482
vt 0.090424 0.500000
vt 0.090424 0.406518
vt 0.090424 0.448148
vt 0.090424 0.364889
vt 0.090424 0.323259
vt 0.090424 0.281630
vt 0.090424 0.240000
vt 0.090424 0.198370
vt 0.090424 0.156741
vt 0.090424 0.115111
vt 0.078304 0.039132
vt 0.090424 0.073482
vt 0.103323 0.931558
vt 0.103323 0.974447
vt 0.103323 0.888668
vt 0.103323 0.845779
vt 0.103323 0.802889
vt 0.103323 0.760000
vt 0.103323 0.717111
vt 0.103323 0.674221
vt 0.103323 0.631332
vt 0.090424 0.551852
vt 0.103323 0.588442
vt 0.103323 0.500000
vt 0.103323 0.411558
vt 0.103323 0.454447
vt 0.103323 0.368668
vt 0.103323 0.325779
vt 0.103323 0.282889
vt 0.103323 0.240000
vt 0.103323 0.197111
vt 0.103323 0.154221
vt 0.103323 0.111332
vt 0.090424 0.031852
vt 0.103323 0.068442
vt 0.116978 0.935815
vt 0.116978 0.979768
vt 0.116978 0.891861
vt 0.116978 0.847907
vt 0.116978 0.803954
vt 0.116978 0.760000
vt 0.116978 0.716046
vt 0.116978 0.672093
vt 0.116978 0.628139
vt 0.103323 0.545553
vt 0.116978 0.584185
vt 0.116978 0.500000
vt 0.116978 0.415815
vt 0.116978 0.459768
vt 0.116978 0.371861
vt 0.116978 0.327907
vt 0.116978 0.283954
vt 0.116978 0.240000
vt 0.116978 0.196046
vt 0.116978 0.152093
vt 0.116978 0.108139
vt 0.103323 0.025553
vt 0.116978 0.064185
vt 0.131361 0.939295
vt 0.131361 0.984119
vt 0.131361 0.894471
vt 0.131361 0.849647
vt 0.131361 0.804824
vt 0.131361 0.760000
vt 0.131361 0.715176
vt 0.131361 0.670353
vt 0.131361 0.625529
vt 0.116978 0.540232
vt 0.131361 0.580705
vt 0.131361 0.500000
vt 0.131361 0.419295
vt 0.131361 0.464119
vt 0.131361 0.374471
vt 0.131361 0.329647
vt 0.131361 0.284824
vt 0.131361 0.240000
vt 0.131361 0.195176
vt 0.131361 0.150353
vt 0.131361 0.105529
vt 0.116978 0.020232
vt 0.131361 0.060705
vt 0.146447 0.942014
vt 0.146447 0.987518
vt 0.146447 0.896511
vt 0.146447 0.851007
vt 0.146447 0.805504
vt 0.146447 0.760000
vt 0.146447 0.714496
vt 0.146447 0.668993
vt 0.146447 0.623489
vt 0.131361 0.535881
vt 0.146447 0.577986
vt 0.146447 0.500000
vt 0.146447 0.422014
vt 0.146447 0.467518
vt 0.146447 0.376511
vt 0.146447 0.331007
vt 0.146447 0.285504
vt 0.146447 0.240000
vt 0.146447 0.194496
vt 0.146447 0.148993
vt 0.146447 0.103489
vt 0.131361 0.015881
vt 0.146447 0.057986
vt 0.162205 0.944002
vt 0.162205 0.990002
vt 0.162205 0.898001
vt 0.162205 0.852001
vt 0.162205 0.806000
vt 0.162205 0.760000
vt 0.162205 0.714000
vt 0.162205 0.667999
vt 0.162205 0.621999
vt 0.146447 0.532482
vt 0.162205 0.575998
vt 0.162205 0.500000
vt 0.162205 0.424002
vt 0.162205 0.470002
vt 0.162205 0.378001
vt 0.162205 0.332001
vt 0.162205 0.286000
vt 0.162205 0.240000
vt 0.162205 0.194000
vt 0.162205 0.147999
vt 0.162205 0.101999
vt 0.146447 0.012482
vt 0.162205 0.055998
vt 0.178606 0.945306
vt 0.178606 0.991632
vt 0.178606 0.898979
vt 0.178606 0.852653
vt 0.178606 0.806326
vt 0.178606 0.760000
vt 0.178606 0.713674
vt 0.178606 0.667347
vt 0.178606 0.621021
vt 0.162205 0.529998
vt 0.178606 0.574695
vt 0.178606 0.500000
vt 0.178606 0.425306
vt 0.178606 0.471632
vt 0.178606 0.378979
vt 0.178606 0.332653
vt 0.178606 0.286326
vt 0.178606 0.240000
vt 0.178606 0.193674
vt 0.178606 0.147347
vt 0.178606 0.101021
vt 0.162205 0.009998
vt 0.178606 0.054694
vt 0.195619 0.946005
vt 0.195619 0.992506
vt 0.195619 0.899504
vt 0.195619 0.853002
vt 0.195619 0.806501
vt 0.195619 0.760000
vt 0.195619 0.713499
vt 0.195619 0.666998
vt 0.195619 0.620496
vt 0.178606 0.528368
vt 0.195619 0.573995
vt 0.195619 0.500000
vt 0.195619 0.426005
vt 0.195619 0.472506
vt 0.195619 0.379504
vt 0.195619 0.333002
vt 0.195619 0.286501
vt 0.195619 0.240000
vt 0.195619 0.193499
vt 0.195619 0.146998
vt 0.195619 0.100496
vt 0.178606 0.008368
vt 0.195619 0.053995
vt 0.213212 0.946232
vt 0.213212 0.992789
vt 0.213212 0.899674
vt 0.213212 0.853116
vt 0.213212 0.806558
vt 0.213212 0.760000
vt 0.213212 0.713442
vt 0.213212 0.666884
vt 0.213212 0.620326
vt 0.195619 0.527494
vt 0.213212 0.573768
vt 0.213212 0.500000
vt 0.213212 0.426232
vt 0.213212 0.472789
vt 0.213212 0.379674
vt 0.213212 0.333116
vt 0.213212 0.286558
vt 0.213212 0.240000
vt 0.213212 0.193442
vt 0.213212 0.146884
vt 0.213212 0.100326
vt 0.195619 0.007494
vt 0.213212 0.053768
vt 0.231350 0.990745
vt 0.231350 0.944596
vt 0.231350 0.898447
vt 0.231350 0.852298
vt 0.231350 0.806149
vt 0.231350 0.713851
vt 0.231350 0.760000
vt 0.231350 0.667702
vt 0.231350 0.621553
vt 0.231350 0.575404
vt 0.231350 0.529255
vt 0.231350 0.500000
vt 0.231350 0.470745
vt 0.231350 0.424596
vt 0.231350 0.378447
vt 0.231350 0.332298
vt 0.231350 0.286149
vt 0.231350 0.193851
vt 0.231350 0.240000
vt 0.231350 0.147702
vt 0.231350 0.101553
vt 0.231350 0.055404
vt 0.231350 0.009255
vt 0.250000 0.987554
vt 0.250000 0.942043
vt 0.250000 0.896532
vt 0.250000 0.851022
vt 0.250000 0.805511
vt 0.250000 0.714489
vt 0.250000 0.760000
vt 0.250000 0.668978
vt 0.250000 0.623468
vt 0.250000 0.577957
vt 0.250000 0.532446
vt 0.250000 0.500000
vt 0.250000 0.467554
vt 0.250000 0.422043
vt 0.250000 0.376532
vt 0.250000 0.331022
vt 0.250000 0.285511
vt 0.250000 0.194489
vt 0.250000 0.240000
vt 0.250000 0.148978
vt 0.250000 0.103468
vt 0.250000 0.057957
vt 0.250000 0.012446
vt 0.269126 0.984520
vt 0.269126 0.939616
vt 0.269126 0.894712
vt 0.269126 0.849808
vt 0.269126 0.804904
vt 0.269126 0.715096
vt 0.269126 0.760000
vt 0.269126 0.670192
vt 0.269126 0.625288
vt 0.269126 0.580384
vt 0.269126 0.535480
vt 0.269126 0.500000
vt 0.269126 0.464520
vt 0.269126 0.419616
vt 0.269126 0.374712
vt 0.269126 0.329808
vt 0.269126 0.284904
vt 0.269126 0.195096
vt 0.269126 0.240000
vt 0.269126 0.150192
vt 0.269126 0.105288
vt 0.269126 0.060384
vt 0.269126 0.015480
vt 0.288691 0.981665
vt 0.288691 0.937332
vt 0.288691 0.892999
vt 0.288691 0.848666
vt 0.288691 0.804333
vt 0.288691 0.715667
vt 0.288691 0.760000
vt 0.288691 0.671334
vt 0.288691 0.627001
vt 0.288691 0.582668
vt 0.288691 0.538335
vt 0.288691 0.500000
vt 0.288691 0.461665
vt 0.288691 0.417332
vt 0.288691 0.372999
vt 0.288691 0.328666
vt 0.288691 0.284333
vt 0.288691 0.195667
vt 0.288691 0.240000
vt 0.288691 0.151334
vt 0.288691 0.107001
vt 0.288691 0.062668
vt 0.288691 0.018335
vt 0.308658 0.979013
vt 0.308658 0.935210
vt 0.308658 0.891408
vt 0.308658 0.847605
vt 0.308658 0.803803
vt 0.308658 0.716197
vt 0.308658 0.760000
vt 0.308658 0.672395
vt 0.308658 0.628592
vt 0.308658 0.584790
vt 0.308658 0.540987
vt 0.308658 0.500000
vt 0.308658 0.459013
vt 0.308658 0.415210
vt 0.308658 0.371408
vt 0.308658 0.327605
vt 0.308658 0.283803
vt 0.308658 0.196197
vt 0.308658 0.240000
vt 0.308658 0.152395
vt 0.308658 0.108592
vt 0.308658 0.064790
vt 0.308658 0.020987
vt 0.328990 0.976582
vt 0.328990 0.933266
vt 0.328990 0.889949
vt 0.328990 0.846633
vt 0.328990 0.803316
vt 0.328990 0.716684
vt 0.328990 0.760000
vt 0.328990 0.673367
vt 0.328990 0.630051
vt 0.328990 0.586734
vt 0.328990 0.543418
vt 0.328990 0.500000
vt 0.328990 0.456582
vt 0.328990 0.413266
vt 0.328990 0.369949
vt 0.328990 0.326633
vt 0.328990 0.283316
vt 0.328990 0.196684
vt 0.328990 0.240000
vt 0.328990 0.153367
vt 0.328990 0.110051
vt 0.328990 0.066734
vt 0.328990 0.023418
vt 0.349647 0.974392
vt 0.349647 0.931513
vt 0.349647 0.888635
vt 0.349647 0.845757
vt 0.349647 0.802878
vt 0.349647 0.717122
vt 0.349647 0.760000
vt 0.349647 0.674243
vt 0.349647 0.631365
vt 0.349647 0.588487
vt 0.349647 0.545608
vt 0.349647 0.500000
vt 0.349647 0.454392
vt 0.349647 0.411513
vt 0.349647 0.368635
vt 0.349647 0.325757
vt 0.349647 0.282878
vt 0.349647 0.197122
vt 0.349647 0.240000
vt 0.349647 0.154243
vt 0.349647 0.111365
vt 0.349647 0.068487
vt 0.349647 0.025608
vt 0.370590 0.972459
vt 0.370590 0.929967
vt 0.370590 0.887475
vt 0.370590 0.844983
vt 0.370590 0.802492
vt 0.370590 0.717508
vt 0.370590 0.760000
vt 0.370590 0.675017
vt 0.370590 0.632525
vt 0.370590 0.590033
vt 0.370590 0.547541
vt 0.370590 0.500000
vt 0.370590 0.452459
vt 0.370590 0.409967
vt 0.370590 0.367475
vt 0.370590 0.324983
vt 0.370590 0.282492
vt 0.370590 0.197508
vt 0.370590 0.240000
vt 0.370590 0.155017
vt 0.370590 0.112525
vt 0.370590 0.070033
vt 0.370590 0.027541
vt 0.391780 0.970797
vt 0.391780 0.928638
vt 0.391780 0.886478
vt 0.391780 0.844319
vt 0.391780 0.802159
vt 0.391780 0.717841
vt 0.391780 0.760000
vt 0.391780 0.675681
vt 0.391780 0.633522
vt 0.391780 0.591362
vt 0.391780 0.549203
vt 0.391780 0.500000
vt 0.391780 0.450797
vt 0.391780 0.408638
vt 0.391780 0.366478
vt 0.391780 0.324319
vt 0.391780 0.282159
vt 0.391780 0.197841
vt 0.391780 0.240000
vt 0.391780 0.155681
vt 0.391780 0.113522
vt 0.391780 0.071362
vt 0.391780 0.029203
vt 0.413176 0.969420
vt 0.413176 0.927536
vt 0.413176 0.885652
vt 0.413176 0.843768
vt 0.413176 0.801884
vt 0.413176 0.718116
vt 0.413176 0.760000
vt 0.413176 0.676232
vt 0.413176 0.634348
vt 0.413176 0.592464
vt 0.413176 0.550579
vt 0.413176 0.500000
vt 0.413176 0.449421
vt 0.413176 0.407536
vt 0.413176 0.365652
vt 0.413176 0.323768
vt 0.413176 0.281884
vt 0.413176 0.198116
vt 0.413176 0.240000
vt 0.413176 0.156232
vt 0.413176 0.114348
vt 0.413176 0.072464
vt 0.413176 0.030579
vt 0.434737 0.968339
vt 0.434737 0.926671
vt 0.434737 0.885003
vt 0.434737 0.843335
vt 0.434737 0.801668
vt 0.434737 0.718332
vt 0.434737 0.760000
vt 0.434737 0.676665
vt 0.434737 0.634997
vt 0.434737 0.593329
vt 0.434737 0.551661
vt 0.434737 0.500000
vt 0.434737 0.448339
vt 0.434737 0.406671
vt 0.434737 0.365003
vt 0.434737 0.323335
vt 0.434737 0.281668
vt 0.434737 0.198332
vt 0.434737 0.240000
vt 0.434737 0.156665
vt 0.434737 0.114997
vt 0.434737 0.073329
vt 0.434737 0.031661
vt 0.456422 0.967560
vt 0.456422 0.926048
vt 0.456422 0.884536
vt 0.456422 0.843024
vt 0.456422 0.801512
vt 0.456422 0.718488
vt 0.456422 0.760000
vt 0.456422 0.676976
vt 0.456422 0.635464
vt 0.456422 0.593952
vt 0.456422 0.552440
vt 0.456422 0.500000
vt 0.456422 0.447560
vt 0.456422 0.406048
vt 0.456422 0.364536
vt 0.456422 0.323024
vt 0.456422 0.281512
vt 0.456422 0.198488
vt 0.456422 0.240000
vt 0.456422 0.156976
vt 0.456422 0.115464
vt 0.456422 0.073952
vt 0.456422 0.032440
vt 0.478190 0.967090
vt 0.478190 0.925672
vt 0.478190 0.884254
vt 0.478190 0.842836
vt 0.478190 0.801418
vt 0.478190 0.718582
vt 0.478190 0.760000
vt 0.478190 0.677164
vt 0.478190 0.635746
vt 0.478190 0.594328
vt 0.478190 0.552910
vt 0.478190 0.500000
vt 0.478190 0.447090
vt 0.478190 0.405672
vt 0.478190 0.364254
vt 0.478190 0.322836
vt 0.478190 0.281418
vt 0.478190 0.198582
vt 0.478190 0.240000
vt 0.478190 0.157164
vt 0.478190 0.115746
vt 0.478190 0.074328
vt 0.478190 0.032910
vt 0.500000 0.966933
vt 0.500000 0.925547
vt 0.500000 0.884160
vt 0.500000 0.842773
vt 0.500000 0.801387
vt 0.500000 0.718613
vt 0.500000 0.760000
vt 0.500000 0.677227
vt 0.500000 0.635840
vt 0.500000 0.594453
vt 0.500000 0.553067
vt 0.500000 0.500000
vt 0.500000 0.446933
vt 0.500000 0.405547
vt 0.500000 0.364160
vt 0.500000 0.322773
vt 0.500000 0.281387
vt 0.500000 0.198613
vt 0.500000 0.240000
vt 0.500000 0.157227
vt 0.500000 0.115840
vt 0.500000 0.074453
vt 0.500000 0.033067
vt 0.521810 0.925672
vt 0.521810 0.967090
vt 0.521810 0.884254
vt 0.521810 0.842836
vt 0.521810 0.801418
vt 0.521810 0.760000
vt 0.521810 0.718582
vt 0.521810 0.677164
vt 0.521810 0.635746
vt 0.521810 0.594328
vt 0.521810 0.500000
vt 0.521810 0.405672
vt 0.521810 0.447090
vt 0.521810 0.364254
vt 0.521810 0.322836
vt 0.521810 0.281418
vt 0.521810 0.240000
vt 0.521810 0.198582
vt 0.521810 0.157164
vt 0.521810 0.115746
vt 0.521810 0.074328
vt 0.543578 0.926048
vt 0.543578 0.967560
vt 0.543578 0.884536
vt 0.543578 0.843024
vt 0.543578 0.801512
vt 0.543578 0.760000
vt 0.543578 0.718488
vt 0.543578 0.676976
vt 0.543578 0.635464
vt 0.521810 0.552910
vt 0.543578 0.593952
vt 0.543578 0.500000
vt 0.543578 0.406048
vt 0.543578 0.447560
vt 0.543578 0.364536
vt 0.543578 0.323024
vt 0.543578 0.281512
vt 0.543578 0.240000
vt 0.543578 0.198488
vt 0.543578 0.156976
vt 0.543578 0.115464
vt 0.521810 0.032910
vt 0.543578 0.073952
vt 0.565263 0.926671
vt 0.565263 0.968339
vt 0.565263 0.885003
vt 0.565263 0.843335
vt 0.565263 0.801668
vt 0.565263 0.760000
vt 0.565263 0.718332
vt 0.565263 0.676665
vt 0.565263 0.634997
vt 0.543578 0.552440
vt 0.565263 0.593329
vt 0.565263 0.500000
vt 0.565263 0.406671
vt 0.565263 0.448339
vt 0.565263 0.365003
vt 0.565263 0.323335
vt 0.565263 0.281668
vt 0.565263 0.240000
vt 0.565263 0.198332
vt 0.565263 0.156665
vt 0.565263 0.114997
vt 0.543578 0.032440
vt 0.565263 0.073329
vt 0.586824 0.927536
vt 0.586824 0.969420
vt 0.586824 0.885652
vt 0.586824 0.843768
vt 0.586824 0.801884
vt 0.586824 0.760000
vt 0.586824 0.718116
vt 0.586824 0.676232
vt 0.586824 0.634348
vt 0.565263 0.551661
vt 0.586824 0.592464
vt 0.586824 0.500000
vt 0.586824 0.407536
vt 0.586824 0.449421
vt 0.586824 0.365652
vt 0.586824 0.323768
vt 0.586824 0.281884
vt 0.586824 0.240000
vt 0.586824 0.198116
vt 0.586824 0.156232
vt 0.586824 0.114348
vt 0.565263 0.031661
vt 0.586824 0.072464
vt 0.608220 0.928638
vt 0.608220 0.970797
vt 0.608220 0.886478
vt 0.608220 0.844319
vt 0.608220 0.802159
vt 0.608220 0.760000
vt 0.608220 0.717841
vt 0.608220 0.675681
vt 0.608220 0.633522
vt 0.586824 0.550579
vt 0.608220 0.591362
vt 0.608220 0.500000
vt 0.608220 0.408638
vt 0.608220 0.450797
vt 0.608220 0.366478
vt 0.608220 0.324319
vt 0.608220 0.282159
vt 0.608220 0.240000
vt 0.608220 0.197841
vt 0.608220 0.155681
vt 0.608220 0.113522
vt 0.586824 0.030579
vt 0.608220 0.071362
vt 0.629409 0.929967
vt 0.629409 0.972459
vt 0.629409 0.887475
vt 0.629409 0.844983
vt 0.629409 0.802492
vt 0.629409 0.760000
vt 0.629409 0.717508
vt 0.629409 0.675017
vt 0.629409 0.632525
vt 0.608220 0.549203
vt 0.629409 0.590033
vt 0.629409 0.500000
vt 0.629409 0.409967
vt 0.629409 0.452459
vt 0.629409 0.367475
vt 0.629409 0.324983
vt 0.629409 0.282492
vt 0.629409 0.240000
vt 0.629409 0.197508
vt 0.629409 0.155017
vt 0.629409 0.112525
vt 0.608220 0.029203
vt 0.629409 0.070033
vt 0.650353 0.931513
vt 0.650353 0.974392
vt 0.650353 0.888635
vt 0.650353 0.845757
vt 0.650353 0.802878
vt 0.650353 0.760000
vt 0.650353 0.717122
vt 0.650353 0.674243
vt 0.650353 0.631365
vt 0.629409 0.547541
vt 0.650353 0.588487
vt 0.650353 0.500000
vt 0.650353 0.411513
vt 0.650353 0.454392
vt 0.650353 0.368635
vt 0.650353 0.325757
vt 0.650353 0.282878
vt 0.650353 0.240000
vt 0.650353 0.197122
vt 0.650353 0.154243
vt 0.650353 0.111365
vt 0.629409 0.027541
vt 0.650353 0.068487
vt 0.671010 0.933266
vt 0.671010 0.976582
vt 0.671010 0.889949
vt 0.671010 0.846633
vt 0.671010 0.803316
vt 0.671010 0.760000
vt 0.671010 0.716684
vt 0.671010 0.673367
vt 0.671010 0.630051
vt 0.650353 0.545608
vt 0.671010 0.586734
vt 0.671010 0.500000
vt 0.671010 0.413266
vt 0.671010 0.456582
vt 0.671010 0.369949
vt 0.671010 0.326633
vt 0.671010 0.283316
vt 0.671010 0.240000
vt 0.671010 0.196684
vt 0.671010 0.153367
vt 0.671010 0.110051
vt 0.650353 0.025608
vt 0.671010 0.066734
vt 0.691342 0.935210
vt 0.691342 0.979013
vt 0.691342 0.891408
vt 0.691342 0.847605
vt 0.691342 0.803803
vt 0.691342 0.760000
vt 0.691342 0.716197
vt 0.691342 0.672395
vt 0.691342 0.628592
vt 0.671010 0.543418
vt 0.691342 0.584790
vt 0.691342 0.500000
vt 0.691342 0.415210
vt 0.691342 0.459013
vt 0.691342 0.371408
vt 0.691342 0.327605
vt 0.691342 0.283803
vt 0.691342 0.240000
vt 0.691342 0.196197
vt 0.691342 0.152395
vt 0.691342 0.108592
vt 0.671010 0.023418
vt 0.691342 0.064790
vt 0.711309 0.937332
vt 0.711309 0.981665
vt 0.711309 0.892999
vt 0.711309 0.848666
vt 0.711309 0.804333
vt 0.711309 0.760000
vt 0.711309 0.715667
vt 0.711309 0.671334
vt 0.711309 0.627001
vt 0.691342 0.540987
vt 0.711309 0.582668
vt 0.711309 0.500000
vt 0.711309 0.417332
vt 0.711309 0.461665
vt 0.711309 0.372999
vt 0.711309 0.328666
vt 0.711309 0.284333
vt 0.711309 0.240000
vt 0.711309 0.195667
vt 0.711309 0.151334
vt 0.711309 0.107001
vt 0.691342 0.020987
vt 0.711309 0.062668
vt 0.730874 0.939616
vt 0.730874 0.984520
vt 0.730874 0.894712
vt 0.730874 0.849808
vt 0.730874 0.804904
vt 0.730874 0.760000
vt 0.730874 0.715096
vt 0.730874 0.670192
vt 0.730874 0.625288
vt 0.711309 0.538335
vt 0.730874 0.580384
vt 0.730874 0.500000
vt 0.730874 0.419616
vt 0.730874 0.464520
vt 0.730874 0.374712
vt 0.730874 0.329808
vt 0.730874 0.284904
vt 0.730874 0.240000
vt 0.730874 0.195096
vt 0.730874 0.150192
vt 0.730874 0.105288
vt 0.711309 0.018335
vt 0.730874 0.060384
vt 0.750000 0.942043
vt 0.750000 0.987554
vt 0.750000 0.896532
vt 0.750000 0.851022
vt 0.750000 0.805511
vt 0.750000 0.760000
vt 0.750000 0.714489
vt 0.750000 0.668978
vt 0.750000 0.623468
vt 0.730874 0.535480
vt 0.750000 0.577957
vt 0.750000 0.500000
vt 0.750000 0.422043
vt 0.750000 0.467554
vt 0.750000 0.376532
vt 0.750000 0.331022
vt 0.750000 0.285511
vt 0.750000 0.240000
vt 0.750000 0.194489
vt 0.750000 0.148978
vt 0.750000 0.103468
vt 0.730874 0.015480
vt 0.750000 0.057957
vt 0.768650 0.944596
vt 0.768650 0.990745
vt 0.768650 0.898447
vt 0.768650 0.852298
vt 0.768650 0.806149
vt 0.768650 0.760000
vt 0.768650 0.713851
vt 0.768650 0.667702
vt 0.768650 0.621553
vt 0.750000 0.532446
vt 0.768650 0.575404
vt 0.768650 0.500000
vt 0.768650 0.424596
vt 0.768650 0.470745
vt 0.768650 0.378447
vt 0.768650 0.332298
vt 0.768650 0.286149
vt 0.768650 0.240000
vt 0.768650 0.193851
vt 0.768650 0.147702
vt 0.768650 0.101553
vt 0.750000 0.012446
vt 0.768650 0.055404
vt 0.786788 0.946232
vt 0.786788 0.992789
vt 0.786788 0.899674
vt 0.786788 0.853116
vt 0.786788 0.806558
vt 0.786788 0.760000
vt 0.786788 0.713442
vt 0.786788 0.666884
vt 0.786788 0.620326
vt 0.768650 0.529255
vt 0.786788 0.573768
vt 0.786788 0.500000
vt 0.786788 0.426232
vt 0.786788 0.472789
vt 0.786788 0.379674
vt 0.786788 0.333116
vt 0.786788 0.286558
vt 0.786788 0.240000
vt 0.786788 0.193442
vt 0.786788 0.146884
vt 0.786788 0.100326
vt 0.768650 0.009255
vt 0.786788 0.053768
vt 0.804381 0.992506
vt 0.804381 0.946005
vt 0.804381 0.899504
vt 0.804381 0.853002
vt 0.804381 0.806501
vt 0.804381 0.713499
vt 0.804381 0.760000
vt 0.804381 0.666998
vt 0.804381 0.620496
vt 0.804381 0.573995
vt 0.804381 0.527494
vt 0.804381 0.500000
vt 0.804381 0.472506
vt 0.804381 0.426005
vt 0.804381 0.379504
vt 0.804381 0.333002
vt 0.804381 0.286501
vt 0.804381 0.193499
vt 0.804381 0.240000
vt 0.804381 0.146998
vt 0.804381 0.100496
vt 0.804381 0.053995
vt 0.804381 0.007494
vt 0.821394 0.991632
vt 0.821394 0.945306
vt 0.821394 0.898979
vt 0.821394 0.852653
vt 0.821394 0.806326
vt 0.821394 0.713674
vt 0.821394 0.760000
vt 0.821394 0.667347
vt 0.821394 0.621021
vt 0.821394 0.574695
vt 0.821394 0.528368
vt 0.821394 0.500000
vt 0.821394 0.471632
vt 0.821394 0.425306
vt 0.821394 0.378979
vt 0.821394 0.332653
vt 0.821394 0.286326
vt 0.821394 0.193674
vt 0.821394 0.240000
vt 0.821394 0.147347
vt 0.821394 0.101021
vt 0.821394 0.054694
vt 0.821394 0.008368
vt 0.837795 0.990002
vt 0.837795 0.944002
vt 0.837795 0.898001
vt 0.837795 0.852001
vt 0.837795 0.806000
vt 0.837795 0.714000
vt 0.837795 0.760000
vt 0.837795 0.667999
vt 0.837795 0.621999
vt 0.837795 0.575998
vt 0.837795 0.529998
vt 0.837795 0.500000
vt 0.837795 0.470002
vt 0.837795 0.424002
vt 0.837795 0.378001
vt 0.837795 0.332001
vt 0.837795 0.286000
vt 0.837795 0.194000
vt 0.837795 0.240000
vt 0.837795 0.147999
vt 0.837795 0.101999
vt 0.837795 0.055998
vt 0.837795 0.009998
vt 0.853553 0.987518
vt 0.853553 0.942014
vt 0.853553 0.896511
vt 0.853553 0.851007
vt 0.853553 0.805504
vt 0.853553 0.714496
vt 0.853553 0.760000
vt 0.853553 0.668993
vt 0.853553 0.623489
vt 0.853553 0.577986
vt 0.853553 0.532482
vt 0.853553 0.500000
vt 0.853553 0.467518
vt 0.853553 0.422014
vt 0.853553 0.376511
vt 0.853553 0.331007
vt 0.853553 0.285504
vt 0.853553 0.194496
vt 0.853553 0.240000
vt 0.853553 0.148993
vt 0.853553 0.103489
vt 0.853553 0.057986
vt 0.853553 0.012482
vt 0.868639 0.984119
vt 0.868639 0.939295
vt 0.868639 0.894471
vt 0.868639 0.849647
vt 0.868639 0.804824
vt 0.868639 0.715176
vt 0.868639 0.760000
vt 0.868639 0.670353
vt 0.868639 0.625529
vt 0.868639 0.580705
vt 0.868639 0.535881
vt 0.868639 0.500000
vt 0.868639 0.464119
vt 0.868639 0.419295
vt 0.868639 0.374471
vt 0.868639 0.329647
vt 0.868639 0.284824
vt 0.868639 0.195176
vt 0.868639 0.240000
vt 0.868639 0.150353
vt 0.868639 0.105529
vt 0.868639 0.060705
vt 0.868639 0.015881
vt 0.883022 0.979768
vt 0.883022 0.935815
vt 0.883022 0.891861
vt 0.883022 0.847907
vt 0.883022 0.803954
vt 0.883022 0.716046
vt 0.883022 0.760000
vt 0.883022 0.672093
vt 0.883022 0.628139
vt 0.883022 0.584185
vt 0.883022 0.540232
vt 0.883022 0.500000
vt 0.883022 0.459768
vt 0.883022 0.415815
vt 0.883022 0.371861
vt 0.883022 0.327907
vt 0.883022 0.283954
vt 0.883022 0.196046
vt 0.883022 0.240000
vt 0.883022 0.152093
vt 0.883022 0.108139
vt 0.883022 0.064185
vt 0.883022 0.020232
vt 0.896677 0.974447
vt 0.896677 0.931558
vt 0.896677 0.888668
vt 0.896677 0.845779
vt 0.896677 0.802889
vt 0.896677 0.717111
vt 0.896677 0.760000
vt 0.896677 0.674221
vt 0.896677 0.631332
vt 0.896677 0.588442
vt 0.896677 0.545553
vt 0.896677 0.500000
vt 0.896677 0.454447
vt 0.896677 0.411558
vt 0.896677 0.368668
vt 0.896677 0.325779
vt 0.896677 0.282889
vt 0.896677 0.197111
vt 0.896677 0.240000
vt 0.896677 0.154221
vt 0.896677 0.111332
vt 0.896677 0.068442
vt 0.896677 0.025553
vt 0.909576 0.968148
vt 0.909576 0.926518
vt 0.909576 0.884889
vt 0.909576 0.843259
vt 0.909576 0.801630
vt 0.909576 0.718370
vt 0.909576 0.760000
vt 0.909576 0.676741
vt 0.909576 0.635111
vt 0.909576 0.593482
vt 0.909576 0.551852
vt 0.909576 0.500000
vt 0.909576 0.448148
vt 0.909576 0.406518
vt 0.909576 0.364889
vt 0.909576 0.323259
vt 0.909576 0.281630
vt 0.909576 0.198370
vt 0.909576 0.240000
vt 0.909576 0.156741
vt 0.909576 0.115111
vt 0.909576 0.073482
vt 0.909576 0.031852
vt 0.921696 0.960868
vt 0.921696 0.920694
vt 0.921696 0.880521
vt 0.921696 0.840347
vt 0.921696 0.800174
vt 0.921696 0.719826
vt 0.921696 0.760000
vt 0.921696 0.679653
vt 0.921696 0.639479
vt 0.921696 0.599306
vt 0.921696 0.559132
vt 0.921696 0.500000
vt 0.921696 0.440868
vt 0.921696 0.400694
vt 0.921696 0.360521
vt 0.921696 0.320347
vt 0.921696 0.280174
vt 0.921696 0.199826
vt 0.921696 0.240000
vt 0.921696 0.159653
vt 0.921696 0.119479
vt 0.921696 0.079306
vt 0.921696 0.039132
vt 0.933013 0.952611
vt 0.933013 0.914089
vt 0.933013 0.875566
vt 0.933013 0.837044
vt 0.933013 0.798522
vt 0.933013 0.721478
vt 0.933013 0.760000
vt 0.933013 0.682956
vt 0.933013 0.644433
vt 0.933013 0.605911
vt 0.933013 0.567389
vt 0.933013 0.500000
vt 0.933013 0.432611
vt 0.933013 0.394089
vt 0.933013 0.355566
vt 0.933013 0.317044
vt 0.933013 0.278522
vt 0.933013 0.201478
vt 0.933013 0.240000
vt 0.933013 0.162956
vt 0.933013 0.124434
vt 0.933013 0.085911
vt 0.933013 0.047389
vt 0.943505 0.943382
vt 0.943505 0.906706
vt 0.943505 0.870029
vt 0.943505 0.833353
vt 0.943505 0.796676
vt 0.943505 0.723324
vt 0.943505 0.760000
vt 0.943505 0.686647
vt 0.943505 0.649971
vt 0.943505 0.613294
vt 0.943505 0.576618
vt 0.943505 0.500000
vt 0.943505 0.423382
vt 0.943505 0.386706
vt 0.943505 0.350029
vt 0.943505 0.313353
vt 0.943505 0.276676
vt 0.943505 0.203324
vt 0.943505 0.240000
vt 0.943505 0.166647
vt 0.943505 0.129971
vt 0.943505 0.093294
vt 0.943505 0.056618
vt 0.953154 0.933187
vt 0.953154 0.898550
vt 0.953154 0.863912
vt 0.953154 0.829275
vt 0.953154 0.794637
vt 0.953154 0.725363
vt 0.953154 0.760000
vt 0.953154 0.690725
vt 0.953154 0.656088
vt 0.953154 0.621450
vt 0.953154 0.586813
vt 0.953154 0.500000
vt 0.953154 0.413187
vt 0.953154 0.378550
vt 0.953154 0.343912
vt 0.953154 0.309275
vt 0.953154 0.274637
vt 0.953154 0.205363
vt 0.953154 0.240000
vt 0.953154 0.170725
vt 0.953154 0.136088
vt 0.953154 0.101450
vt 0.953154 0.066813
vt 0.961940 0.922028
vt 0.961940 0.889622
vt 0.961940 0.857217
vt 0.961940 0.824811
vt 0.961940 0.792406
vt 0.961940 0.727594
vt 0.961940 0.760000
vt 0.961940 0.695189
vt 0.961940 0.662783
vt 0.961940 0.630378
vt 0.961940 0.597972
vt 0.961940 0.500000
vt 0.961940 0.402028
vt 0.961940 0.369622
vt 0.961940 0.337217
vt 0.961940 0.304811
vt 0.961940 0.272406
vt 0.961940 0.207594
vt 0.961940 0.240000
vt 0.961940 0.175189
vt 0.961940 0.142783
vt 0.961940 0.110378
vt 0.961940 0.077972
vt 0.969846 0.909901
vt 0.969846 0.879921
vt 0.969846 0.849941
vt 0.969846 0.819960
vt 0.969846 0.789980
vt 0.969846 0.730020
vt 0.969846 0.760000
vt 0.969846 0.700040
vt 0.969846 0.670059
vt 0.969846 0.640079
vt 0.969846 0.610099
vt 0.969846 0.500000
vt 0.969846 0.389901
vt 0.969846 0.359921
vt 0.969846 0.329941
vt 0.969846 0.299960
vt 0.969846 0.269980
vt 0.969846 0.210020
vt 0.969846 0.240000
vt 0.969846 0.180040
vt 0.969846 0.150059
vt 0.969846 0.120079
vt 0.969846 0.090099
vt 0.976858 0.896793
vt 0.976858 0.869435
vt 0.976858 0.842076
vt 0.976858 0.814717
vt 0.976858 0.787359
vt 0.976858 0.732641
vt 0.976858 0.760000
vt 0.976858 0.705283
vt 0.976858 0.677924
vt 0.976858 0.650565
vt 0.976858 0.623206
vt 0.976858 0.500000
vt 0.976858 0.376793
vt 0.976858 0.349435
vt 0.976858 0.322076
vt 0.976858 0.294717
vt 0.976858 0.267359
vt 0.976858 0.212641
vt 0.976858 0.240000
vt 0.976858 0.185283
vt 0.976858 0.157924
vt 0.976858 0.130565
vt 0.976858 0.103207
vt 0.982963 0.882676
vt 0.982963 0.858141
vt 0.982963 0.833606
vt 0.982963 0.809070
vt 0.982963 0.784535
vt 0.982963 0.735465
vt 0.982963 0.760000
vt 0.982963 0.710930
vt 0.982963 0.686394
vt 0.982963 0.661859
vt 0.982963 0.637324
vt 0.982963 0.500000
vt 0.982963 0.362676
vt 0.982963 0.338141
vt 0.982963 0.313606
vt 0.982963 0.289070
vt 0.982963 0.264535
vt 0.982963 0.215465
vt 0.982963 0.240000
vt 0.982963 0.190930
vt 0.982963 0.166394
vt 0.982963 0.141859
vt 0.982963 0.117324
vt 0.988148 0.867492
vt 0.988148 0.845994
vt 0.988148 0.824495
vt 0.988148 0.802997
vt 0.988148 0.781498
vt 0.988148 0.738502
vt 0.988148 0.760000
vt 0.988148 0.717003
vt 0.988148 0.695505
vt 0.988148 0.674006
vt 0.988148 0.652508
vt 0.988148 0.500000
vt 0.988148 0.347492
vt 0.988148 0.325994
vt 0.988148 0.304495
vt 0.988148 0.282997
vt 0.988148 0.261498
vt 0.988148 0.218502
vt 0.988148 0.240000
vt 0.988148 0.197003
vt 0.988148 0.175505
vt 0.988148 0.154006
vt 0.988148 0.132508
vt 0.992404 0.851138
vt 0.992404 0.832910
vt 0.992404 0.814683
vt 0.992404 0.796455
vt 0.992404 0.778228
vt 0.992404 0.741772
vt 0.992404 0.760000
vt 0.992404 0.723545
vt 0.992404 0.705317
vt 0.992404 0.687090
vt 0.992404 0.668862
vt 0.992404 0.500000
vt 0.992404 0.331138
vt 0.992404 0.312910
vt 0.992404 0.294683
vt 0.992404 0.276455
vt 0.992404 0.258228
vt 0.992404 0.221772
vt 0.992404 0.240000
vt 0.992404 0.203545
vt 0.992404 0.185317
vt 0.992404 0.167090
vt 0.992404 0.148862
vt 0.995722 0.833420
vt 0.995722 0.818736
vt 0.995722 0.804052
vt 0.995722 0.789368
vt 0.995722 0.774684
vt 0.995722 0.745316
vt 0.995722 0.760000
vt 0.995722 0.730632
vt 0.995722 0.715948
vt 0.995722 0.701264
vt 0.995722 0.686580
vt 0.995722 0.500000
vt 0.995722 0.313420
vt 0.995722 0.298736
vt 0.995722 0.284052
vt 0.995722 0.269368
vt 0.995722 0.254684
vt 0.995722 0.225316
vt 0.995722 0.240000
vt 0.995722 0.210632
vt 0.995722 0.195948
vt 0.995722 0.181264
vt 0.995722 0.166580
vt 0.998097 0.813944
vt 0.998097 0.803155
vt 0.998097 0.792367
vt 0.998097 0.781578
vt 0.998097 0.770789
vt 0.998097 0.749211
vt 0.998097 0.760000
vt 0.998097 0.738422
vt 0.998097 0.727633
vt 0.998097 0.716845
vt 0.998097 0.706056
vt 0.998097 0.500000
vt 0.998097 0.293944
vt 0.998097 0.283155
vt 0.998097 0.272366
vt 0.998097 0.261578
vt 0.998097 0.250789
vt 0.998097 0.229211
vt 0.998097 0.240000
vt 0.998097 0.218422
vt 0.998097 0.207634
vt 0.998097 0.196845
vt 0.998097 0.186056
vt 0.999524 0.791720
vt 0.999524 0.785376
vt 0.999524 0.779032
vt 0.999524 0.772688
vt 0.999524 0.766344
vt 0.999524 0.753656
vt 0.999524 0.760000
vt 0.999524 0.747312
vt 0.999524 0.740968
vt 0.999524 0.734624
vt 0.999524 0.728280
vt 0.999524 0.500000
vt 0.999524 0.271720
vt 0.999524 0.265376
vt 0.999524 0.259032
vt 0.999524 0.252688
vt 0.999524 0.246344
vt 0.999524 0.233656
vt 0.999524 0.240000
vt 0.999524 0.227312
vt 0.999524 0.220968
vt 0.999524 0.214624
vt 0.999524 0.208280
vt 1.000000 0.772933
vt 1.000000 0.770347
vt 1.000000 0.767760
vt 1.000000 0.765173
vt 1.000000 0.762587
vt 1.000000 0.757413
vt 1.000000 0.760000
vt 1.000000 0.754827
vt 1.000000 0.752240
vt 1.000000 0.749653
vt 1.000000 0.747067
vt 1.000000 0.500000
vt 1.000000 0.252933
vt 1.000000 0.250347
vt 1.000000 0.247760
vt 1.000000 0.245173
vt 1.000000 0.242587
vt 1.000000 0.237413
vt 1.000000 0.240000
vt 1.000000 0.234827
vt 1.000000 0.232240
vt 1.000000 0.229653
vt 1.000000 0.227067
vt 0.213212 0.527211
vt 0.213212 0.007211
vt 0.786788 0.527211
vt 0.786788 0.007211
s 0
usemtl tex_board_rookie_deck.png
f 1/1/1 26/2/1 25/3/1
f 2/4/1 27/5/1 26/2/1
f 3/6/1 28/7/1 27/5/1
f 4/8/1 29/9/1 28/7/1
f 5/10/1 30/11/1 29/9/1
f 7/12/2 30/11/2 6/13/2
f 8/14/2 31/15/2 7/12/2
f 9/16/3 32/17/3 8/14/3
f 10/18/1 33/19/1 9/16/1
f 11/20/1 34/21/1 10/18/1
f 12/22/4 35/23/4 11/22/4
f 12/22/5 37/23/5 36/23/5
f 13/24/6 38/25/6 37/26/6
f 14/27/7 39/28/7 38/25/7
f 15/29/6 40/30/6 39/28/6
f 16/31/6 41/32/6 40/30/6
f 17/33/7 42/34/7 41/32/7
f 19/35/8 42/34/8 18/36/8
f 20/37/8 43/38/8 19/35/8
f 21/39/9 44/40/9 20/37/9
f 22/41/6 45/42/6 21/39/6
f 23/43/6 46/44/6 22/41/6
f 24/22/10 47/23/10 23/22/10
f 24/22/11 25/23/11 48/23/11
f 25/3/12 50/45/12 49/46/12
f 26/2/12 51/47/12 50/45/12
f 27/5/12 52/48/12 51/47/12
f 28/7/12 53/49/12 52/48/12
f 29/9/12 54/50/12 53/49/12
f 31/15/13 54/50/13 30/11/13
f 32/17/13 55/51/13 31/15/13
f 33/19/13 56/52/13 32/17/13
f 34/21/13 57/53/13 33/19/13
f 35/54/13 58/55/13 34/21/13
f 36/23/14 59/56/14 35/23/14
f 36/23/15 61/56/15 60/56/15
f 37/26/16 62/57/16 61/58/16
f 38/25/17 63/59/17 62/57/17
f 39/28/17 64/60/17 63/59/17
f 40/30/17 65/61/17 64/60/17
f 41/32/17 66/62/17 65/61/17
f 43/38/18 66/62/18 42/34/18
f 44/40/18 67/63/18 43/38/18
f 45/42/18 68/64/18 44/40/18
f 46/44/18 69/65/18 45/42/18
f 47/66/18 70/67/18 46/44/18
f 48/23/19 71/56/19 47/23/19
f 48/23/20 49/56/20 72/56/20
f 49/46/21 74/68/21 73/69/21
f 50/45/21 75/70/21 74/68/21
f 51/47/21 76/71/21 75/70/21
f 52/48/21 77/72/21 76/71/21
f 53/49/21 78/73/21 77/72/21
f 55/51/22 78/73/22 54/50/22
f 56/52/22 79/74/22 55/51/22
f 57/53/22 80/75/22 56/52/22
f 58/55/22 81/76/22 57/53/22
f 59/77/22 82/78/22 58/55/22
f 60/56/23 83/79/23 59/56/23
f 61/56/24 84/79/24 60/56/24
f 61/58/25 86/80/25 85/81/25
f 62/57/25 87/82/25 86/80/25
f 63/59/25 88/83/25 87/82/25
f 64/60/25 89/84/25 88/83/25
f 65/61/25 90/85/25 89/84/25
f 67/63/26 90/85/26 66/62/26
f 68/64/26 91/86/26 67/63/26
f 69/65/26 92/87/26 68/64/26
f 70/67/26 93/88/26 69/65/26
f 71/89/26 94/90/26 70/67/26
f 71/56/27 96/79/27 95/79/27
f 72/56/28 73/79/28 96/79/28
f 73/69/29 98/91/29 97/92/29
f 74/68/29 99/93/29 98/91/29
f 75/70/29 100/94/29 99/93/29
f 76/71/29 101/95/29 100/94/29
f 77/72/29 102/96/29 101/95/29
f 79/74/29 102/96/29 78/73/29
f 80/75/29 103/97/29 79/74/29
f 81/76/29 104/98/29 80/75/29
f 82/78/29 105/99/29 81/76/29
f 83/100/29 106/101/29 82/78/29
f 84/79/30 107/102/30 83/79/30
f 85/79/31 108/102/31 84/79/31
f 85/81/32 110/103/32 109/104/32
f 86/80/32 111/105/32 110/103/32
f 87/82/32 112/106/32 111/105/32
f 88/83/32 113/107/32 112/106/32
f 89/84/32 114/108/32 113/107/32
f 91/86/32 114/108/32 90/85/32
f 92/87/32 115/109/32 91/86/32
f 93/88/32 116/110/32 92/87/32
f 94/90/32 117/111/32 93/88/32
f 95/112/32 118/113/32 94/90/32
f 95/79/33 120/102/33 119/102/33
f 96/79/34 97/102/34 120/102/34
f 97/92/35 122/114/35 121/115/35
f 98/91/35 123/116/35 122/114/35
f 99/93/35 124/117/35 123/116/35
f 100/94/35 125/118/35 124/117/35
f 101/95/35 126/119/35 125/118/35
f 103/97/35 126/119/35 102/96/35
f 104/98/35 127/120/35 103/97/35
f 105/99/35 128/121/35 104/98/35
f 106/101/35 129/122/35 105/99/35
f 107/123/35 130/124/35 106/101/35
f 108/102/36 131/125/36 107/102/36
f 109/102/37 132/125/37 108/102/37
f 109/104/38 134/126/38 133/127/38
f 110/103/38 135/128/38 134/126/38
f 111/105/38 136/129/38 135/128/38
f 112/106/38 137/130/38 136/129/38
f 113/107/38 138/131/38 137/130/38
f 115/109/38 138/131/38 114/108/38
f 116/110/38 139/132/38 115/109/38
f 117/111/38 140/133/38 116/110/38
f 118/113/38 141/134/38 117/111/38
f 119/135/38 142/136/38 118/113/38
f 119/102/39 144/125/39 143/125/39
f 120/102/40 121/125/40 144/125/40
f 121/115/41 146/137/41 145/138/41
f 122/114/41 147/139/41 146/137/41
f 123/116/42 148/140/42 147/139/42
f 124/117/42 149/141/42 148/140/42
f 125/118/42 150/142/42 149/141/42
f 127/120/41 150/142/41 126/119/41
f 128/121/41 151/143/41 127/120/41
f 129/122/41 152/144/41 128/121/41
f 130/124/41 153/145/41 129/122/41
f 131/146/41 154/147/41 130/124/41
f 132/125/43 155/148/43 131/125/43
f 133/125/44 156/148/44 132/125/44
f 133/127/45 158/149/45 157/150/45
f 134/126/45 159/151/45 158/149/45
f 135/128/46 160/152/46 159/151/46
f 136/129/46 161/153/46 160/152/46
f 137/130/46 162/154/46 161/153/46
f 139/132/45 162/154/45 138/131/45
f 140/133/45 163/155/45 139/132/45
f 141/134/45 164/156/45 140/133/45
f 142/136/45 165/157/45 141/134/45
f 143/158/45 166/159/45 142/136/45
f 143/125/47 168/148/47 167/148/47
f 144/125/48 145/148/48 168/148/48
f 145/138/49 170/160/49 169/161/49
f 146/137/49 171/162/49 170/160/49
f 147/139/49 172/163/49 171/162/49
f 148/140/49 173/164/49 172/163/49
f 149/141/49 174/165/49 173/164/49
f 151/143/49 174/165/49 150/142/49
f 152/144/49 175/166/49 151/143/49
f 153/145/49 176/167/49 152/144/49
f 154/147/49 177/168/49 153/145/49
f 155/169/49 178/170/49 154/147/49
f 156/148/50 179/171/50 155/148/50
f 157/148/51 180/171/51 156/148/51
f 157/150/52 182/172/52 181/173/52
f 158/149/52 183/174/52 182/172/52
f 159/151/52 184/175/52 183/174/52
f 160/152/52 185/176/52 184/175/52
f 161/153/52 186/177/52 185/176/52
f 163/155/52 186/177/52 162/154/52
f 164/156/52 187/178/52 163/155/52
f 165/157/52 188/179/52 164/156/52
f 166/159/52 189/180/52 165/157/52
f 167/181/52 190/182/52 166/159/52
f 167/148/53 192/171/53 191/171/53
f 168/148/54 169/171/54 192/171/54
f 169/161/55 194/183/55 193/184/55
f 170/160/55 195/185/55 194/183/55
f 171/162/55 196/186/55 195/185/55
f 172/163/55 197/187/55 196/186/55
f 173/164/55 198/188/55 197/187/55
f 175/166/55 198/188/55 174/165/55
f 176/167/55 199/189/55 175/166/55
f 177/168/55 200/190/55 176/167/55
f 178/170/55 201/191/55 177/168/55
f 179/192/55 202/193/55 178/170/55
f 180/171/56 203/194/56 179/171/56
f 181/171/57 204/194/57 180/171/57
f 181/173/58 206/195/58 205/196/58
f 182/172/58 207/197/58 206/195/58
f 183/174/58 208/198/58 207/197/58
f 184/175/58 209/199/58 208/198/58
f 185/176/58 210/200/58 209/199/58
f 187/178/58 210/200/58 186/177/58
f 188/179/58 211/201/58 187/178/58
f 189/180/58 212/202/58 188/179/58
f 190/182/58 213/203/58 189/180/58
f 191/204/58 214/205/58 190/182/58
f 191/171/59 216/194/59 215/194/59
f 192/171/60 193/194/60 216/194/60
f 193/184/61 218/206/61 217/207/61
f 194/183/61 219/208/61 218/206/61
f 195/185/61 220/209/61 219/208/61
f 196/186/61 221/210/61 220/209/61
f 197/187/61 222/211/61 221/210/61
f 199/189/61 222/211/61 198/188/61
f 200/190/61 223/212/61 199/189/61
f 201/191/61 224/213/61 200/190/61
f 202/193/61 225/214/61 201/191/61
f 203/215/61 226/216/61 202/193/61
f 204/194/62 227/217/62 203/194/62
f 205/194/63 228/217/63 204/194/63
f 205/196/64 230/218/64 229/219/64
f 206/195/64 231/220/64 230/218/64
f 207/197/64 232/221/64 231/220/64
f 208/198/64 233/222/64 232/221/64
f 209/199/64 234/223/64 233/222/64
f 211/201/64 234/223/64 210/200/64
f 212/202/64 235/224/64 211/201/64
f 213/203/64 236/225/64 212/202/64
f 214/205/64 237/226/64 213/203/64
f 215/227/64 238/228/64 214/205/64
f 215/194/65 240/217/65 239/217/65
f 216/194/66 217/217/66 240/217/66
f 217/207/67 242/229/67 241/230/67
f 218/206/67 243/231/67 242/229/67
f 219/208/67 244/232/67 243/231/67
f 220/209/67 245/233/67 244/232/67
f 221/210/67 246/234/67 245/233/67
f 223/212/67 246/234/67 222/211/67
f 224/213/67 247/235/67 223/212/67
f 225/214/67 248/236/67 224/213/67
f 226/216/67 249/237/67 225/214/67
f 227/238/67 250/239/67 226/216/67
f 228/217/68 251/240/68 227/217/68
f 229/217/69 252/240/69 228/217/69
f 229/219/70 254/241/70 253/242/70
f 230/218/70 255/243/70 254/241/70
f 231/220/70 256/244/70 255/243/70
f 232/221/70 257/245/70 256/244/70
f 233/222/70 258/246/70 257/245/70
f 235/224/70 258/246/70 234/223/70
f 236/225/70 259/247/70 235/224/70
f 237/226/70 260/248/70 236/225/70
f 238/228/70 261/249/70 237/226/70
f 239/250/70 262/251/70 238/228/70
f 239/217/71 264/240/71 263/240/71
f 240/217/72 241/240/72 264/240/72
f 241/230/73 266/252/73 265/253/73
f 242/229/73 267/254/73 266/252/73
f 243/231/73 268/255/73 267/254/73
f 244/232/73 269/256/73 268/255/73
f 245/233/73 270/257/73 269/256/73
f 247/235/73 270/257/73 246/234/73
f 248/236/73 271/258/73 247/235/73
f 249/237/73 272/259/73 248/236/73
f 250/239/73 273/260/73 249/237/73
f 251/261/73 274/262/73 250/239/73
f 252/240/74 275/263/74 251/240/74
f 253/240/75 276/263/75 252/240/75
f 253/242/76 278/264/76 277/265/76
f 254/241/76 279/266/76 278/264/76
f 255/243/76 280/267/76 279/266/76
f 256/244/76 281/268/76 280/267/76
f 257/245/76 282/269/76 281/268/76
f 259/247/76 282/269/76 258/246/76
f 260/248/76 283/270/76 259/247/76
f 261/249/76 284/271/76 260/248/76
f 262/251/76 285/272/76 261/249/76
f 263/273/76 286/274/76 262/251/76
f 263/240/77 288/263/77 287/263/77
f 264/240/78 265/263/78 288/263/78
f 265/253/79 290/275/79 289/276/79
f 266/252/79 291/277/79 290/275/79
f 267/254/79 292/278/79 291/277/79
f 268/255/79 293/279/79 292/278/79
f 269/256/79 294/280/79 293/279/79
f 271/258/79 294/280/79 270/257/79
f 272/259/79 295/281/79 271/258/79
f 273/260/79 296/282/79 272/259/79
f 274/262/79 297/283/79 273/260/79
f 275/284/79 298/285/79 274/262/79
f 276/263/80 299/286/80 275/263/80
f 277/263/81 300/286/81 276/263/81
f 277/265/82 302/287/82 301/288/82
f 278/264/82 303/289/82 302/287/82
f 279/266/82 304/290/82 303/289/82
f 280/267/82 305/291/82 304/290/82
f 281/268/82 306/292/82 305/291/82
f 283/270/82 306/292/82 282/269/82
f 284/271/82 307/293/82 283/270/82
f 285/272/82 308/294/82 284/271/82
f 286/274/82 309/295/82 285/272/82
f 287/296/82 310/297/82 286/274/82
f 287/263/83 312/286/83 311/286/83
f 288/263/84 289/286/84 312/286/84
f 289/276/85 314/298/85 313/299/85
f 290/275/85 315/300/85 314/298/85
f 291/277/85 316/301/85 315/300/85
f 292/278/85 317/302/85 316/301/85
f 293/279/85 318/303/85 317/302/85
f 295/281/85 318/303/85 294/280/85
f 296/282/85 319/304/85 295/281/85
f 297/283/85 320/305/85 296/282/85
f 298/285/85 321/306/85 297/283/85
f 299/307/85 322/308/85 298/285/85
f 300/286/86 323/309/86 299/286/86
f 301/286/87 324/309/87 300/286/87
f 301/288/88 326/310/88 325/311/88
f 302/287/88 327/312/88 326/310/88
f 303/289/88 328/313/88 327/312/88
f 304/290/88 329/314/88 328/313/88
f 305/291/88 330/315/88 329/314/88
f 307/293/88 330/315/88 306/292/88
f 308/294/88 331/316/88 307/293/88
f 309/295/88 332/317/88 308/294/88
f 310/297/88 333/318/88 309/295/88
f 311/319/88 334/320/88 310/297/88
f 311/286/89 336/309/89 335/309/89
f 312/286/90 313/309/90 336/309/90
f 313/299/91 338/321/91 337/322/91
f 314/298/91 339/323/91 338/321/91
f 315/300/91 340/324/91 339/323/91
f 316/301/91 341/325/91 340/324/91
f 317/302/91 342/326/91 341/325/91
f 319/304/91 342/326/91 318/303/91
f 320/305/91 343/327/91 319/304/91
f 321/306/91 344/328/91 320/305/91
f 322/308/91 345/329/91 321/306/91
f 323/330/91 346/331/91 322/308/91
f 324/309/92 347/332/92 323/309/92
f 325/309/93 348/332/93 324/309/93
f 325/311/94 350/333/94 349/334/94
f 326/310/94 351/335/94 350/333/94
f 327/312/94 352/336/94 351/335/94
f 328/313/94 353/337/94 352/336/94
f 329/314/94 354/338/94 353/337/94
f 331/316/94 354/338/94 330/315/94
f 332/317/94 355/339/94 331/316/94
f 333/318/94 356/340/94 332/317/94
f 334/320/94 357/341/94 333/318/94
f 335/342/94 358/343/94 334/320/94
f 335/309/95 360/332/95 359/332/95
f 336/309/96 337/332/96 360/332/96
f 337/322/97 362/344/97 361/345/97
f 338/321/97 363/346/97 362/344/97
f 339/323/97 364/347/97 363/346/97
f 340/324/97 365/348/97 364/347/97
f 341/325/97 366/349/97 365/348/97
f 343/327/97 366/349/97 342/326/97
f 344/328/97 367/350/97 343/327/97
f 345/329/97 368/351/97 344/328/97
f 346/331/97 369/352/97 345/329/97
f 347/353/97 370/354/97 346/331/97
f 348/332/98 371/355/98 347/332/98
f 349/332/99 372/355/99 348/332/99
f 349/334/100 374/356/100 373/357/100
f 350/333/100 375/358/100 374/356/100
f 351/335/100 376/359/100 375/358/100
f 352/336/100 377/360/100 376/359/100
f 353/337/100 378/361/100 377/360/100
f 355/339/100 378/361/100 354/338/100
f 356/340/100 379/362/100 355/339/100
f 357/341/100 380/363/100 356/340/100
f 358/343/100 381/364/100 357/341/100
f 359/365/100 382/366/100 358/343/100
f 359/332/101 384/355/101 383/355/101
f 360/332/102 361/355/102 384/355/102
f 361/345/103 386/367/103 385/368/103
f 362/344/103 387/369/103 386/367/103
f 363/346/103 388/370/103 387/369/103
f 364/347/103 389/371/103 388/370/103
f 365/348/103 390/372/103 389/371/103
f 367/350/103 390/372/103 366/349/103
f 368/351/103 391/373/103 367/350/103
f 369/352/103 392/374/103 368/351/103
f 370/354/103 393/375/103 369/352/103
f 371/376/103 394/377/103 370/354/103
f 372/355/104 395/378/104 371/355/104
f 373/355/105 396/378/105 372/355/105
f 373/357/106 398/379/106 397/380/106
f 374/356/106 399/381/106 398/379/106
f 375/358/106 400/382/106 399/381/106
f 376/359/106 401/383/106 400/382/106
f 377/360/106 402/384/106 401/383/106
f 379/362/106 402/384/106 378/361/106
f 380/363/106 403/385/106 379/362/106
f 381/364/106 404/386/106 380/363/106
f 382/366/106 405/387/106 381/364/106
f 383/388/106 406/389/106 382/366/106
f 383/355/107 408/378/107 407/378/107
f 384/355/108 385/378/108 408/378/108
f 385/368/109 410/390/109 409/391/109
f 386/367/109 411/392/109 410/390/109
f 387/369/109 412/393/109 411/392/109
f 388/370/109 413/394/109 412/393/109
f 389/371/109 414/395/109 413/394/109
f 391/373/109 414/395/109 390/372/109
f 392/374/109 415/396/109 391/373/109
f 393/375/109 416/397/109 392/374/109
f 394/377/109 417/398/109 393/375/109
f 395/399/109 418/400/109 394/377/109
f 396/378/110 419/401/110 395/378/110
f 397/378/111 420/401/111 396/378/111
f 397/380/112 422/402/112 421/403/112
f 398/379/112 423/404/112 422/402/112
f 399/381/112 424/405/112 423/404/112
f 400/382/112 425/406/112 424/405/112
f 401/383/112 426/407/112 425/406/112
f 403/385/112 426/407/112 402/384/112
f 404/386/112 427/408/112 403/385/112
f 405/387/112 428/409/112 404/386/112
f 406/389/112 429/410/112 405/387/112
f 407/411/112 430/412/112 406/389/112
f 407/378/113 432/401/113 431/401/113
f 408/378/114 409/401/114 432/401/114
f 409/391/115 434/413/115 433/414/115
f 410/390/115 435/415/115 434/413/115
f 411/392/115 436/416/115 435/415/115
f 412/393/115 437/417/115 436/416/115
f 413/394/115 438/418/115 437/417/115
f 415/396/115 438/418/115 414/395/115
f 416/397/115 439/419/115 415/396/115
f 417/398/115 440/420/115 416/397/115
f 418/400/115 441/421/115 417/398/115
f 419/422/115 442/423/115 418/400/115
f 420/401/116 443/424/116 419/401/116
f 421/401/117 444/424/117 420/401/117
f 421/403/118 446/425/118 445/426/118
f 422/402/118 447/427/118 446/425/118
f 423/404/118 448/428/118 447/427/118
f 424/405/118 449/429/118 448/428/118
f 425/406/118 450/430/118 449/429/118
f 427/408/118 450/430/118 426/407/118
f 428/409/118 451/431/118 427/408/118
f 429/410/118 452/432/118 428/409/118
f 430/412/118 453/433/118 429/410/118
f 431/434/118 454/435/118 430/412/118
f 431/401/119 456/424/119 455/424/119
f 432/401/120 433/424/120 456/424/120
f 433/414/121 458/436/121 457/437/121
f 434/413/121 459/438/121 458/436/121
f 435/415/121 460/439/121 459/438/121
f 436/416/121 461/440/121 460/439/121
f 437/417/121 462/441/121 461/440/121
f 439/419/121 462/441/121 438/418/121
f 440/420/121 463/442/121 439/419/121
f 441/421/121 464/443/121 440/420/121
f 442/423/121 465/444/121 441/421/121
f 443/445/121 466/446/121 442/423/121
f 444/424/122 467/447/122 443/424/122
f 445/424/123 468/447/123 444/424/123
f 445/426/124 470/448/124 469/449/124
f 446/425/124 471/450/124 470/448/124
f 447/427/124 472/451/124 471/450/124
f 448/428/124 473/452/124 472/451/124
f 449/429/124 474/453/124 473/452/124
f 451/431/124 474/453/124 450/430/124
f 452/432/124 475/454/124 451/431/124
f 453/433/124 476/455/124 452/432/124
f 454/435/124 477/456/124 453/433/124
f 455/457/124 478/458/124 454/435/124
f 455/424/125 480/447/125 479/447/125
f 456/424/126 457/447/126 480/447/126
f 457/437/127 482/459/127 481/460/127
f 458/436/127 483/461/127 482/459/127
f 459/438/127 484/462/127 483/461/127
f 460/439/127 485/463/127 484/462/127
f 461/440/127 486/464/127 485/463/127
f 463/442/127 486/464/127 462/441/127
f 464/443/127 487/465/127 463/442/127
f 465/444/127 488/466/127 464/443/127
f 466/446/127 489/467/127 465/444/127
f 467/468/127 490/469/127 466/446/127
f 468/447/128 491/470/128 467/447/128
f 469/447/129 492/470/129 468/447/129
f 469/449/130 494/471/130 493/472/130
f 470/448/130 495/473/130 494/471/130
f 471/450/130 496/474/130 495/473/130
f 472/451/130 497/475/130 496/474/130
f 473/452/130 498/476/130 497/475/130
f 475/454/130 498/476/130 474/453/130
f 476/455/130 499/477/130 475/454/130
f 477/456/130 500/478/130 476/455/130
f 478/458/130 501/479/130 477/456/130
f 479/480/130 502/481/130 478/458/130
f 479/447/131 504/470/131 503/470/131
f 480/447/132 481/470/132 504/470/132
f 481/460/133 506/482/133 505/483/133
f 482/459/133 507/484/133 506/482/133
f 483/461/133 508/485/133 507/484/133
f 484/462/133 509/486/133 508/485/133
f 485/463/133 510/487/133 509/486/133
f 487/465/133 510/487/133 486/464/133
f 488/466/133 511/488/133 487/465/133
f 489/467/133 512/489/133 488/466/133
f 490/469/133 513/490/133 489/467/133
f 491/491/133 514/492/133 490/469/133
f 492/470/134 515/493/134 491/470/134
f 493/470/135 516/493/135 492/470/135
f 493/472/136 518/494/136 517/495/136
f 494/471/136 519/496/136 518/494/136
f 495/473/136 520/497/136 519/496/136
f 496/474/136 521/498/136 520/497/136
f 497/475/136 522/499/136 521/498/136
f 499/477/136 522/499/136 498/476/136
f 500/478/136 523/500/136 499/477/136
f 501/479/136 524/501/136 500/478/136
f 502/481/136 525/502/136 501/479/136
f 503/503/136 526/504/136 502/481/136
f 503/470/137 528/493/137 527/493/137
f 504/470/138 505/493/138 528/493/138
f 505/483/139 530/505/139 529/506/139
f 506/482/139 531/507/139 530/505/139
f 507/484/139 532/508/139 531/507/139
f 508/485/139 533/509/139 532/508/139
f 509/486/139 534/510/139 533/509/139
f 511/488/139 534/510/139 510/487/139
f 512/489/139 535/511/139 511/488/139
f 513/490/139 536/512/139 512/489/139
f 514/492/139 537/513/139 513/490/139
f 515/514/139 538/515/139 514/492/139
f 516/493/140 539/516/140 515/493/140
f 517/493/141 540/516/141 516/493/141
f 517/495/142 542/517/142 541/518/142
f 518/494/142 543/519/142 542/517/142
f 519/496/142 544/520/142 543/519/142
f 520/497/142 545/521/142 544/520/142
f 521/498/142 546/522/142 545/521/142
f 523/500/142 546/522/142 522/499/142
f 524/501/142 547/523/142 523/500/142
f 525/502/142 548/524/142 524/501/142
f 526/504/142 549/525/142 525/502/142
f 527/526/142 550/527/142 526/504/142
f 527/493/143 552/516/143 551/516/143
f 528/493/144 529/516/144 552/516/144
f 530/505/145 553/528/145 529/506/145
f 531/507/145 554/529/145 530/505/145
f 532/508/145 555/530/145 531/507/145
f 533/509/145 556/531/145 532/508/145
f 534/510/145 557/532/145 533/509/145
f 534/510/145 559/533/145 558/534/145
f 535/511/145 560/535/145 559/533/145
f 536/512/145 561/536/145 560/535/145
f 537/513/145 562/537/145 561/536/145
f 538/515/145 563/538/145 562/537/145
f 540/516/146 563/539/146 539/516/146
f 541/516/147 564/539/147 540/516/147
f 542/517/148 565/540/148 541/518/148
f 543/519/148 566/541/148 542/517/148
f 544/520/148 567/542/148 543/519/148
f 545/521/148 568/543/148 544/520/148
f 546/522/148 569/544/148 545/521/148
f 546/522/148 571/545/148 570/546/148
f 547/523/148 572/547/148 571/545/148
f 548/524/148 573/548/148 572/547/148
f 549/525/148 574/549/148 573/548/148
f 550/527/148 575/550/148 574/549/148
f 551/516/149 576/539/149 575/539/149
f 552/516/150 553/539/150 576/539/150
f 554/529/151 577/551/151 553/528/151
f 555/530/151 578/552/151 554/529/151
f 556/531/151 579/553/151 555/530/151
f 557/532/151 580/554/151 556/531/151
f 558/534/151 581/555/151 557/532/151
f 558/534/151 583/556/151 582/557/151
f 559/533/151 584/558/151 583/556/151
f 560/535/151 585/559/151 584/558/151
f 561/536/151 586/560/151 585/559/151
f 562/537/151 587/561/151 586/560/151
f 563/539/152 588/562/152 587/562/152
f 565/539/153 588/562/153 564/539/153
f 566/541/154 589/563/154 565/540/154
f 567/542/154 590/564/154 566/541/154
f 568/543/154 591/565/154 567/542/154
f 569/544/154 592/566/154 568/543/154
f 570/546/154 593/567/154 569/544/154
f 570/546/154 595/568/154 594/569/154
f 571/545/154 596/570/154 595/568/154
f 572/547/154 597/571/154 596/570/154
f 573/548/154 598/572/154 597/571/154
f 574/549/154 599/573/154 598/572/154
f 575/539/155 600/562/155 599/562/155
f 553/539/156 600/562/156 576/539/156
f 578/552/157 601/574/157 577/551/157
f 579/553/157 602/575/157 578/552/157
f 580/554/157 603/576/157 579/553/157
f 581/555/157 604/577/157 580/554/157
f 582/557/157 605/578/157 581/555/157
f 582/557/157 607/579/157 606/580/157
f 583/556/157 608/581/157 607/579/157
f 584/558/157 609/582/157 608/581/157
f 585/559/157 610/583/157 609/582/157
f 586/560/157 611/584/157 610/583/157
f 587/562/158 612/585/158 611/585/158
f 589/562/159 612/585/159 588/562/159
f 590/564/160 613/586/160 589/563/160
f 591/565/160 614/587/160 590/564/160
f 592/566/160 615/588/160 591/565/160
f 593/567/160 616/589/160 592/566/160
f 594/569/160 617/590/160 593/567/160
f 594/569/160 619/591/160 618/592/160
f 595/568/160 620/593/160 619/591/160
f 596/570/160 621/594/160 620/593/160
f 597/571/160 622/595/160 621/594/160
f 598/572/160 623/596/160 622/595/160
f 599/562/161 624/585/161 623/585/161
f 577/562/162 624/585/162 600/562/162
f 602/575/157 625/597/157 601/574/157
f 603/576/157 626/598/157 602/575/157
f 604/577/157 627/599/157 603/576/157
f 605/578/157 628/600/157 604/577/157
f 606/580/157 629/601/157 605/578/157
f 606/580/157 631/602/157 630/603/157
f 607/579/157 632/604/157 631/602/157
f 608/581/157 633/605/157 632/604/157
f 609/582/157 634/606/157 633/605/157
f 610/583/157 635/607/157 634/606/157
f 611/585/163 636/608/163 635/608/163
f 613/585/164 636/608/164 612/585/164
f 614/587/160 637/609/160 613/586/160
f 615/588/160 638/610/160 614/587/160
f 616/589/160 639/611/160 615/588/160
f 617/590/160 640/612/160 616/589/160
f 618/592/160 641/613/160 617/590/160
f 618/592/160 643/614/160 642/615/160
f 619/591/160 644/616/160 643/614/160
f 620/593/160 645/617/160 644/616/160
f 621/594/160 646/618/160 645/617/160
f 622/595/160 647/619/160 646/618/160
f 623/585/165 648/608/165 647/608/165
f 601/585/166 648/608/166 624/585/166
f 626/598/157 649/620/157 625/597/157
f 627/599/157 650/621/157 626/598/157
f 628/600/157 651/622/157 627/599/157
f 629/601/157 652/623/157 628/600/157
f 630/603/157 653/624/157 629/601/157
f 630/603/157 655/625/157 654/626/157
f 631/602/157 656/627/157 655/625/157
f 632/604/157 657/628/157 656/627/157
f 633/605/157 658/629/157 657/628/157
f 634/606/157 659/630/157 658/629/157
f 635/608/167 660/631/167 659/631/167
f 637/608/168 660/631/168 636/608/168
f 638/610/160 661/632/160 637/609/160
f 639/611/160 662/633/160 638/610/160
f 640/612/160 663/634/160 639/611/160
f 641/613/160 664/635/160 640/612/160
f 642/615/160 665/636/160 641/613/160
f 642/615/160 667/637/160 666/638/160
f 643/614/160 668/639/160 667/637/160
f 644/616/160 669/640/160 668/639/160
f 645/617/160 670/641/160 669/640/160
f 646/618/160 671/642/160 670/641/160
f 647/608/169 672/631/169 671/631/169
f 625/608/170 672/631/170 648/608/170
f 650/621/157 673/643/157 649/620/157
f 651/622/157 674/644/157 650/621/157
f 652/623/157 675/645/157 651/622/157
f 653/624/157 676/646/157 652/623/157
f 654/626/157 677/647/157 653/624/157
f 654/626/157 679/648/157 678/649/157
f 655/625/157 680/650/157 679/648/157
f 656/627/157 681/651/157 680/650/157
f 657/628/157 682/652/157 681/651/157
f 658/629/157 683/653/157 682/652/157
f 659/631/171 684/654/171 683/654/171
f 661/631/172 684/654/172 660/631/172
f 662/633/160 685/655/160 661/632/160
f 663/634/160 686/656/160 662/633/160
f 664/635/160 687/657/160 663/634/160
f 665/636/160 688/658/160 664/635/160
f 666/638/160 689/659/160 665/636/160
f 666/638/160 691/660/160 690/661/160
f 667/637/160 692/662/160 691/660/160
f 668/639/160 693/663/160 692/662/160
f 669/640/160 694/664/160 693/663/160
f 670/641/160 695/665/160 694/664/160
f 671/631/173 696/654/173 695/654/173
f 649/631/174 696/654/174 672/631/174
f 674/644/157 697/666/157 673/643/157
f 675/645/157 698/667/157 674/644/157
f 676/646/157 699/668/157 675/645/157
f 677/647/157 700/669/157 676/646/157
f 678/649/157 701/670/157 677/647/157
f 678/649/157 703/671/157 702/672/157
f 679/648/157 704/673/157 703/671/157
f 680/650/157 705/674/157 704/673/157
f 681/651/157 706/675/157 705/674/157
f 682/652/157 707/676/157 706/675/157
f 683/654/175 708/677/175 707/677/175
f 685/654/176 708/677/176 684/654/176
f 686/656/160 709/678/160 685/655/160
f 687/657/160 710/679/160 686/656/160
f 688/658/160 711/680/160 687/657/160
f 689/659/160 712/681/160 688/658/160
f 690/661/160 713/682/160 689/659/160
f 690/661/160 715/683/160 714/684/160
f 691/660/160 716/685/160 715/683/160
f 692/662/160 717/686/160 716/685/160
f 693/663/160 718/687/160 717/686/160
f 694/664/160 719/688/160 718/687/160
f 695/654/177 720/677/177 719/677/177
f 673/654/178 720/677/178 696/654/178
f 698/667/157 721/689/157 697/666/157
f 699/668/157 722/690/157 698/667/157
f 700/669/157 723/691/157 699/668/157
f 701/670/157 724/692/157 700/669/157
f 702/672/157 725/693/157 701/670/157
f 702/672/157 727/694/157 726/695/157
f 703/671/157 728/696/157 727/694/157
f 704/673/157 729/697/157 728/696/157
f 705/674/157 730/698/157 729/697/157
f 706/675/157 731/699/157 730/698/157
f 707/677/179 732/700/179 731/700/179
f 709/677/180 732/700/180 708/677/180
f 710/679/160 733/701/160 709/678/160
f 711/680/160 734/702/160 710/679/160
f 712/681/160 735/703/160 711/680/160
f 713/682/160 736/704/160 712/681/160
f 714/684/160 737/705/160 713/682/160
f 714/684/160 739/706/160 738/707/160
f 715/683/160 740/708/160 739/706/160
f 716/685/160 741/709/160 740/708/160
f 717/686/160 742/710/160 741/709/160
f 718/687/160 743/711/160 742/710/160
f 719/677/181 744/700/181 743/700/181
f 697/677/182 744/700/182 720/677/182
f 722/690/157 745/712/157 721/689/157
f 723/691/157 746/713/157 722/690/157
f 724/692/157 747/714/157 723/691/157
f 725/693/157 748/715/157 724/692/157
f 726/695/157 749/716/157 725/693/157
f 726/695/157 751/717/157 750/718/157
f 727/694/157 752/719/157 751/717/157
f 728/696/157 753/720/157 752/719/157
f 729/697/157 754/721/157 753/720/157
f 730/698/157 755/722/157 754/721/157
f 731/700/183 756/723/183 755/723/183
f 733/700/184 756/723/184 732/700/184
f 734/702/160 757/724/160 733/701/160
f 735/703/160 758/725/160 734/702/160
f 736/704/160 759/726/160 735/703/160
f 737/705/160 760/727/160 736/704/160
f 738/707/160 761/728/160 737/705/160
f 738/707/160 763/729/160 762/730/160
f 739/706/160 764/731/160 763/729/160
f 740/708/160 765/732/160 764/731/160
f 741/709/160 766/733/160 765/732/160
f 742/710/160 767/734/160 766/733/160
f 743/700/185 768/723/185 767/723/185
f 721/700/186 768/723/186 744/700/186
f 746/713/157 769/735/157 745/712/157
f 747/714/157 770/736/157 746/713/157
f 748/715/157 771/737/157 747/714/157
f 749/716/157 772/738/157 748/715/157
f 750/718/157 773/739/157 749/716/157
f 750/718/157 775/740/157 774/741/157
f 751/717/157 776/742/157 775/740/157
f 752/719/157 777/743/157 776/742/157
f 753/720/157 778/744/157 777/743/157
f 754/721/157 779/745/157 778/744/157
f 755/723/187 780/746/187 779/746/187
f 757/723/188 780/746/188 756/723/188
f 758/725/160 781/747/160 757/724/160
f 759/726/160 782/748/160 758/725/160
f 760/727/160 783/749/160 759/726/160
f 761/728/160 784/750/160 760/727/160
f 762/730/160 785/751/160 761/728/160
f 762/730/160 787/752/160 786/753/160
f 763/729/160 788/754/160 787/752/160
f 764/731/160 789/755/160 788/754/160
f 765/732/160 790/756/160 789/755/160
f 766/733/160 791/757/160 790/756/160
f 767/723/189 792/746/189 791/746/189
f 745/723/190 792/746/190 768/723/190
f 770/736/157 793/758/157 769/735/157
f 771/737/157 794/759/157 770/736/157
f 772/738/157 795/760/157 771/737/157
f 773/739/157 796/761/157 772/738/157
f 774/741/157 797/762/157 773/739/157
f 774/741/157 799/763/157 798/764/157
f 775/740/157 800/765/157 799/763/157
f 776/742/157 801/766/157 800/765/157
f 777/743/157 802/767/157 801/766/157
f 778/744/157 803/768/157 802/767/157
f 779/746/191 804/769/191 803/769/191
f 781/746/192 804/769/192 780/746/192
f 782/748/160 805/770/160 781/747/160
f 783/749/160 806/771/160 782/748/160
f 784/750/160 807/772/160 783/749/160
f 785/751/160 808/773/160 784/750/160
f 786/753/160 809/774/160 785/751/160
f 786/753/160 811/775/160 810/776/160
f 787/752/160 812/777/160 811/775/160
f 788/754/160 813/778/160 812/777/160
f 789/755/160 814/779/160 813/778/160
f 790/756/160 815/780/160 814/779/160
f 791/746/193 816/769/193 815/769/193
f 769/746/194 816/769/194 792/746/194
f 794/759/157 817/781/157 793/758/157
f 795/760/157 818/782/157 794/759/157
f 796/761/157 819/783/157 795/760/157
f 797/762/157 820/784/157 796/761/157
f 798/764/157 821/785/157 797/762/157
f 798/764/157 823/786/157 822/787/157
f 799/763/157 824/788/157 823/786/157
f 800/765/157 825/789/157 824/788/157
f 801/766/157 826/790/157 825/789/157
f 802/767/157 827/791/157 826/790/157
f 803/769/195 828/792/195 827/792/195
f 805/769/196 828/792/196 804/769/196
f 806/771/160 829/793/160 805/770/160
f 807/772/160 830/794/160 806/771/160
f 808/773/160 831/795/160 807/772/160
f 809/774/160 832/796/160 808/773/160
f 810/776/160 833/797/160 809/774/160
f 810/776/160 835/798/160 834/799/160
f 811/775/160 836/800/160 835/798/160
f 812/777/160 837/801/160 836/800/160
f 813/778/160 838/802/160 837/801/160
f 814/779/160 839/803/160 838/802/160
f 815/769/197 840/792/197 839/792/197
f 793/769/198 840/792/198 816/769/198
f 818/782/157 841/804/157 817/781/157
f 819/783/157 842/805/157 818/782/157
f 820/784/157 843/806/157 819/783/157
f 821/785/157 844/807/157 820/784/157
f 822/787/157 845/808/157 821/785/157
f 822/787/157 847/809/157 846/810/157
f 823/786/157 848/811/157 847/809/157
f 824/788/157 849/812/157 848/811/157
f 825/789/157 850/813/157 849/812/157
f 826/790/157 851/814/157 850/813/157
f 827/792/199 852/815/199 851/815/199
f 829/792/200 852/815/200 828/792/200
f 830/794/160 853/816/160 829/793/160
f 831/795/160 854/817/160 830/794/160
f 832/796/160 855/818/160 831/795/160
f 833/797/160 856/819/160 832/796/160
f 834/799/160 857/820/160 833/797/160
f 834/799/160 859/821/160 858/822/160
f 835/798/160 860/823/160 859/821/160
f 836/800/160 861/824/160 860/823/160
f 837/801/160 862/825/160 861/824/160
f 838/802/160 863/826/160 862/825/160
f 839/792/201 864/815/201 863/815/201
f 817/792/202 864/815/202 840/792/202
f 842/805/157 865/827/157 841/804/157
f 843/806/157 866/828/157 842/805/157
f 844/807/157 867/829/157 843/806/157
f 845/808/157 868/830/157 844/807/157
f 846/810/157 869/831/157 845/808/157
f 846/810/157 871/832/157 870/833/157
f 847/809/157 872/834/157 871/832/157
f 848/811/157 873/835/157 872/834/157
f 849/812/157 874/836/157 873/835/157
f 850/813/157 875/837/157 874/836/157
f 851/815/203 876/838/203 875/838/203
f 853/815/204 876/838/204 852/815/204
f 854/817/160 877/839/160 853/816/160
f 855/818/160 878/840/160 854/817/160
f 856/819/160 879/841/160 855/818/160
f 857/820/160 880/842/160 856/819/160
f 858/822/160 881/843/160 857/820/160
f 858/822/160 883/844/160 882/845/160
f 859/821/160 884/846/160 883/844/160
f 860/823/160 885/847/160 884/846/160
f 861/824/160 886/848/160 885/847/160
f 862/825/160 887/849/160 886/848/160
f 863/815/205 888/838/205 887/838/205
f 841/815/206 888/838/206 864/815/206
f 865/827/157 890/850/157 889/851/157
f 866/828/157 891/852/157 890/850/157
f 867/829/157 892/853/157 891/852/157
f 868/830/157 893/854/157 892/853/157
f 869/831/157 894/855/157 893/854/157
f 871/832/157 894/855/157 870/833/157
f 872/834/157 895/856/157 871/832/157
f 873/835/157 896/857/157 872/834/157
f 874/836/157 897/858/157 873/835/157
f 875/837/157 898/859/157 874/836/157
f 876/838/207 899/860/207 875/838/207
f 876/838/208 901/860/208 900/860/208
f 877/839/160 902/861/160 901/862/160
f 878/840/160 903/863/160 902/861/160
f 879/841/160 904/864/160 903/863/160
f 880/842/160 905/865/160 904/864/160
f 881/843/160 906/866/160 905/865/160
f 883/844/160 906/866/160 882/845/160
f 884/846/160 907/867/160 883/844/160
f 885/847/160 908/868/160 884/846/160
f 886/848/160 909/869/160 885/847/160
f 887/849/160 910/870/160 886/848/160
f 888/838/209 911/860/209 887/838/209
f 888/838/210 889/860/210 912/860/210
f 889/851/157 914/871/157 913/872/157
f 890/850/157 915/873/157 914/871/157
f 891/852/157 916/874/157 915/873/157
f 892/853/157 917/875/157 916/874/157
f 893/854/157 918/876/157 917/875/157
f 895/856/157 918/876/157 894/855/157
f 896/857/157 919/877/157 895/856/157
f 897/858/157 920/878/157 896/857/157
f 898/859/157 921/879/157 897/858/157
f 899/880/157 922/881/157 898/859/157
f 900/860/211 923/882/211 899/860/211
f 900/860/212 925/882/212 924/882/212
f 901/862/160 926/883/160 925/884/160
f 902/861/160 927/885/160 926/883/160
f 903/863/160 928/886/160 927/885/160
f 904/864/160 929/887/160 928/886/160
f 905/865/160 930/888/160 929/887/160
f 907/867/160 930/888/160 906/866/160
f 908/868/160 931/889/160 907/867/160
f 909/869/160 932/890/160 908/868/160
f 910/870/160 933/891/160 909/869/160
f 911/892/160 934/893/160 910/870/160
f 912/860/213 935/882/213 911/860/213
f 912/860/214 913/882/214 936/882/214
f 913/872/157 938/894/157 937/895/157
f 914/871/157 939/896/157 938/894/157
f 915/873/157 940/897/157 939/896/157
f 916/874/157 941/898/157 940/897/157
f 917/875/157 942/899/157 941/898/157
f 919/877/157 942/899/157 918/876/157
f 920/878/157 943/900/157 919/877/157
f 921/879/157 944/901/157 920/878/157
f 922/881/157 945/902/157 921/879/157
f 923/903/157 946/904/157 922/881/157
f 924/882/215 947/905/215 923/882/215
f 924/882/216 949/905/216 948/905/216
f 925/884/160 950/906/160 949/907/160
f 926/883/160 951/908/160 950/906/160
f 927/885/160 952/909/160 951/908/160
f 928/886/160 953/910/160 952/909/160
f 929/887/160 954/911/160 953/910/160
f 931/889/160 954/911/160 930/888/160
f 932/890/160 955/912/160 931/889/160
f 933/891/160 956/913/160 932/890/160
f 934/893/160 957/914/160 933/891/160
f 935/915/160 958/916/160 934/893/160
f 936/882/217 959/905/217 935/882/217
f 936/882/218 937/905/218 960/905/218
f 937/895/157 962/917/157 961/918/157
f 938/894/157 963/919/157 962/917/157
f 939/896/157 964/920/157 963/919/157
f 940/897/157 965/921/157 964/920/157
f 941/898/157 966/922/157 965/921/157
f 943/900/157 966/922/157 942/899/157
f 944/901/157 967/923/157 943/900/157
f 945/902/157 968/924/157 944/901/157
f 946/904/157 969/925/157 945/902/157
f 947/926/157 970/927/157 946/904/157
f 948/905/219 971/928/219 947/905/219
f 948/905/220 973/928/220 972/928/220
f 949/907/160 974/929/160 973/930/160
f 950/906/160 975/931/160 974/929/160
f 951/908/160 976/932/160 975/931/160
f 952/909/160 977/933/160 976/932/160
f 953/910/160 978/934/160 977/933/160
f 955/912/160 978/934/160 954/911/160
f 956/913/160 979/935/160 955/912/160
f 957/914/160 980/936/160 956/913/160
f 958/916/160 981/937/160 957/914/160
f 959/938/160 982/939/160 958/916/160
f 960/905/221 983/928/221 959/905/221
f 960/905/222 961/928/222 984/928/222
f 961/918/157 986/940/157 985/941/157
f 962/917/157 987/942/157 986/940/157
f 963/919/157 988/943/157 987/942/157
f 964/920/157 989/944/157 988/943/157
f 965/921/157 990/945/157 989/944/157
f 967/923/157 990/945/157 966/922/157
f 968/924/157 991/946/157 967/923/157
f 969/925/157 992/947/157 968/924/157
f 970/927/157 993/948/157 969/925/157
f 971/949/157 994/950/157 970/927/157
f 972/928/223 995/951/223 971/928/223
f 972/928/224 997/951/224 996/951/224
f 973/930/160 998/952/160 997/953/160
f 974/929/160 999/954/160 998/952/160
f 975/931/160 1000/955/160 999/954/160
f 976/932/160 1001/956/160 1000/955/160
f 977/933/160 1002/957/160 1001/956/160
f 979/935/160 1002/957/160 978/934/160
f 980/936/160 1003/958/160 979/935/160
f 981/937/160 1004/959/160 980/936/160
f 982/939/160 1005/960/160 981/937/160
f 983/961/160 1006/962/160 982/939/160
f 984/928/225 1007/951/225 983/928/225
f 984/928/226 985/951/226 1008/951/226
f 985/941/157 1010/963/157 1009/964/157
f 986/940/157 1011/965/157 1010/963/157
f 987/942/157 1012/966/157 1011/965/157
f 988/943/157 1013/967/157 1012/966/157
f 989/944/157 1014/968/157 1013/967/157
f 991/946/157 1014/968/157 990/945/157
f 992/947/157 1015/969/157 991/946/157
f 993/948/157 1016/970/157 992/947/157
f 994/950/157 1017/971/157 993/948/157
f 995/972/157 1018/973/157 994/950/157
f 996/951/227 1019/974/227 995/951/227
f 996/951/228 1021/974/228 1020/974/228
f 997/953/160 1022/975/160 1021/976/160
f 998/952/160 1023/977/160 1022/975/160
f 999/954/160 1024/978/160 1023/977/160
f 1000/955/160 1025/979/160 1024/978/160
f 1001/956/160 1026/980/160 1025/979/160
f 1003/958/160 1026/980/160 1002/957/160
f 1004/959/160 1027/981/160 1003/958/160
f 1005/960/160 1028/982/160 1004/959/160
f 1006/962/160 1029/983/160 1005/960/160
f 1007/984/160 1030/985/160 1006/962/160
f 1008/951/229 1031/974/229 1007/951/229
f 1008/951/230 1009/974/230 1032/974/230
f 1009/964/157 1034/986/157 1033/987/157
f 1010/963/157 1035/988/157 1034/986/157
f 1011/965/157 1036/989/157 1035/988/157
f 1012/966/157 1037/990/157 1036/989/157
f 1013/967/157 1038/991/157 1037/990/157
f 1015/969/157 1038/991/157 1014/968/157
f 1016/970/157 1039/992/157 1015/969/157
f 1017/971/157 1040/993/157 1016/970/157
f 1018/973/157 1041/994/157 1017/971/157
f 1019/995/157 1042/996/157 1018/973/157
f 1020/974/231 1043/997/231 1019/974/231
f 1020/974/232 1045/997/232 1044/997/232
f 1021/976/160 1046/998/160 1045/999/160
f 1022/975/160 1047/1000/160 1046/998/160
f 1023/977/160 1048/1001/160 1047/1000/160
f 1024/978/160 1049/1002/160 1048/1001/160
f 1025/979/160 1050/1003/160 1049/1002/160
f 1027/981/160 1050/1003/160 1026/980/160
f 1028/982/160 1051/1004/160 1027/981/160
f 1029/983/160 1052/1005/160 1028/982/160
f 1030/985/160 1053/1006/160 1029/983/160
f 1031/1007/160 1054/1008/160 1030/985/160
f 1032/974/233 1055/997/233 1031/974/233
f 1032/974/234 1033/997/234 1056/997/234
f 1033/987/157 1058/1009/157 1057/1010/157
f 1034/986/157 1059/1011/157 1058/1009/157
f 1035/988/157 1060/1012/157 1059/1011/157
f 1036/989/157 1061/1013/157 1060/1012/157
f 1037/990/157 1062/1014/157 1061/1013/157
f 1039/992/157 1062/1014/157 1038/991/157
f 1040/993/157 1063/1015/157 1039/992/157
f 1041/994/157 1064/1016/157 1040/993/157
f 1042/996/157 1065/1017/157 1041/994/157
f 1043/1018/157 1066/1019/157 1042/996/157
f 1044/997/235 1067/1020/235 1043/997/235
f 1044/997/236 1069/1020/236 1068/1020/236
f 1045/999/160 1070/1021/160 1069/1022/160
f 1046/998/160 1071/1023/160 1070/1021/160
f 1047/1000/160 1072/1024/160 1071/1023/160
f 1048/1001/160 1073/1025/160 1072/1024/160
f 1049/1002/160 1074/1026/160 1073/1025/160
f 1051/1004/160 1074/1026/160 1050/1003/160
f 1052/1005/160 1075/1027/160 1051/1004/160
f 1053/1006/160 1076/1028/160 1052/1005/160
f 1054/1008/160 1077/1029/160 1053/1006/160
f 1055/1030/160 1078/1031/160 1054/1008/160
f 1056/997/237 1079/1020/237 1055/997/237
f 1056/997/238 1057/1020/238 1080/1020/238
f 1057/1010/157 1082/1032/157 1081/1033/157
f 1058/1009/157 1083/1034/157 1082/1032/157
f 1059/1011/157 1084/1035/157 1083/1034/157
f 1060/1012/157 1085/1036/157 1084/1035/157
f 1061/1013/157 1086/1037/157 1085/1036/157
f 1063/1015/157 1086/1037/157 1062/1014/157
f 1064/1016/157 1087/1038/157 1063/1015/157
f 1065/1017/157 1088/1039/157 1064/1016/157
f 1066/1019/157 1089/1040/157 1065/1017/157
f 1067/1041/157 1090/1042/157 1066/1019/157
f 1068/1020/239 1091/1043/239 1067/1020/239
f 1068/1020/240 1093/1043/240 1092/1043/240
f 1069/1022/160 1094/1044/160 1093/1045/160
f 1070/1021/160 1095/1046/160 1094/1044/160
f 1071/1023/160 1096/1047/160 1095/1046/160
f 1072/1024/160 1097/1048/160 1096/1047/160
f 1073/1025/160 1098/1049/160 1097/1048/160
f 1075/1027/160 1098/1049/160 1074/1026/160
f 1076/1028/160 1099/1050/160 1075/1027/160
f 1077/1029/160 1100/1051/160 1076/1028/160
f 1078/1031/160 1101/1052/160 1077/1029/160
f 1079/1053/160 1102/1054/160 1078/1031/160
f 1080/1020/241 1103/1043/241 1079/1020/241
f 1080/1020/242 1081/1043/242 1104/1043/242
f 1081/1033/157 1106/1055/157 1105/1056/157
f 1082/1032/157 1107/1057/157 1106/1055/157
f 1083/1034/157 1108/1058/157 1107/1057/157
f 1084/1035/157 1109/1059/157 1108/1058/157
f 1085/1036/157 1110/1060/157 1109/1059/157
f 1087/1038/157 1110/1060/157 1086/1037/157
f 1088/1039/157 1111/1061/157 1087/1038/157
f 1089/1040/157 1112/1062/157 1088/1039/157
f 1090/1042/157 1113/1063/157 1089/1040/157
f 1091/1064/157 1114/1065/157 1090/1042/157
f 1092/1043/243 1115/1066/243 1091/1043/243
f 1092/1043/244 1117/1066/244 1116/1066/244
f 1093/1045/160 1118/1067/160 1117/1068/160
f 1094/1044/160 1119/1069/160 1118/1067/160
f 1095/1046/160 1120/1070/160 1119/1069/160
f 1096/1047/160 1121/1071/160 1120/1070/160
f 1097/1048/160 1122/1072/160 1121/1071/160
f 1099/1050/160 1122/1072/160 1098/1049/160
f 1100/1051/160 1123/1073/160 1099/1050/160
f 1101/1052/160 1124/1074/160 1100/1051/160
f 1102/1054/160 1125/1075/160 1101/1052/160
f 1103/1076/160 1126/1077/160 1102/1054/160
f 1104/1043/245 1127/1066/245 1103/1043/245
f 1104/1043/246 1105/1066/246 1128/1066/246
f 1105/1056/157 1130/1078/157 1129/1079/157
f 1106/1055/157 1131/1080/157 1130/1078/157
f 1107/1057/157 1132/1081/157 1131/1080/157
f 1108/1058/157 1133/1082/157 1132/1081/157
f 1109/1059/157 1134/1083/157 1133/1082/157
f 1111/1061/157 1134/1083/157 1110/1060/157
f 1112/1062/157 1135/1084/157 1111/1061/157
f 1113/1063/157 1136/1085/157 1112/1062/157
f 1114/1065/157 1137/1086/157 1113/1063/157
f 1115/1087/157 1138/1088/157 1114/1065/157
f 1116/1066/247 1139/1089/247 1115/1066/247
f 1116/1066/248 1141/1089/248 1140/1089/248
f 1117/1068/160 1142/1090/160 1141/1091/160
f 1118/1067/160 1143/1092/160 1142/1090/160
f 1119/1069/160 1144/1093/160 1143/1092/160
f 1120/1070/160 1145/1094/160 1144/1093/160
f 1121/1071/160 1146/1095/160 1145/1094/160
f 1123/1073/160 1146/1095/160 1122/1072/160
f 1124/1074/160 1147/1096/160 1123/1073/160
f 1125/1075/160 1148/1097/160 1124/1074/160
f 1126/1077/160 1149/1098/160 1125/1075/160
f 1127/1099/160 1150/1100/160 1126/1077/160
f 1128/1066/249 1151/1089/249 1127/1066/249
f 1128/1066/250 1129/1089/250 1152/1089/250
f 1129/1079/157 1154/1101/157 1153/1102/157
f 1130/1078/157 1155/1103/157 1154/1101/157
f 1131/1080/157 1156/1104/157 1155/1103/157
f 1132/1081/157 1157/1105/157 1156/1104/157
f 1133/1082/157 1158/1106/157 1157/1105/157
f 1135/1084/157 1158/1106/157 1134/1083/157
f 1136/1085/157 1159/1107/157 1135/1084/157
f 1137/1086/157 1160/1108/157 1136/1085/157
f 1138/1088/157 1161/1109/157 1137/1086/157
f 1139/1110/157 1162/1111/157 1138/1088/157
f 1140/1089/251 1163/1112/251 1139/1089/251
f 1140/1089/252 1165/1112/252 1164/1112/252
f 1141/1091/160 1166/1113/160 1165/1114/160
f 1142/1090/160 1167/1115/160 1166/1113/160
f 1143/1092/160 1168/1116/160 1167/1115/160
f 1144/1093/160 1169/1117/160 1168/1116/160
f 1145/1094/160 1170/1118/160 1169/1117/160
f 1147/1096/160 1170/1118/160 1146/1095/160
f 1148/1097/160 1171/1119/160 1147/1096/160
f 1149/1098/160 1172/1120/160 1148/1097/160
f 1150/1100/160 1173/1121/160 1149/1098/160
f 1151/1122/160 1174/1123/160 1150/1100/160
f 1152/1089/253 1175/1112/253 1151/1089/253
f 1152/1089/254 1153/1112/254 1176/1112/254
f 1153/1102/255 1178/1124/255 1177/1125/255
f 1154/1101/255 1179/1126/255 1178/1124/255
f 1155/1103/255 1180/1127/255 1179/1126/255
f 1156/1104/255 1181/1128/255 1180/1127/255
f 1157/1105/255 1182/1129/255 1181/1128/255
f 1159/1107/255 1182/1129/255 1158/1106/255
f 1160/1108/255 1183/1130/255 1159/1107/255
f 1161/1109/255 1184/1131/255 1160/1108/255
f 1162/1111/255 1185/1132/255 1161/1109/255
f 1163/1133/255 1186/1134/255 1162/1111/255
f 1164/1112/256 1187/1135/256 1163/1112/256
f 1164/1112/257 1189/1135/257 1188/1135/257
f 1165/1114/258 1190/1136/258 1189/1137/258
f 1166/1113/258 1191/1138/258 1190/1136/258
f 1167/1115/258 1192/1139/258 1191/1138/258
f 1168/1116/258 1193/1140/258 1192/1139/258
f 1169/1117/258 1194/1141/258 1193/1140/258
f 1171/1119/258 1194/1141/258 1170/1118/258
f 1172/1120/258 1195/1142/258 1171/1119/258
f 1173/1121/258 1196/1143/258 1172/1120/258
f 1174/1123/258 1197/1144/258 1173/1121/258
f 1175/1145/258 1198/1146/258 1174/1123/258
f 1176/1112/259 1199/1135/259 1175/1112/259
f 1176/1112/260 1177/1135/260 1200/1135/260
f 1177/1125/261 1202/1147/261 1201/1148/261
f 1178/1124/261 1203/1149/261 1202/1147/261
f 1179/1126/261 1204/1150/261 1203/1149/261
f 1180/1127/261 1205/1151/261 1204/1150/261
f 1181/1128/261 1206/1152/261 1205/1151/261
f 1183/1130/261 1206/1152/261 1182/1129/261
f 1184/1131/261 1207/1153/261 1183/1130/261
f 1185/1132/261 1208/1154/261 1184/1131/261
f 1186/1134/261 1209/1155/261 1185/1132/261
f 1187/1156/261 1210/1157/261 1186/1134/261
f 1187/1135/262 1212/1158/262 1211/1158/262
f 1188/1135/263 1213/1158/263 1212/1158/263
f 1189/1137/264 1214/1159/264 1213/1160/264
f 1190/1136/264 1215/1161/264 1214/1159/264
f 1191/1138/264 1216/1162/264 1215/1161/264
f 1192/1139/264 1217/1163/264 1216/1162/264
f 1193/1140/264 1218/1164/264 1217/1163/264
f 1195/1142/264 1218/1164/264 1194/1141/264
f 1196/1143/264 1219/1165/264 1195/1142/264
f 1197/1144/264 1220/1166/264 1196/1143/264
f 1198/1146/264 1221/1167/264 1197/1144/264
f 1199/1168/264 1222/1169/264 1198/1146/264
f 1200/1135/265 1223/1158/265 1199/1135/265
f 1177/1135/266 1224/1158/266 1200/1135/266
f 1202/1147/267 1225/1170/267 1201/1148/267
f 1203/1149/267 1226/1171/267 1202/1147/267
f 1204/1150/267 1227/1172/267 1203/1149/267
f 1205/1151/267 1228/1173/267 1204/1150/267
f 1206/1152/267 1229/1174/267 1205/1151/267
f 1206/1152/267 1231/1175/267 1230/1176/267
f 1207/1153/267 1232/1177/267 1231/1175/267
f 1208/1154/267 1233/1178/267 1232/1177/267
f 1209/1155/267 1234/1179/267 1233/1178/267
f 1210/1157/267 1235/1180/267 1234/1179/267
f 1211/1158/268 1236/1181/268 1235/1181/268
f 1212/1158/269 1237/1181/269 1236/1181/269
f 1214/1159/270 1237/1182/270 1213/1160/270
f 1215/1161/270 1238/1183/270 1214/1159/270
f 1216/1162/270 1239/1184/270 1215/1161/270
f 1217/1163/270 1240/1185/270 1216/1162/270
f 1218/1164/270 1241/1186/270 1217/1163/270
f 1218/1164/270 1243/1187/270 1242/1188/270
f 1219/1165/270 1244/1189/270 1243/1187/270
f 1220/1166/270 1245/1190/270 1244/1189/270
f 1221/1167/270 1246/1191/270 1245/1190/270
f 1222/1169/270 1247/1192/270 1246/1191/270
f 1224/1158/271 1247/1181/271 1223/1158/271
f 1201/1158/272 1248/1181/272 1224/1158/272
f 1226/1171/273 1249/1193/273 1225/1170/273
f 1227/1172/273 1250/1194/273 1226/1171/273
f 1228/1173/273 1251/1195/273 1227/1172/273
f 1229/1174/273 1252/1196/273 1228/1173/273
f 1230/1176/273 1253/1197/273 1229/1174/273
f 1230/1176/273 1255/1198/273 1254/1199/273
f 1231/1175/273 1256/1200/273 1255/1198/273
f 1232/1177/273 1257/1201/273 1256/1200/273
f 1233/1178/273 1258/1202/273 1257/1201/273
f 1234/1179/273 1259/1203/273 1258/1202/273
f 1235/1181/274 1260/1204/274 1259/1204/274
f 1236/1181/275 1261/1204/275 1260/1204/275
f 1238/1183/276 1261/1205/276 1237/1182/276
f 1239/1184/276 1262/1206/276 1238/1183/276
f 1240/1185/276 1263/1207/276 1239/1184/276
f 1241/1186/276 1264/1208/276 1240/1185/276
f 1242/1188/276 1265/1209/276 1241/1186/276
f 1242/1188/276 1267/1210/276 1266/1211/276
f 1243/1187/276 1268/1212/276 1267/1210/276
f 1244/1189/276 1269/1213/276 1268/1212/276
f 1245/1190/276 1270/1214/276 1269/1213/276
f 1246/1191/276 1271/1215/276 1270/1214/276
f 1248/1181/277 1271/1204/277 1247/1181/277
f 1225/1181/278 1272/1204/278 1248/1181/278
f 1250/1194/279 1273/1216/279 1249/1193/279
f 1251/1195/279 1274/1217/279 1250/1194/279
f 1252/1196/279 1275/1218/279 1251/1195/279
f 1253/1197/279 1276/1219/279 1252/1196/279
f 1254/1199/279 1277/1220/279 1253/1197/279
f 1254/1199/279 1279/1221/279 1278/1222/279
f 1255/1198/279 1280/1223/279 1279/1221/279
f 1256/1200/279 1281/1224/279 1280/1223/279
f 1257/1201/279 1282/1225/279 1281/1224/279
f 1258/1202/279 1283/1226/279 1282/1225/279
f 1259/1204/280 1284/1227/280 1283/1227/280
f 1260/1204/281 1285/1227/281 1284/1227/281
f 1262/1206/282 1285/1228/282 1261/1205/282
f 1263/1207/282 1286/1229/282 1262/1206/282
f 1264/1208/282 1287/1230/282 1263/1207/282
f 1265/1209/282 1288/1231/282 1264/1208/282
f 1266/1211/282 1289/1232/282 1265/1209/282
f 1266/1211/282 1291/1233/282 1290/1234/282
f 1267/1210/282 1292/1235/282 1291/1233/282
f 1268/1212/282 1293/1236/282 1292/1235/282
f 1269/1213/282 1294/1237/282 1293/1236/282
f 1270/1214/282 1295/1238/282 1294/1237/282
f 1272/1204/283 1295/1227/283 1271/1204/283
f 1249/1204/284 1296/1227/284 1272/1204/284
f 1274/1217/285 1297/1239/285 1273/1216/285
f 1275/1218/285 1298/1240/285 1274/1217/285
f 1276/1219/285 1299/1241/285 1275/1218/285
f 1277/1220/285 1300/1242/285 1276/1219/285
f 1278/1222/285 1301/1243/285 1277/1220/285
f 1278/1222/285 1303/1244/285 1302/1245/285
f 1279/1221/285 1304/1246/285 1303/1244/285
f 1280/1223/285 1305/1247/285 1304/1246/285
f 1281/1224/285 1306/1248/285 1305/1247/285
f 1282/1225/285 1307/1249/285 1306/1248/285
f 1283/1227/286 1308/1250/286 1307/1250/286
f 1284/1227/287 1309/1250/287 1308/1250/287
f 1286/1229/288 1309/1251/288 1285/1228/288
f 1287/1230/288 1310/1252/288 1286/1229/288
f 1288/1231/288 1311/1253/288 1287/1230/288
f 1289/1232/288 1312/1254/288 1288/1231/288
f 1290/1234/288 1313/1255/288 1289/1232/288
f 1290/1234/288 1315/1256/288 1314/1257/288
f 1291/1233/288 1316/1258/288 1315/1256/288
f 1292/1235/288 1317/1259/288 1316/1258/288
f 1293/1236/288 1318/1260/288 1317/1259/288
f 1294/1237/288 1319/1261/288 1318/1260/288
f 1296/1227/289 1319/1250/289 1295/1227/289
f 1273/1227/290 1320/1250/290 1296/1227/290
f 1298/1240/291 1321/1262/291 1297/1239/291
f 1299/1241/291 1322/1263/291 1298/1240/291
f 1300/1242/291 1323/1264/291 1299/1241/291
f 1301/1243/291 1324/1265/291 1300/1242/291
f 1302/1245/291 1325/1266/291 1301/1243/291
f 1302/1245/291 1327/1267/291 1326/1268/291
f 1303/1244/291 1328/1269/291 1327/1267/291
f 1304/1246/291 1329/1270/291 1328/1269/291
f 1305/1247/291 1330/1271/291 1329/1270/291
f 1306/1248/291 1331/1272/291 1330/1271/291
f 1307/1250/292 1332/1273/292 1331/1273/292
f 1308/1250/293 1333/1273/293 1332/1273/293
f 1310/1252/294 1333/1274/294 1309/1251/294
f 1311/1253/294 1334/1275/294 1310/1252/294
f 1312/1254/294 1335/1276/294 1311/1253/294
f 1313/1255/294 1336/1277/294 1312/1254/294
f 1314/1257/294 1337/1278/294 1313/1255/294
f 1314/1257/294 1339/1279/294 1338/1280/294
f 1315/1256/294 1340/1281/294 1339/1279/294
f 1316/1258/294 1341/1282/294 1340/1281/294
f 1317/1259/294 1342/1283/294 1341/1282/294
f 1318/1260/294 1343/1284/294 1342/1283/294
f 1320/1250/295 1343/1273/295 1319/1250/295
f 1297/1250/296 1344/1273/296 1320/1250/296
f 1322/1263/297 1345/1285/297 1321/1262/297
f 1323/1264/297 1346/1286/297 1322/1263/297
f 1324/1265/297 1347/1287/297 1323/1264/297
f 1325/1266/297 1348/1288/297 1324/1265/297
f 1326/1268/297 1349/1289/297 1325/1266/297
f 1326/1268/297 1351/1290/297 1350/1291/297
f 1327/1267/297 1352/1292/297 1351/1290/297
f 1328/1269/297 1353/1293/297 1352/1292/297
f 1329/1270/297 1354/1294/297 1353/1293/297
f 1330/1271/297 1355/1295/297 1354/1294/297
f 1331/1273/298 1356/1296/298 1355/1296/298
f 1332/1273/299 1357/1296/299 1356/1296/299
f 1334/1275/300 1357/1297/300 1333/1274/300
f 1335/1276/300 1358/1298/300 1334/1275/300
f 1336/1277/300 1359/1299/300 1335/1276/300
f 1337/1278/300 1360/1300/300 1336/1277/300
f 1338/1280/300 1361/1301/300 1337/1278/300
f 1338/1280/300 1363/1302/300 1362/1303/300
f 1339/1279/300 1364/1304/300 1363/1302/300
f 1340/1281/300 1365/1305/300 1364/1304/300
f 1341/1282/300 1366/1306/300 1365/1305/300
f 1342/1283/300 1367/1307/300 1366/1306/300
f 1344/1273/301 1367/1296/301 1343/1273/301
f 1321/1273/302 1368/1296/302 1344/1273/302
f 1346/1286/303 1369/1308/303 1345/1285/303
f 1347/1287/303 1370/1309/303 1346/1286/303
f 1348/1288/303 1371/1310/303 1347/1287/303
f 1349/1289/303 1372/1311/303 1348/1288/303
f 1350/1291/303 1373/1312/303 1349/1289/303
f 1350/1291/303 1375/1313/303 1374/1314/303
f 1351/1290/303 1376/1315/303 1375/1313/303
f 1352/1292/303 1377/1316/303 1376/1315/303
f 1353/1293/303 1378/1317/303 1377/1316/303
f 1354/1294/303 1379/1318/303 1378/1317/303
f 1355/1296/304 1380/1319/304 1379/1319/304
f 1356/1296/305 1381/1319/305 1380/1319/305
f 1358/1298/306 1381/1320/306 1357/1297/306
f 1359/1299/306 1382/1321/306 1358/1298/306
f 1360/1300/306 1383/1322/306 1359/1299/306
f 1361/1301/306 1384/1323/306 1360/1300/306
f 1362/1303/306 1385/1324/306 1361/1301/306
f 1362/1303/306 1387/1325/306 1386/1326/306
f 1363/1302/306 1388/1327/306 1387/1325/306
f 1364/1304/306 1389/1328/306 1388/1327/306
f 1365/1305/306 1390/1329/306 1389/1328/306
f 1366/1306/306 1391/1330/306 1390/1329/306
f 1368/1296/307 1391/1319/307 1367/1296/307
f 1345/1296/308 1392/1319/308 1368/1296/308
f 1370/1309/309 1393/1331/309 1369/1308/309
f 1371/1310/309 1394/1332/309 1370/1309/309
f 1372/1311/309 1395/1333/309 1371/1310/309
f 1373/1312/309 1396/1334/309 1372/1311/309
f 1374/1314/309 1397/1335/309 1373/1312/309
f 1374/1314/309 1399/1336/309 1398/1337/309
f 1375/1313/309 1400/1338/309 1399/1336/309
f 1376/1315/309 1401/1339/309 1400/1338/309
f 1377/1316/309 1402/1340/309 1401/1339/309
f 1378/1317/309 1403/1341/309 1402/1340/309
f 1379/1319/310 1404/1342/310 1403/1342/310
f 1380/1319/311 1405/1342/311 1404/1342/311
f 1382/1321/312 1405/1343/312 1381/1320/312
f 1383/1322/312 1406/1344/312 1382/1321/312
f 1384/1323/312 1407/1345/312 1383/1322/312
f 1385/1324/312 1408/1346/312 1384/1323/312
f 1386/1326/312 1409/1347/312 1385/1324/312
f 1386/1326/312 1411/1348/312 1410/1349/312
f 1387/1325/312 1412/1350/312 1411/1348/312
f 1388/1327/312 1413/1351/312 1412/1350/312
f 1389/1328/312 1414/1352/312 1413/1351/312
f 1390/1329/312 1415/1353/312 1414/1352/312
f 1392/1319/313 1415/1342/313 1391/1319/313
f 1369/1319/314 1416/1342/314 1392/1319/314
f 1394/1332/315 1417/1354/315 1393/1331/315
f 1395/1333/315 1418/1355/315 1394/1332/315
f 1396/1334/315 1419/1356/315 1395/1333/315
f 1397/1335/315 1420/1357/315 1396/1334/315
f 1398/1337/315 1421/1358/315 1397/1335/315
f 1398/1337/315 1423/1359/315 1422/1360/315
f 1399/1336/315 1424/1361/315 1423/1359/315
f 1400/1338/315 1425/1362/315 1424/1361/315
f 1401/1339/315 1426/1363/315 1425/1362/315
f 1402/1340/315 1427/1364/315 1426/1363/315
f 1403/1342/316 1428/1365/316 1427/1365/316
f 1404/1342/317 1429/1365/317 1428/1365/317
f 1406/1344/318 1429/1366/318 1405/1343/318
f 1407/1345/318 1430/1367/318 1406/1344/318
f 1408/1346/318 1431/1368/318 1407/1345/318
f 1409/1347/318 1432/1369/318 1408/1346/318
f 1410/1349/318 1433/1370/318 1409/1347/318
f 1410/1349/318 1435/1371/318 1434/1372/318
f 1411/1348/318 1436/1373/318 1435/1371/318
f 1412/1350/318 1437/1374/318 1436/1373/318
f 1413/1351/318 1438/1375/318 1437/1374/318
f 1414/1352/318 1439/1376/318 1438/1375/318
f 1416/1342/319 1439/1365/319 1415/1342/319
f 1393/1342/320 1440/1365/320 1416/1342/320
f 1418/1355/321 1441/1377/321 1417/1354/321
f 1419/1356/321 1442/1378/321 1418/1355/321
f 1420/1357/321 1443/1379/321 1419/1356/321
f 1421/1358/321 1444/1380/321 1420/1357/321
f 1422/1360/321 1445/1381/321 1421/1358/321
f 1422/1360/321 1447/1382/321 1446/1383/321
f 1423/1359/321 1448/1384/321 1447/1382/321
f 1424/1361/321 1449/1385/321 1448/1384/321
f 1425/1362/321 1450/1386/321 1449/1385/321
f 1426/1363/321 1451/1387/321 1450/1386/321
f 1427/1365/322 1452/1388/322 1451/1388/322
f 1428/1365/323 1453/1388/323 1452/1388/323
f 1430/1367/324 1453/1389/324 1429/1366/324
f 1431/1368/324 1454/1390/324 1430/1367/324
f 1432/1369/324 1455/1391/324 1431/1368/324
f 1433/1370/324 1456/1392/324 1432/1369/324
f 1434/1372/324 1457/1393/324 1433/1370/324
f 1434/1372/324 1459/1394/324 1458/1395/324
f 1435/1371/324 1460/1396/324 1459/1394/324
f 1436/1373/324 1461/1397/324 1460/1396/324
f 1437/1374/324 1462/1398/324 1461/1397/324
f 1438/1375/324 1463/1399/324 1462/1398/324
f 1440/1365/325 1463/1388/325 1439/1365/325
f 1417/1365/326 1464/1388/326 1440/1365/326
f 1442/1378/327 1465/1400/327 1441/1377/327
f 1443/1379/327 1466/1401/327 1442/1378/327
f 1444/1380/327 1467/1402/327 1443/1379/327
f 1445/1381/327 1468/1403/327 1444/1380/327
f 1446/1383/327 1469/1404/327 1445/1381/327
f 1446/1383/327 1471/1405/327 1470/1406/327
f 1447/1382/327 1472/1407/327 1471/1405/327
f 1448/1384/327 1473/1408/327 1472/1407/327
f 1449/1385/327 1474/1409/327 1473/1408/327
f 1450/1386/327 1475/1410/327 1474/1409/327
f 1451/1388/328 1476/1411/328 1475/1411/328
f 1452/1388/329 1477/1411/329 1476/1411/329
f 1454/1390/330 1477/1412/330 1453/1389/330
f 1455/1391/330 1478/1413/330 1454/1390/330
f 1456/1392/330 1479/1414/330 1455/1391/330
f 1457/1393/330 1480/1415/330 1456/1392/330
f 1458/1395/330 1481/1416/330 1457/1393/330
f 1458/1395/330 1483/1417/330 1482/1418/330
f 1459/1394/330 1484/1419/330 1483/1417/330
f 1460/1396/330 1485/1420/330 1484/1419/330
f 1461/1397/330 1486/1421/330 1485/1420/330
f 1462/1398/330 1487/1422/330 1486/1421/330
f 1464/1388/331 1487/1411/331 1463/1388/331
f 1441/1388/332 1488/1411/332 1464/1388/332
f 1466/1401/333 1489/1423/333 1465/1400/333
f 1467/1402/333 1490/1424/333 1466/1401/333
f 1468/1403/333 1491/1425/333 1467/1402/333
f 1469/1404/333 1492/1426/333 1468/1403/333
f 1470/1406/333 1493/1427/333 1469/1404/333
f 1470/1406/333 1495/1428/333 1494/1429/333
f 1471/1405/333 1496/1430/333 1495/1428/333
f 1472/1407/333 1497/1431/333 1496/1430/333
f 1473/1408/333 1498/1432/333 1497/1431/333
f 1474/1409/333 1499/1433/333 1498/1432/333
f 1475/1411/334 1500/1434/334 1499/1434/334
f 1476/1411/335 1501/1434/335 1500/1434/335
f 1478/1413/336 1501/1435/336 1477/1412/336
f 1479/1414/336 1502/1436/336 1478/1413/336
f 1480/1415/336 1503/1437/336 1479/1414/336
f 1481/1416/336 1504/1438/336 1480/1415/336
f 1482/1418/336 1505/1439/336 1481/1416/336
f 1482/1418/336 1507/1440/336 1506/1441/336
f 1483/1417/336 1508/1442/336 1507/1440/336
f 1484/1419/336 1509/1443/336 1508/1442/336
f 1485/1420/336 1510/1444/336 1509/1443/336
f 1486/1421/336 1511/1445/336 1510/1444/336
f 1488/1411/337 1511/1434/337 1487/1411/337
f 1465/1411/338 1512/1434/338 1488/1411/338
f 1490/1424/339 1513/1446/339 1489/1423/339
f 1491/1425/339 1514/1447/339 1490/1424/339
f 1492/1426/339 1515/1448/339 1491/1425/339
f 1493/1427/339 1516/1449/339 1492/1426/339
f 1494/1429/339 1517/1450/339 1493/1427/339
f 1494/1429/339 1519/1451/339 1518/1452/339
f 1495/1428/339 1520/1453/339 1519/1451/339
f 1496/1430/339 1521/1454/339 1520/1453/339
f 1497/1431/339 1522/1455/339 1521/1454/339
f 1498/1432/339 1523/1456/339 1522/1455/339
f 1499/1434/340 1524/1457/340 1523/1457/340
f 1500/1434/341 1525/1457/341 1524/1457/341
f 1502/1436/342 1525/1458/342 1501/1435/342
f 1503/1437/342 1526/1459/342 1502/1436/342
f 1504/1438/342 1527/1460/342 1503/1437/342
f 1505/1439/342 1528/1461/342 1504/1438/342
f 1506/1441/342 1529/1462/342 1505/1439/342
f 1506/1441/342 1531/1463/342 1530/1464/342
f 1507/1440/342 1532/1465/342 1531/1463/342
f 1508/1442/342 1533/1466/342 1532/1465/342
f 1509/1443/342 1534/1467/342 1533/1466/342
f 1510/1444/342 1535/1468/342 1534/1467/342
f 1512/1434/343 1535/1457/343 1511/1434/343
f 1489/1434/344 1536/1457/344 1512/1434/344
f 1514/1447/345 1537/1469/345 1513/1446/345
f 1515/1448/345 1538/1470/345 1514/1447/345
f 1516/1449/345 1539/1471/345 1515/1448/345
f 1517/1450/345 1540/1472/345 1516/1449/345
f 1518/1452/345 1541/1473/345 1517/1450/345
f 1518/1452/345 1543/1474/345 1542/1475/345
f 1519/1451/345 1544/1476/345 1543/1474/345
f 1520/1453/345 1545/1477/345 1544/1476/345
f 1521/1454/345 1546/1478/345 1545/1477/345
f 1522/1455/345 1547/1479/345 1546/1478/345
f 1523/1457/346 1548/1480/346 1547/1480/346
f 1524/1457/347 1549/1480/347 1548/1480/347
f 1526/1459/348 1549/1481/348 1525/1458/348
f 1527/1460/348 1550/1482/348 1526/1459/348
f 1528/1461/348 1551/1483/348 1527/1460/348
f 1529/1462/348 1552/1484/348 1528/1461/348
f 1530/1464/348 1553/1485/348 1529/1462/348
f 1530/1464/348 1555/1486/348 1554/1487/348
f 1531/1463/348 1556/1488/348 1555/1486/348
f 1532/1465/348 1557/1489/348 1556/1488/348
f 1533/1466/348 1558/1490/348 1557/1489/348
f 1534/1467/348 1559/1491/348 1558/1490/348
f 1536/1457/349 1559/1480/349 1535/1457/349
f 1513/1457/350 1560/1480/350 1536/1457/350
f 1538/1470/351 1561/1492/351 1537/1469/351
f 1539/1471/351 1562/1493/351 1538/1470/351
f 1540/1472/351 1563/1494/351 1539/1471/351
f 1541/1473/351 1564/1495/351 1540/1472/351
f 1542/1475/351 1565/1496/351 1541/1473/351
f 1542/1475/351 1567/1497/351 1566/1498/351
f 1543/1474/351 1568/1499/351 1567/1497/351
f 1544/1476/351 1569/1500/351 1568/1499/351
f 1545/1477/351 1570/1501/351 1569/1500/351
f 1546/1478/351 1571/1502/351 1570/1501/351
f 1547/1480/352 1572/1503/352 1571/1503/352
f 1548/1480/353 1573/1503/353 1572/1503/353
f 1550/1482/354 1573/1504/354 1549/1481/354
f 1551/1483/354 1574/1505/354 1550/1482/354
f 1552/1484/354 1575/1506/354 1551/1483/354
f 1553/1485/354 1576/1507/354 1552/1484/354
f 1554/1487/354 1577/1508/354 1553/1485/354
f 1554/1487/354 1579/1509/354 1578/1510/354
f 1555/1486/354 1580/1511/354 1579/1509/354
f 1556/1488/354 1581/1512/354 1580/1511/354
f 1557/1489/354 1582/1513/354 1581/1512/354
f 1558/1490/354 1583/1514/354 1582/1513/354
f 1560/1480/355 1583/1503/355 1559/1480/355
f 1537/1480/356 1584/1503/356 1560/1480/356
f 1562/1493/357 1585/1515/357 1561/1492/357
f 1563/1494/357 1586/1516/357 1562/1493/357
f 1564/1495/357 1587/1517/357 1563/1494/357
f 1565/1496/357 1588/1518/357 1564/1495/357
f 1566/1498/357 1589/1519/357 1565/1496/357
f 1566/1498/357 1591/1520/357 1590/1521/357
f 1567/1497/357 1592/1522/357 1591/1520/357
f 1568/1499/357 1593/1523/357 1592/1522/357
f 1569/1500/357 1594/1524/357 1593/1523/357
f 1570/1501/357 1595/1525/357 1594/1524/357
f 1571/1503/358 1596/1526/358 1595/1526/358
f 1572/1503/359 1597/1526/359 1596/1526/359
f 1574/1505/360 1597/1527/360 1573/1504/360
f 1575/1506/360 1598/1528/360 1574/1505/360
f 1576/1507/360 1599/1529/360 1575/1506/360
f 1577/1508/360 1600/1530/360 1576/1507/360
f 1578/1510/360 1601/1531/360 1577/1508/360
f 1578/1510/360 1603/1532/360 1602/1533/360
f 1579/1509/360 1604/1534/360 1603/1532/360
f 1580/1511/360 1605/1535/360 1604/1534/360
f 1581/1512/360 1606/1536/360 1605/1535/360
f 1582/1513/360 1607/1537/360 1606/1536/360
f 1584/1503/361 1607/1526/361 1583/1503/361
f 1561/1503/362 1608/1526/362 1584/1503/362
f 1586/1516/363 1609/1538/363 1585/1515/363
f 1587/1517/363 1610/1539/363 1586/1516/363
f 1588/1518/363 1611/1540/363 1587/1517/363
f 1589/1519/363 1612/1541/363 1588/1518/363
f 1590/1521/363 1613/1542/363 1589/1519/363
f 1590/1521/363 1615/1543/363 1614/1544/363
f 1591/1520/363 1616/1545/363 1615/1543/363
f 1592/1522/363 1617/1546/363 1616/1545/363
f 1593/1523/363 1618/1547/363 1617/1546/363
f 1594/1524/363 1619/1548/363 1618/1547/363
f 1595/1526/364 1620/1549/364 1619/1549/364
f 1596/1526/365 1621/1549/365 1620/1549/365
f 1598/1528/366 1621/1550/366 1597/1527/366
f 1599/1529/366 1622/1551/366 1598/1528/366
f 1600/1530/366 1623/1552/366 1599/1529/366
f 1601/1531/366 1624/1553/366 1600/1530/366
f 1602/1533/366 1625/1554/366 1601/1531/366
f 1602/1533/366 1627/1555/366 1626/1556/366
f 1603/1532/366 1628/1557/366 1627/1555/366
f 1604/1534/366 1629/1558/366 1628/1557/366
f 1605/1535/366 1630/1559/366 1629/1558/366
f 1606/1536/366 1631/1560/366 1630/1559/366
f 1608/1526/367 1631/1549/367 1607/1526/367
f 1585/1526/368 1632/1549/368 1608/1526/368
f 1610/1539/369 1633/1561/369 1609/1538/369
f 1611/1540/369 1634/1562/369 1610/1539/369
f 1612/1541/369 1635/1563/369 1611/1540/369
f 1613/1542/369 1636/1564/369 1612/1541/369
f 1614/1544/369 1637/1565/369 1613/1542/369
f 1614/1544/369 1639/1566/369 1638/1567/369
f 1615/1543/369 1640/1568/369 1639/1566/369
f 1616/1545/369 1641/1569/369 1640/1568/369
f 1617/1546/369 1642/1570/369 1641/1569/369
f 1618/1547/369 1643/1571/369 1642/1570/369
f 1619/1549/370 1644/1572/370 1643/1572/370
f 1620/1549/371 1645/1572/371 1644/1572/371
f 1622/1551/372 1645/1573/372 1621/1550/372
f 1623/1552/372 1646/1574/372 1622/1551/372
f 1624/1553/372 1647/1575/372 1623/1552/372
f 1625/1554/372 1648/1576/372 1624/1553/372
f 1626/1556/372 1649/1577/372 1625/1554/372
f 1626/1556/372 1651/1578/372 1650/1579/372
f 1627/1555/372 1652/1580/372 1651/1578/372
f 1628/1557/372 1653/1581/372 1652/1580/372
f 1629/1558/372 1654/1582/372 1653/1581/372
f 1630/1559/372 1655/1583/372 1654/1582/372
f 1632/1549/373 1655/1572/373 1631/1549/373
f 1609/1549/374 1656/1572/374 1632/1549/374
f 1634/1562/375 1657/1584/375 1633/1561/375
f 1635/1563/375 1658/1585/375 1634/1562/375
f 1636/1564/375 1659/1586/375 1635/1563/375
f 1637/1565/375 1660/1587/375 1636/1564/375
f 1638/1567/375 1661/1588/375 1637/1565/375
f 1638/1567/375 1663/1589/375 1662/1590/375
f 1639/1566/375 1664/1591/375 1663/1589/375
f 1640/1568/375 1665/1592/375 1664/1591/375
f 1641/1569/375 1666/1593/375 1665/1592/375
f 1642/1570/375 1667/1594/375 1666/1593/375
f 1643/1572/376 1668/1595/376 1667/1595/376
f 1644/1572/377 1669/1595/377 1668/1595/377
f 1646/1574/378 1669/1596/378 1645/1573/378
f 1647/1575/378 1670/1597/378 1646/1574/378
f 1648/1576/378 1671/1598/378 1647/1575/378
f 1649/1577/378 1672/1599/378 1648/1576/378
f 1650/1579/378 1673/1600/378 1649/1577/378
f 1650/1579/378 1675/1601/378 1674/1602/378
f 1651/1578/378 1676/1603/378 1675/1601/378
f 1652/1580/378 1677/1604/378 1676/1603/378
f 1653/1581/378 1678/1605/378 1677/1604/378
f 1654/1582/378 1679/1606/378 1678/1605/378
f 1656/1572/379 1679/1595/379 1655/1572/379
f 1633/1572/380 1680/1595/380 1656/1572/380
f 1658/1585/381 1681/1607/381 1657/1584/381
f 1659/1586/381 1682/1608/381 1658/1585/381
f 1660/1587/381 1683/1609/381 1659/1586/381
f 1661/1588/381 1684/1610/381 1660/1587/381
f 1662/1590/381 1685/1611/381 1661/1588/381
f 1662/1590/382 1687/1612/382 1686/1613/382
f 1663/1589/382 1688/1614/382 1687/1612/382
f 1664/1591/382 1689/1615/382 1688/1614/382
f 1665/1592/382 1690/1616/382 1689/1615/382
f 1666/1593/382 1691/1617/382 1690/1616/382
f 1667/1595/383 1692/1618/383 1691/1618/383
f 1668/1595/384 1693/1618/384 1692/1618/384
f 1670/1597/385 1693/1619/385 1669/1596/385
f 1671/1598/385 1694/1620/385 1670/1597/385
f 1672/1599/385 1695/1621/385 1671/1598/385
f 1673/1600/385 1696/1622/385 1672/1599/385
f 1674/1602/385 1697/1623/385 1673/1600/385
f 1674/1602/386 1699/1624/386 1698/1625/386
f 1675/1601/386 1700/1626/386 1699/1624/386
f 1676/1603/386 1701/1627/386 1700/1626/386
f 1677/1604/386 1702/1628/386 1701/1627/386
f 1678/1605/386 1703/1629/386 1702/1628/386
f 1680/1595/387 1703/1618/387 1679/1595/387
f 1657/1595/388 1704/1618/388 1680/1595/388
f 1682/1608/389 1705/1630/389 1681/1607/389
f 1683/1609/390 1706/1631/390 1682/1608/390
f 1684/1610/390 1707/1632/390 1683/1609/390
f 1685/1611/390 1708/1633/390 1684/1610/390
f 1686/1613/390 1709/1634/390 1685/1611/390
f 1686/1613/391 1711/1635/391 1710/1636/391
f 1687/1612/390 1712/1637/390 1711/1635/390
f 1688/1614/391 1713/1638/391 1712/1637/391
f 1689/1615/390 1714/1639/390 1713/1638/390
f 1690/1616/391 1715/1640/391 1714/1639/391
f 1691/1618/392 1716/1641/392 1715/1641/392
f 1693/1618/393 1716/1641/393 1692/1618/393
f 1694/1620/394 1717/1642/394 1693/1619/394
f 1695/1621/395 1718/1643/395 1694/1620/395
f 1696/1622/395 1719/1644/395 1695/1621/395
f 1697/1623/395 1720/1645/395 1696/1622/395
f 1698/1625/395 1721/1646/395 1697/1623/395
f 1698/1625/396 1723/1647/396 1722/1648/396
f 1699/1624/395 1724/1649/395 1723/1647/395
f 1700/1626/396 1725/1650/396 1724/1649/396
f 1701/1627/395 1726/1651/395 1725/1650/395
f 1702/1628/396 1727/1652/396 1726/1651/396
f 1703/1618/397 1728/1641/397 1727/1641/397
f 1681/1618/398 1728/1641/398 1704/1618/398
f 1706/1631/399 1729/1653/399 1705/1630/399
f 1707/1632/399 1730/1654/399 1706/1631/399
f 1708/1633/399 1731/1655/399 1707/1632/399
f 1709/1634/399 1732/1656/399 1708/1633/399
f 1710/1636/399 1733/1657/399 1709/1634/399
f 1710/1636/400 1735/1658/400 1734/1659/400
f 1711/1635/400 1736/1660/400 1735/1658/400
f 1712/1637/400 1737/1661/400 1736/1660/400
f 1713/1638/399 1738/1662/399 1737/1661/399
f 1714/1639/401 1739/1663/401 1738/1662/401
f 1715/1641/402 1740/1664/402 1739/1664/402
f 1717/1641/403 1740/1664/403 1716/1641/403
f 1718/1643/404 1741/1665/404 1717/1642/404
f 1719/1644/404 1742/1666/404 1718/1643/404
f 1720/1645/404 1743/1667/404 1719/1644/404
f 1721/1646/404 1744/1668/404 1720/1645/404
f 1722/1648/404 1745/1669/404 1721/1646/404
f 1722/1648/405 1747/1670/405 1746/1671/405
f 1723/1647/405 1748/1672/405 1747/1670/405
f 1724/1649/405 1749/1673/405 1748/1672/405
f 1725/1650/404 1750/1674/404 1749/1673/404
f 1726/1651/406 1751/1675/406 1750/1674/406
f 1727/1641/407 1752/1664/407 1751/1664/407
f 1705/1641/408 1752/1664/408 1728/1641/408
f 14/22/409 13/22/409 12/22/409
f 1742/1664/410 1743/1664/410 1740/1664/410
f 1/1/1 2/4/1 26/2/1
f 2/4/1 3/6/1 27/5/1
f 3/6/3 4/8/3 28/7/3
f 4/8/2 5/10/2 29/9/2
f 5/10/2 6/13/2 30/11/2
f 7/12/1 31/15/1 30/11/1
f 8/14/1 32/17/1 31/15/1
f 9/16/1 33/19/1 32/17/1
f 10/18/1 34/21/1 33/19/1
f 11/20/1 35/54/1 34/21/1
f 12/22/411 36/23/411 35/23/411
f 12/22/412 13/22/412 37/23/412
f 13/24/6 14/27/6 38/25/6
f 14/27/6 15/29/6 39/28/6
f 15/29/9 16/31/9 40/30/9
f 16/31/8 17/33/8 41/32/8
f 17/33/8 18/36/8 42/34/8
f 19/35/7 43/38/7 42/34/7
f 20/37/6 44/40/6 43/38/6
f 21/39/6 45/42/6 44/40/6
f 22/41/7 46/44/7 45/42/7
f 23/43/6 47/66/6 46/44/6
f 24/22/413 48/23/413 47/23/413
f 24/22/414 1/22/414 25/23/414
f 25/3/13 26/2/13 50/45/13
f 26/2/13 27/5/13 51/47/13
f 27/5/13 28/7/13 52/48/13
f 28/7/13 29/9/13 53/49/13
f 29/9/13 30/11/13 54/50/13
f 31/15/12 55/51/12 54/50/12
f 32/17/12 56/52/12 55/51/12
f 33/19/12 57/53/12 56/52/12
f 34/21/12 58/55/12 57/53/12
f 35/54/12 59/77/12 58/55/12
f 36/23/415 60/56/415 59/56/415
f 36/23/416 37/23/416 61/56/416
f 37/26/18 38/25/18 62/57/18
f 38/25/18 39/28/18 63/59/18
f 39/28/18 40/30/18 64/60/18
f 40/30/18 41/32/18 65/61/18
f 41/32/18 42/34/18 66/62/18
f 43/38/17 67/63/17 66/62/17
f 44/40/17 68/64/17 67/63/17
f 45/42/17 69/65/17 68/64/17
f 46/44/17 70/67/17 69/65/17
f 47/66/16 71/89/16 70/67/16
f 48/23/417 72/56/417 71/56/417
f 48/23/418 25/23/418 49/56/418
f 49/46/22 50/45/22 74/68/22
f 50/45/22 51/47/22 75/70/22
f 51/47/22 52/48/22 76/71/22
f 52/48/22 53/49/22 77/72/22
f 53/49/22 54/50/22 78/73/22
f 55/51/21 79/74/21 78/73/21
f 56/52/21 80/75/21 79/74/21
f 57/53/21 81/76/21 80/75/21
f 58/55/21 82/78/21 81/76/21
f 59/77/21 83/100/21 82/78/21
f 60/56/419 84/79/419 83/79/419
f 61/56/420 85/79/420 84/79/420
f 61/58/26 62/57/26 86/80/26
f 62/57/26 63/59/26 87/82/26
f 63/59/26 64/60/26 88/83/26
f 64/60/26 65/61/26 89/84/26
f 65/61/26 66/62/26 90/85/26
f 67/63/25 91/86/25 90/85/25
f 68/64/25 92/87/25 91/86/25
f 69/65/25 93/88/25 92/87/25
f 70/67/25 94/90/25 93/88/25
f 71/89/25 95/112/25 94/90/25
f 71/56/421 72/56/421 96/79/421
f 72/56/422 49/56/422 73/79/422
f 73/69/29 74/68/29 98/91/29
f 74/68/29 75/70/29 99/93/29
f 75/70/29 76/71/29 100/94/29
f 76/71/29 77/72/29 101/95/29
f 77/72/29 78/73/29 102/96/29
f 79/74/29 103/97/29 102/96/29
f 80/75/29 104/98/29 103/97/29
f 81/76/29 105/99/29 104/98/29
f 82/78/29 106/101/29 105/99/29
f 83/100/29 107/123/29 106/101/29
f 84/79/423 108/102/423 107/102/423
f 85/79/424 109/102/424 108/102/424
f 85/81/32 86/80/32 110/103/32
f 86/80/32 87/82/32 111/105/32
f 87/82/32 88/83/32 112/106/32
f 88/83/32 89/84/32 113/107/32
f 89/84/32 90/85/32 114/108/32
f 91/86/32 115/109/32 114/108/32
f 92/87/32 116/110/32 115/109/32
f 93/88/32 117/111/32 116/110/32
f 94/90/32 118/113/32 117/111/32
f 95/112/32 119/135/32 118/113/32
f 95/79/425 96/79/425 120/102/425
f 96/79/426 73/79/426 97/102/426
f 97/92/35 98/91/35 122/114/35
f 98/91/35 99/93/35 123/116/35
f 99/93/35 100/94/35 124/117/35
f 100/94/35 101/95/35 125/118/35
f 101/95/35 102/96/35 126/119/35
f 103/97/35 127/120/35 126/119/35
f 104/98/35 128/121/35 127/120/35
f 105/99/35 129/122/35 128/121/35
f 106/101/35 130/124/35 129/122/35
f 107/123/35 131/146/35 130/124/35
f 108/102/427 132/125/427 131/125/427
f 109/102/428 133/125/428 132/125/428
f 109/104/38 110/103/38 134/126/38
f 110/103/38 111/105/38 135/128/38
f 111/105/38 112/106/38 136/129/38
f 112/106/38 113/107/38 137/130/38
f 113/107/38 114/108/38 138/131/38
f 115/109/38 139/132/38 138/131/38
f 116/110/38 140/133/38 139/132/38
f 117/111/38 141/134/38 140/133/38
f 118/113/38 142/136/38 141/134/38
f 119/135/38 143/158/38 142/136/38
f 119/102/429 120/102/429 144/125/429
f 120/102/430 97/102/430 121/125/430
f 121/115/41 122/114/41 146/137/41
f 122/114/41 123/116/41 147/139/41
f 123/116/41 124/117/41 148/140/41
f 124/117/41 125/118/41 149/141/41
f 125/118/41 126/119/41 150/142/41
f 127/120/42 151/143/42 150/142/42
f 128/121/42 152/144/42 151/143/42
f 129/122/42 153/145/42 152/144/42
f 130/124/41 154/147/41 153/145/41
f 131/146/41 155/169/41 154/147/41
f 132/125/431 156/148/431 155/148/431
f 133/125/432 157/148/432 156/148/432
f 133/127/45 134/126/45 158/149/45
f 134/126/45 135/128/45 159/151/45
f 135/128/45 136/129/45 160/152/45
f 136/129/45 137/130/45 161/153/45
f 137/130/45 138/131/45 162/154/45
f 139/132/46 163/155/46 162/154/46
f 140/133/46 164/156/46 163/155/46
f 141/134/46 165/157/46 164/156/46
f 142/136/45 166/159/45 165/157/45
f 143/158/45 167/181/45 166/159/45
f 143/125/433 144/125/433 168/148/433
f 144/125/434 121/125/434 145/148/434
f 145/138/49 146/137/49 170/160/49
f 146/137/49 147/139/49 171/162/49
f 147/139/49 148/140/49 172/163/49
f 148/140/49 149/141/49 173/164/49
f 149/141/49 150/142/49 174/165/49
f 151/143/49 175/166/49 174/165/49
f 152/144/49 176/167/49 175/166/49
f 153/145/49 177/168/49 176/167/49
f 154/147/49 178/170/49 177/168/49
f 155/169/49 179/192/49 178/170/49
f 156/148/435 180/171/435 179/171/435
f 157/148/436 181/171/436 180/171/436
f 157/150/52 158/149/52 182/172/52
f 158/149/52 159/151/52 183/174/52
f 159/151/52 160/152/52 184/175/52
f 160/152/52 161/153/52 185/176/52
f 161/153/52 162/154/52 186/177/52
f 163/155/52 187/178/52 186/177/52
f 164/156/52 188/179/52 187/178/52
f 165/157/52 189/180/52 188/179/52
f 166/159/52 190/182/52 189/180/52
f 167/181/52 191/204/52 190/182/52
f 167/148/437 168/148/437 192/171/437
f 168/148/438 145/148/438 169/171/438
f 169/161/55 170/160/55 194/183/55
f 170/160/55 171/162/55 195/185/55
f 171/162/55 172/163/55 196/186/55
f 172/163/55 173/164/55 197/187/55
f 173/164/55 174/165/55 198/188/55
f 175/166/55 199/189/55 198/188/55
f 176/167/55 200/190/55 199/189/55
f 177/168/55 201/191/55 200/190/55
f 178/170/55 202/193/55 201/191/55
f 179/192/55 203/215/55 202/193/55
f 180/171/439 204/194/439 203/194/439
f 181/171/440 205/194/440 204/194/440
f 181/173/58 182/172/58 206/195/58
f 182/172/58 183/174/58 207/197/58
f 183/174/58 184/175/58 208/198/58
f 184/175/58 185/176/58 209/199/58
f 185/176/58 186/177/58 210/200/58
f 187/178/58 211/201/58 210/200/58
f 188/179/58 212/202/58 211/201/58
f 189/180/58 213/203/58 212/202/58
f 190/182/58 214/205/58 213/203/58
f 191/204/58 215/227/58 214/205/58
f 191/171/441 192/171/441 216/194/441
f 192/171/442 169/171/442 193/194/442
f 193/184/61 194/183/61 218/206/61
f 194/183/61 195/185/61 219/208/61
f 195/185/61 196/186/61 220/209/61
f 196/186/61 197/187/61 221/210/61
f 197/187/61 198/188/61 222/211/61
f 199/189/61 223/212/61 222/211/61
f 200/190/61 224/213/61 223/212/61
f 201/191/61 225/214/61 224/213/61
f 202/193/61 226/216/61 225/214/61
f 203/215/61 227/238/61 226/216/61
f 204/194/443 228/217/443 227/217/443
f 205/194/444 229/217/444 228/217/444
f 205/196/64 206/195/64 230/218/64
f 206/195/64 207/197/64 231/220/64
f 207/197/64 208/198/64 232/221/64
f 208/198/64 209/199/64 233/222/64
f 209/199/64 210/200/64 234/223/64
f 211/201/64 235/224/64 234/223/64
f 212/202/64 236/225/64 235/224/64
f 213/203/64 237/226/64 236/225/64
f 214/205/64 238/228/64 237/226/64
f 215/227/64 239/250/64 238/228/64
f 215/194/445 216/194/445 240/217/445
f 216/194/446 193/194/446 217/217/446
f 217/207/67 218/206/67 242/229/67
f 218/206/67 219/208/67 243/231/67
f 219/208/67 220/209/67 244/232/67
f 220/209/67 221/210/67 245/233/67
f 221/210/67 222/211/67 246/234/67
f 223/212/67 247/235/67 246/234/67
f 224/213/67 248/236/67 247/235/67
f 225/214/67 249/237/67 248/236/67
f 226/216/67 250/239/67 249/237/67
f 227/238/67 251/261/67 250/239/67
f 228/217/447 252/240/447 251/240/447
f 229/217/448 253/240/448 252/240/448
f 229/219/70 230/218/70 254/241/70
f 230/218/70 231/220/70 255/243/70
f 231/220/70 232/221/70 256/244/70
f 232/221/70 233/222/70 257/245/70
f 233/222/70 234/223/70 258/246/70
f 235/224/70 259/247/70 258/246/70
f 236/225/70 260/248/70 259/247/70
f 237/226/70 261/249/70 260/248/70
f 238/228/70 262/251/70 261/249/70
f 239/250/70 263/273/70 262/251/70
f 239/217/449 240/217/449 264/240/449
f 240/217/450 217/217/450 241/240/450
f 241/230/73 242/229/73 266/252/73
f 242/229/73 243/231/73 267/254/73
f 243/231/73 244/232/73 268/255/73
f 244/232/73 245/233/73 269/256/73
f 245/233/73 246/234/73 270/257/73
f 247/235/73 271/258/73 270/257/73
f 248/236/73 272/259/73 271/258/73
f 249/237/73 273/260/73 272/259/73
f 250/239/73 274/262/73 273/260/73
f 251/261/73 275/284/73 274/262/73
f 252/240/451 276/263/451 275/263/451
f 253/240/452 277/263/452 276/263/452
f 253/242/76 254/241/76 278/264/76
f 254/241/76 255/243/76 279/266/76
f 255/243/76 256/244/76 280/267/76
f 256/244/76 257/245/76 281/268/76
f 257/245/76 258/246/76 282/269/76
f 259/247/76 283/270/76 282/269/76
f 260/248/76 284/271/76 283/270/76
f 261/249/76 285/272/76 284/271/76
f 262/251/76 286/274/76 285/272/76
f 263/273/76 287/296/76 286/274/76
f 263/240/453 264/240/453 288/263/453
f 264/240/454 241/240/454 265/263/454
f 265/253/79 266/252/79 290/275/79
f 266/252/79 267/254/79 291/277/79
f 267/254/79 268/255/79 292/278/79
f 268/255/79 269/256/79 293/279/79
f 269/256/79 270/257/79 294/280/79
f 271/258/79 295/281/79 294/280/79
f 272/259/79 296/282/79 295/281/79
f 273/260/79 297/283/79 296/282/79
f 274/262/79 298/285/79 297/283/79
f 275/284/79 299/307/79 298/285/79
f 276/263/455 300/286/455 299/286/455
f 277/263/456 301/286/456 300/286/456
f 277/265/82 278/264/82 302/287/82
f 278/264/82 279/266/82 303/289/82
f 279/266/82 280/267/82 304/290/82
f 280/267/82 281/268/82 305/291/82
f 281/268/82 282/269/82 306/292/82
f 283/270/82 307/293/82 306/292/82
f 284/271/82 308/294/82 307/293/82
f 285/272/82 309/295/82 308/294/82
f 286/274/82 310/297/82 309/295/82
f 287/296/82 311/319/82 310/297/82
f 287/263/457 288/263/457 312/286/457
f 288/263/458 265/263/458 289/286/458
f 289/276/85 290/275/85 314/298/85
f 290/275/85 291/277/85 315/300/85
f 291/277/85 292/278/85 316/301/85
f 292/278/85 293/279/85 317/302/85
f 293/279/85 294/280/85 318/303/85
f 295/281/85 319/304/85 318/303/85
f 296/282/85 320/305/85 319/304/85
f 297/283/85 321/306/85 320/305/85
f 298/285/85 322/308/85 321/306/85
f 299/307/85 323/330/85 322/308/85
f 300/286/459 324/309/459 323/309/459
f 301/286/460 325/309/460 324/309/460
f 301/288/88 302/287/88 326/310/88
f 302/287/88 303/289/88 327/312/88
f 303/289/88 304/290/88 328/313/88
f 304/290/88 305/291/88 329/314/88
f 305/291/88 306/292/88 330/315/88
f 307/293/88 331/316/88 330/315/88
f 308/294/88 332/317/88 331/316/88
f 309/295/88 333/318/88 332/317/88
f 310/297/88 334/320/88 333/318/88
f 311/319/88 335/342/88 334/320/88
f 311/286/461 312/286/461 336/309/461
f 312/286/462 289/286/462 313/309/462
f 313/299/91 314/298/91 338/321/91
f 314/298/91 315/300/91 339/323/91
f 315/300/91 316/301/91 340/324/91
f 316/301/91 317/302/91 341/325/91
f 317/302/91 318/303/91 342/326/91
f 319/304/91 343/327/91 342/326/91
f 320/305/91 344/328/91 343/327/91
f 321/306/91 345/329/91 344/328/91
f 322/308/91 346/331/91 345/329/91
f 323/330/91 347/353/91 346/331/91
f 324/309/463 348/332/463 347/332/463
f 325/309/464 349/332/464 348/332/464
f 325/311/94 326/310/94 350/333/94
f 326/310/94 327/312/94 351/335/94
f 327/312/94 328/313/94 352/336/94
f 328/313/94 329/314/94 353/337/94
f 329/314/94 330/315/94 354/338/94
f 331/316/94 355/339/94 354/338/94
f 332/317/94 356/340/94 355/339/94
f 333/318/94 357/341/94 356/340/94
f 334/320/94 358/343/94 357/341/94
f 335/342/94 359/365/94 358/343/94
f 335/309/465 336/309/465 360/332/465
f 336/309/466 313/309/466 337/332/466
f 337/322/97 338/321/97 362/344/97
f 338/321/97 339/323/97 363/346/97
f 339/323/97 340/324/97 364/347/97
f 340/324/97 341/325/97 365/348/97
f 341/325/97 342/326/97 366/349/97
f 343/327/97 367/350/97 366/349/97
f 344/328/97 368/351/97 367/350/97
f 345/329/97 369/352/97 368/351/97
f 346/331/97 370/354/97 369/352/97
f 347/353/97 371/376/97 370/354/97
f 348/332/467 372/355/467 371/355/467
f 349/332/468 373/355/468 372/355/468
f 349/334/100 350/333/100 374/356/100
f 350/333/100 351/335/100 375/358/100
f 351/335/100 352/336/100 376/359/100
f 352/336/100 353/337/100 377/360/100
f 353/337/100 354/338/100 378/361/100
f 355/339/100 379/362/100 378/361/100
f 356/340/100 380/363/100 379/362/100
f 357/341/100 381/364/100 380/363/100
f 358/343/100 382/366/100 381/364/100
f 359/365/100 383/388/100 382/366/100
f 359/332/469 360/332/469 384/355/469
f 360/332/470 337/332/470 361/355/470
f 361/345/103 362/344/103 386/367/103
f 362/344/103 363/346/103 387/369/103
f 363/346/103 364/347/103 388/370/103
f 364/347/103 365/348/103 389/371/103
f 365/348/103 366/349/103 390/372/103
f 367/350/103 391/373/103 390/372/103
f 368/351/103 392/374/103 391/373/103
f 369/352/103 393/375/103 392/374/103
f 370/354/103 394/377/103 393/375/103
f 371/376/103 395/399/103 394/377/103
f 372/355/471 396/378/471 395/378/471
f 373/355/472 397/378/472 396/378/472
f 373/357/106 374/356/106 398/379/106
f 374/356/106 375/358/106 399/381/106
f 375/358/106 376/359/106 400/382/106
f 376/359/106 377/360/106 401/383/106
f 377/360/106 378/361/106 402/384/106
f 379/362/106 403/385/106 402/384/106
f 380/363/106 404/386/106 403/385/106
f 381/364/106 405/387/106 404/386/106
f 382/366/106 406/389/106 405/387/106
f 383/388/106 407/411/106 406/389/106
f 383/355/473 384/355/473 408/378/473
f 384/355/474 361/355/474 385/378/474
f 385/368/109 386/367/109 410/390/109
f 386/367/109 387/369/109 411/392/109
f 387/369/109 388/370/109 412/393/109
f 388/370/109 389/371/109 413/394/109
f 389/371/109 390/372/109 414/395/109
f 391/373/109 415/396/109 414/395/109
f 392/374/109 416/397/109 415/396/109
f 393/375/109 417/398/109 416/397/109
f 394/377/109 418/400/109 417/398/109
f 395/399/109 419/422/109 418/400/109
f 396/378/475 420/401/475 419/401/475
f 397/378/476 421/401/476 420/401/476
f 397/380/112 398/379/112 422/402/112
f 398/379/112 399/381/112 423/404/112
f 399/381/112 400/382/112 424/405/112
f 400/382/112 401/383/112 425/406/112
f 401/383/112 402/384/112 426/407/112
f 403/385/112 427/408/112 426/407/112
f 404/386/112 428/409/112 427/408/112
f 405/387/112 429/410/112 428/409/112
f 406/389/112 430/412/112 429/410/112
f 407/411/112 431/434/112 430/412/112
f 407/378/477 408/378/477 432/401/477
f 408/378/478 385/378/478 409/401/478
f 409/391/115 410/390/115 434/413/115
f 410/390/115 411/392/115 435/415/115
f 411/392/115 412/393/115 436/416/115
f 412/393/115 413/394/115 437/417/115
f 413/394/115 414/395/115 438/418/115
f 415/396/115 439/419/115 438/418/115
f 416/397/115 440/420/115 439/419/115
f 417/398/115 441/421/115 440/420/115
f 418/400/115 442/423/115 441/421/115
f 419/422/115 443/445/115 442/423/115
f 420/401/479 444/424/479 443/424/479
f 421/401/480 445/424/480 444/424/480
f 421/403/118 422/402/118 446/425/118
f 422/402/118 423/404/118 447/427/118
f 423/404/118 424/405/118 448/428/118
f 424/405/118 425/406/118 449/429/118
f 425/406/118 426/407/118 450/430/118
f 427/408/118 451/431/118 450/430/118
f 428/409/118 452/432/118 451/431/118
f 429/410/118 453/433/118 452/432/118
f 430/412/118 454/435/118 453/433/118
f 431/434/118 455/457/118 454/435/118
f 431/401/481 432/401/481 456/424/481
f 432/401/482 409/401/482 433/424/482
f 433/414/121 434/413/121 458/436/121
f 434/413/121 435/415/121 459/438/121
f 435/415/121 436/416/121 460/439/121
f 436/416/121 437/417/121 461/440/121
f 437/417/121 438/418/121 462/441/121
f 439/419/121 463/442/121 462/441/121
f 440/420/121 464/443/121 463/442/121
f 441/421/121 465/444/121 464/443/121
f 442/423/121 466/446/121 465/444/121
f 443/445/121 467/468/121 466/446/121
f 444/424/483 468/447/483 467/447/483
f 445/424/484 469/447/484 468/447/484
f 445/426/124 446/425/124 470/448/124
f 446/425/124 447/427/124 471/450/124
f 447/427/124 448/428/124 472/451/124
f 448/428/124 449/429/124 473/452/124
f 449/429/124 450/430/124 474/453/124
f 451/431/124 475/454/124 474/453/124
f 452/432/124 476/455/124 475/454/124
f 453/433/124 477/456/124 476/455/124
f 454/435/124 478/458/124 477/456/124
f 455/457/124 479/480/124 478/458/124
f 455/424/485 456/424/485 480/447/485
f 456/424/486 433/424/486 457/447/486
f 457/437/127 458/436/127 482/459/127
f 458/436/127 459/438/127 483/461/127
f 459/438/127 460/439/127 484/462/127
f 460/439/127 461/440/127 485/463/127
f 461/440/127 462/441/127 486/464/127
f 463/442/127 487/465/127 486/464/127
f 464/443/127 488/466/127 487/465/127
f 465/444/127 489/467/127 488/466/127
f 466/446/127 490/469/127 489/467/127
f 467/468/127 491/491/127 490/469/127
f 468/447/487 492/470/487 491/470/487
f 469/447/488 493/470/488 492/470/488
f 469/449/130 470/448/130 494/471/130
f 470/448/130 471/450/130 495/473/130
f 471/450/130 472/451/130 496/474/130
f 472/451/130 473/452/130 497/475/130
f 473/452/130 474/453/130 498/476/130
f 475/454/130 499/477/130 498/476/130
f 476/455/130 500/478/130 499/477/130
f 477/456/130 501/479/130 500/478/130
f 478/458/130 502/481/130 501/479/130
f 479/480/130 503/503/130 502/481/130
f 479/447/489 480/447/489 504/470/489
f 480/447/490 457/447/490 481/470/490
f 481/460/133 482/459/133 506/482/133
f 482/459/133 483/461/133 507/484/133
f 483/461/133 484/462/133 508/485/133
f 484/462/133 485/463/133 509/486/133
f 485/463/133 486/464/133 510/487/133
f 487/465/133 511/488/133 510/487/133
f 488/466/133 512/489/133 511/488/133
f 489/467/133 513/490/133 512/489/133
f 490/469/133 514/492/133 513/490/133
f 491/491/133 515/514/133 514/492/133
f 492/470/491 516/493/491 515/493/491
f 493/470/492 517/493/492 516/493/492
f 493/472/136 494/471/136 518/494/136
f 494/471/136 495/473/136 519/496/136
f 495/473/136 496/474/136 520/497/136
f 496/474/136 497/475/136 521/498/136
f 497/475/136 498/476/136 522/499/136
f 499/477/136 523/500/136 522/499/136
f 500/478/136 524/501/136 523/500/136
f 501/479/136 525/502/136 524/501/136
f 502/481/136 526/504/136 525/502/136
f 503/503/136 527/526/136 526/504/136
f 503/470/493 504/470/493 528/493/493
f 504/470/494 481/470/494 505/493/494
f 505/483/139 506/482/139 530/505/139
f 506/482/139 507/484/139 531/507/139
f 507/484/139 508/485/139 532/508/139
f 508/485/139 509/486/139 533/509/139
f 509/486/139 510/487/139 534/510/139
f 511/488/139 535/511/139 534/510/139
f 512/489/139 536/512/139 535/511/139
f 513/490/139 537/513/139 536/512/139
f 514/492/139 538/515/139 537/513/139
f 515/514/139 539/1676/139 538/515/139
f 516/493/495 540/516/495 539/516/495
f 517/493/496 541/516/496 540/516/496
f 517/495/142 518/494/142 542/517/142
f 518/494/142 519/496/142 543/519/142
f 519/496/142 520/497/142 544/520/142
f 520/497/142 521/498/142 545/521/142
f 521/498/142 522/499/142 546/522/142
f 523/500/142 547/523/142 546/522/142
f 524/501/142 548/524/142 547/523/142
f 525/502/142 549/525/142 548/524/142
f 526/504/142 550/527/142 549/525/142
f 527/526/142 551/1677/142 550/527/142
f 527/493/497 528/493/497 552/516/497
f 528/493/498 505/493/498 529/516/498
f 530/505/145 554/529/145 553/528/145
f 531/507/145 555/530/145 554/529/145
f 532/508/145 556/531/145 555/530/145
f 533/509/145 557/532/145 556/531/145
f 534/510/145 558/534/145 557/532/145
f 534/510/145 535/511/145 559/533/145
f 535/511/145 536/512/145 560/535/145
f 536/512/145 537/513/145 561/536/145
f 537/513/145 538/515/145 562/537/145
f 538/515/145 539/1676/145 563/538/145
f 540/516/499 564/539/499 563/539/499
f 541/516/500 565/539/500 564/539/500
f 542/517/148 566/541/148 565/540/148
f 543/519/148 567/542/148 566/541/148
f 544/520/148 568/543/148 567/542/148
f 545/521/148 569/544/148 568/543/148
f 546/522/148 570/546/148 569/544/148
f 546/522/148 547/523/148 571/545/148
f 547/523/148 548/524/148 572/547/148
f 548/524/148 549/525/148 573/548/148
f 549/525/148 550/527/148 574/549/148
f 550/527/148 551/1677/148 575/550/148
f 551/516/501 552/516/501 576/539/501
f 552/516/502 529/516/502 553/539/502
f 554/529/151 578/552/151 577/551/151
f 555/530/151 579/553/151 578/552/151
f 556/531/151 580/554/151 579/553/151
f 557/532/151 581/555/151 580/554/151
f 558/534/151 582/557/151 581/555/151
f 558/534/151 559/533/151 583/556/151
f 559/533/151 560/535/151 584/558/151
f 560/535/151 561/536/151 585/559/151
f 561/536/151 562/537/151 586/560/151
f 562/537/151 563/538/151 587/561/151
f 563/539/503 564/539/503 588/562/503
f 565/539/504 589/562/504 588/562/504
f 566/541/154 590/564/154 589/563/154
f 567/542/154 591/565/154 590/564/154
f 568/543/154 592/566/154 591/565/154
f 569/544/154 593/567/154 592/566/154
f 570/546/154 594/569/154 593/567/154
f 570/546/154 571/545/154 595/568/154
f 571/545/154 572/547/154 596/570/154
f 572/547/154 573/548/154 597/571/154
f 573/548/154 574/549/154 598/572/154
f 574/549/154 575/550/154 599/573/154
f 575/539/505 576/539/505 600/562/505
f 553/539/506 577/562/506 600/562/506
f 578/552/157 602/575/157 601/574/157
f 579/553/157 603/576/157 602/575/157
f 580/554/157 604/577/157 603/576/157
f 581/555/157 605/578/157 604/577/157
f 582/557/157 606/580/157 605/578/157
f 582/557/157 583/556/157 607/579/157
f 583/556/157 584/558/157 608/581/157
f 584/558/157 585/559/157 609/582/157
f 585/559/157 586/560/157 610/583/157
f 586/560/157 587/561/157 611/584/157
f 587/562/507 588/562/507 612/585/507
f 589/562/508 613/585/508 612/585/508
f 590/564/160 614/587/160 613/586/160
f 591/565/160 615/588/160 614/587/160
f 592/566/160 616/589/160 615/588/160
f 593/567/160 617/590/160 616/589/160
f 594/569/160 618/592/160 617/590/160
f 594/569/160 595/568/160 619/591/160
f 595/568/160 596/570/160 620/593/160
f 596/570/160 597/571/160 621/594/160
f 597/571/160 598/572/160 622/595/160
f 598/572/160 599/573/160 623/596/160
f 599/562/509 600/562/509 624/585/509
f 577/562/510 601/585/510 624/585/510
f 602/575/157 626/598/157 625/597/157
f 603/576/157 627/599/157 626/598/157
f 604/577/157 628/600/157 627/599/157
f 605/578/157 629/601/157 628/600/157
f 606/580/157 630/603/157 629/601/157
f 606/580/157 607/579/157 631/602/157
f 607/579/157 608/581/157 632/604/157
f 608/581/157 609/582/157 633/605/157
f 609/582/157 610/583/157 634/606/157
f 610/583/157 611/584/157 635/607/157
f 611/585/511 612/585/511 636/608/511
f 613/585/512 637/608/512 636/608/512
f 614/587/160 638/610/160 637/609/160
f 615/588/160 639/611/160 638/610/160
f 616/589/160 640/612/160 639/611/160
f 617/590/160 641/613/160 640/612/160
f 618/592/160 642/615/160 641/613/160
f 618/592/160 619/591/160 643/614/160
f 619/591/160 620/593/160 644/616/160
f 620/593/160 621/594/160 645/617/160
f 621/594/160 622/595/160 646/618/160
f 622/595/160 623/596/160 647/619/160
f 623/585/513 624/585/513 648/608/513
f 601/585/514 625/608/514 648/608/514
f 626/598/157 650/621/157 649/620/157
f 627/599/157 651/622/157 650/621/157
f 628/600/157 652/623/157 651/622/157
f 629/601/157 653/624/157 652/623/157
f 630/603/157 654/626/157 653/624/157
f 630/603/157 631/602/157 655/625/157
f 631/602/157 632/604/157 656/627/157
f 632/604/157 633/605/157 657/628/157
f 633/605/157 634/606/157 658/629/157
f 634/606/157 635/607/157 659/630/157
f 635/608/515 636/608/515 660/631/515
f 637/608/516 661/631/516 660/631/516
f 638/610/160 662/633/160 661/632/160
f 639/611/160 663/634/160 662/633/160
f 640/612/160 664/635/160 663/634/160
f 641/613/160 665/636/160 664/635/160
f 642/615/160 666/638/160 665/636/160
f 642/615/160 643/614/160 667/637/160
f 643/614/160 644/616/160 668/639/160
f 644/616/160 645/617/160 669/640/160
f 645/617/160 646/618/160 670/641/160
f 646/618/160 647/619/160 671/642/160
f 647/608/517 648/608/517 672/631/517
f 625/608/518 649/631/518 672/631/518
f 650/621/157 674/644/157 673/643/157
f 651/622/157 675/645/157 674/644/157
f 652/623/157 676/646/157 675/645/157
f 653/624/157 677/647/157 676/646/157
f 654/626/157 678/649/157 677/647/157
f 654/626/157 655/625/157 679/648/157
f 655/625/157 656/627/157 680/650/157
f 656/627/157 657/628/157 681/651/157
f 657/628/157 658/629/157 682/652/157
f 658/629/157 659/630/157 683/653/157
f 659/631/519 660/631/519 684/654/519
f 661/631/520 685/654/520 684/654/520
f 662/633/160 686/656/160 685/655/160
f 663/634/160 687/657/160 686/656/160
f 664/635/160 688/658/160 687/657/160
f 665/636/160 689/659/160 688/658/160
f 666/638/160 690/661/160 689/659/160
f 666/638/160 667/637/160 691/660/160
f 667/637/160 668/639/160 692/662/160
f 668/639/160 669/640/160 693/663/160
f 669/640/160 670/641/160 694/664/160
f 670/641/160 671/642/160 695/665/160
f 671/631/521 672/631/521 696/654/521
f 649/631/522 673/654/522 696/654/522
f 674/644/157 698/667/157 697/666/157
f 675/645/157 699/668/157 698/667/157
f 676/646/157 700/669/157 699/668/157
f 677/647/157 701/670/157 700/669/157
f 678/649/157 702/672/157 701/670/157
f 678/649/157 679/648/157 703/671/157
f 679/648/157 680/650/157 704/673/157
f 680/650/157 681/651/157 705/674/157
f 681/651/157 682/652/157 706/675/157
f 682/652/157 683/653/157 707/676/157
f 683/654/523 684/654/523 708/677/523
f 685/654/524 709/677/524 708/677/524
f 686/656/160 710/679/160 709/678/160
f 687/657/160 711/680/160 710/679/160
f 688/658/160 712/681/160 711/680/160
f 689/659/160 713/682/160 712/681/160
f 690/661/160 714/684/160 713/682/160
f 690/661/160 691/660/160 715/683/160
f 691/660/160 692/662/160 716/685/160
f 692/662/160 693/663/160 717/686/160
f 693/663/160 694/664/160 718/687/160
f 694/664/160 695/665/160 719/688/160
f 695/654/525 696/654/525 720/677/525
f 673/654/526 697/677/526 720/677/526
f 698/667/157 722/690/157 721/689/157
f 699/668/157 723/691/157 722/690/157
f 700/669/157 724/692/157 723/691/157
f 701/670/157 725/693/157 724/692/157
f 702/672/157 726/695/157 725/693/157
f 702/672/157 703/671/157 727/694/157
f 703/671/157 704/673/157 728/696/157
f 704/673/157 705/674/157 729/697/157
f 705/674/157 706/675/157 730/698/157
f 706/675/157 707/676/157 731/699/157
f 707/677/527 708/677/527 732/700/527
f 709/677/528 733/700/528 732/700/528
f 710/679/160 734/702/160 733/701/160
f 711/680/160 735/703/160 734/702/160
f 712/681/160 736/704/160 735/703/160
f 713/682/160 737/705/160 736/704/160
f 714/684/160 738/707/160 737/705/160
f 714/684/160 715/683/160 739/706/160
f 715/683/160 716/685/160 740/708/160
f 716/685/160 717/686/160 741/709/160
f 717/686/160 718/687/160 742/710/160
f 718/687/160 719/688/160 743/711/160
f 719/677/529 720/677/529 744/700/529
f 697/677/530 721/700/530 744/700/530
f 722/690/157 746/713/157 745/712/157
f 723/691/157 747/714/157 746/713/157
f 724/692/157 748/715/157 747/714/157
f 725/693/157 749/716/157 748/715/157
f 726/695/157 750/718/157 749/716/157
f 726/695/157 727/694/157 751/717/157
f 727/694/157 728/696/157 752/719/157
f 728/696/157 729/697/157 753/720/157
f 729/697/157 730/698/157 754/721/157
f 730/698/157 731/699/157 755/722/157
f 731/700/531 732/700/531 756/723/531
f 733/700/532 757/723/532 756/723/532
f 734/702/160 758/725/160 757/724/160
f 735/703/160 759/726/160 758/725/160
f 736/704/160 760/727/160 759/726/160
f 737/705/160 761/728/160 760/727/160
f 738/707/160 762/730/160 761/728/160
f 738/707/160 739/706/160 763/729/160
f 739/706/160 740/708/160 764/731/160
f 740/708/160 741/709/160 765/732/160
f 741/709/160 742/710/160 766/733/160
f 742/710/160 743/711/160 767/734/160
f 743/700/533 744/700/533 768/723/533
f 721/700/534 745/723/534 768/723/534
f 746/713/157 770/736/157 769/735/157
f 747/714/157 771/737/157 770/736/157
f 748/715/157 772/738/157 771/737/157
f 749/716/157 773/739/157 772/738/157
f 750/718/157 774/741/157 773/739/157
f 750/718/157 751/717/157 775/740/157
f 751/717/157 752/719/157 776/742/157
f 752/719/157 753/720/157 777/743/157
f 753/720/157 754/721/157 778/744/157
f 754/721/157 755/722/157 779/745/157
f 755/723/535 756/723/535 780/746/535
f 757/723/536 781/746/536 780/746/536
f 758/725/160 782/748/160 781/747/160
f 759/726/160 783/749/160 782/748/160
f 760/727/160 784/750/160 783/749/160
f 761/728/160 785/751/160 784/750/160
f 762/730/160 786/753/160 785/751/160
f 762/730/160 763/729/160 787/752/160
f 763/729/160 764/731/160 788/754/160
f 764/731/160 765/732/160 789/755/160
f 765/732/160 766/733/160 790/756/160
f 766/733/160 767/734/160 791/757/160
f 767/723/537 768/723/537 792/746/537
f 745/723/538 769/746/538 792/746/538
f 770/736/157 794/759/157 793/758/157
f 771/737/157 795/760/157 794/759/157
f 772/738/157 796/761/157 795/760/157
f 773/739/157 797/762/157 796/761/157
f 774/741/157 798/764/157 797/762/157
f 774/741/157 775/740/157 799/763/157
f 775/740/157 776/742/157 800/765/157
f 776/742/157 777/743/157 801/766/157
f 777/743/157 778/744/157 802/767/157
f 778/744/157 779/745/157 803/768/157
f 779/746/539 780/746/539 804/769/539
f 781/746/540 805/769/540 804/769/540
f 782/748/160 806/771/160 805/770/160
f 783/749/160 807/772/160 806/771/160
f 784/750/160 808/773/160 807/772/160
f 785/751/160 809/774/160 808/773/160
f 786/753/160 810/776/160 809/774/160
f 786/753/160 787/752/160 811/775/160
f 787/752/160 788/754/160 812/777/160
f 788/754/160 789/755/160 813/778/160
f 789/755/160 790/756/160 814/779/160
f 790/756/160 791/757/160 815/780/160
f 791/746/541 792/746/541 816/769/541
f 769/746/542 793/769/542 816/769/542
f 794/759/157 818/782/157 817/781/157
f 795/760/157 819/783/157 818/782/157
f 796/761/157 820/784/157 819/783/157
f 797/762/157 821/785/157 820/784/157
f 798/764/157 822/787/157 821/785/157
f 798/764/157 799/763/157 823/786/157
f 799/763/157 800/765/157 824/788/157
f 800/765/157 801/766/157 825/789/157
f 801/766/157 802/767/157 826/790/157
f 802/767/157 803/768/157 827/791/157
f 803/769/543 804/769/543 828/792/543
f 805/769/544 829/792/544 828/792/544
f 806/771/160 830/794/160 829/793/160
f 807/772/160 831/795/160 830/794/160
f 808/773/160 832/796/160 831/795/160
f 809/774/160 833/797/160 832/796/160
f 810/776/160 834/799/160 833/797/160
f 810/776/160 811/775/160 835/798/160
f 811/775/160 812/777/160 836/800/160
f 812/777/160 813/778/160 837/801/160
f 813/778/160 814/779/160 838/802/160
f 814/779/160 815/780/160 839/803/160
f 815/769/545 816/769/545 840/792/545
f 793/769/546 817/792/546 840/792/546
f 818/782/157 842/805/157 841/804/157
f 819/783/157 843/806/157 842/805/157
f 820/784/157 844/807/157 843/806/157
f 821/785/157 845/808/157 844/807/157
f 822/787/157 846/810/157 845/808/157
f 822/787/157 823/786/157 847/809/157
f 823/786/157 824/788/157 848/811/157
f 824/788/157 825/789/157 849/812/157
f 825/789/157 826/790/157 850/813/157
f 826/790/157 827/791/157 851/814/157
f 827/792/547 828/792/547 852/815/547
f 829/792/548 853/815/548 852/815/548
f 830/794/160 854/817/160 853/816/160
f 831/795/160 855/818/160 854/817/160
f 832/796/160 856/819/160 855/818/160
f 833/797/160 857/820/160 856/819/160
f 834/799/160 858/822/160 857/820/160
f 834/799/160 835/798/160 859/821/160
f 835/798/160 836/800/160 860/823/160
f 836/800/160 837/801/160 861/824/160
f 837/801/160 838/802/160 862/825/160
f 838/802/160 839/803/160 863/826/160
f 839/792/549 840/792/549 864/815/549
f 817/792/550 841/815/550 864/815/550
f 842/805/157 866/828/157 865/827/157
f 843/806/157 867/829/157 866/828/157
f 844/807/157 868/830/157 867/829/157
f 845/808/157 869/831/157 868/830/157
f 846/810/157 870/833/157 869/831/157
f 846/810/157 847/809/157 871/832/157
f 847/809/157 848/811/157 872/834/157
f 848/811/157 849/812/157 873/835/157
f 849/812/157 850/813/157 874/836/157
f 850/813/157 851/814/157 875/837/157
f 851/815/551 852/815/551 876/838/551
f 853/815/552 877/838/552 876/838/552
f 854/817/160 878/840/160 877/839/160
f 855/818/160 879/841/160 878/840/160
f 856/819/160 880/842/160 879/841/160
f 857/820/160 881/843/160 880/842/160
f 858/822/160 882/845/160 881/843/160
f 858/822/160 859/821/160 883/844/160
f 859/821/160 860/823/160 884/846/160
f 860/823/160 861/824/160 885/847/160
f 861/824/160 862/825/160 886/848/160
f 862/825/160 863/826/160 887/849/160
f 863/815/553 864/815/553 888/838/553
f 841/815/554 865/838/554 888/838/554
f 865/827/157 866/828/157 890/850/157
f 866/828/157 867/829/157 891/852/157
f 867/829/157 868/830/157 892/853/157
f 868/830/157 869/831/157 893/854/157
f 869/831/157 870/833/157 894/855/157
f 871/832/157 895/856/157 894/855/157
f 872/834/157 896/857/157 895/856/157
f 873/835/157 897/858/157 896/857/157
f 874/836/157 898/859/157 897/858/157
f 875/837/157 899/880/157 898/859/157
f 876/838/555 900/860/555 899/860/555
f 876/838/556 877/838/556 901/860/556
f 877/839/160 878/840/160 902/861/160
f 878/840/160 879/841/160 903/863/160
f 879/841/160 880/842/160 904/864/160
f 880/842/160 881/843/160 905/865/160
f 881/843/160 882/845/160 906/866/160
f 883/844/160 907/867/160 906/866/160
f 884/846/160 908/868/160 907/867/160
f 885/847/160 909/869/160 908/868/160
f 886/848/160 910/870/160 909/869/160
f 887/849/160 911/892/160 910/870/160
f 888/838/557 912/860/557 911/860/557
f 888/838/558 865/838/558 889/860/558
f 889/851/157 890/850/157 914/871/157
f 890/850/157 891/852/157 915/873/157
f 891/852/157 892/853/157 916/874/157
f 892/853/157 893/854/157 917/875/157
f 893/854/157 894/855/157 918/876/157
f 895/856/157 919/877/157 918/876/157
f 896/857/157 920/878/157 919/877/157
f 897/858/157 921/879/157 920/878/157
f 898/859/157 922/881/157 921/879/157
f 899/880/157 923/903/157 922/881/157
f 900/860/559 924/882/559 923/882/559
f 900/860/560 901/860/560 925/882/560
f 901/862/160 902/861/160 926/883/160
f 902/861/160 903/863/160 927/885/160
f 903/863/160 904/864/160 928/886/160
f 904/864/160 905/865/160 929/887/160
f 905/865/160 906/866/160 930/888/160
f 907/867/160 931/889/160 930/888/160
f 908/868/160 932/890/160 931/889/160
f 909/869/160 933/891/160 932/890/160
f 910/870/160 934/893/160 933/891/160
f 911/892/160 935/915/160 934/893/160
f 912/860/561 936/882/561 935/882/561
f 912/860/562 889/860/562 913/882/562
f 913/872/157 914/871/157 938/894/157
f 914/871/157 915/873/157 939/896/157
f 915/873/157 916/874/157 940/897/157
f 916/874/157 917/875/157 941/898/157
f 917/875/157 918/876/157 942/899/157
f 919/877/157 943/900/157 942/899/157
f 920/878/157 944/901/157 943/900/157
f 921/879/157 945/902/157 944/901/157
f 922/881/157 946/904/157 945/902/157
f 923/903/157 947/926/157 946/904/157
f 924/882/563 948/905/563 947/905/563
f 924/882/564 925/882/564 949/905/564
f 925/884/160 926/883/160 950/906/160
f 926/883/160 927/885/160 951/908/160
f 927/885/160 928/886/160 952/909/160
f 928/886/160 929/887/160 953/910/160
f 929/887/160 930/888/160 954/911/160
f 931/889/160 955/912/160 954/911/160
f 932/890/160 956/913/160 955/912/160
f 933/891/160 957/914/160 956/913/160
f 934/893/160 958/916/160 957/914/160
f 935/915/160 959/938/160 958/916/160
f 936/882/565 960/905/565 959/905/565
f 936/882/566 913/882/566 937/905/566
f 937/895/157 938/894/157 962/917/157
f 938/894/157 939/896/157 963/919/157
f 939/896/157 940/897/157 964/920/157
f 940/897/157 941/898/157 965/921/157
f 941/898/157 942/899/157 966/922/157
f 943/900/157 967/923/157 966/922/157
f 944/901/157 968/924/157 967/923/157
f 945/902/157 969/925/157 968/924/157
f 946/904/157 970/927/157 969/925/157
f 947/926/157 971/949/157 970/927/157
f 948/905/567 972/928/567 971/928/567
f 948/905/568 949/905/568 973/928/568
f 949/907/160 950/906/160 974/929/160
f 950/906/160 951/908/160 975/931/160
f 951/908/160 952/909/160 976/932/160
f 952/909/160 953/910/160 977/933/160
f 953/910/160 954/911/160 978/934/160
f 955/912/160 979/935/160 978/934/160
f 956/913/160 980/936/160 979/935/160
f 957/914/160 981/937/160 980/936/160
f 958/916/160 982/939/160 981/937/160
f 959/938/160 983/961/160 982/939/160
f 960/905/569 984/928/569 983/928/569
f 960/905/570 937/905/570 961/928/570
f 961/918/157 962/917/157 986/940/157
f 962/917/157 963/919/157 987/942/157
f 963/919/157 964/920/157 988/943/157
f 964/920/157 965/921/157 989/944/157
f 965/921/157 966/922/157 990/945/157
f 967/923/157 991/946/157 990/945/157
f 968/924/157 992/947/157 991/946/157
f 969/925/157 993/948/157 992/947/157
f 970/927/157 994/950/157 993/948/157
f 971/949/157 995/972/157 994/950/157
f 972/928/571 996/951/571 995/951/571
f 972/928/572 973/928/572 997/951/572
f 973/930/160 974/929/160 998/952/160
f 974/929/160 975/931/160 999/954/160
f 975/931/160 976/932/160 1000/955/160
f 976/932/160 977/933/160 1001/956/160
f 977/933/160 978/934/160 1002/957/160
f 979/935/160 1003/958/160 1002/957/160
f 980/936/160 1004/959/160 1003/958/160
f 981/937/160 1005/960/160 1004/959/160
f 982/939/160 1006/962/160 1005/960/160
f 983/961/160 1007/984/160 1006/962/160
f 984/928/573 1008/951/573 1007/951/573
f 984/928/574 961/928/574 985/951/574
f 985/941/157 986/940/157 1010/963/157
f 986/940/157 987/942/157 1011/965/157
f 987/942/157 988/943/157 1012/966/157
f 988/943/157 989/944/157 1013/967/157
f 989/944/157 990/945/157 1014/968/157
f 991/946/157 1015/969/157 1014/968/157
f 992/947/157 1016/970/157 1015/969/157
f 993/948/157 1017/971/157 1016/970/157
f 994/950/157 1018/973/157 1017/971/157
f 995/972/157 1019/995/157 1018/973/157
f 996/951/575 1020/974/575 1019/974/575
f 996/951/576 997/951/576 1021/974/576
f 997/953/160 998/952/160 1022/975/160
f 998/952/160 999/954/160 1023/977/160
f 999/954/160 1000/955/160 1024/978/160
f 1000/955/160 1001/956/160 1025/979/160
f 1001/956/160 1002/957/160 1026/980/160
f 1003/958/160 1027/981/160 1026/980/160
f 1004/959/160 1028/982/160 1027/981/160
f 1005/960/160 1029/983/160 1028/982/160
f 1006/962/160 1030/985/160 1029/983/160
f 1007/984/160 1031/1007/160 1030/985/160
f 1008/951/577 1032/974/577 1031/974/577
f 1008/951/578 985/951/578 1009/974/578
f 1009/964/157 1010/963/157 1034/986/157
f 1010/963/157 1011/965/157 1035/988/157
f 1011/965/157 1012/966/157 1036/989/157
f 1012/966/157 1013/967/157 1037/990/157
f 1013/967/157 1014/968/157 1038/991/157
f 1015/969/157 1039/992/157 1038/991/157
f 1016/970/157 1040/993/157 1039/992/157
f 1017/971/157 1041/994/157 1040/993/157
f 1018/973/157 1042/996/157 1041/994/157
f 1019/995/157 1043/1018/157 1042/996/157
f 1020/974/579 1044/997/579 1043/997/579
f 1020/974/580 1021/974/580 1045/997/580
f 1021/976/160 1022/975/160 1046/998/160
f 1022/975/160 1023/977/160 1047/1000/160
f 1023/977/160 1024/978/160 1048/1001/160
f 1024/978/160 1025/979/160 1049/1002/160
f 1025/979/160 1026/980/160 1050/1003/160
f 1027/981/160 1051/1004/160 1050/1003/160
f 1028/982/160 1052/1005/160 1051/1004/160
f 1029/983/160 1053/1006/160 1052/1005/160
f 1030/985/160 1054/1008/160 1053/1006/160
f 1031/1007/160 1055/1030/160 1054/1008/160
f 1032/974/581 1056/997/581 1055/997/581
f 1032/974/582 1009/974/582 1033/997/582
f 1033/987/157 1034/986/157 1058/1009/157
f 1034/986/157 1035/988/157 1059/1011/157
f 1035/988/157 1036/989/157 1060/1012/157
f 1036/989/157 1037/990/157 1061/1013/157
f 1037/990/157 1038/991/157 1062/1014/157
f 1039/992/157 1063/1015/157 1062/1014/157
f 1040/993/157 1064/1016/157 1063/1015/157
f 1041/994/157 1065/1017/157 1064/1016/157
f 1042/996/157 1066/1019/157 1065/1017/157
f 1043/1018/157 1067/1041/157 1066/1019/157
f 1044/997/583 1068/1020/583 1067/1020/583
f 1044/997/584 1045/997/584 1069/1020/584
f 1045/999/160 1046/998/160 1070/1021/160
f 1046/998/160 1047/1000/160 1071/1023/160
f 1047/1000/160 1048/1001/160 1072/1024/160
f 1048/1001/160 1049/1002/160 1073/1025/160
f 1049/1002/160 1050/1003/160 1074/1026/160
f 1051/1004/160 1075/1027/160 1074/1026/160
f 1052/1005/160 1076/1028/160 1075/1027/160
f 1053/1006/160 1077/1029/160 1076/1028/160
f 1054/1008/160 1078/1031/160 1077/1029/160
f 1055/1030/160 1079/1053/160 1078/1031/160
f 1056/997/585 1080/1020/585 1079/1020/585
f 1056/997/586 1033/997/586 1057/1020/586
f 1057/1010/157 1058/1009/157 1082/1032/157
f 1058/1009/157 1059/1011/157 1083/1034/157
f 1059/1011/157 1060/1012/157 1084/1035/157
f 1060/1012/157 1061/1013/157 1085/1036/157
f 1061/1013/157 1062/1014/157 1086/1037/157
f 1063/1015/157 1087/1038/157 1086/1037/157
f 1064/1016/157 1088/1039/157 1087/1038/157
f 1065/1017/157 1089/1040/157 1088/1039/157
f 1066/1019/157 1090/1042/157 1089/1040/157
f 1067/1041/157 1091/1064/157 1090/1042/157
f 1068/1020/587 1092/1043/587 1091/1043/587
f 1068/1020/588 1069/1020/588 1093/1043/588
f 1069/1022/160 1070/1021/160 1094/1044/160
f 1070/1021/160 1071/1023/160 1095/1046/160
f 1071/1023/160 1072/1024/160 1096/1047/160
f 1072/1024/160 1073/1025/160 1097/1048/160
f 1073/1025/160 1074/1026/160 1098/1049/160
f 1075/1027/160 1099/1050/160 1098/1049/160
f 1076/1028/160 1100/1051/160 1099/1050/160
f 1077/1029/160 1101/1052/160 1100/1051/160
f 1078/1031/160 1102/1054/160 1101/1052/160
f 1079/1053/160 1103/1076/160 1102/1054/160
f 1080/1020/589 1104/1043/589 1103/1043/589
f 1080/1020/590 1057/1020/590 1081/1043/590
f 1081/1033/157 1082/1032/157 1106/1055/157
f 1082/1032/157 1083/1034/157 1107/1057/157
f 1083/1034/157 1084/1035/157 1108/1058/157
f 1084/1035/157 1085/1036/157 1109/1059/157
f 1085/1036/157 1086/1037/157 1110/1060/157
f 1087/1038/157 1111/1061/157 1110/1060/157
f 1088/1039/157 1112/1062/157 1111/1061/157
f 1089/1040/157 1113/1063/157 1112/1062/157
f 1090/1042/157 1114/1065/157 1113/1063/157
f 1091/1064/157 1115/1087/157 1114/1065/157
f 1092/1043/591 1116/1066/591 1115/1066/591
f 1092/1043/592 1093/1043/592 1117/1066/592
f 1093/1045/160 1094/1044/160 1118/1067/160
f 1094/1044/160 1095/1046/160 1119/1069/160
f 1095/1046/160 1096/1047/160 1120/1070/160
f 1096/1047/160 1097/1048/160 1121/1071/160
f 1097/1048/160 1098/1049/160 1122/1072/160
f 1099/1050/160 1123/1073/160 1122/1072/160
f 1100/1051/160 1124/1074/160 1123/1073/160
f 1101/1052/160 1125/1075/160 1124/1074/160
f 1102/1054/160 1126/1077/160 1125/1075/160
f 1103/1076/160 1127/1099/160 1126/1077/160
f 1104/1043/593 1128/1066/593 1127/1066/593
f 1104/1043/594 1081/1043/594 1105/1066/594
f 1105/1056/157 1106/1055/157 1130/1078/157
f 1106/1055/157 1107/1057/157 1131/1080/157
f 1107/1057/157 1108/1058/157 1132/1081/157
f 1108/1058/157 1109/1059/157 1133/1082/157
f 1109/1059/157 1110/1060/157 1134/1083/157
f 1111/1061/157 1135/1084/157 1134/1083/157
f 1112/1062/157 1136/1085/157 1135/1084/157
f 1113/1063/157 1137/1086/157 1136/1085/157
f 1114/1065/157 1138/1088/157 1137/1086/157
f 1115/1087/157 1139/1110/157 1138/1088/157
f 1116/1066/595 1140/1089/595 1139/1089/595
f 1116/1066/596 1117/1066/596 1141/1089/596
f 1117/1068/160 1118/1067/160 1142/1090/160
f 1118/1067/160 1119/1069/160 1143/1092/160
f 1119/1069/160 1120/1070/160 1144/1093/160
f 1120/1070/160 1121/1071/160 1145/1094/160
f 1121/1071/160 1122/1072/160 1146/1095/160
f 1123/1073/160 1147/1096/160 1146/1095/160
f 1124/1074/160 1148/1097/160 1147/1096/160
f 1125/1075/160 1149/1098/160 1148/1097/160
f 1126/1077/160 1150/1100/160 1149/1098/160
f 1127/1099/160 1151/1122/160 1150/1100/160
f 1128/1066/597 1152/1089/597 1151/1089/597
f 1128/1066/598 1105/1066/598 1129/1089/598
f 1129/1079/157 1130/1078/157 1154/1101/157
f 1130/1078/157 1131/1080/157 1155/1103/157
f 1131/1080/157 1132/1081/157 1156/1104/157
f 1132/1081/157 1133/1082/157 1157/1105/157
f 1133/1082/157 1134/1083/157 1158/1106/157
f 1135/1084/157 1159/1107/157 1158/1106/157
f 1136/1085/157 1160/1108/157 1159/1107/157
f 1137/1086/157 1161/1109/157 1160/1108/157
f 1138/1088/157 1162/1111/157 1161/1109/157
f 1139/1110/157 1163/1133/157 1162/1111/157
f 1140/1089/599 1164/1112/599 1163/1112/599
f 1140/1089/600 1141/1089/600 1165/1112/600
f 1141/1091/160 1142/1090/160 1166/1113/160
f 1142/1090/160 1143/1092/160 1167/1115/160
f 1143/1092/160 1144/1093/160 1168/1116/160
f 1144/1093/160 1145/1094/160 1169/1117/160
f 1145/1094/160 1146/1095/160 1170/1118/160
f 1147/1096/160 1171/1119/160 1170/1118/160
f 1148/1097/160 1172/1120/160 1171/1119/160
f 1149/1098/160 1173/1121/160 1172/1120/160
f 1150/1100/160 1174/1123/160 1173/1121/160
f 1151/1122/160 1175/1145/160 1174/1123/160
f 1152/1089/601 1176/1112/601 1175/1112/601
f 1152/1089/602 1129/1089/602 1153/1112/602
f 1153/1102/255 1154/1101/255 1178/1124/255
f 1154/1101/255 1155/1103/255 1179/1126/255
f 1155/1103/255 1156/1104/255 1180/1127/255
f 1156/1104/255 1157/1105/255 1181/1128/255
f 1157/1105/255 1158/1106/255 1182/1129/255
f 1159/1107/255 1183/1130/255 1182/1129/255
f 1160/1108/255 1184/1131/255 1183/1130/255
f 1161/1109/255 1185/1132/255 1184/1131/255
f 1162/1111/255 1186/1134/255 1185/1132/255
f 1163/1133/255 1187/1156/255 1186/1134/255
f 1164/1112/603 1188/1135/603 1187/1135/603
f 1164/1112/604 1165/1112/604 1189/1135/604
f 1165/1114/258 1166/1113/258 1190/1136/258
f 1166/1113/258 1167/1115/258 1191/1138/258
f 1167/1115/258 1168/1116/258 1192/1139/258
f 1168/1116/258 1169/1117/258 1193/1140/258
f 1169/1117/258 1170/1118/258 1194/1141/258
f 1171/1119/258 1195/1142/258 1194/1141/258
f 1172/1120/258 1196/1143/258 1195/1142/258
f 1173/1121/258 1197/1144/258 1196/1143/258
f 1174/1123/258 1198/1146/258 1197/1144/258
f 1175/1145/258 1199/1168/258 1198/1146/258
f 1176/1112/605 1200/1135/605 1199/1135/605
f 1176/1112/606 1153/1112/606 1177/1135/606
f 1177/1125/261 1178/1124/261 1202/1147/261
f 1178/1124/261 1179/1126/261 1203/1149/261
f 1179/1126/261 1180/1127/261 1204/1150/261
f 1180/1127/261 1181/1128/261 1205/1151/261
f 1181/1128/261 1182/1129/261 1206/1152/261
f 1183/1130/261 1207/1153/261 1206/1152/261
f 1184/1131/261 1208/1154/261 1207/1153/261
f 1185/1132/261 1209/1155/261 1208/1154/261
f 1186/1134/261 1210/1157/261 1209/1155/261
f 1187/1156/261 1211/1678/261 1210/1157/261
f 1187/1135/607 1188/1135/607 1212/1158/607
f 1188/1135/608 1189/1135/608 1213/1158/608
f 1189/1137/264 1190/1136/264 1214/1159/264
f 1190/1136/264 1191/1138/264 1215/1161/264
f 1191/1138/264 1192/1139/264 1216/1162/264
f 1192/1139/264 1193/1140/264 1217/1163/264
f 1193/1140/264 1194/1141/264 1218/1164/264
f 1195/1142/264 1219/1165/264 1218/1164/264
f 1196/1143/264 1220/1166/264 1219/1165/264
f 1197/1144/264 1221/1167/264 1220/1166/264
f 1198/1146/264 1222/1169/264 1221/1167/264
f 1199/1168/264 1223/1679/264 1222/1169/264
f 1200/1135/609 1224/1158/609 1223/1158/609
f 1177/1135/610 1201/1158/610 1224/1158/610
f 1202/1147/267 1226/1171/267 1225/1170/267
f 1203/1149/267 1227/1172/267 1226/1171/267
f 1204/1150/267 1228/1173/267 1227/1172/267
f 1205/1151/267 1229/1174/267 1228/1173/267
f 1206/1152/267 1230/1176/267 1229/1174/267
f 1206/1152/267 1207/1153/267 1231/1175/267
f 1207/1153/267 1208/1154/267 1232/1177/267
f 1208/1154/267 1209/1155/267 1233/1178/267
f 1209/1155/267 1210/1157/267 1234/1179/267
f 1210/1157/267 1211/1678/267 1235/1180/267
f 1211/1158/611 1212/1158/611 1236/1181/611
f 1212/1158/612 1213/1158/612 1237/1181/612
f 1214/1159/270 1238/1183/270 1237/1182/270
f 1215/1161/270 1239/1184/270 1238/1183/270
f 1216/1162/270 1240/1185/270 1239/1184/270
f 1217/1163/270 1241/1186/270 1240/1185/270
f 1218/1164/270 1242/1188/270 1241/1186/270
f 1218/1164/270 1219/1165/270 1243/1187/270
f 1219/1165/270 1220/1166/270 1244/1189/270
f 1220/1166/270 1221/1167/270 1245/1190/270
f 1221/1167/270 1222/1169/270 1246/1191/270
f 1222/1169/270 1223/1679/270 1247/1192/270
f 1224/1158/613 1248/1181/613 1247/1181/613
f 1201/1158/614 1225/1181/614 1248/1181/614
f 1226/1171/273 1250/1194/273 1249/1193/273
f 1227/1172/273 1251/1195/273 1250/1194/273
f 1228/1173/273 1252/1196/273 1251/1195/273
f 1229/1174/273 1253/1197/273 1252/1196/273
f 1230/1176/273 1254/1199/273 1253/1197/273
f 1230/1176/273 1231/1175/273 1255/1198/273
f 1231/1175/273 1232/1177/273 1256/1200/273
f 1232/1177/273 1233/1178/273 1257/1201/273
f 1233/1178/273 1234/1179/273 1258/1202/273
f 1234/1179/273 1235/1180/273 1259/1203/273
f 1235/1181/615 1236/1181/615 1260/1204/615
f 1236/1181/616 1237/1181/616 1261/1204/616
f 1238/1183/276 1262/1206/276 1261/1205/276
f 1239/1184/276 1263/1207/276 1262/1206/276
f 1240/1185/276 1264/1208/276 1263/1207/276
f 1241/1186/276 1265/1209/276 1264/1208/276
f 1242/1188/276 1266/1211/276 1265/1209/276
f 1242/1188/276 1243/1187/276 1267/1210/276
f 1243/1187/276 1244/1189/276 1268/1212/276
f 1244/1189/276 1245/1190/276 1269/1213/276
f 1245/1190/276 1246/1191/276 1270/1214/276
f 1246/1191/276 1247/1192/276 1271/1215/276
f 1248/1181/617 1272/1204/617 1271/1204/617
f 1225/1181/618 1249/1204/618 1272/1204/618
f 1250/1194/279 1274/1217/279 1273/1216/279
f 1251/1195/279 1275/1218/279 1274/1217/279
f 1252/1196/279 1276/1219/279 1275/1218/279
f 1253/1197/279 1277/1220/279 1276/1219/279
f 1254/1199/279 1278/1222/279 1277/1220/279
f 1254/1199/279 1255/1198/279 1279/1221/279
f 1255/1198/279 1256/1200/279 1280/1223/279
f 1256/1200/279 1257/1201/279 1281/1224/279
f 1257/1201/279 1258/1202/279 1282/1225/279
f 1258/1202/279 1259/1203/279 1283/1226/279
f 1259/1204/619 1260/1204/619 1284/1227/619
f 1260/1204/620 1261/1204/620 1285/1227/620
f 1262/1206/282 1286/1229/282 1285/1228/282
f 1263/1207/282 1287/1230/282 1286/1229/282
f 1264/1208/282 1288/1231/282 1287/1230/282
f 1265/1209/282 1289/1232/282 1288/1231/282
f 1266/1211/282 1290/1234/282 1289/1232/282
f 1266/1211/282 1267/1210/282 1291/1233/282
f 1267/1210/282 1268/1212/282 1292/1235/282
f 1268/1212/282 1269/1213/282 1293/1236/282
f 1269/1213/282 1270/1214/282 1294/1237/282
f 1270/1214/282 1271/1215/282 1295/1238/282
f 1272/1204/621 1296/1227/621 1295/1227/621
f 1249/1204/622 1273/1227/622 1296/1227/622
f 1274/1217/285 1298/1240/285 1297/1239/285
f 1275/1218/285 1299/1241/285 1298/1240/285
f 1276/1219/285 1300/1242/285 1299/1241/285
f 1277/1220/285 1301/1243/285 1300/1242/285
f 1278/1222/285 1302/1245/285 1301/1243/285
f 1278/1222/285 1279/1221/285 1303/1244/285
f 1279/1221/285 1280/1223/285 1304/1246/285
f 1280/1223/285 1281/1224/285 1305/1247/285
f 1281/1224/285 1282/1225/285 1306/1248/285
f 1282/1225/285 1283/1226/285 1307/1249/285
f 1283/1227/623 1284/1227/623 1308/1250/623
f 1284/1227/624 1285/1227/624 1309/1250/624
f 1286/1229/288 1310/1252/288 1309/1251/288
f 1287/1230/288 1311/1253/288 1310/1252/288
f 1288/1231/288 1312/1254/288 1311/1253/288
f 1289/1232/288 1313/1255/288 1312/1254/288
f 1290/1234/288 1314/1257/288 1313/1255/288
f 1290/1234/288 1291/1233/288 1315/1256/288
f 1291/1233/288 1292/1235/288 1316/1258/288
f 1292/1235/288 1293/1236/288 1317/1259/288
f 1293/1236/288 1294/1237/288 1318/1260/288
f 1294/1237/288 1295/1238/288 1319/1261/288
f 1296/1227/625 1320/1250/625 1319/1250/625
f 1273/1227/626 1297/1250/626 1320/1250/626
f 1298/1240/291 1322/1263/291 1321/1262/291
f 1299/1241/291 1323/1264/291 1322/1263/291
f 1300/1242/291 1324/1265/291 1323/1264/291
f 1301/1243/291 1325/1266/291 1324/1265/291
f 1302/1245/291 1326/1268/291 1325/1266/291
f 1302/1245/291 1303/1244/291 1327/1267/291
f 1303/1244/291 1304/1246/291 1328/1269/291
f 1304/1246/291 1305/1247/291 1329/1270/291
f 1305/1247/291 1306/1248/291 1330/1271/291
f 1306/1248/291 1307/1249/291 1331/1272/291
f 1307/1250/627 1308/1250/627 1332/1273/627
f 1308/1250/628 1309/1250/628 1333/1273/628
f 1310/1252/294 1334/1275/294 1333/1274/294
f 1311/1253/294 1335/1276/294 1334/1275/294
f 1312/1254/294 1336/1277/294 1335/1276/294
f 1313/1255/294 1337/1278/294 1336/1277/294
f 1314/1257/294 1338/1280/294 1337/1278/294
f 1314/1257/294 1315/1256/294 1339/1279/294
f 1315/1256/294 1316/1258/294 1340/1281/294
f 1316/1258/294 1317/1259/294 1341/1282/294
f 1317/1259/294 1318/1260/294 1342/1283/294
f 1318/1260/294 1319/1261/294 1343/1284/294
f 1320/1250/629 1344/1273/629 1343/1273/629
f 1297/1250/630 1321/1273/630 1344/1273/630
f 1322/1263/297 1346/1286/297 1345/1285/297
f 1323/1264/297 1347/1287/297 1346/1286/297
f 1324/1265/297 1348/1288/297 1347/1287/297
f 1325/1266/297 1349/1289/297 1348/1288/297
f 1326/1268/297 1350/1291/297 1349/1289/297
f 1326/1268/297 1327/1267/297 1351/1290/297
f 1327/1267/297 1328/1269/297 1352/1292/297
f 1328/1269/297 1329/1270/297 1353/1293/297
f 1329/1270/297 1330/1271/297 1354/1294/297
f 1330/1271/297 1331/1272/297 1355/1295/297
f 1331/1273/631 1332/1273/631 1356/1296/631
f 1332/1273/632 1333/1273/632 1357/1296/632
f 1334/1275/300 1358/1298/300 1357/1297/300
f 1335/1276/300 1359/1299/300 1358/1298/300
f 1336/1277/300 1360/1300/300 1359/1299/300
f 1337/1278/300 1361/1301/300 1360/1300/300
f 1338/1280/300 1362/1303/300 1361/1301/300
f 1338/1280/300 1339/1279/300 1363/1302/300
f 1339/1279/300 1340/1281/300 1364/1304/300
f 1340/1281/300 1341/1282/300 1365/1305/300
f 1341/1282/300 1342/1283/300 1366/1306/300
f 1342/1283/300 1343/1284/300 1367/1307/300
f 1344/1273/633 1368/1296/633 1367/1296/633
f 1321/1273/634 1345/1296/634 1368/1296/634
f 1346/1286/303 1370/1309/303 1369/1308/303
f 1347/1287/303 1371/1310/303 1370/1309/303
f 1348/1288/303 1372/1311/303 1371/1310/303
f 1349/1289/303 1373/1312/303 1372/1311/303
f 1350/1291/303 1374/1314/303 1373/1312/303
f 1350/1291/303 1351/1290/303 1375/1313/303
f 1351/1290/303 1352/1292/303 1376/1315/303
f 1352/1292/303 1353/1293/303 1377/1316/303
f 1353/1293/303 1354/1294/303 1378/1317/303
f 1354/1294/303 1355/1295/303 1379/1318/303
f 1355/1296/635 1356/1296/635 1380/1319/635
f 1356/1296/636 1357/1296/636 1381/1319/636
f 1358/1298/306 1382/1321/306 1381/1320/306
f 1359/1299/306 1383/1322/306 1382/1321/306
f 1360/1300/306 1384/1323/306 1383/1322/306
f 1361/1301/306 1385/1324/306 1384/1323/306
f 1362/1303/306 1386/1326/306 1385/1324/306
f 1362/1303/306 1363/1302/306 1387/1325/306
f 1363/1302/306 1364/1304/306 1388/1327/306
f 1364/1304/306 1365/1305/306 1389/1328/306
f 1365/1305/306 1366/1306/306 1390/1329/306
f 1366/1306/306 1367/1307/306 1391/1330/306
f 1368/1296/637 1392/1319/637 1391/1319/637
f 1345/1296/638 1369/1319/638 1392/1319/638
f 1370/1309/309 1394/1332/309 1393/1331/309
f 1371/1310/309 1395/1333/309 1394/1332/309
f 1372/1311/309 1396/1334/309 1395/1333/309
f 1373/1312/309 1397/1335/309 1396/1334/309
f 1374/1314/309 1398/1337/309 1397/1335/309
f 1374/1314/309 1375/1313/309 1399/1336/309
f 1375/1313/309 1376/1315/309 1400/1338/309
f 1376/1315/309 1377/1316/309 1401/1339/309
f 1377/1316/309 1378/1317/309 1402/1340/309
f 1378/1317/309 1379/1318/309 1403/1341/309
f 1379/1319/639 1380/1319/639 1404/1342/639
f 1380/1319/640 1381/1319/640 1405/1342/640
f 1382/1321/312 1406/1344/312 1405/1343/312
f 1383/1322/312 1407/1345/312 1406/1344/312
f 1384/1323/312 1408/1346/312 1407/1345/312
f 1385/1324/312 1409/1347/312 1408/1346/312
f 1386/1326/312 1410/1349/312 1409/1347/312
f 1386/1326/312 1387/1325/312 1411/1348/312
f 1387/1325/312 1388/1327/312 1412/1350/312
f 1388/1327/312 1389/1328/312 1413/1351/312
f 1389/1328/312 1390/1329/312 1414/1352/312
f 1390/1329/312 1391/1330/312 1415/1353/312
f 1392/1319/641 1416/1342/641 1415/1342/641
f 1369/1319/642 1393/1342/642 1416/1342/642
f 1394/1332/315 1418/1355/315 1417/1354/315
f 1395/1333/315 1419/1356/315 1418/1355/315
f 1396/1334/315 1420/1357/315 1419/1356/315
f 1397/1335/315 1421/1358/315 1420/1357/315
f 1398/1337/315 1422/1360/315 1421/1358/315
f 1398/1337/315 1399/1336/315 1423/1359/315
f 1399/1336/315 1400/1338/315 1424/1361/315
f 1400/1338/315 1401/1339/315 1425/1362/315
f 1401/1339/315 1402/1340/315 1426/1363/315
f 1402/1340/315 1403/1341/315 1427/1364/315
f 1403/1342/643 1404/1342/643 1428/1365/643
f 1404/1342/644 1405/1342/644 1429/1365/644
f 1406/1344/318 1430/1367/318 1429/1366/318
f 1407/1345/318 1431/1368/318 1430/1367/318
f 1408/1346/318 1432/1369/318 1431/1368/318
f 1409/1347/318 1433/1370/318 1432/1369/318
f 1410/1349/318 1434/1372/318 1433/1370/318
f 1410/1349/318 1411/1348/318 1435/1371/318
f 1411/1348/318 1412/1350/318 1436/1373/318
f 1412/1350/318 1413/1351/318 1437/1374/318
f 1413/1351/318 1414/1352/318 1438/1375/318
f 1414/1352/318 1415/1353/318 1439/1376/318
f 1416/1342/645 1440/1365/645 1439/1365/645
f 1393/1342/646 1417/1365/646 1440/1365/646
f 1418/1355/321 1442/1378/321 1441/1377/321
f 1419/1356/321 1443/1379/321 1442/1378/321
f 1420/1357/321 1444/1380/321 1443/1379/321
f 1421/1358/321 1445/1381/321 1444/1380/321
f 1422/1360/321 1446/1383/321 1445/1381/321
f 1422/1360/321 1423/1359/321 1447/1382/321
f 1423/1359/321 1424/1361/321 1448/1384/321
f 1424/1361/321 1425/1362/321 1449/1385/321
f 1425/1362/321 1426/1363/321 1450/1386/321
f 1426/1363/321 1427/1364/321 1451/1387/321
f 1427/1365/647 1428/1365/647 1452/1388/647
f 1428/1365/648 1429/1365/648 1453/1388/648
f 1430/1367/324 1454/1390/324 1453/1389/324
f 1431/1368/324 1455/1391/324 1454/1390/324
f 1432/1369/324 1456/1392/324 1455/1391/324
f 1433/1370/324 1457/1393/324 1456/1392/324
f 1434/1372/324 1458/1395/324 1457/1393/324
f 1434/1372/324 1435/1371/324 1459/1394/324
f 1435/1371/324 1436/1373/324 1460/1396/324
f 1436/1373/324 1437/1374/324 1461/1397/324
f 1437/1374/324 1438/1375/324 1462/1398/324
f 1438/1375/324 1439/1376/324 1463/1399/324
f 1440/1365/649 1464/1388/649 1463/1388/649
f 1417/1365/650 1441/1388/650 1464/1388/650
f 1442/1378/327 1466/1401/327 1465/1400/327
f 1443/1379/327 1467/1402/327 1466/1401/327
f 1444/1380/327 1468/1403/327 1467/1402/327
f 1445/1381/327 1469/1404/327 1468/1403/327
f 1446/1383/327 1470/1406/327 1469/1404/327
f 1446/1383/327 1447/1382/327 1471/1405/327
f 1447/1382/327 1448/1384/327 1472/1407/327
f 1448/1384/327 1449/1385/327 1473/1408/327
f 1449/1385/327 1450/1386/327 1474/1409/327
f 1450/1386/327 1451/1387/327 1475/1410/327
f 1451/1388/651 1452/1388/651 1476/1411/651
f 1452/1388/652 1453/1388/652 1477/1411/652
f 1454/1390/330 1478/1413/330 1477/1412/330
f 1455/1391/330 1479/1414/330 1478/1413/330
f 1456/1392/330 1480/1415/330 1479/1414/330
f 1457/1393/330 1481/1416/330 1480/1415/330
f 1458/1395/330 1482/1418/330 1481/1416/330
f 1458/1395/330 1459/1394/330 1483/1417/330
f 1459/1394/330 1460/1396/330 1484/1419/330
f 1460/1396/330 1461/1397/330 1485/1420/330
f 1461/1397/330 1462/1398/330 1486/1421/330
f 1462/1398/330 1463/1399/330 1487/1422/330
f 1464/1388/653 1488/1411/653 1487/1411/653
f 1441/1388/654 1465/1411/654 1488/1411/654
f 1466/1401/333 1490/1424/333 1489/1423/333
f 1467/1402/333 1491/1425/333 1490/1424/333
f 1468/1403/333 1492/1426/333 1491/1425/333
f 1469/1404/333 1493/1427/333 1492/1426/333
f 1470/1406/333 1494/1429/333 1493/1427/333
f 1470/1406/333 1471/1405/333 1495/1428/333
f 1471/1405/333 1472/1407/333 1496/1430/333
f 1472/1407/333 1473/1408/333 1497/1431/333
f 1473/1408/333 1474/1409/333 1498/1432/333
f 1474/1409/333 1475/1410/333 1499/1433/333
f 1475/1411/655 1476/1411/655 1500/1434/655
f 1476/1411/656 1477/1411/656 1501/1434/656
f 1478/1413/336 1502/1436/336 1501/1435/336
f 1479/1414/336 1503/1437/336 1502/1436/336
f 1480/1415/336 1504/1438/336 1503/1437/336
f 1481/1416/336 1505/1439/336 1504/1438/336
f 1482/1418/336 1506/1441/336 1505/1439/336
f 1482/1418/336 1483/1417/336 1507/1440/336
f 1483/1417/336 1484/1419/336 1508/1442/336
f 1484/1419/336 1485/1420/336 1509/1443/336
f 1485/1420/336 1486/1421/336 1510/1444/336
f 1486/1421/336 1487/1422/336 1511/1445/336
f 1488/1411/657 1512/1434/657 1511/1434/657
f 1465/1411/658 1489/1434/658 1512/1434/658
f 1490/1424/339 1514/1447/339 1513/1446/339
f 1491/1425/339 1515/1448/339 1514/1447/339
f 1492/1426/339 1516/1449/339 1515/1448/339
f 1493/1427/339 1517/1450/339 1516/1449/339
f 1494/1429/339 1518/1452/339 1517/1450/339
f 1494/1429/339 1495/1428/339 1519/1451/339
f 1495/1428/339 1496/1430/339 1520/1453/339
f 1496/1430/339 1497/1431/339 1521/1454/339
f 1497/1431/339 1498/1432/339 1522/1455/339
f 1498/1432/339 1499/1433/339 1523/1456/339
f 1499/1434/659 1500/1434/659 1524/1457/659
f 1500/1434/660 1501/1434/660 1525/1457/660
f 1502/1436/342 1526/1459/342 1525/1458/342
f 1503/1437/342 1527/1460/342 1526/1459/342
f 1504/1438/342 1528/1461/342 1527/1460/342
f 1505/1439/342 1529/1462/342 1528/1461/342
f 1506/1441/342 1530/1464/342 1529/1462/342
f 1506/1441/342 1507/1440/342 1531/1463/342
f 1507/1440/342 1508/1442/342 1532/1465/342
f 1508/1442/342 1509/1443/342 1533/1466/342
f 1509/1443/342 1510/1444/342 1534/1467/342
f 1510/1444/342 1511/1445/342 1535/1468/342
f 1512/1434/661 1536/1457/661 1535/1457/661
f 1489/1434/662 1513/1457/662 1536/1457/662
f 1514/1447/345 1538/1470/345 1537/1469/345
f 1515/1448/345 1539/1471/345 1538/1470/345
f 1516/1449/345 1540/1472/345 1539/1471/345
f 1517/1450/345 1541/1473/345 1540/1472/345
f 1518/1452/345 1542/1475/345 1541/1473/345
f 1518/1452/345 1519/1451/345 1543/1474/345
f 1519/1451/345 1520/1453/345 1544/1476/345
f 1520/1453/345 1521/1454/345 1545/1477/345
f 1521/1454/345 1522/1455/345 1546/1478/345
f 1522/1455/345 1523/1456/345 1547/1479/345
f 1523/1457/663 1524/1457/663 1548/1480/663
f 1524/1457/664 1525/1457/664 1549/1480/664
f 1526/1459/348 1550/1482/348 1549/1481/348
f 1527/1460/348 1551/1483/348 1550/1482/348
f 1528/1461/348 1552/1484/348 1551/1483/348
f 1529/1462/348 1553/1485/348 1552/1484/348
f 1530/1464/348 1554/1487/348 1553/1485/348
f 1530/1464/348 1531/1463/348 1555/1486/348
f 1531/1463/348 1532/1465/348 1556/1488/348
f 1532/1465/348 1533/1466/348 1557/1489/348
f 1533/1466/348 1534/1467/348 1558/1490/348
f 1534/1467/348 1535/1468/348 1559/1491/348
f 1536/1457/665 1560/1480/665 1559/1480/665
f 1513/1457/666 1537/1480/666 1560/1480/666
f 1538/1470/351 1562/1493/351 1561/1492/351
f 1539/1471/351 1563/1494/351 1562/1493/351
f 1540/1472/351 1564/1495/351 1563/1494/351
f 1541/1473/351 1565/1496/351 1564/1495/351
f 1542/1475/351 1566/1498/351 1565/1496/351
f 1542/1475/351 1543/1474/351 1567/1497/351
f 1543/1474/351 1544/1476/351 1568/1499/351
f 1544/1476/351 1545/1477/351 1569/1500/351
f 1545/1477/351 1546/1478/351 1570/1501/351
f 1546/1478/351 1547/1479/351 1571/1502/351
f 1547/1480/667 1548/1480/667 1572/1503/667
f 1548/1480/668 1549/1480/668 1573/1503/668
f 1550/1482/354 1574/1505/354 1573/1504/354
f 1551/1483/354 1575/1506/354 1574/1505/354
f 1552/1484/354 1576/1507/354 1575/1506/354
f 1553/1485/354 1577/1508/354 1576/1507/354
f 1554/1487/354 1578/1510/354 1577/1508/354
f 1554/1487/354 1555/1486/354 1579/1509/354
f 1555/1486/354 1556/1488/354 1580/1511/354
f 1556/1488/354 1557/1489/354 1581/1512/354
f 1557/1489/354 1558/1490/354 1582/1513/354
f 1558/1490/354 1559/1491/354 1583/1514/354
f 1560/1480/669 1584/1503/669 1583/1503/669
f 1537/1480/670 1561/1503/670 1584/1503/670
f 1562/1493/357 1586/1516/357 1585/1515/357
f 1563/1494/357 1587/1517/357 1586/1516/357
f 1564/1495/357 1588/1518/357 1587/1517/357
f 1565/1496/357 1589/1519/357 1588/1518/357
f 1566/1498/357 1590/1521/357 1589/1519/357
f 1566/1498/357 1567/1497/357 1591/1520/357
f 1567/1497/357 1568/1499/357 1592/1522/357
f 1568/1499/357 1569/1500/357 1593/1523/357
f 1569/1500/357 1570/1501/357 1594/1524/357
f 1570/1501/357 1571/1502/357 1595/1525/357
f 1571/1503/671 1572/1503/671 1596/1526/671
f 1572/1503/672 1573/1503/672 1597/1526/672
f 1574/1505/360 1598/1528/360 1597/1527/360
f 1575/1506/360 1599/1529/360 1598/1528/360
f 1576/1507/360 1600/1530/360 1599/1529/360
f 1577/1508/360 1601/1531/360 1600/1530/360
f 1578/1510/360 1602/1533/360 1601/1531/360
f 1578/1510/360 1579/1509/360 1603/1532/360
f 1579/1509/360 1580/1511/360 1604/1534/360
f 1580/1511/360 1581/1512/360 1605/1535/360
f 1581/1512/360 1582/1513/360 1606/1536/360
f 1582/1513/360 1583/1514/360 1607/1537/360
f 1584/1503/673 1608/1526/673 1607/1526/673
f 1561/1503/674 1585/1526/674 1608/1526/674
f 1586/1516/363 1610/1539/363 1609/1538/363
f 1587/1517/363 1611/1540/363 1610/1539/363
f 1588/1518/363 1612/1541/363 1611/1540/363
f 1589/1519/363 1613/1542/363 1612/1541/363
f 1590/1521/363 1614/1544/363 1613/1542/363
f 1590/1521/363 1591/1520/363 1615/1543/363
f 1591/1520/363 1592/1522/363 1616/1545/363
f 1592/1522/363 1593/1523/363 1617/1546/363
f 1593/1523/363 1594/1524/363 1618/1547/363
f 1594/1524/363 1595/1525/363 1619/1548/363
f 1595/1526/675 1596/1526/675 1620/1549/675
f 1596/1526/676 1597/1526/676 1621/1549/676
f 1598/1528/366 1622/1551/366 1621/1550/366
f 1599/1529/366 1623/1552/366 1622/1551/366
f 1600/1530/366 1624/1553/366 1623/1552/366
f 1601/1531/366 1625/1554/366 1624/1553/366
f 1602/1533/366 1626/1556/366 1625/1554/366
f 1602/1533/366 1603/1532/366 1627/1555/366
f 1603/1532/366 1604/1534/366 1628/1557/366
f 1604/1534/366 1605/1535/366 1629/1558/366
f 1605/1535/366 1606/1536/366 1630/1559/366
f 1606/1536/366 1607/1537/366 1631/1560/366
f 1608/1526/677 1632/1549/677 1631/1549/677
f 1585/1526/678 1609/1549/678 1632/1549/678
f 1610/1539/369 1634/1562/369 1633/1561/369
f 1611/1540/369 1635/1563/369 1634/1562/369
f 1612/1541/369 1636/1564/369 1635/1563/369
f 1613/1542/369 1637/1565/369 1636/1564/369
f 1614/1544/369 1638/1567/369 1637/1565/369
f 1614/1544/369 1615/1543/369 1639/1566/369
f 1615/1543/369 1616/1545/369 1640/1568/369
f 1616/1545/369 1617/1546/369 1641/1569/369
f 1617/1546/369 1618/1547/369 1642/1570/369
f 1618/1547/369 1619/1548/369 1643/1571/369
f 1619/1549/679 1620/1549/679 1644/1572/679
f 1620/1549/680 1621/1549/680 1645/1572/680
f 1622/1551/372 1646/1574/372 1645/1573/372
f 1623/1552/372 1647/1575/372 1646/1574/372
f 1624/1553/372 1648/1576/372 1647/1575/372
f 1625/1554/372 1649/1577/372 1648/1576/372
f 1626/1556/372 1650/1579/372 1649/1577/372
f 1626/1556/372 1627/1555/372 1651/1578/372
f 1627/1555/372 1628/1557/372 1652/1580/372
f 1628/1557/372 1629/1558/372 1653/1581/372
f 1629/1558/372 1630/1559/372 1654/1582/372
f 1630/1559/372 1631/1560/372 1655/1583/372
f 1632/1549/681 1656/1572/681 1655/1572/681
f 1609/1549/682 1633/1572/682 1656/1572/682
f 1634/1562/375 1658/1585/375 1657/1584/375
f 1635/1563/375 1659/1586/375 1658/1585/375
f 1636/1564/375 1660/1587/375 1659/1586/375
f 1637/1565/375 1661/1588/375 1660/1587/375
f 1638/1567/375 1662/1590/375 1661/1588/375
f 1638/1567/375 1639/1566/375 1663/1589/375
f 1639/1566/375 1640/1568/375 1664/1591/375
f 1640/1568/375 1641/1569/375 1665/1592/375
f 1641/1569/375 1642/1570/375 1666/1593/375
f 1642/1570/375 1643/1571/375 1667/1594/375
f 1643/1572/683 1644/1572/683 1668/1595/683
f 1644/1572/684 1645/1572/684 1669/1595/684
f 1646/1574/378 1670/1597/378 1669/1596/378
f 1647/1575/378 1671/1598/378 1670/1597/378
f 1648/1576/378 1672/1599/378 1671/1598/378
f 1649/1577/378 1673/1600/378 1672/1599/378
f 1650/1579/378 1674/1602/378 1673/1600/378
f 1650/1579/378 1651/1578/378 1675/1601/378
f 1651/1578/378 1652/1580/378 1676/1603/378
f 1652/1580/378 1653/1581/378 1677/1604/378
f 1653/1581/378 1654/1582/378 1678/1605/378
f 1654/1582/378 1655/1583/378 1679/1606/378
f 1656/1572/685 1680/1595/685 1679/1595/685
f 1633/1572/686 1657/1595/686 1680/1595/686
f 1658/1585/382 1682/1608/382 1681/1607/382
f 1659/1586/382 1683/1609/382 1682/1608/382
f 1660/1587/382 1684/1610/382 1683/1609/382
f 1661/1588/382 1685/1611/382 1684/1610/382
f 1662/1590/382 1686/1613/382 1685/1611/382
f 1662/1590/381 1663/1589/381 1687/1612/381
f 1663/1589/381 1664/1591/381 1688/1614/381
f 1664/1591/381 1665/1592/381 1689/1615/381
f 1665/1592/381 1666/1593/381 1690/1616/381
f 1666/1593/381 1667/1594/381 1691/1617/381
f 1667/1595/687 1668/1595/687 1692/1618/687
f 1668/1595/688 1669/1595/688 1693/1618/688
f 1670/1597/386 1694/1620/386 1693/1619/386
f 1671/1598/386 1695/1621/386 1694/1620/386
f 1672/1599/386 1696/1622/386 1695/1621/386
f 1673/1600/386 1697/1623/386 1696/1622/386
f 1674/1602/386 1698/1625/386 1697/1623/386
f 1674/1602/385 1675/1601/385 1699/1624/385
f 1675/1601/385 1676/1603/385 1700/1626/385
f 1676/1603/385 1677/1604/385 1701/1627/385
f 1677/1604/385 1678/1605/385 1702/1628/385
f 1678/1605/385 1679/1606/385 1703/1629/385
f 1680/1595/689 1704/1618/689 1703/1618/689
f 1657/1595/690 1681/1618/690 1704/1618/690
f 1682/1608/391 1706/1631/391 1705/1630/391
f 1683/1609/390 1707/1632/390 1706/1631/390
f 1684/1610/391 1708/1633/391 1707/1632/391
f 1685/1611/390 1709/1634/390 1708/1633/390
f 1686/1613/391 1710/1636/391 1709/1634/391
f 1686/1613/390 1687/1612/390 1711/1635/390
f 1687/1612/390 1688/1614/390 1712/1637/390
f 1688/1614/390 1689/1615/390 1713/1638/390
f 1689/1615/390 1690/1616/390 1714/1639/390
f 1690/1616/389 1691/1617/389 1715/1640/389
f 1691/1618/691 1692/1618/691 1716/1641/691
f 1693/1618/692 1717/1641/692 1716/1641/692
f 1694/1620/396 1718/1643/396 1717/1642/396
f 1695/1621/395 1719/1644/395 1718/1643/395
f 1696/1622/396 1720/1645/396 1719/1644/396
f 1697/1623/395 1721/1646/395 1720/1645/395
f 1698/1625/396 1722/1648/396 1721/1646/396
f 1698/1625/395 1699/1624/395 1723/1647/395
f 1699/1624/395 1700/1626/395 1724/1649/395
f 1700/1626/395 1701/1627/395 1725/1650/395
f 1701/1627/395 1702/1628/395 1726/1651/395
f 1702/1628/394 1703/1629/394 1727/1652/394
f 1703/1618/693 1704/1618/693 1728/1641/693
f 1681/1618/694 1705/1641/694 1728/1641/694
f 1706/1631/401 1730/1654/401 1729/1653/401
f 1707/1632/399 1731/1655/399 1730/1654/399
f 1708/1633/400 1732/1656/400 1731/1655/400
f 1709/1634/400 1733/1657/400 1732/1656/400
f 1710/1636/400 1734/1659/400 1733/1657/400
f 1710/1636/399 1711/1635/399 1735/1658/399
f 1711/1635/399 1712/1637/399 1736/1660/399
f 1712/1637/399 1713/1638/399 1737/1661/399
f 1713/1638/399 1714/1639/399 1738/1662/399
f 1714/1639/399 1715/1640/399 1739/1663/399
f 1715/1641/695 1716/1641/695 1740/1664/695
f 1717/1641/696 1741/1664/696 1740/1664/696
f 1718/1643/406 1742/1666/406 1741/1665/406
f 1719/1644/404 1743/1667/404 1742/1666/404
f 1720/1645/405 1744/1668/405 1743/1667/405
f 1721/1646/405 1745/1669/405 1744/1668/405
f 1722/1648/405 1746/1671/405 1745/1669/405
f 1722/1648/404 1723/1647/404 1747/1670/404
f 1723/1647/404 1724/1649/404 1748/1672/404
f 1724/1649/404 1725/1650/404 1749/1673/404
f 1725/1650/404 1726/1651/404 1750/1674/404
f 1726/1651/404 1727/1652/404 1751/1675/404
f 1727/1641/697 1728/1641/697 1752/1664/697
f 1705/1641/698 1729/1664/698 1752/1664/698
f 2/22/409 1/22/409 24/22/409
f 24/22/409 23/22/409 22/22/409
f 24/22/409 22/22/409 21/22/409
f 3/22/409 2/22/409 24/22/409
f 4/22/409 3/22/409 24/22/409
f 24/22/409 21/22/409 20/22/409
f 24/22/409 20/22/409 19/22/409
f 5/22/409 4/22/409 24/22/409
f 6/22/409 5/22/409 24/22/409
f 24/22/409 19/22/409 18/22/409
f 24/22/409 18/22/409 12/22/409
f 18/22/409 17/22/409 12/22/409
f 7/22/409 6/22/409 12/22/409
f 6/22/409 24/22/409 12/22/409
f 8/22/409 7/22/409 12/22/409
f 17/22/409 16/22/409 12/22/409
f 16/22/409 15/22/409 12/22/409
f 9/22/409 8/22/409 12/22/409
f 12/22/409 11/22/409 10/22/409
f 10/22/409 9/22/409 12/22/409
f 15/22/409 14/22/409 12/22/409
f 1751/1664/410 1752/1664/410 1750/1664/410
f 1752/1664/410 1729/1664/410 1730/1664/410
f 1752/1664/410 1730/1664/410 1731/1664/410
f 1750/1664/410 1752/1664/410 1749/1664/410
f 1752/1664/410 1731/1664/410 1732/1664/410
f 1749/1664/410 1752/1664/410 1748/1664/410
f 1752/1664/410 1732/1664/410 1733/1664/410
f 1748/1664/410 1752/1664/410 1747/1664/410
f 1752/1664/410 1733/1664/410 1734/1664/410
f 1747/1664/410 1752/1664/410 1746/1664/410
f 1752/1664/410 1734/1664/410 1740/1664/410
f 1746/1664/410 1752/1664/410 1740/1664/410
f 1734/1664/410 1735/1664/410 1740/1664/410
f 1745/1664/410 1746/1664/410 1740/1664/410
f 1735/1664/410 1736/1664/410 1740/1664/410
f 1744/1664/410 1745/1664/410 1740/1664/410
f 1736/1664/410 1737/1664/410 1740/1664/410
f 1743/1664/410 1744/1664/410 1740/1664/410
f 1738/1664/410 1739/1664/410 1740/1664/410
f 1737/1664/410 1738/1664/410 1740/1664/410
f 1740/1664/410 1741/1664/410 1742/1664/410
o board_rookie_Bindings
v -0.169012 0.090000 1.215164
v -0.161248 0.120000 1.244142
v -0.197990 0.120000 1.222929
v -0.163522 0.098787 1.235654
v -0.181260 0.102679 1.236377
v -0.184012 0.120000 1.241145
v -0.189503 0.098787 1.220654
v -0.161248 0.130000 1.244142
v -0.169012 0.160000 1.215164
v -0.197990 0.130000 1.222929
v -0.163522 0.151213 1.235654
v -0.181260 0.147321 1.236377
v -0.189503 0.151213 1.220654
v -0.184012 0.130000 1.241145
v -0.313951 0.090000 0.674246
v -0.342929 0.120000 0.682010
v -0.321715 0.120000 0.645268
v -0.334441 0.098787 0.679736
v -0.335164 0.102679 0.661998
v -0.339932 0.120000 0.659245
v -0.319441 0.098787 0.653755
v -0.313951 0.160000 0.674246
v -0.321715 0.130000 0.645268
v -0.342929 0.130000 0.682010
v -0.319441 0.151213 0.653755
v -0.335164 0.147321 0.661998
v -0.339932 0.130000 0.659245
v -0.334441 0.151213 0.679736
v 0.313951 0.090000 1.085755
v 0.342929 0.120000 1.077990
v 0.321715 0.120000 1.114732
v 0.334441 0.098787 1.080264
v 0.335164 0.102679 1.098002
v 0.339932 0.120000 1.100754
v 0.319441 0.098787 1.106245
v 0.313951 0.160000 1.085755
v 0.321715 0.130000 1.114732
v 0.342929 0.130000 1.077990
v 0.319441 0.151213 1.106245
v 0.335164 0.147321 1.098002
v 0.339932 0.130000 1.100754
v 0.334441 0.151213 1.080264
v 0.169012 0.090000 0.544836
v 0.161248 0.120000 0.515858
v 0.197990 0.120000 0.537071
v 0.163522 0.098787 0.524346
v 0.181260 0.102679 0.523623
v 0.184012 0.120000 0.518855
v 0.189503 0.098787 0.539346
v 0.169012 0.160000 0.544836
v 0.197990 0.130000 0.537071
v 0.161248 0.130000 0.515858
v 0.189503 0.151213 0.539346
v 0.181260 0.147321 0.523623
v 0.184012 0.130000 0.518855
v 0.163522 0.151213 0.524346
v -0.051764 0.160000 0.686815
v -0.051764 0.190000 0.686815
v 0.026105 0.160000 0.681711
v 0.026105 0.190000 0.681711
v 0.100000 0.160000 0.706795
v 0.100000 0.190000 0.706795
v 0.158671 0.160000 0.758248
v 0.158671 0.190000 0.758248
v 0.193185 0.160000 0.828236
v 0.193185 0.190000 0.828236
v 0.198289 0.160000 0.906105
v 0.198289 0.190000 0.906105
v 0.173205 0.160000 0.980000
v 0.173205 0.190000 0.980000
v 0.121752 0.160000 1.038671
v 0.121752 0.190000 1.038671
v 0.051764 0.160000 1.073185
v 0.051764 0.190000 1.073185
v -0.026105 0.160000 1.078289
v -0.026105 0.190000 1.078289
v -0.100000 0.160000 1.053205
v -0.100000 0.190000 1.053205
v -0.158671 0.160000 1.001752
v -0.158671 0.190000 1.001752
v -0.193185 0.160000 0.931764
v -0.193185 0.190000 0.931764
v -0.198289 0.160000 0.853895
v -0.198289 0.190000 0.853895
v -0.173205 0.160000 0.780000
v -0.173205 0.190000 0.780000
v -0.121752 0.160000 0.721329
v -0.121752 0.190000 0.721329
v -0.133598 0.140800 0.653130
v -0.161916 0.137245 0.612076
v -0.271930 0.745517 0.666459
v -0.245878 0.748788 0.704229
v -0.174080 0.130530 0.688737
v -0.209895 0.125072 0.654276
v -0.316071 0.734318 0.705283
v -0.283121 0.739339 0.736987
v -0.206572 0.121477 0.732032
v -0.248404 0.114343 0.705589
v -0.351499 0.724447 0.752491
v -0.313014 0.731010 0.776818
v -0.229730 0.114016 0.781227
v -0.275850 0.105500 0.763895
v -0.376750 0.716312 0.806132
v -0.334319 0.724146 0.822078
v -0.242598 0.108455 0.834290
v -0.291101 0.098909 0.826784
v -0.390780 0.710248 0.863990
v -0.346157 0.719030 0.870896
v -0.244643 0.105024 0.889027
v -0.293525 0.094843 0.891657
v -0.393011 0.706507 0.923674
v -0.348039 0.715873 0.921254
v -0.235782 0.103864 0.943178
v -0.283023 0.093468 0.955836
v -0.383349 0.705242 0.982718
v -0.339887 0.714806 0.971072
v -0.216381 0.105024 0.994504
v -0.260029 0.094843 1.016667
v -0.362194 0.706507 1.038683
v -0.322038 0.715873 1.018293
v -0.187241 0.108455 1.040885
v -0.225492 0.098909 1.071637
v -0.330420 0.710248 1.089255
v -0.295229 0.719030 1.060963
v -0.149566 0.114016 1.080405
v -0.180841 0.105500 1.118475
v -0.289341 0.716312 1.132346
v -0.260568 0.724146 1.097321
v -0.104913 0.121477 1.111430
v -0.127918 0.114343 1.155246
v -0.240652 0.724447 1.166175
v -0.219487 0.731010 1.125865
v -0.055126 0.130530 1.132679
v -0.068913 0.125072 1.180430
v -0.186367 0.734318 1.189345
v -0.173684 0.739339 1.145414
v -0.002264 0.140800 1.143274
v -0.006261 0.137245 1.192987
v -0.128728 0.745517 1.200897
v -0.125051 0.748788 1.155161
v -0.185230 0.221764 0.729632
v -0.197730 0.234705 0.682981
v -0.043181 0.234705 0.641570
v -0.030681 0.221764 0.688221
v -0.180058 0.270000 0.748931
v -0.191266 0.295000 0.707106
v -0.036717 0.295000 0.665695
v -0.025510 0.270000 0.707520
v -0.171832 0.311421 0.779632
v -0.180983 0.346777 0.745481
v -0.026435 0.346777 0.704070
v -0.017284 0.311421 0.738221
v -0.161112 0.343205 0.819642
v -0.167582 0.386506 0.795494
v -0.013034 0.386506 0.754083
v -0.006563 0.343205 0.778231
v -0.148627 0.363185 0.866235
v -0.151976 0.411481 0.853735
v 0.002572 0.411481 0.812324
v 0.005921 0.363185 0.824824
v -0.135230 0.370000 0.916235
v -0.135230 0.420000 0.916235
v 0.019319 0.420000 0.874824
v 0.019319 0.370000 0.874824
v -0.121832 0.363185 0.966235
v -0.118483 0.411481 0.978735
v 0.036065 0.411481 0.937324
v 0.032716 0.363185 0.924824
v -0.109348 0.343205 1.012827
v -0.102877 0.386506 1.036975
v 0.051671 0.386506 0.995564
v 0.045200 0.343205 0.971416
v -0.098627 0.311421 1.052837
v -0.089476 0.346777 1.086988
v 0.065072 0.346777 1.045577
v 0.055921 0.311421 1.011426
v -0.090401 0.270000 1.083538
v -0.079194 0.295000 1.125364
v 0.075354 0.295000 1.083953
v 0.064147 0.270000 1.042127
v -0.085230 0.221764 1.102837
v -0.072730 0.234705 1.149488
v 0.081819 0.234705 1.108077
v 0.069319 0.221764 1.061426
v 0.149476 0.217883 0.703750
v 0.139748 0.231564 0.667443
v 0.236341 0.231564 0.641561
v 0.246069 0.217883 0.677868
v 0.154779 0.255227 0.723540
v 0.146566 0.279577 0.692887
v 0.243158 0.279577 0.667005
v 0.251372 0.255227 0.697658
v 0.162743 0.284681 0.753260
v 0.156804 0.317447 0.731099
v 0.253397 0.317447 0.705217
v 0.259335 0.284681 0.727378
v 0.172630 0.303520 0.790160
v 0.169517 0.341669 0.778542
v 0.266109 0.341669 0.752660
v 0.269222 0.303520 0.764278
v 0.183526 0.310000 0.830824
v 0.183526 0.350000 0.830824
v 0.280118 0.350000 0.804942
v 0.280118 0.310000 0.804942
v 0.194422 0.303520 0.871489
v 0.197535 0.341669 0.883107
v 0.294128 0.341669 0.857225
v 0.291014 0.303520 0.845607
v 0.204309 0.284681 0.908389
v 0.210247 0.317447 0.930550
v 0.306840 0.317447 0.904668
v 0.300902 0.284681 0.882507
v 0.212273 0.255227 0.938109
v 0.220486 0.279577 0.968762
v 0.317079 0.279577 0.942880
v 0.308865 0.255227 0.912227
v 0.217575 0.217883 0.957899
v 0.227304 0.231564 0.994206
v 0.323896 0.231564 0.968324
v 0.314168 0.217883 0.932017
v -0.039999 0.210000 1.097773
v -0.036117 0.225000 1.112262
v -0.054488 0.225000 1.101655
v -0.036117 0.275000 1.112262
v -0.039999 0.290000 1.097773
v -0.054488 0.275000 1.101655
v -0.045176 0.210000 1.078454
v -0.059664 0.225000 1.082337
v -0.049058 0.225000 1.063966
v -0.045176 0.290000 1.078454
v -0.049058 0.275000 1.063966
v -0.059664 0.275000 1.082337
v 0.027616 0.210000 1.079656
v 0.042105 0.225000 1.075773
v 0.031498 0.225000 1.094145
v 0.027616 0.290000 1.079656
v 0.031498 0.275000 1.094145
v 0.042105 0.275000 1.075773
v 0.022439 0.210000 1.060337
v 0.018557 0.225000 1.045848
v 0.036928 0.225000 1.056455
v 0.022439 0.290000 1.060337
v 0.036928 0.275000 1.056455
v 0.018557 0.275000 1.045848
v -0.138350 0.210000 0.730721
v -0.134468 0.225000 0.745210
v -0.152839 0.225000 0.734603
v -0.134468 0.275000 0.745210
v -0.138350 0.290000 0.730721
v -0.152839 0.275000 0.734603
v -0.143527 0.210000 0.711403
v -0.158016 0.225000 0.715285
v -0.147409 0.225000 0.696914
v -0.143527 0.290000 0.711403
v -0.147409 0.275000 0.696914
v -0.158016 0.275000 0.715285
v -0.070736 0.210000 0.712604
v -0.056247 0.225000 0.708722
v -0.066853 0.225000 0.727093
v -0.070736 0.290000 0.712604
v -0.066853 0.275000 0.727093
v -0.056247 0.275000 0.708722
v -0.075912 0.210000 0.693285
v -0.079794 0.225000 0.678796
v -0.061423 0.225000 0.689403
v -0.075912 0.290000 0.693285
v -0.061423 0.275000 0.689403
v -0.079794 0.275000 0.678796
v -0.313951 0.090000 -0.674245
v -0.321715 0.120000 -0.645268
v -0.342929 0.120000 -0.682010
v -0.319441 0.098787 -0.653755
v -0.335164 0.102679 -0.661998
v -0.339932 0.120000 -0.659245
v -0.334441 0.098787 -0.679736
v -0.321715 0.130000 -0.645268
v -0.313951 0.160000 -0.674245
v -0.342929 0.130000 -0.682010
v -0.319441 0.151213 -0.653755
v -0.335164 0.147321 -0.661998
v -0.334441 0.151213 -0.679736
v -0.339932 0.130000 -0.659245
v -0.169012 0.090000 -1.215164
v -0.197990 0.120000 -1.222929
v -0.161248 0.120000 -1.244142
v -0.189503 0.098787 -1.220654
v -0.181260 0.102679 -1.236377
v -0.184012 0.120000 -1.241145
v -0.163522 0.098787 -1.235654
v -0.169012 0.160000 -1.215164
v -0.161248 0.130000 -1.244142
v -0.197990 0.130000 -1.222929
v -0.163522 0.151213 -1.235654
v -0.181260 0.147321 -1.236377
v -0.184012 0.130000 -1.241145
v -0.189503 0.151213 -1.220654
v 0.169012 0.090000 -0.544836
v 0.197990 0.120000 -0.537071
v 0.161248 0.120000 -0.515858
v 0.189503 0.098787 -0.539346
v 0.181260 0.102679 -0.523623
v 0.184012 0.120000 -0.518855
v 0.163522 0.098787 -0.524346
v 0.169012 0.160000 -0.544836
v 0.161248 0.130000 -0.515858
v 0.197990 0.130000 -0.537071
v 0.163522 0.151213 -0.524346
v 0.181260 0.147321 -0.523623
v 0.184012 0.130000 -0.518855
v 0.189503 0.151213 -0.539346
v 0.313951 0.090000 -1.085755
v 0.321715 0.120000 -1.114732
v 0.342929 0.120000 -1.077990
v 0.319441 0.098787 -1.106245
v 0.335164 0.102679 -1.098002
v 0.339932 0.120000 -1.100754
v 0.334441 0.098787 -1.080264
v 0.313951 0.160000 -1.085755
v 0.342929 0.130000 -1.077990
v 0.321715 0.130000 -1.114732
v 0.334441 0.151213 -1.080264
v 0.335164 0.147321 -1.098002
v 0.339932 0.130000 -1.100754
v 0.319441 0.151213 -1.106245
v 0.051764 0.160000 -1.073185
v 0.051764 0.190000 -1.073185
v 0.121752 0.160000 -1.038671
v 0.121752 0.190000 -1.038671
v 0.173205 0.160000 -0.980000
v 0.173205 0.190000 -0.980000
v 0.198289 0.160000 -0.906105
v 0.198289 0.190000 -0.906105
v 0.193185 0.160000 -0.828236
v 0.193185 0.190000 -0.828236
v 0.158671 0.160000 -0.758248
v 0.158671 0.190000 -0.758248
v 0.100000 0.160000 -0.706795
v 0.100000 0.190000 -0.706795
v 0.026105 0.160000 -0.681711
v 0.026105 0.190000 -0.681711
v -0.051764 0.160000 -0.686815
v -0.051764 0.190000 -0.686815
v -0.121752 0.160000 -0.721329
v -0.121752 0.190000 -0.721329
v -0.173205 0.160000 -0.780000
v -0.173205 0.190000 -0.780000
v -0.198289 0.160000 -0.853895
v -0.198289 0.190000 -0.853895
v -0.193185 0.160000 -0.931764
v -0.193185 0.190000 -0.931764
v -0.158671 0.160000 -1.001752
v -0.158671 0.190000 -1.001752
v -0.100000 0.160000 -1.053205
v -0.100000 0.190000 -1.053205
v -0.026105 0.160000 -1.078289
v -0.026105 0.190000 -1.078289
v -0.002264 0.140800 -1.143274
v -0.006261 0.137245 -1.192987
v -0.128728 0.745517 -1.200897
v -0.125051 0.748788 -1.155161
v -0.055126 0.130530 -1.132679
v -0.068913 0.125072 -1.180430
v -0.186367 0.734318 -1.189345
v -0.173684 0.739339 -1.145414
v -0.104913 0.121477 -1.111430
v -0.127918 0.114343 -1.155246
v -0.240652 0.724447 -1.166175
v -0.219487 0.731010 -1.125865
v -0.149566 0.114016 -1.080405
v -0.180841 0.105500 -1.118475
v -0.289341 0.716312 -1.132346
v -0.260568 0.724146 -1.097321
v -0.187241 0.108455 -1.040885
v -0.225492 0.098909 -1.071637
v -0.330420 0.710248 -1.089255
v -0.295229 0.719030 -1.060963
v -0.216381 0.105024 -0.994504
v -0.260029 0.094843 -1.016667
v -0.362194 0.706507 -1.038683
v -0.322038 0.715873 -1.018293
v -0.235782 0.103864 -0.943178
v -0.283023 0.093468 -0.955836
v -0.383349 0.705242 -0.982718
v -0.339887 0.714806 -0.971073
v -0.244643 0.105024 -0.889027
v -0.293525 0.094843 -0.891657
v -0.393011 0.706507 -0.923674
v -0.348039 0.715873 -0.921254
v -0.242598 0.108455 -0.834290
v -0.291101 0.098909 -0.826784
v -0.390780 0.710248 -0.863990
v -0.346157 0.719030 -0.870896
v -0.229730 0.114016 -0.781227
v -0.275850 0.105500 -0.763895
v -0.376750 0.716312 -0.806132
v -0.334319 0.724146 -0.822078
v -0.206572 0.121477 -0.732032
v -0.248404 0.114343 -0.705589
v -0.351499 0.724447 -0.752491
v -0.313014 0.731010 -0.776818
v -0.174080 0.130530 -0.688737
v -0.209895 0.125072 -0.654276
v -0.316071 0.734318 -0.705283
v -0.283121 0.739339 -0.736987
v -0.133598 0.140800 -0.653130
v -0.161916 0.137245 -0.612076
v -0.271930 0.745517 -0.666459
v -0.245878 0.748788 -0.704229
v -0.085230 0.221764 -1.102837
v -0.072730 0.234705 -1.149488
v 0.081819 0.234705 -1.108077
v 0.069319 0.221764 -1.061426
v -0.090401 0.270000 -1.083538
v -0.079194 0.295000 -1.125364
v 0.075354 0.295000 -1.083953
v 0.064147 0.270000 -1.042127
v -0.098627 0.311421 -1.052837
v -0.089476 0.346777 -1.086988
v 0.065072 0.346777 -1.045577
v 0.055921 0.311421 -1.011426
v -0.109348 0.343205 -1.012827
v -0.102877 0.386506 -1.036975
v 0.051671 0.386506 -0.995564
v 0.045200 0.343205 -0.971416
v -0.121832 0.363185 -0.966235
v -0.118483 0.411481 -0.978735
v 0.036065 0.411481 -0.937324
v 0.032716 0.363185 -0.924824
v -0.135230 0.370000 -0.916235
v -0.135230 0.420000 -0.916235
v 0.019319 0.420000 -0.874824
v 0.019319 0.370000 -0.874824
v -0.148627 0.363185 -0.866235
v -0.151976 0.411481 -0.853735
v 0.002572 0.411481 -0.812324
v 0.005921 0.363185 -0.824824
v -0.161112 0.343205 -0.819642
v -0.167582 0.386506 -0.795494
v -0.013034 0.386506 -0.754083
v -0.006563 0.343205 -0.778231
v -0.171832 0.311421 -0.779632
v -0.180983 0.346777 -0.745481
v -0.026435 0.346777 -0.704070
v -0.017284 0.311421 -0.738221
v -0.180058 0.270000 -0.748931
v -0.191266 0.295000 -0.707106
v -0.036717 0.295000 -0.665695
v -0.025510 0.270000 -0.707520
v -0.185230 0.221764 -0.729632
v -0.197730 0.234705 -0.682981
v -0.043181 0.234705 -0.641570
v -0.030681 0.221764 -0.688221
v 0.217575 0.217883 -0.957899
v 0.227304 0.231564 -0.994206
v 0.323896 0.231564 -0.968324
v 0.314168 0.217883 -0.932017
v 0.212273 0.255227 -0.938109
v 0.220486 0.279577 -0.968762
v 0.317079 0.279577 -0.942880
v 0.308865 0.255227 -0.912227
v 0.204309 0.284681 -0.908389
v 0.210247 0.317447 -0.930550
v 0.306840 0.317447 -0.904668
v 0.300902 0.284681 -0.882507
v 0.194422 0.303520 -0.871489
v 0.197535 0.341669 -0.883107
v 0.294128 0.341669 -0.857225
v 0.291014 0.303520 -0.845607
v 0.183526 0.310000 -0.830824
v 0.183526 0.350000 -0.830824
v 0.280118 0.350000 -0.804942
v 0.280118 0.310000 -0.804942
v 0.172630 0.303520 -0.790160
v 0.169517 0.341669 -0.778542
v 0.266109 0.341669 -0.752660
v 0.269222 0.303520 -0.764278
v 0.162743 0.284681 -0.753260
v 0.156804 0.317447 -0.731099
v 0.253397 0.317447 -0.705217
v 0.259335 0.284681 -0.727378
v 0.154779 0.255227 -0.723539
v 0.146566 0.279577 -0.692887
v 0.243158 0.279577 -0.667005
v 0.251372 0.255227 -0.697658
v 0.149476 0.217883 -0.703750
v 0.139748 0.231564 -0.667443
v 0.236341 0.231564 -0.641561
v 0.246069 0.217883 -0.677868
v -0.143527 0.210000 -0.711403
v -0.147409 0.225000 -0.696914
v -0.158016 0.225000 -0.715285
v -0.147409 0.275000 -0.696914
v -0.143527 0.290000 -0.711403
v -0.158016 0.275000 -0.715285
v -0.138350 0.210000 -0.730721
v -0.152839 0.225000 -0.734603
v -0.134468 0.225000 -0.745210
v -0.138350 0.290000 -0.730721
v -0.134468 0.275000 -0.745210
v -0.152839 0.275000 -0.734603
v -0.075912 0.210000 -0.693285
v -0.061423 0.225000 -0.689403
v -0.079794 0.225000 -0.678796
v -0.075912 0.290000 -0.693285
v -0.079794 0.275000 -0.678796
v -0.061423 0.275000 -0.689403
v -0.070736 0.210000 -0.712604
v -0.066853 0.225000 -0.727093
v -0.056247 0.225000 -0.708722
v -0.070736 0.290000 -0.712604
v -0.056247 0.275000 -0.708722
v -0.066853 0.275000 -0.727093
v -0.045176 0.210000 -1.078454
v -0.049058 0.225000 -1.063966
v -0.059664 0.225000 -1.082337
v -0.049058 0.275000 -1.063966
v -0.045176 0.290000 -1.078454
v -0.059664 0.275000 -1.082337
v -0.039999 0.210000 -1.097773
v -0.054488 0.225000 -1.101655
v -0.036117 0.225000 -1.112262
v -0.039999 0.290000 -1.097773
v -0.036117 0.275000 -1.112262
v -0.054488 0.275000 -1.101655
v 0.022439 0.210000 -1.060337
v 0.036928 0.225000 -1.056455
v 0.018557 0.225000 -1.045848
v 0.022439 0.290000 -1.060337
v 0.018557 0.275000 -1.045848
v 0.036928 0.275000 -1.056455
v 0.027616 0.210000 -1.079656
v 0.031498 0.225000 -1.094144
v 0.042105 0.225000 -1.075773
v 0.027616 0.290000 -1.079656
v 0.042105 0.275000 -1.075773
v 0.031498 0.275000 -1.094144
vn -0.2817 -0.8865 0.3672
vn -0.0427 -0.3672 0.9292
vn -0.7612 -0.2817 0.5841
vn -0.1252 0.2818 0.9513
vn -0.1771 0.8865 0.4276
vn -0.7833 0.3672 0.5016
vn -0.3672 -0.8865 -0.2817
vn -0.9292 -0.3672 -0.0427
vn -0.5841 -0.2817 -0.7612
vn -0.4276 0.8865 -0.1771
vn -0.5016 0.3672 -0.7833
vn -0.9513 0.2817 -0.1252
vn 0.3672 -0.8865 0.2817
vn 0.9292 -0.3672 0.0427
vn 0.5841 -0.2817 0.7612
vn 0.4276 0.8865 0.1771
vn 0.5016 0.3672 0.7833
vn 0.9513 0.2817 0.1252
vn 0.2817 -0.8865 -0.3672
vn 0.0427 -0.3672 -0.9292
vn 0.7612 -0.2817 -0.5841
vn 0.1771 0.8865 -0.4276
vn 0.7833 0.3672 -0.5016
vn 0.1252 0.2817 -0.9513
vn -0.3696 -0.9239 0.0990
vn -0.8924 -0.3827 0.2391
vn -0.1305 -0.0000 0.9914
vn -0.7934 -0.0000 0.6088
vn -0.3696 0.9239 0.0990
vn -0.8924 0.3827 0.2391
vn -0.6088 -0.0000 -0.7934
vn -0.9914 -0.0000 -0.1305
vn -0.0990 -0.9239 -0.3696
vn -0.2391 -0.3827 -0.8924
vn -0.0990 0.9239 -0.3696
vn -0.2391 0.3827 -0.8924
vn 0.7934 -0.0000 -0.6088
vn 0.1305 -0.0000 -0.9914
vn 0.3696 -0.9239 -0.0990
vn 0.8924 -0.3827 -0.2391
vn 0.3696 0.9239 -0.0990
vn 0.8924 0.3827 -0.2391
vn 0.6088 -0.0000 0.7934
vn 0.9914 -0.0000 0.1305
vn 0.0990 -0.9239 0.3696
vn 0.2391 -0.3827 0.8924
vn 0.0990 0.9239 0.3696
vn 0.2391 0.3827 0.8924
vn -0.0000 -1.0000 -0.0000
vn -0.9659 -0.0000 0.2588
vn 0.2588 -0.0000 0.9659
vn -0.0000 1.0000 -0.0000
vn -0.2588 -0.0000 -0.9659
vn 0.9659 -0.0000 -0.2588
vn -0.0654 -0.0000 -0.9979
vn 0.3214 -0.0000 -0.9469
vn 0.6593 -0.0000 -0.7518
vn 0.8969 -0.0000 -0.4423
vn 0.9979 -0.0000 -0.0654
vn 0.9469 -0.0000 0.3214
vn 0.7518 -0.0000 0.6593
vn 0.4423 -0.0000 0.8969
vn 0.0654 -0.0000 0.9979
vn -0.3214 -0.0000 0.9469
vn -0.6593 -0.0000 0.7518
vn -0.8969 -0.0000 0.4423
vn -0.9979 -0.0000 0.0654
vn -0.9469 -0.0000 -0.3214
vn -0.7518 -0.0000 -0.6593
vn -0.4423 -0.0000 -0.8969
vn 0.2008 -0.9781 -0.0538
vn -0.6524 -0.0504 -0.7562
vn -0.2008 0.9781 0.0538
vn 0.6512 0.0567 0.7568
vn -0.7881 -0.0863 -0.6095
vn 0.7870 0.0926 0.6100
vn -0.8916 -0.1170 -0.4375
vn 0.8905 0.1233 0.4379
vn -0.9586 -0.1413 -0.2473
vn 0.9575 0.1476 0.2477
vn -0.9863 -0.1580 -0.0468
vn 0.9853 0.1643 0.0471
vn -0.9737 -0.1665 0.1558
vn 0.9726 0.1728 -0.1555
vn -0.9211 -0.1665 0.3519
vn 0.9200 0.1728 -0.3517
vn -0.8308 -0.1580 0.5337
vn 0.8297 0.1643 -0.5335
vn -0.7065 -0.1413 0.6934
vn 0.7054 0.1476 -0.6933
vn -0.5534 -0.1170 0.8246
vn 0.5523 0.1233 -0.8245
vn -0.3778 -0.0863 0.9219
vn 0.3766 0.0926 -0.9217
vn -0.1868 -0.0504 0.9811
vn 0.1856 0.0567 -0.9810
vn 0.7993 0.1954 -0.5683
vn 0.9764 0.1954 0.0925
vn -0.2053 0.6088 -0.7663
vn 0.2053 -0.6088 0.7663
vn -0.1576 0.7934 -0.5880
vn 0.1576 -0.7934 0.5880
vn -0.0338 0.9914 -0.1261
vn 0.0338 -0.9914 0.1261
vn 0.0338 0.9914 0.1261
vn -0.0338 -0.9914 -0.1261
vn 0.1576 0.7934 0.5880
vn -0.1576 -0.7934 -0.5880
vn 0.2053 0.6088 0.7663
vn -0.2053 -0.6088 -0.7663
vn -0.0670 -0.9659 -0.2500
vn 0.0670 -0.9659 0.2500
vn -0.2269 0.4810 -0.8469
vn 0.2269 -0.4810 0.8469
vn -0.1790 0.7224 -0.6680
vn 0.1790 -0.7224 0.6679
vn -0.1145 0.8969 -0.4272
vn 0.1145 -0.8969 0.4272
vn -0.0394 0.9884 -0.1469
vn 0.0394 -0.9884 0.1469
vn 0.0394 0.9884 0.1469
vn -0.0394 -0.9884 -0.1469
vn 0.1145 0.8969 0.4272
vn -0.1145 -0.8969 -0.4272
vn 0.1790 0.7224 0.6679
vn -0.1790 -0.7224 -0.6680
vn 0.2269 0.4810 0.8469
vn -0.2269 -0.4810 -0.8469
vn -0.0885 -0.9397 -0.3304
vn 0.0885 -0.9397 0.3304
vn -0.4082 -0.5774 0.7071
vn -0.4082 0.5774 0.7071
vn -0.7071 -0.5774 -0.4082
vn -0.7071 0.5774 -0.4082
vn 0.7071 -0.5774 0.4082
vn 0.7071 0.5774 0.4082
vn 0.4082 -0.5773 -0.7071
vn 0.4082 0.5773 -0.7071
vn -0.6830 -0.7071 0.1830
vn -0.5000 -0.0000 0.8660
vn -0.6830 0.7071 0.1830
vn -0.8660 -0.0000 -0.5000
vn -0.1830 -0.7071 -0.6830
vn -0.1830 0.7071 -0.6830
vn 0.5000 -0.0000 -0.8660
vn 0.6830 -0.7071 -0.1830
vn 0.6830 0.7071 -0.1830
vn 0.8660 -0.0000 0.5000
vn 0.1830 -0.7071 0.6830
vn 0.1830 0.7071 0.6830
vn 0.4082 -0.5774 -0.7071
vn 0.4082 0.5774 -0.7071
vn -0.4276 -0.8865 0.1771
vn -0.5016 -0.3672 0.7833
vn -0.9513 -0.2817 0.1252
vn -0.5841 0.2817 0.7612
vn -0.3672 0.8865 0.2817
vn -0.9292 0.3672 0.0427
vn -0.1771 -0.8865 -0.4276
vn -0.7833 -0.3672 -0.5016
vn -0.1252 -0.2818 -0.9513
vn -0.2817 0.8865 -0.3672
vn -0.0427 0.3672 -0.9292
vn -0.7612 0.2818 -0.5841
vn 0.1771 -0.8865 0.4276
vn 0.7833 -0.3672 0.5016
vn 0.1252 -0.2817 0.9513
vn 0.2817 0.8865 0.3672
vn 0.0427 0.3672 0.9292
vn 0.7612 0.2817 0.5841
vn 0.4276 -0.8865 -0.1771
vn 0.5016 -0.3672 -0.7833
vn 0.9513 -0.2817 -0.1252
vn 0.3672 0.8865 -0.2817
vn 0.9292 0.3672 -0.0427
vn 0.5841 0.2817 -0.7612
vn -0.3696 -0.9239 -0.0990
vn -0.8924 -0.3827 -0.2391
vn -0.6088 -0.0000 0.7934
vn -0.9914 -0.0000 0.1305
vn -0.3696 0.9239 -0.0990
vn -0.8924 0.3827 -0.2391
vn -0.1305 -0.0000 -0.9914
vn -0.7934 -0.0000 -0.6088
vn 0.0990 -0.9239 -0.3696
vn 0.2391 -0.3827 -0.8924
vn 0.0990 0.9239 -0.3696
vn 0.2391 0.3827 -0.8924
vn 0.9914 -0.0000 -0.1305
vn 0.6088 -0.0000 -0.7934
vn 0.3696 -0.9239 0.0990
vn 0.8924 -0.3827 0.2391
vn 0.3696 0.9239 0.0990
vn 0.8924 0.3827 0.2391
vn 0.1305 -0.0000 0.9914
vn 0.7934 -0.0000 0.6088
vn -0.0990 -0.9239 0.3696
vn -0.2391 -0.3827 0.8924
vn -0.0990 0.9239 0.3696
vn -0.2391 0.3827 0.8924
vn -0.9659 -0.0000 -0.2588
vn -0.2588 -0.0000 0.9659
vn 0.2588 -0.0000 -0.9659
vn 0.9659 -0.0000 0.2588
vn 0.4423 -0.0000 -0.8969
vn 0.7518 -0.0000 -0.6593
vn 0.9469 -0.0000 -0.3214
vn 0.9979 -0.0000 0.0654
vn 0.8969 -0.0000 0.4423
vn 0.6593 -0.0000 0.7518
vn 0.3214 -0.0000 0.9469
vn -0.0654 -0.0000 0.9979
vn -0.4423 -0.0000 0.8969
vn -0.7518 -0.0000 0.6593
vn -0.9469 -0.0000 0.3214
vn -0.9979 -0.0000 -0.0654
vn -0.8969 -0.0000 -0.4423
vn -0.6593 -0.0000 -0.7518
vn -0.3214 -0.0000 -0.9469
vn 0.0654 -0.0000 -0.9979
vn 0.2008 -0.9781 0.0538
vn -0.1868 -0.0504 -0.9811
vn -0.2008 0.9781 -0.0538
vn 0.1856 0.0567 0.9810
vn -0.3778 -0.0863 -0.9219
vn 0.3766 0.0926 0.9217
vn -0.5534 -0.1170 -0.8246
vn 0.5523 0.1233 0.8245
vn -0.7065 -0.1413 -0.6934
vn 0.7054 0.1476 0.6933
vn -0.8308 -0.1580 -0.5337
vn 0.8297 0.1643 0.5335
vn -0.9211 -0.1665 -0.3519
vn 0.9200 0.1728 0.3517
vn -0.9737 -0.1665 -0.1558
vn 0.9726 0.1728 0.1555
vn -0.9863 -0.1580 0.0468
vn 0.9853 0.1643 -0.0471
vn -0.9586 -0.1413 0.2473
vn 0.9575 0.1476 -0.2477
vn -0.8916 -0.1170 0.4375
vn 0.8905 0.1233 -0.4379
vn -0.7881 -0.0863 0.6095
vn 0.7870 0.0926 -0.6100
vn -0.6524 -0.0504 0.7562
vn 0.6512 0.0567 -0.7568
vn 0.9764 0.1954 -0.0925
vn 0.7993 0.1954 0.5683
vn 0.2053 0.6088 -0.7663
vn -0.2053 -0.6088 0.7663
vn 0.1576 0.7934 -0.5880
vn -0.1576 -0.7934 0.5880
vn 0.0338 0.9914 -0.1261
vn -0.0338 -0.9914 0.1261
vn -0.0338 0.9914 0.1261
vn 0.0338 -0.9914 -0.1261
vn -0.1576 0.7934 0.5880
vn 0.1576 -0.7934 -0.5880
vn -0.2053 0.6088 0.7663
vn 0.2053 -0.6088 -0.7663
vn 0.0670 -0.9659 -0.2500
vn -0.0670 -0.9659 0.2500
vn 0.2269 0.4810 -0.8469
vn -0.2269 -0.4810 0.8469
vn 0.1790 0.7224 -0.6680
vn -0.1790 -0.7224 0.6679
vn 0.1145 0.8969 -0.4272
vn -0.1145 -0.8969 0.4272
vn 0.0394 0.9884 -0.1469
vn -0.0394 -0.9884 0.1469
vn -0.0394 0.9884 0.1469
vn 0.0394 -0.9884 -0.1469
vn -0.1145 0.8969 0.4272
vn 0.1145 -0.8969 -0.4272
vn -0.1790 0.7224 0.6680
vn 0.1790 -0.7224 -0.6679
vn -0.2269 0.4810 0.8469
vn 0.2269 -0.4810 -0.8469
vn 0.0885 -0.9397 -0.3304
vn -0.0885 -0.9397 0.3304
vn -0.7071 -0.5774 0.4082
vn -0.7071 0.5774 0.4082
vn -0.4082 -0.5774 -0.7071
vn -0.4082 0.5774 -0.7071
vn 0.4082 -0.5774 0.7071
vn 0.4082 0.5774 0.7071
vn 0.7071 -0.5774 -0.4082
vn 0.7071 0.5774 -0.4082
vn -0.6830 -0.7071 -0.1830
vn -0.8660 -0.0000 0.5000
vn -0.6830 0.7071 -0.1830
vn -0.5000 -0.0000 -0.8660
vn 0.1830 -0.7071 -0.6830
vn 0.1830 0.7071 -0.6830
vn 0.8660 -0.0000 -0.5000
vn 0.6830 -0.7071 0.1830
vn 0.6830 0.7071 0.1830
vn 0.5000 -0.0000 0.8660
vn -0.1830 -0.7071 0.6830
vn -0.1830 0.7071 0.6830
vn 0.4082 -0.5773 0.7071
vn 0.4082 0.5773 0.7071
vn -0.1771 -0.8865 0.4276
vn -0.1252 -0.2818 0.9513
vn -0.7833 -0.3672 0.5016
vn -0.0427 0.3672 0.9292
vn -0.2817 0.8865 0.3672
vn -0.7612 0.2817 0.5841
vn -0.4276 -0.8865 -0.1771
vn -0.9513 -0.2817 -0.1252
vn -0.5016 -0.3672 -0.7833
vn -0.3672 0.8865 -0.2817
vn -0.5841 0.2817 -0.7612
vn -0.9292 0.3672 -0.0427
vn 0.4276 -0.8865 0.1771
vn 0.9513 -0.2817 0.1252
vn 0.5016 -0.3672 0.7833
vn 0.3672 0.8865 0.2817
vn 0.5841 0.2817 0.7612
vn 0.9292 0.3672 0.0427
vn 0.1771 -0.8865 -0.4276
vn 0.1252 -0.2817 -0.9513
vn 0.7833 -0.3672 -0.5016
vn 0.2817 0.8865 -0.3672
vn 0.7612 0.2817 -0.5841
vn 0.0427 0.3672 -0.9292
vn 0.1790 -0.7224 0.6680
vn 0.1790 0.7224 0.6680
vn -0.1790 -0.7224 -0.6679
vn -0.3672 -0.8865 0.2817
vn -0.5841 -0.2817 0.7612
vn -0.9292 -0.3672 0.0427
vn -0.5016 0.3672 0.7833
vn -0.4276 0.8865 0.1771
vn -0.9513 0.2817 0.1252
vn -0.2817 -0.8865 -0.3672
vn -0.7612 -0.2818 -0.5841
vn -0.0427 -0.3672 -0.9292
vn -0.1771 0.8865 -0.4276
vn -0.1252 0.2818 -0.9513
vn -0.7833 0.3672 -0.5016
vn 0.2817 -0.8865 0.3672
vn 0.7612 -0.2817 0.5841
vn 0.0427 -0.3672 0.9292
vn 0.1771 0.8865 0.4276
vn 0.1252 0.2817 0.9513
vn 0.7833 0.3672 0.5016
vn 0.3672 -0.8865 -0.2817
vn 0.5841 -0.2817 -0.7612
vn 0.9292 -0.3672 -0.0427
vn 0.4276 0.8865 -0.1771
vn 0.9513 0.2817 -0.1252
vn 0.5016 0.3672 -0.7833
vt 0.462500 0.071429
vt 0.425000 0.096172
vt 0.425000 0.046685
vt 0.712500 0.928571
vt 0.675000 0.953315
vt 0.675000 0.903828
vt 0.087500 0.500000
vt 0.050000 0.524744
vt 0.050000 0.475256
s 0
usemtl Palette
f 1753/1680/699 1757/1681/699 1759/1682/699
f 1754/1680/700 1757/1681/700 1756/1682/700
f 1755/1680/701 1757/1681/701 1758/1682/701
f 1760/1680/702 1764/1681/702 1766/1682/702
f 1761/1680/703 1764/1681/703 1763/1682/703
f 1762/1680/704 1764/1681/704 1765/1682/704
f 1767/1680/705 1771/1681/705 1773/1682/705
f 1768/1680/706 1771/1681/706 1770/1682/706
f 1769/1680/707 1771/1681/707 1772/1682/707
f 1774/1680/708 1778/1681/708 1780/1682/708
f 1775/1680/709 1778/1681/709 1777/1682/709
f 1776/1680/710 1778/1681/710 1779/1682/710
f 1781/1680/711 1785/1681/711 1787/1682/711
f 1782/1680/712 1785/1681/712 1784/1682/712
f 1783/1680/713 1785/1681/713 1786/1682/713
f 1788/1680/714 1792/1681/714 1794/1682/714
f 1789/1680/715 1792/1681/715 1791/1682/715
f 1790/1680/716 1792/1681/716 1793/1682/716
f 1795/1680/717 1799/1681/717 1801/1682/717
f 1796/1680/718 1799/1681/718 1798/1682/718
f 1797/1680/719 1799/1681/719 1800/1682/719
f 1802/1680/720 1806/1681/720 1808/1682/720
f 1803/1680/721 1806/1681/721 1805/1682/721
f 1804/1680/722 1806/1681/722 1807/1682/722
f 1753/1680/723 1770/1681/723 1767/1682/723
f 1759/1680/724 1768/1681/724 1770/1682/724
f 1760/1680/725 1758/1681/725 1754/1682/725
f 1766/1680/726 1755/1681/726 1758/1682/726
f 1774/1680/727 1765/1681/727 1761/1682/727
f 1780/1680/728 1762/1681/728 1765/1682/728
f 1769/1680/729 1779/1681/729 1775/1682/729
f 1772/1680/730 1776/1681/730 1779/1682/730
f 1795/1680/731 1773/1681/731 1798/1682/731
f 1773/1680/732 1796/1681/732 1798/1682/732
f 1802/1680/733 1777/1681/733 1774/1682/733
f 1808/1680/734 1775/1681/734 1777/1682/734
f 1797/1680/735 1807/1681/735 1803/1682/735
f 1800/1680/736 1804/1681/736 1807/1682/736
f 1795/1680/737 1784/1681/737 1781/1682/737
f 1801/1680/738 1782/1681/738 1784/1682/738
f 1788/1680/739 1805/1681/739 1802/1682/739
f 1794/1680/740 1803/1681/740 1805/1682/740
f 1783/1680/741 1793/1681/741 1789/1682/741
f 1786/1680/742 1790/1681/742 1793/1682/742
f 1781/1680/743 1756/1681/743 1753/1682/743
f 1787/1680/744 1754/1681/744 1756/1682/744
f 1761/1680/745 1791/1681/745 1788/1682/745
f 1763/1680/746 1789/1681/746 1791/1682/746
f 1795/1680/747 1753/1681/747 1767/1682/747
f 1762/1680/748 1768/1681/748 1755/1682/748
f 1789/1680/749 1754/1681/749 1783/1682/749
f 1774/1680/750 1788/1681/750 1802/1682/750
f 1775/1680/751 1796/1681/751 1769/1682/751
f 1803/1680/752 1782/1681/752 1797/1682/752
f 1810/1683/753 1811/1684/753 1809/1685/753
f 1812/1683/754 1813/1684/754 1811/1685/754
f 1814/1683/755 1815/1684/755 1813/1685/755
f 1816/1683/756 1817/1684/756 1815/1685/756
f 1818/1683/757 1819/1684/757 1817/1685/757
f 1820/1683/758 1821/1684/758 1819/1685/758
f 1822/1683/759 1823/1684/759 1821/1685/759
f 1824/1683/760 1825/1684/760 1823/1685/760
f 1826/1683/761 1827/1684/761 1825/1685/761
f 1828/1683/762 1829/1684/762 1827/1685/762
f 1830/1683/763 1831/1684/763 1829/1685/763
f 1832/1683/764 1833/1684/764 1831/1685/764
f 1834/1683/765 1835/1684/765 1833/1685/765
f 1836/1683/766 1837/1684/766 1835/1685/766
f 1830/1683/750 1822/1684/750 1814/1685/750
f 1838/1683/767 1839/1684/767 1837/1685/767
f 1840/1683/768 1809/1684/768 1839/1685/768
f 1823/1683/747 1831/1684/747 1839/1685/747
f 1841/1680/769 1846/1681/769 1842/1682/769
f 1842/1680/770 1847/1681/770 1843/1682/770
f 1847/1680/771 1844/1681/771 1843/1682/771
f 1844/1680/772 1845/1681/772 1841/1682/772
f 1849/1680/769 1846/1681/769 1845/1682/769
f 1850/1680/773 1847/1681/773 1846/1682/773
f 1851/1680/771 1848/1681/771 1847/1682/771
f 1852/1680/774 1845/1681/774 1848/1682/774
f 1853/1680/769 1850/1681/769 1849/1682/769
f 1850/1680/775 1855/1681/775 1851/1682/775
f 1851/1680/771 1856/1681/771 1852/1682/771
f 1856/1680/776 1849/1681/776 1852/1682/776
f 1853/1680/769 1858/1681/769 1854/1682/769
f 1854/1680/777 1859/1681/777 1855/1682/777
f 1859/1680/771 1856/1681/771 1855/1682/771
f 1860/1680/778 1853/1681/778 1856/1682/778
f 1857/1680/769 1862/1681/769 1858/1682/769
f 1858/1680/779 1863/1681/779 1859/1682/779
f 1863/1680/771 1860/1681/771 1859/1682/771
f 1864/1680/780 1857/1681/780 1860/1682/780
f 1865/1680/769 1862/1681/769 1861/1682/769
f 1862/1680/781 1867/1681/781 1863/1682/781
f 1863/1680/771 1868/1681/771 1864/1682/771
f 1868/1680/782 1861/1681/782 1864/1682/782
f 1869/1680/769 1866/1681/769 1865/1682/769
f 1870/1680/783 1867/1681/783 1866/1682/783
f 1867/1680/771 1872/1681/771 1868/1682/771
f 1868/1680/784 1869/1681/784 1865/1682/784
f 1873/1680/769 1870/1681/769 1869/1682/769
f 1874/1680/785 1871/1681/785 1870/1682/785
f 1871/1680/771 1876/1681/771 1872/1682/771
f 1876/1680/786 1869/1681/786 1872/1682/786
f 1877/1680/769 1874/1681/769 1873/1682/769
f 1874/1680/787 1879/1681/787 1875/1682/787
f 1875/1680/771 1880/1681/771 1876/1682/771
f 1876/1680/788 1877/1681/788 1873/1682/788
f 1877/1680/769 1882/1681/769 1878/1682/769
f 1882/1680/789 1879/1681/789 1878/1682/789
f 1883/1680/771 1880/1681/771 1879/1682/771
f 1884/1680/790 1877/1681/790 1880/1682/790
f 1885/1680/769 1882/1681/769 1881/1682/769
f 1882/1680/791 1887/1681/791 1883/1682/791
f 1883/1680/771 1888/1681/771 1884/1682/771
f 1888/1680/792 1881/1681/792 1884/1682/792
f 1889/1680/769 1886/1681/769 1885/1682/769
f 1886/1680/793 1891/1681/793 1887/1682/793
f 1887/1680/771 1892/1681/771 1888/1682/771
f 1892/1680/794 1885/1681/794 1888/1682/794
f 1841/1680/795 1843/1681/795 1844/1682/795
f 1889/1680/796 1891/1681/796 1890/1682/796
f 1897/1683/748 1894/1684/748 1893/1685/748
f 1898/1683/734 1895/1684/734 1894/1685/734
f 1895/1683/752 1900/1684/752 1896/1685/752
f 1900/1683/744 1893/1684/744 1896/1685/744
f 1901/1683/748 1898/1684/748 1897/1685/748
f 1902/1683/797 1899/1684/797 1898/1685/797
f 1899/1683/752 1904/1684/752 1900/1685/752
f 1904/1683/798 1897/1684/798 1900/1685/798
f 1905/1683/748 1902/1684/748 1901/1685/748
f 1902/1683/799 1907/1684/799 1903/1685/799
f 1903/1683/752 1908/1684/752 1904/1685/752
f 1908/1683/800 1901/1684/800 1904/1685/800
f 1905/1683/748 1910/1684/748 1906/1685/748
f 1910/1683/733 1907/1684/733 1906/1685/733
f 1907/1683/752 1912/1684/752 1908/1685/752
f 1912/1683/743 1905/1684/743 1908/1685/743
f 1913/1683/748 1910/1684/748 1909/1685/748
f 1914/1683/801 1911/1684/801 1910/1685/801
f 1911/1683/752 1916/1684/752 1912/1685/752
f 1916/1683/802 1909/1684/802 1912/1685/802
f 1913/1683/748 1918/1684/748 1914/1685/748
f 1918/1683/803 1915/1684/803 1914/1685/803
f 1919/1683/752 1916/1684/752 1915/1685/752
f 1916/1683/804 1917/1684/804 1913/1685/804
f 1921/1683/748 1918/1684/748 1917/1685/748
f 1922/1683/745 1919/1684/745 1918/1685/745
f 1919/1683/752 1924/1684/752 1920/1685/752
f 1924/1683/731 1917/1684/731 1920/1685/731
f 1921/1683/748 1926/1684/748 1922/1685/748
f 1926/1683/805 1923/1684/805 1922/1685/805
f 1923/1683/752 1928/1684/752 1924/1685/752
f 1928/1683/806 1921/1684/806 1924/1685/806
f 1929/1683/748 1926/1684/748 1925/1685/748
f 1930/1683/807 1927/1684/807 1926/1685/807
f 1931/1683/752 1928/1684/752 1927/1685/752
f 1932/1683/808 1925/1684/808 1928/1685/808
f 1929/1683/748 1934/1684/748 1930/1685/748
f 1930/1683/746 1935/1684/746 1931/1685/746
f 1931/1683/752 1936/1684/752 1932/1685/752
f 1932/1683/732 1933/1684/732 1929/1685/732
f 1893/1683/809 1895/1684/809 1896/1685/809
f 1933/1683/810 1935/1684/810 1934/1685/810
f 1937/1683/748 1942/1684/748 1938/1685/748
f 1942/1683/811 1939/1684/811 1938/1685/811
f 1943/1683/752 1940/1684/752 1939/1685/752
f 1944/1683/812 1937/1684/812 1940/1685/812
f 1945/1683/748 1942/1684/748 1941/1685/748
f 1946/1683/813 1943/1684/813 1942/1685/813
f 1947/1683/752 1944/1684/752 1943/1685/752
f 1948/1683/814 1941/1684/814 1944/1685/814
f 1949/1683/748 1946/1684/748 1945/1685/748
f 1946/1683/815 1951/1684/815 1947/1685/815
f 1951/1683/752 1948/1684/752 1947/1685/752
f 1952/1683/816 1945/1684/816 1948/1685/816
f 1949/1683/748 1954/1684/748 1950/1685/748
f 1954/1683/817 1951/1684/817 1950/1685/817
f 1955/1683/752 1952/1684/752 1951/1685/752
f 1956/1683/818 1949/1684/818 1952/1685/818
f 1957/1683/748 1954/1684/748 1953/1685/748
f 1958/1683/819 1955/1684/819 1954/1685/819
f 1955/1683/752 1960/1684/752 1956/1685/752
f 1960/1683/820 1953/1684/820 1956/1685/820
f 1961/1683/748 1958/1684/748 1957/1685/748
f 1958/1683/821 1963/1684/821 1959/1685/821
f 1963/1683/752 1960/1684/752 1959/1685/752
f 1960/1683/822 1961/1684/822 1957/1685/822
f 1961/1683/748 1966/1684/748 1962/1685/748
f 1966/1683/823 1963/1684/823 1962/1685/823
f 1963/1683/752 1968/1684/752 1964/1685/752
f 1964/1683/824 1965/1684/824 1961/1685/824
f 1965/1683/748 1970/1684/748 1966/1685/748
f 1966/1683/825 1971/1684/825 1967/1685/825
f 1971/1683/752 1968/1684/752 1967/1685/752
f 1968/1683/826 1969/1684/826 1965/1685/826
f 1937/1683/827 1939/1684/827 1940/1685/827
f 1972/1683/828 1970/1684/828 1969/1685/828
f 1973/1686/829 1974/1687/829 1975/1688/829
f 1976/1686/830 1977/1687/830 1978/1688/830
f 1979/1686/831 1980/1687/831 1981/1688/831
f 1982/1686/832 1983/1687/832 1984/1688/832
f 1985/1686/833 1986/1687/833 1987/1688/833
f 1988/1686/834 1989/1687/834 1990/1688/834
f 1991/1686/835 1992/1687/835 1993/1688/835
f 1994/1686/836 1995/1687/836 1996/1688/836
f 1979/1686/837 1975/1687/837 1980/1688/837
f 1976/1686/838 1975/1687/838 1974/1688/838
f 1982/1686/839 1978/1687/839 1977/1688/839
f 1981/1686/840 1984/1687/840 1983/1688/840
f 1979/1686/841 1992/1687/841 1991/1688/841
f 1982/1686/842 1996/1687/842 1983/1688/842
f 1993/1686/843 1996/1687/843 1995/1688/843
f 1991/1686/844 1986/1687/844 1985/1688/844
f 1988/1686/845 1995/1687/845 1994/1688/845
f 1987/1686/846 1990/1687/846 1989/1688/846
f 1985/1686/847 1974/1687/847 1973/1688/847
f 1977/1686/848 1989/1687/848 1988/1688/848
f 1991/1686/747 1973/1687/747 1979/1688/747
f 1978/1686/748 1980/1687/748 1975/1688/748
f 1989/1686/749 1974/1687/749 1987/1688/749
f 1982/1686/750 1988/1687/750 1994/1688/750
f 1983/1686/751 1992/1687/751 1981/1688/751
f 1995/1686/752 1986/1687/752 1993/1688/752
f 1997/1686/829 1998/1687/829 1999/1688/829
f 2000/1686/830 2001/1687/830 2002/1688/830
f 2003/1686/831 2004/1687/831 2005/1688/831
f 2006/1686/832 2007/1687/832 2008/1688/832
f 2009/1686/833 2010/1687/833 2011/1688/833
f 2012/1686/834 2013/1687/834 2014/1688/834
f 2015/1686/849 2016/1687/849 2017/1688/849
f 2018/1686/850 2019/1687/850 2020/1688/850
f 2003/1686/837 1999/1687/837 2004/1688/837
f 2000/1686/838 1999/1687/838 1998/1688/838
f 2001/1686/839 2008/1687/839 2002/1688/839
f 2005/1686/840 2008/1687/840 2007/1688/840
f 2015/1686/841 2005/1687/841 2016/1688/841
f 2018/1686/842 2007/1687/842 2006/1688/842
f 2017/1686/843 2020/1687/843 2019/1688/843
f 2015/1686/844 2010/1687/844 2009/1688/844
f 2018/1686/845 2014/1687/845 2019/1688/845
f 2011/1686/846 2014/1687/846 2013/1688/846
f 1997/1686/847 2011/1687/847 1998/1688/847
f 2001/1686/848 2013/1687/848 2012/1688/848
f 2003/1686/747 2009/1687/747 1997/1688/747
f 2002/1686/748 2004/1687/748 1999/1688/748
f 2013/1686/749 1998/1687/749 2011/1688/749
f 2006/1686/750 2012/1687/750 2018/1688/750
f 2007/1686/751 2016/1687/751 2005/1688/751
f 2019/1686/752 2010/1687/752 2017/1688/752
f 2021/1680/851 2025/1681/851 2027/1682/851
f 2022/1680/852 2025/1681/852 2024/1682/852
f 2023/1680/853 2025/1681/853 2026/1682/853
f 2028/1680/854 2032/1681/854 2034/1682/854
f 2029/1680/855 2032/1681/855 2031/1682/855
f 2030/1680/856 2032/1681/856 2033/1682/856
f 2035/1680/857 2039/1681/857 2041/1682/857
f 2036/1680/858 2039/1681/858 2038/1682/858
f 2037/1680/859 2039/1681/859 2040/1682/859
f 2042/1680/860 2046/1681/860 2048/1682/860
f 2043/1680/861 2046/1681/861 2045/1682/861
f 2044/1680/862 2046/1681/862 2047/1682/862
f 2049/1680/863 2053/1681/863 2055/1682/863
f 2050/1680/864 2053/1681/864 2052/1682/864
f 2051/1680/865 2053/1681/865 2054/1682/865
f 2056/1680/866 2060/1681/866 2062/1682/866
f 2057/1680/867 2060/1681/867 2059/1682/867
f 2058/1680/868 2060/1681/868 2061/1682/868
f 2063/1680/869 2067/1681/869 2069/1682/869
f 2064/1680/870 2067/1681/870 2066/1682/870
f 2065/1680/871 2067/1681/871 2068/1682/871
f 2070/1680/872 2074/1681/872 2076/1682/872
f 2071/1680/873 2074/1681/873 2073/1682/873
f 2072/1680/874 2074/1681/874 2075/1682/874
f 2021/1680/875 2038/1681/875 2035/1682/875
f 2038/1680/876 2023/1681/876 2036/1682/876
f 2028/1680/877 2026/1681/877 2022/1682/877
f 2034/1680/878 2023/1681/878 2026/1682/878
f 2029/1680/879 2048/1681/879 2033/1682/879
f 2048/1680/880 2030/1681/880 2033/1682/880
f 2037/1680/881 2047/1681/881 2043/1682/881
f 2040/1680/882 2044/1681/882 2047/1682/882
f 2035/1680/883 2066/1681/883 2063/1682/883
f 2066/1680/884 2037/1681/884 2064/1682/884
f 2070/1680/885 2045/1681/885 2042/1682/885
f 2076/1680/886 2043/1681/886 2045/1682/886
f 2065/1680/887 2075/1681/887 2071/1682/887
f 2068/1680/888 2072/1681/888 2075/1682/888
f 2063/1680/889 2052/1681/889 2049/1682/889
f 2069/1680/890 2050/1681/890 2052/1682/890
f 2070/1680/891 2062/1681/891 2073/1682/891
f 2073/1680/892 2058/1681/892 2071/1682/892
f 2051/1680/893 2061/1681/893 2057/1682/893
f 2054/1680/894 2058/1681/894 2061/1682/894
f 2049/1680/895 2024/1681/895 2021/1682/895
f 2055/1680/896 2022/1681/896 2024/1682/896
f 2029/1680/897 2059/1681/897 2056/1682/897
f 2031/1680/898 2057/1681/898 2059/1682/898
f 2063/1680/747 2021/1681/747 2035/1682/747
f 2030/1680/899 2036/1681/899 2023/1682/899
f 2057/1680/900 2022/1681/900 2051/1682/900
f 2042/1680/750 2056/1681/750 2070/1682/750
f 2043/1680/901 2064/1681/901 2037/1682/901
f 2071/1680/902 2050/1681/902 2065/1682/902
f 2078/1683/903 2079/1684/903 2077/1685/903
f 2080/1683/904 2081/1684/904 2079/1685/904
f 2082/1683/905 2083/1684/905 2081/1685/905
f 2084/1683/906 2085/1684/906 2083/1685/906
f 2086/1683/907 2087/1684/907 2085/1685/907
f 2088/1683/908 2089/1684/908 2087/1685/908
f 2090/1683/909 2091/1684/909 2089/1685/909
f 2092/1683/910 2093/1684/910 2091/1685/910
f 2094/1683/911 2095/1684/911 2093/1685/911
f 2096/1683/912 2097/1684/912 2095/1685/912
f 2098/1683/913 2099/1684/913 2097/1685/913
f 2100/1683/914 2101/1684/914 2099/1685/914
f 2102/1683/915 2103/1684/915 2101/1685/915
f 2104/1683/916 2105/1684/916 2103/1685/916
f 2086/1683/750 2082/1684/750 2098/1685/750
f 2106/1683/917 2107/1684/917 2105/1685/917
f 2108/1683/918 2077/1684/918 2107/1685/918
f 2091/1683/747 2099/1684/747 2107/1685/747
f 2109/1680/919 2114/1681/919 2110/1682/919
f 2110/1680/920 2115/1681/920 2111/1682/920
f 2115/1680/921 2112/1681/921 2111/1682/921
f 2116/1680/922 2109/1681/922 2112/1682/922
f 2117/1680/919 2114/1681/919 2113/1682/919
f 2118/1680/923 2115/1681/923 2114/1682/923
f 2119/1680/921 2116/1681/921 2115/1682/921
f 2120/1680/924 2113/1681/924 2116/1682/924
f 2121/1680/919 2118/1681/919 2117/1682/919
f 2122/1680/925 2119/1681/925 2118/1682/925
f 2123/1680/921 2120/1681/921 2119/1682/921
f 2124/1680/926 2117/1681/926 2120/1682/926
f 2125/1680/919 2122/1681/919 2121/1682/919
f 2126/1680/927 2123/1681/927 2122/1682/927
f 2127/1680/921 2124/1681/921 2123/1682/921
f 2128/1680/928 2121/1681/928 2124/1682/928
f 2125/1680/919 2130/1681/919 2126/1682/919
f 2130/1680/929 2127/1681/929 2126/1682/929
f 2131/1680/921 2128/1681/921 2127/1682/921
f 2128/1680/930 2129/1681/930 2125/1682/930
f 2133/1680/919 2130/1681/919 2129/1682/919
f 2134/1680/931 2131/1681/931 2130/1682/931
f 2131/1680/921 2136/1681/921 2132/1682/921
f 2136/1680/932 2129/1681/932 2132/1682/932
f 2137/1680/919 2134/1681/919 2133/1682/919
f 2138/1680/933 2135/1681/933 2134/1682/933
f 2135/1680/921 2140/1681/921 2136/1682/921
f 2140/1680/934 2133/1681/934 2136/1682/934
f 2141/1680/919 2138/1681/919 2137/1682/919
f 2142/1680/935 2139/1681/935 2138/1682/935
f 2143/1680/921 2140/1681/921 2139/1682/921
f 2144/1680/936 2137/1681/936 2140/1682/936
f 2141/1680/919 2146/1681/919 2142/1682/919
f 2146/1680/937 2143/1681/937 2142/1682/937
f 2147/1680/921 2144/1681/921 2143/1682/921
f 2144/1680/938 2145/1681/938 2141/1682/938
f 2145/1680/919 2150/1681/919 2146/1682/919
f 2150/1680/939 2147/1681/939 2146/1682/939
f 2151/1680/921 2148/1681/921 2147/1682/921
f 2152/1680/940 2145/1681/940 2148/1682/940
f 2149/1680/919 2154/1681/919 2150/1682/919
f 2150/1680/941 2155/1681/941 2151/1682/941
f 2151/1680/921 2156/1681/921 2152/1682/921
f 2152/1680/942 2153/1681/942 2149/1682/942
f 2157/1680/919 2154/1681/919 2153/1682/919
f 2158/1680/943 2155/1681/943 2154/1682/943
f 2159/1680/921 2156/1681/921 2155/1682/921
f 2160/1680/944 2153/1681/944 2156/1682/944
f 2109/1680/945 2111/1681/945 2112/1682/945
f 2157/1680/946 2159/1681/946 2158/1682/946
f 2161/1683/899 2166/1684/899 2162/1685/899
f 2166/1683/886 2163/1684/886 2162/1685/886
f 2167/1683/902 2164/1684/902 2163/1685/902
f 2168/1683/896 2161/1684/896 2164/1685/896
f 2165/1683/899 2170/1684/899 2166/1685/899
f 2166/1683/947 2171/1684/947 2167/1685/947
f 2167/1683/902 2172/1684/902 2168/1685/902
f 2172/1683/948 2165/1684/948 2168/1685/948
f 2173/1683/899 2170/1684/899 2169/1685/899
f 2174/1683/949 2171/1684/949 2170/1685/949
f 2171/1683/902 2176/1684/902 2172/1685/902
f 2176/1683/950 2169/1684/950 2172/1685/950
f 2177/1683/899 2174/1684/899 2173/1685/899
f 2178/1683/885 2175/1684/885 2174/1685/885
f 2179/1683/902 2176/1684/902 2175/1685/902
f 2176/1683/895 2177/1684/895 2173/1685/895
f 2181/1683/899 2178/1684/899 2177/1685/899
f 2178/1683/951 2183/1684/951 2179/1685/951
f 2179/1683/902 2184/1684/902 2180/1685/902
f 2180/1683/952 2181/1684/952 2177/1685/952
f 2185/1683/899 2182/1684/899 2181/1685/899
f 2186/1683/953 2183/1684/953 2182/1685/953
f 2187/1683/902 2184/1684/902 2183/1685/902
f 2188/1683/954 2181/1684/954 2184/1685/954
f 2189/1683/899 2186/1684/899 2185/1685/899
f 2186/1683/897 2191/1684/897 2187/1685/897
f 2187/1683/902 2192/1684/902 2188/1685/902
f 2188/1683/883 2189/1684/883 2185/1685/883
f 2189/1683/899 2194/1684/899 2190/1685/899
f 2190/1683/955 2195/1684/955 2191/1685/955
f 2195/1683/902 2192/1684/902 2191/1685/902
f 2196/1683/956 2189/1684/956 2192/1685/956
f 2193/1683/899 2198/1684/899 2194/1685/899
f 2194/1683/957 2199/1684/957 2195/1685/957
f 2199/1683/902 2196/1684/902 2195/1685/902
f 2200/1683/958 2193/1684/958 2196/1685/958
f 2201/1683/899 2198/1684/899 2197/1685/899
f 2202/1683/898 2199/1684/898 2198/1685/898
f 2203/1683/902 2200/1684/902 2199/1685/902
f 2204/1683/884 2197/1684/884 2200/1685/884
f 2161/1683/959 2163/1684/959 2164/1685/959
f 2201/1683/960 2203/1684/960 2202/1685/960
f 2209/1683/899 2206/1684/899 2205/1685/899
f 2210/1683/961 2207/1684/961 2206/1685/961
f 2207/1683/902 2212/1684/902 2208/1685/902
f 2212/1683/962 2205/1684/962 2208/1685/962
f 2209/1683/899 2214/1684/899 2210/1685/899
f 2210/1683/963 2215/1684/963 2211/1685/963
f 2215/1683/902 2212/1684/902 2211/1685/902
f 2212/1683/964 2213/1684/964 2209/1685/964
f 2213/1683/899 2218/1684/899 2214/1685/899
f 2218/1683/965 2215/1684/965 2214/1685/965
f 2219/1683/902 2216/1684/902 2215/1685/902
f 2220/1683/966 2213/1684/966 2216/1685/966
f 2217/1683/899 2222/1684/899 2218/1685/899
f 2222/1683/967 2219/1684/967 2218/1685/967
f 2219/1683/902 2224/1684/902 2220/1685/902
f 2224/1683/968 2217/1684/968 2220/1685/968
f 2225/1683/899 2222/1684/899 2221/1685/899
f 2226/1683/969 2223/1684/969 2222/1685/969
f 2227/1683/902 2224/1684/902 2223/1685/902
f 2224/1683/970 2225/1684/970 2221/1685/970
f 2229/1683/899 2226/1684/899 2225/1685/899
f 2230/1683/971 2227/1684/971 2226/1685/971
f 2227/1683/902 2232/1684/902 2228/1685/902
f 2232/1683/972 2225/1684/972 2228/1685/972
f 2233/1683/899 2230/1684/899 2229/1685/899
f 2230/1683/973 2235/1684/973 2231/1685/973
f 2231/1683/902 2236/1684/902 2232/1685/902
f 2232/1683/974 2233/1684/974 2229/1685/974
f 2233/1683/899 2238/1684/899 2234/1685/899
f 2238/1683/975 2235/1684/975 2234/1685/975
f 2239/1683/902 2236/1684/902 2235/1685/902
f 2240/1683/976 2233/1684/976 2236/1685/976
f 2205/1683/977 2207/1684/977 2208/1685/977
f 2240/1683/978 2238/1684/978 2237/1685/978
f 2241/1686/979 2242/1687/979 2243/1688/979
f 2244/1686/980 2245/1687/980 2246/1688/980
f 2247/1686/981 2248/1687/981 2249/1688/981
f 2250/1686/982 2251/1687/982 2252/1688/982
f 2253/1686/983 2254/1687/983 2255/1688/983
f 2256/1686/984 2257/1687/984 2258/1688/984
f 2259/1686/985 2260/1687/985 2261/1688/985
f 2262/1686/986 2263/1687/986 2264/1688/986
f 2241/1686/987 2248/1687/987 2247/1688/987
f 2244/1686/988 2243/1687/988 2242/1688/988
f 2245/1686/989 2252/1687/989 2246/1688/989
f 2249/1686/990 2252/1687/990 2251/1688/990
f 2247/1686/991 2260/1687/991 2259/1688/991
f 2262/1686/992 2251/1687/992 2250/1688/992
f 2261/1686/993 2264/1687/993 2263/1688/993
f 2259/1686/994 2254/1687/994 2253/1688/994
f 2256/1686/995 2263/1687/995 2262/1688/995
f 2255/1686/996 2258/1687/996 2257/1688/996
f 2253/1686/997 2242/1687/997 2241/1688/997
f 2245/1686/998 2257/1687/998 2256/1688/998
f 2247/1686/747 2253/1687/747 2241/1688/747
f 2246/1686/899 2248/1687/899 2243/1688/899
f 2257/1686/900 2242/1687/900 2255/1688/900
f 2250/1686/750 2256/1687/750 2262/1688/750
f 2251/1686/901 2260/1687/901 2249/1688/901
f 2263/1686/902 2254/1687/902 2261/1688/902
f 2265/1686/979 2266/1687/979 2267/1688/979
f 2268/1686/980 2269/1687/980 2270/1688/980
f 2271/1686/981 2272/1687/981 2273/1688/981
f 2274/1686/982 2275/1687/982 2276/1688/982
f 2277/1686/999 2278/1687/999 2279/1688/999
f 2280/1686/1000 2281/1687/1000 2282/1688/1000
f 2283/1686/985 2284/1687/985 2285/1688/985
f 2286/1686/986 2287/1687/986 2288/1688/986
f 2265/1686/987 2272/1687/987 2271/1688/987
f 2268/1686/988 2267/1687/988 2266/1688/988
f 2269/1686/989 2276/1687/989 2270/1688/989
f 2273/1686/990 2276/1687/990 2275/1688/990
f 2271/1686/991 2284/1687/991 2283/1688/991
f 2274/1686/992 2288/1687/992 2275/1688/992
f 2285/1686/993 2288/1687/993 2287/1688/993
f 2283/1686/994 2278/1687/994 2277/1688/994
f 2280/1686/995 2287/1687/995 2286/1688/995
f 2279/1686/996 2282/1687/996 2281/1688/996
f 2265/1686/997 2279/1687/997 2266/1688/997
f 2269/1686/998 2281/1687/998 2280/1688/998
f 2283/1686/747 2265/1687/747 2271/1688/747
f 2270/1686/899 2272/1687/899 2267/1688/899
f 2281/1686/900 2266/1687/900 2279/1688/900
f 2286/1686/750 2269/1687/750 2280/1688/750
f 2275/1686/901 2284/1687/901 2273/1688/901
f 2287/1686/902 2278/1687/902 2285/1688/902
f 1753/1680/1001 1756/1681/1001 1757/1682/1001
f 1754/1680/1002 1758/1681/1002 1757/1682/1002
f 1755/1680/1003 1759/1681/1003 1757/1682/1003
f 1760/1680/1004 1763/1681/1004 1764/1682/1004
f 1761/1680/1005 1765/1681/1005 1764/1682/1005
f 1762/1680/1006 1766/1681/1006 1764/1682/1006
f 1767/1680/1007 1770/1681/1007 1771/1682/1007
f 1768/1680/1008 1772/1681/1008 1771/1682/1008
f 1769/1680/1009 1773/1681/1009 1771/1682/1009
f 1774/1680/1010 1777/1681/1010 1778/1682/1010
f 1775/1680/1011 1779/1681/1011 1778/1682/1011
f 1776/1680/1012 1780/1681/1012 1778/1682/1012
f 1781/1680/1013 1784/1681/1013 1785/1682/1013
f 1782/1680/1014 1786/1681/1014 1785/1682/1014
f 1783/1680/1015 1787/1681/1015 1785/1682/1015
f 1788/1680/1016 1791/1681/1016 1792/1682/1016
f 1789/1680/1017 1793/1681/1017 1792/1682/1017
f 1790/1680/1018 1794/1681/1018 1792/1682/1018
f 1795/1680/1019 1798/1681/1019 1799/1682/1019
f 1796/1680/1020 1800/1681/1020 1799/1682/1020
f 1797/1680/1021 1801/1681/1021 1799/1682/1021
f 1802/1680/1022 1805/1681/1022 1806/1682/1022
f 1803/1680/1023 1807/1681/1023 1806/1682/1023
f 1804/1680/1024 1808/1681/1024 1806/1682/1024
f 1753/1680/723 1759/1681/723 1770/1682/723
f 1759/1680/724 1755/1681/724 1768/1682/724
f 1760/1680/725 1766/1681/725 1758/1682/725
f 1766/1680/726 1762/1681/726 1755/1682/726
f 1774/1680/727 1780/1681/727 1765/1682/727
f 1780/1680/728 1776/1681/728 1762/1682/728
f 1769/1680/729 1772/1681/729 1779/1682/729
f 1772/1680/730 1768/1681/730 1776/1682/730
f 1795/1680/731 1767/1681/731 1773/1682/731
f 1773/1680/732 1769/1681/732 1796/1682/732
f 1802/1680/733 1808/1681/733 1777/1682/733
f 1808/1680/734 1804/1681/734 1775/1682/734
f 1797/1680/735 1800/1681/735 1807/1682/735
f 1800/1680/736 1796/1681/736 1804/1682/736
f 1795/1680/737 1801/1681/737 1784/1682/737
f 1801/1680/738 1797/1681/738 1782/1682/738
f 1788/1680/739 1794/1681/739 1805/1682/739
f 1794/1680/740 1790/1681/740 1803/1682/740
f 1783/1680/741 1786/1681/741 1793/1682/741
f 1786/1680/742 1782/1681/742 1790/1682/742
f 1781/1680/743 1787/1681/743 1756/1682/743
f 1787/1680/744 1783/1681/744 1754/1682/744
f 1761/1680/745 1763/1681/745 1791/1682/745
f 1763/1680/746 1760/1681/746 1789/1682/746
f 1795/1680/747 1781/1681/747 1753/1682/747
f 1762/1680/748 1776/1681/748 1768/1682/748
f 1789/1680/749 1760/1681/749 1754/1682/749
f 1774/1680/750 1761/1681/750 1788/1682/750
f 1775/1680/751 1804/1681/751 1796/1682/751
f 1803/1680/752 1790/1681/752 1782/1682/752
f 1810/1683/753 1812/1684/753 1811/1685/753
f 1812/1683/754 1814/1684/754 1813/1685/754
f 1814/1683/755 1816/1684/755 1815/1685/755
f 1816/1683/756 1818/1684/756 1817/1685/756
f 1818/1683/757 1820/1684/757 1819/1685/757
f 1820/1683/758 1822/1684/758 1821/1685/758
f 1822/1683/759 1824/1684/759 1823/1685/759
f 1824/1683/760 1826/1684/760 1825/1685/760
f 1826/1683/761 1828/1684/761 1827/1685/761
f 1828/1683/762 1830/1684/762 1829/1685/762
f 1830/1683/763 1832/1684/763 1831/1685/763
f 1832/1683/764 1834/1684/764 1833/1685/764
f 1834/1683/765 1836/1684/765 1835/1685/765
f 1836/1683/766 1838/1684/766 1837/1685/766
f 1814/1683/750 1812/1684/750 1810/1685/750
f 1810/1683/750 1840/1684/750 1838/1685/750
f 1838/1683/750 1836/1684/750 1834/1685/750
f 1834/1683/750 1832/1684/750 1830/1685/750
f 1830/1683/750 1828/1684/750 1826/1685/750
f 1826/1683/750 1824/1684/750 1830/1685/750
f 1824/1683/750 1822/1684/750 1830/1685/750
f 1822/1683/750 1820/1684/750 1818/1685/750
f 1818/1683/750 1816/1684/750 1822/1685/750
f 1816/1683/750 1814/1684/750 1822/1685/750
f 1814/1683/750 1810/1684/750 1838/1685/750
f 1838/1683/750 1834/1684/750 1814/1685/750
f 1834/1683/750 1830/1684/750 1814/1685/750
f 1838/1683/767 1840/1684/767 1839/1685/767
f 1840/1683/768 1810/1684/768 1809/1685/768
f 1839/1683/747 1809/1684/747 1811/1685/747
f 1811/1683/747 1813/1684/747 1815/1685/747
f 1815/1683/747 1817/1684/747 1819/1685/747
f 1819/1683/747 1821/1684/747 1823/1685/747
f 1823/1683/747 1825/1684/747 1827/1685/747
f 1827/1683/747 1829/1684/747 1831/1685/747
f 1831/1683/747 1833/1684/747 1835/1685/747
f 1835/1683/747 1837/1684/747 1839/1685/747
f 1839/1683/747 1811/1684/747 1823/1685/747
f 1811/1683/747 1815/1684/747 1823/1685/747
f 1815/1683/747 1819/1684/747 1823/1685/747
f 1823/1683/747 1827/1684/747 1831/1685/747
f 1831/1683/747 1835/1684/747 1839/1685/747
f 1841/1680/769 1845/1681/769 1846/1682/769
f 1842/1680/770 1846/1681/770 1847/1682/770
f 1847/1680/771 1848/1681/771 1844/1682/771
f 1844/1680/772 1848/1681/772 1845/1682/772
f 1849/1680/769 1850/1681/769 1846/1682/769
f 1850/1680/773 1851/1681/773 1847/1682/773
f 1851/1680/771 1852/1681/771 1848/1682/771
f 1852/1680/774 1849/1681/774 1845/1682/774
f 1853/1680/769 1854/1681/769 1850/1682/769
f 1850/1680/775 1854/1681/775 1855/1682/775
f 1851/1680/771 1855/1681/771 1856/1682/771
f 1856/1680/776 1853/1681/776 1849/1682/776
f 1853/1680/769 1857/1681/769 1858/1682/769
f 1854/1680/777 1858/1681/777 1859/1682/777
f 1859/1680/771 1860/1681/771 1856/1682/771
f 1860/1680/778 1857/1681/778 1853/1682/778
f 1857/1680/769 1861/1681/769 1862/1682/769
f 1858/1680/779 1862/1681/779 1863/1682/779
f 1863/1680/771 1864/1681/771 1860/1682/771
f 1864/1680/780 1861/1681/780 1857/1682/780
f 1865/1680/769 1866/1681/769 1862/1682/769
f 1862/1680/781 1866/1681/781 1867/1682/781
f 1863/1680/771 1867/1681/771 1868/1682/771
f 1868/1680/782 1865/1681/782 1861/1682/782
f 1869/1680/769 1870/1681/769 1866/1682/769
f 1870/1680/783 1871/1681/783 1867/1682/783
f 1867/1680/771 1871/1681/771 1872/1682/771
f 1868/1680/784 1872/1681/784 1869/1682/784
f 1873/1680/769 1874/1681/769 1870/1682/769
f 1874/1680/785 1875/1681/785 1871/1682/785
f 1871/1680/771 1875/1681/771 1876/1682/771
f 1876/1680/786 1873/1681/786 1869/1682/786
f 1877/1680/769 1878/1681/769 1874/1682/769
f 1874/1680/787 1878/1681/787 1879/1682/787
f 1875/1680/771 1879/1681/771 1880/1682/771
f 1876/1680/788 1880/1681/788 1877/1682/788
f 1877/1680/769 1881/1681/769 1882/1682/769
f 1882/1680/789 1883/1681/789 1879/1682/789
f 1883/1680/771 1884/1681/771 1880/1682/771
f 1884/1680/790 1881/1681/790 1877/1682/790
f 1885/1680/769 1886/1681/769 1882/1682/769
f 1882/1680/791 1886/1681/791 1887/1682/791
f 1883/1680/771 1887/1681/771 1888/1682/771
f 1888/1680/792 1885/1681/792 1881/1682/792
f 1889/1680/769 1890/1681/769 1886/1682/769
f 1886/1680/793 1890/1681/793 1891/1682/793
f 1887/1680/771 1891/1681/771 1892/1682/771
f 1892/1680/794 1889/1681/794 1885/1682/794
f 1841/1680/795 1842/1681/795 1843/1682/795
f 1889/1680/796 1892/1681/796 1891/1682/796
f 1897/1683/748 1898/1684/748 1894/1685/748
f 1898/1683/734 1899/1684/734 1895/1685/734
f 1895/1683/752 1899/1684/752 1900/1685/752
f 1900/1683/744 1897/1684/744 1893/1685/744
f 1901/1683/748 1902/1684/748 1898/1685/748
f 1902/1683/797 1903/1684/797 1899/1685/797
f 1899/1683/752 1903/1684/752 1904/1685/752
f 1904/1683/798 1901/1684/798 1897/1685/798
f 1905/1683/748 1906/1684/748 1902/1685/748
f 1902/1683/799 1906/1684/799 1907/1685/799
f 1903/1683/752 1907/1684/752 1908/1685/752
f 1908/1683/800 1905/1684/800 1901/1685/800
f 1905/1683/748 1909/1684/748 1910/1685/748
f 1910/1683/733 1911/1684/733 1907/1685/733
f 1907/1683/752 1911/1684/752 1912/1685/752
f 1912/1683/743 1909/1684/743 1905/1685/743
f 1913/1683/748 1914/1684/748 1910/1685/748
f 1914/1683/801 1915/1684/801 1911/1685/801
f 1911/1683/752 1915/1684/752 1916/1685/752
f 1916/1683/802 1913/1684/802 1909/1685/802
f 1913/1683/748 1917/1684/748 1918/1685/748
f 1918/1683/803 1919/1684/803 1915/1685/803
f 1919/1683/752 1920/1684/752 1916/1685/752
f 1916/1683/804 1920/1684/804 1917/1685/804
f 1921/1683/748 1922/1684/748 1918/1685/748
f 1922/1683/745 1923/1684/745 1919/1685/745
f 1919/1683/752 1923/1684/752 1924/1685/752
f 1924/1683/731 1921/1684/731 1917/1685/731
f 1921/1683/748 1925/1684/748 1926/1685/748
f 1926/1683/805 1927/1684/805 1923/1685/805
f 1923/1683/752 1927/1684/752 1928/1685/752
f 1928/1683/806 1925/1684/806 1921/1685/806
f 1929/1683/748 1930/1684/748 1926/1685/748
f 1930/1683/807 1931/1684/807 1927/1685/807
f 1931/1683/752 1932/1684/752 1928/1685/752
f 1932/1683/808 1929/1684/808 1925/1685/808
f 1929/1683/748 1933/1684/748 1934/1685/748
f 1930/1683/746 1934/1684/746 1935/1685/746
f 1931/1683/752 1935/1684/752 1936/1685/752
f 1932/1683/732 1936/1684/732 1933/1685/732
f 1893/1683/809 1894/1684/809 1895/1685/809
f 1933/1683/810 1936/1684/810 1935/1685/810
f 1937/1683/748 1941/1684/748 1942/1685/748
f 1942/1683/811 1943/1684/811 1939/1685/811
f 1943/1683/752 1944/1684/752 1940/1685/752
f 1944/1683/812 1941/1684/812 1937/1685/812
f 1945/1683/748 1946/1684/748 1942/1685/748
f 1946/1683/813 1947/1684/813 1943/1685/813
f 1947/1683/752 1948/1684/752 1944/1685/752
f 1948/1683/1025 1945/1684/1025 1941/1685/1025
f 1949/1683/748 1950/1684/748 1946/1685/748
f 1946/1683/815 1950/1684/815 1951/1685/815
f 1951/1683/752 1952/1684/752 1948/1685/752
f 1952/1683/816 1949/1684/816 1945/1685/816
f 1949/1683/748 1953/1684/748 1954/1685/748
f 1954/1683/817 1955/1684/817 1951/1685/817
f 1955/1683/752 1956/1684/752 1952/1685/752
f 1956/1683/818 1953/1684/818 1949/1685/818
f 1957/1683/748 1958/1684/748 1954/1685/748
f 1958/1683/819 1959/1684/819 1955/1685/819
f 1955/1683/752 1959/1684/752 1960/1685/752
f 1960/1683/820 1957/1684/820 1953/1685/820
f 1961/1683/748 1962/1684/748 1958/1685/748
f 1958/1683/821 1962/1684/821 1963/1685/821
f 1963/1683/752 1964/1684/752 1960/1685/752
f 1960/1683/822 1964/1684/822 1961/1685/822
f 1961/1683/748 1965/1684/748 1966/1685/748
f 1966/1683/1026 1967/1684/1026 1963/1685/1026
f 1963/1683/752 1967/1684/752 1968/1685/752
f 1964/1683/1027 1968/1684/1027 1965/1685/1027
f 1965/1683/748 1969/1684/748 1970/1685/748
f 1966/1683/825 1970/1684/825 1971/1685/825
f 1971/1683/752 1972/1684/752 1968/1685/752
f 1968/1683/826 1972/1684/826 1969/1685/826
f 1937/1683/827 1938/1684/827 1939/1685/827
f 1972/1683/828 1971/1684/828 1970/1685/828
f 1979/1686/837 1973/1687/837 1975/1688/837
f 1976/1686/838 1978/1687/838 1975/1688/838
f 1982/1686/839 1984/1687/839 1978/1688/839
f 1981/1686/840 1980/1687/840 1984/1688/840
f 1979/1686/841 1981/1687/841 1992/1688/841
f 1982/1686/842 1994/1687/842 1996/1688/842
f 1993/1686/843 1992/1687/843 1996/1688/843
f 1991/1686/844 1993/1687/844 1986/1688/844
f 1988/1686/845 1990/1687/845 1995/1688/845
f 1987/1686/846 1986/1687/846 1990/1688/846
f 1985/1686/847 1987/1687/847 1974/1688/847
f 1977/1686/848 1976/1687/848 1989/1688/848
f 1991/1686/747 1985/1687/747 1973/1688/747
f 1978/1686/748 1984/1687/748 1980/1688/748
f 1989/1686/749 1976/1687/749 1974/1688/749
f 1982/1686/750 1977/1687/750 1988/1688/750
f 1983/1686/751 1996/1687/751 1992/1688/751
f 1995/1686/752 1990/1687/752 1986/1688/752
f 2003/1686/837 1997/1687/837 1999/1688/837
f 2000/1686/838 2002/1687/838 1999/1688/838
f 2001/1686/839 2006/1687/839 2008/1688/839
f 2005/1686/840 2004/1687/840 2008/1688/840
f 2015/1686/841 2003/1687/841 2005/1688/841
f 2018/1686/842 2020/1687/842 2007/1688/842
f 2017/1686/843 2016/1687/843 2020/1688/843
f 2015/1686/844 2017/1687/844 2010/1688/844
f 2018/1686/845 2012/1687/845 2014/1688/845
f 2011/1686/846 2010/1687/846 2014/1688/846
f 1997/1686/847 2009/1687/847 2011/1688/847
f 2001/1686/848 2000/1687/848 2013/1688/848
f 2003/1686/747 2015/1687/747 2009/1688/747
f 2002/1686/748 2008/1687/748 2004/1688/748
f 2013/1686/749 2000/1687/749 1998/1688/749
f 2006/1686/750 2001/1687/750 2012/1688/750
f 2007/1686/751 2020/1687/751 2016/1688/751
f 2019/1686/752 2014/1687/752 2010/1688/752
f 2021/1680/1028 2024/1681/1028 2025/1682/1028
f 2022/1680/1029 2026/1681/1029 2025/1682/1029
f 2023/1680/1030 2027/1681/1030 2025/1682/1030
f 2028/1680/1031 2031/1681/1031 2032/1682/1031
f 2029/1680/1032 2033/1681/1032 2032/1682/1032
f 2030/1680/1033 2034/1681/1033 2032/1682/1033
f 2035/1680/1034 2038/1681/1034 2039/1682/1034
f 2036/1680/1035 2040/1681/1035 2039/1682/1035
f 2037/1680/1036 2041/1681/1036 2039/1682/1036
f 2042/1680/1037 2045/1681/1037 2046/1682/1037
f 2043/1680/1038 2047/1681/1038 2046/1682/1038
f 2044/1680/1039 2048/1681/1039 2046/1682/1039
f 2049/1680/1040 2052/1681/1040 2053/1682/1040
f 2050/1680/1041 2054/1681/1041 2053/1682/1041
f 2051/1680/1042 2055/1681/1042 2053/1682/1042
f 2056/1680/1043 2059/1681/1043 2060/1682/1043
f 2057/1680/1044 2061/1681/1044 2060/1682/1044
f 2058/1680/1045 2062/1681/1045 2060/1682/1045
f 2063/1680/1046 2066/1681/1046 2067/1682/1046
f 2064/1680/1047 2068/1681/1047 2067/1682/1047
f 2065/1680/1048 2069/1681/1048 2067/1682/1048
f 2070/1680/1049 2073/1681/1049 2074/1682/1049
f 2071/1680/1050 2075/1681/1050 2074/1682/1050
f 2072/1680/1051 2076/1681/1051 2074/1682/1051
f 2021/1680/875 2027/1681/875 2038/1682/875
f 2038/1680/876 2027/1681/876 2023/1682/876
f 2028/1680/877 2034/1681/877 2026/1682/877
f 2034/1680/878 2030/1681/878 2023/1682/878
f 2029/1680/879 2042/1681/879 2048/1682/879
f 2048/1680/880 2044/1681/880 2030/1682/880
f 2037/1680/881 2040/1681/881 2047/1682/881
f 2040/1680/882 2036/1681/882 2044/1682/882
f 2035/1680/883 2041/1681/883 2066/1682/883
f 2066/1680/884 2041/1681/884 2037/1682/884
f 2070/1680/885 2076/1681/885 2045/1682/885
f 2076/1680/886 2072/1681/886 2043/1682/886
f 2065/1680/887 2068/1681/887 2075/1682/887
f 2068/1680/888 2064/1681/888 2072/1682/888
f 2063/1680/889 2069/1681/889 2052/1682/889
f 2069/1680/890 2065/1681/890 2050/1682/890
f 2070/1680/891 2056/1681/891 2062/1682/891
f 2073/1680/892 2062/1681/892 2058/1682/892
f 2051/1680/893 2054/1681/893 2061/1682/893
f 2054/1680/894 2050/1681/894 2058/1682/894
f 2049/1680/895 2055/1681/895 2024/1682/895
f 2055/1680/896 2051/1681/896 2022/1682/896
f 2029/1680/897 2031/1681/897 2059/1682/897
f 2031/1680/898 2028/1681/898 2057/1682/898
f 2063/1680/747 2049/1681/747 2021/1682/747
f 2030/1680/899 2044/1681/899 2036/1682/899
f 2057/1680/900 2028/1681/900 2022/1682/900
f 2042/1680/750 2029/1681/750 2056/1682/750
f 2043/1680/901 2072/1681/901 2064/1682/901
f 2071/1680/902 2058/1681/902 2050/1682/902
f 2078/1683/903 2080/1684/903 2079/1685/903
f 2080/1683/904 2082/1684/904 2081/1685/904
f 2082/1683/905 2084/1684/905 2083/1685/905
f 2084/1683/906 2086/1684/906 2085/1685/906
f 2086/1683/907 2088/1684/907 2087/1685/907
f 2088/1683/908 2090/1684/908 2089/1685/908
f 2090/1683/909 2092/1684/909 2091/1685/909
f 2092/1683/910 2094/1684/910 2093/1685/910
f 2094/1683/911 2096/1684/911 2095/1685/911
f 2096/1683/912 2098/1684/912 2097/1685/912
f 2098/1683/913 2100/1684/913 2099/1685/913
f 2100/1683/914 2102/1684/914 2101/1685/914
f 2102/1683/915 2104/1684/915 2103/1685/915
f 2104/1683/916 2106/1684/916 2105/1685/916
f 2082/1683/750 2080/1684/750 2078/1685/750
f 2078/1683/750 2108/1684/750 2082/1685/750
f 2108/1683/750 2106/1684/750 2082/1685/750
f 2106/1683/750 2104/1684/750 2102/1685/750
f 2102/1683/750 2100/1684/750 2098/1685/750
f 2098/1683/750 2096/1684/750 2094/1685/750
f 2094/1683/750 2092/1684/750 2098/1685/750
f 2092/1683/750 2090/1684/750 2098/1685/750
f 2090/1683/750 2088/1684/750 2086/1685/750
f 2086/1683/750 2084/1684/750 2082/1685/750
f 2106/1683/750 2102/1684/750 2082/1685/750
f 2102/1683/750 2098/1684/750 2082/1685/750
f 2090/1683/750 2086/1684/750 2098/1685/750
f 2106/1683/917 2108/1684/917 2107/1685/917
f 2108/1683/918 2078/1684/918 2077/1685/918
f 2107/1683/747 2077/1684/747 2079/1685/747
f 2079/1683/747 2081/1684/747 2083/1685/747
f 2083/1683/747 2085/1684/747 2091/1685/747
f 2085/1683/747 2087/1684/747 2091/1685/747
f 2087/1683/747 2089/1684/747 2091/1685/747
f 2091/1683/747 2093/1684/747 2095/1685/747
f 2095/1683/747 2097/1684/747 2099/1685/747
f 2099/1683/747 2101/1684/747 2107/1685/747
f 2101/1683/747 2103/1684/747 2107/1685/747
f 2103/1683/747 2105/1684/747 2107/1685/747
f 2107/1683/747 2079/1684/747 2083/1685/747
f 2091/1683/747 2095/1684/747 2099/1685/747
f 2107/1683/747 2083/1684/747 2091/1685/747
f 2109/1680/919 2113/1681/919 2114/1682/919
f 2110/1680/920 2114/1681/920 2115/1682/920
f 2115/1680/921 2116/1681/921 2112/1682/921
f 2116/1680/922 2113/1681/922 2109/1682/922
f 2117/1680/919 2118/1681/919 2114/1682/919
f 2118/1680/923 2119/1681/923 2115/1682/923
f 2119/1680/921 2120/1681/921 2116/1682/921
f 2120/1680/924 2117/1681/924 2113/1682/924
f 2121/1680/919 2122/1681/919 2118/1682/919
f 2122/1680/925 2123/1681/925 2119/1682/925
f 2123/1680/921 2124/1681/921 2120/1682/921
f 2124/1680/926 2121/1681/926 2117/1682/926
f 2125/1680/919 2126/1681/919 2122/1682/919
f 2126/1680/927 2127/1681/927 2123/1682/927
f 2127/1680/921 2128/1681/921 2124/1682/921
f 2128/1680/928 2125/1681/928 2121/1682/928
f 2125/1680/919 2129/1681/919 2130/1682/919
f 2130/1680/929 2131/1681/929 2127/1682/929
f 2131/1680/921 2132/1681/921 2128/1682/921
f 2128/1680/930 2132/1681/930 2129/1682/930
f 2133/1680/919 2134/1681/919 2130/1682/919
f 2134/1680/931 2135/1681/931 2131/1682/931
f 2131/1680/921 2135/1681/921 2136/1682/921
f 2136/1680/932 2133/1681/932 2129/1682/932
f 2137/1680/919 2138/1681/919 2134/1682/919
f 2138/1680/933 2139/1681/933 2135/1682/933
f 2135/1680/921 2139/1681/921 2140/1682/921
f 2140/1680/934 2137/1681/934 2133/1682/934
f 2141/1680/919 2142/1681/919 2138/1682/919
f 2142/1680/935 2143/1681/935 2139/1682/935
f 2143/1680/921 2144/1681/921 2140/1682/921
f 2144/1680/936 2141/1681/936 2137/1682/936
f 2141/1680/919 2145/1681/919 2146/1682/919
f 2146/1680/937 2147/1681/937 2143/1682/937
f 2147/1680/921 2148/1681/921 2144/1682/921
f 2144/1680/938 2148/1681/938 2145/1682/938
f 2145/1680/919 2149/1681/919 2150/1682/919
f 2150/1680/939 2151/1681/939 2147/1682/939
f 2151/1680/921 2152/1681/921 2148/1682/921
f 2152/1680/940 2149/1681/940 2145/1682/940
f 2149/1680/919 2153/1681/919 2154/1682/919
f 2150/1680/941 2154/1681/941 2155/1682/941
f 2151/1680/921 2155/1681/921 2156/1682/921
f 2152/1680/942 2156/1681/942 2153/1682/942
f 2157/1680/919 2158/1681/919 2154/1682/919
f 2158/1680/943 2159/1681/943 2155/1682/943
f 2159/1680/921 2160/1681/921 2156/1682/921
f 2160/1680/944 2157/1681/944 2153/1682/944
f 2109/1680/945 2110/1681/945 2111/1682/945
f 2157/1680/946 2160/1681/946 2159/1682/946
f 2161/1683/899 2165/1684/899 2166/1685/899
f 2166/1683/886 2167/1684/886 2163/1685/886
f 2167/1683/902 2168/1684/902 2164/1685/902
f 2168/1683/896 2165/1684/896 2161/1685/896
f 2165/1683/899 2169/1684/899 2170/1685/899
f 2166/1683/947 2170/1684/947 2171/1685/947
f 2167/1683/902 2171/1684/902 2172/1685/902
f 2172/1683/948 2169/1684/948 2165/1685/948
f 2173/1683/899 2174/1684/899 2170/1685/899
f 2174/1683/949 2175/1684/949 2171/1685/949
f 2171/1683/902 2175/1684/902 2176/1685/902
f 2176/1683/950 2173/1684/950 2169/1685/950
f 2177/1683/899 2178/1684/899 2174/1685/899
f 2178/1683/885 2179/1684/885 2175/1685/885
f 2179/1683/902 2180/1684/902 2176/1685/902
f 2176/1683/895 2180/1684/895 2177/1685/895
f 2181/1683/899 2182/1684/899 2178/1685/899
f 2178/1683/951 2182/1684/951 2183/1685/951
f 2179/1683/902 2183/1684/902 2184/1685/902
f 2180/1683/952 2184/1684/952 2181/1685/952
f 2185/1683/899 2186/1684/899 2182/1685/899
f 2186/1683/953 2187/1684/953 2183/1685/953
f 2187/1683/902 2188/1684/902 2184/1685/902
f 2188/1683/954 2185/1684/954 2181/1685/954
f 2189/1683/899 2190/1684/899 2186/1685/899
f 2186/1683/897 2190/1684/897 2191/1685/897
f 2187/1683/902 2191/1684/902 2192/1685/902
f 2188/1683/883 2192/1684/883 2189/1685/883
f 2189/1683/899 2193/1684/899 2194/1685/899
f 2190/1683/955 2194/1684/955 2195/1685/955
f 2195/1683/902 2196/1684/902 2192/1685/902
f 2196/1683/956 2193/1684/956 2189/1685/956
f 2193/1683/899 2197/1684/899 2198/1685/899
f 2194/1683/957 2198/1684/957 2199/1685/957
f 2199/1683/902 2200/1684/902 2196/1685/902
f 2200/1683/958 2197/1684/958 2193/1685/958
f 2201/1683/899 2202/1684/899 2198/1685/899
f 2202/1683/898 2203/1684/898 2199/1685/898
f 2203/1683/902 2204/1684/902 2200/1685/902
f 2204/1683/884 2201/1684/884 2197/1685/884
f 2161/1683/959 2162/1684/959 2163/1685/959
f 2201/1683/960 2204/1684/960 2203/1685/960
f 2209/1683/899 2210/1684/899 2206/1685/899
f 2210/1683/961 2211/1684/961 2207/1685/961
f 2207/1683/902 2211/1684/902 2212/1685/902
f 2212/1683/962 2209/1684/962 2205/1685/962
f 2209/1683/899 2213/1684/899 2214/1685/899
f 2210/1683/963 2214/1684/963 2215/1685/963
f 2215/1683/902 2216/1684/902 2212/1685/902
f 2212/1683/964 2216/1684/964 2213/1685/964
f 2213/1683/899 2217/1684/899 2218/1685/899
f 2218/1683/965 2219/1684/965 2215/1685/965
f 2219/1683/902 2220/1684/902 2216/1685/902
f 2220/1683/966 2217/1684/966 2213/1685/966
f 2217/1683/899 2221/1684/899 2222/1685/899
f 2222/1683/967 2223/1684/967 2219/1685/967
f 2219/1683/902 2223/1684/902 2224/1685/902
f 2224/1683/968 2221/1684/968 2217/1685/968
f 2225/1683/899 2226/1684/899 2222/1685/899
f 2226/1683/969 2227/1684/969 2223/1685/969
f 2227/1683/902 2228/1684/902 2224/1685/902
f 2224/1683/970 2228/1684/970 2225/1685/970
f 2229/1683/899 2230/1684/899 2226/1685/899
f 2230/1683/971 2231/1684/971 2227/1685/971
f 2227/1683/902 2231/1684/902 2232/1685/902
f 2232/1683/972 2229/1684/972 2225/1685/972
f 2233/1683/899 2234/1684/899 2230/1685/899
f 2230/1683/973 2234/1684/973 2235/1685/973
f 2231/1683/902 2235/1684/902 2236/1685/902
f 2232/1683/974 2236/1684/974 2233/1685/974
f 2233/1683/899 2237/1684/899 2238/1685/899
f 2238/1683/975 2239/1684/975 2235/1685/975
f 2239/1683/902 2240/1684/902 2236/1685/902
f 2240/1683/976 2237/1684/976 2233/1685/976
f 2205/1683/977 2206/1684/977 2207/1685/977
f 2240/1683/978 2239/1684/978 2238/1685/978
f 2241/1686/987 2243/1687/987 2248/1688/987
f 2244/1686/988 2246/1687/988 2243/1688/988
f 2245/1686/989 2250/1687/989 2252/1688/989
f 2249/1686/990 2248/1687/990 2252/1688/990
f 2247/1686/991 2249/1687/991 2260/1688/991
f 2262/1686/992 2264/1687/992 2251/1688/992
f 2261/1686/993 2260/1687/993 2264/1688/993
f 2259/1686/994 2261/1687/994 2254/1688/994
f 2256/1686/995 2258/1687/995 2263/1688/995
f 2255/1686/996 2254/1687/996 2258/1688/996
f 2253/1686/997 2255/1687/997 2242/1688/997
f 2245/1686/998 2244/1687/998 2257/1688/998
f 2247/1686/747 2259/1687/747 2253/1688/747
f 2246/1686/899 2252/1687/899 2248/1688/899
f 2257/1686/900 2244/1687/900 2242/1688/900
f 2250/1686/750 2245/1687/750 2256/1688/750
f 2251/1686/901 2264/1687/901 2260/1688/901
f 2263/1686/902 2258/1687/902 2254/1688/902
f 2265/1686/987 2267/1687/987 2272/1688/987
f 2268/1686/988 2270/1687/988 2267/1688/988
f 2269/1686/989 2274/1687/989 2276/1688/989
f 2273/1686/990 2272/1687/990 2276/1688/990
f 2271/1686/991 2273/1687/991 2284/1688/991
f 2274/1686/992 2286/1687/992 2288/1688/992
f 2285/1686/993 2284/1687/993 2288/1688/993
f 2283/1686/994 2285/1687/994 2278/1688/994
f 2280/1686/995 2282/1687/995 2287/1688/995
f 2279/1686/996 2278/1687/996 2282/1688/996
f 2265/1686/997 2277/1687/997 2279/1688/997
f 2269/1686/998 2268/1687/998 2281/1688/998
f 2283/1686/747 2277/1687/747 2265/1688/747
f 2270/1686/899 2276/1687/899 2272/1688/899
f 2281/1686/900 2268/1687/900 2266/1688/900
f 2286/1686/750 2274/1687/750 2269/1688/750
f 2275/1686/901 2288/1687/901 2284/1688/901
f 2287/1686/902 2282/1687/902 2278/1688/902
