# Blender 5.0.1
# www.blender.org
mtllib board_shop.mtl
o board_shop_Structure
v -9.350000 0.000000 6.012501
v -9.350000 0.150000 6.162500
v -9.500000 0.150000 6.012501
v -9.350000 1.450000 6.162500
v -9.350000 1.600000 6.012501
v -9.500000 1.450000 6.012501
v -9.350000 0.000000 -10.687500
v -9.500000 0.150000 -10.687500
v -9.350000 0.150000 -10.837500
v -9.350000 1.600000 -10.687500
v -9.350000 1.450000 -10.837500
v -9.500000 1.450000 -10.687500
v 9.350000 0.000000 6.012501
v 9.500000 0.150000 6.012501
v 9.350000 0.150000 6.162500
v 9.350000 1.600000 6.012501
v 9.350000 1.450000 6.162500
v 9.500000 1.450000 6.012501
v 9.350000 0.000000 -10.687500
v 9.350000 0.150000 -10.837500
v 9.500000 0.150000 -10.687500
v 9.350000 1.600000 -10.687500
v 9.500000 1.450000 -10.687500
v 9.350000 1.450000 -10.837500
v -9.013605 0.092622 6.253635
v -8.972107 0.192990 6.267924
v -9.168983 0.205066 6.186656
v -9.008619 0.679868 6.293925
v -9.065470 0.788623 6.253720
v -9.101664 0.689404 6.214471
v -9.053236 0.106862 6.155359
v -9.126497 0.237296 6.142628
v -8.986755 0.207267 5.997512
v -9.032541 0.819489 6.140207
v -8.981630 0.749387 5.982216
v -9.107740 0.746601 6.158292
v -7.403069 0.083124 6.238230
v -7.328550 0.148783 6.195944
v -7.463150 0.226802 6.332669
v -7.387492 0.844657 6.220465
v -7.442647 0.713302 6.322187
v -7.344346 0.674567 6.223775
v -7.402073 0.136683 6.116945
v -7.445974 0.159636 6.018526
v -7.304494 0.213580 6.124735
v -7.462526 0.822669 6.082556
v -7.340832 0.740306 6.118098
v -7.393340 0.688666 6.005843
v -7.146089 0.130092 6.256197
v -7.092811 0.223901 6.360489
v -7.244907 0.217517 6.261450
v -7.077031 0.623606 6.294621
v -7.084239 0.764387 6.163060
v -7.230034 0.634366 6.219113
v -7.077245 0.132577 6.110466
v -7.167654 0.186778 6.076128
v -7.117552 0.207981 6.033418
v -7.140645 0.777661 6.155002
v -7.114829 0.666623 6.028004
v -7.225471 0.636134 6.081244
v -6.255744 0.106165 6.249104
v -6.185884 0.219501 6.196793
v -6.291728 0.253679 6.332477
v -6.291930 0.767988 6.237682
v -6.328995 0.660504 6.317076
v -6.199894 0.688038 6.237825
v -6.301457 0.140265 6.108628
v -6.335504 0.261870 5.968872
v -6.184708 0.210883 6.095324
v -6.266243 0.799503 6.160165
v -6.233365 0.704347 6.095613
v -6.290881 0.685901 5.978273
v -6.013084 0.100501 6.175852
v -5.986270 0.144423 6.296426
v -6.038176 0.236429 6.244644
v -6.010108 0.737864 6.307852
v -6.001968 0.810238 6.196415
v -6.047466 0.756652 6.200430
v -6.000253 0.042629 6.130072
v -6.089219 0.236082 6.157497
v -5.938022 0.169759 6.002667
v -5.954674 0.779632 6.092437
v -5.963596 0.710531 6.048217
v -6.105061 0.707993 6.092911
v -4.247136 0.118246 6.205627
v -4.055951 0.148018 6.255464
v -4.255008 0.204455 6.308971
v -4.232626 0.770837 6.221036
v -4.193357 0.743370 6.355861
v -4.137154 0.724558 6.171770
v -4.182777 0.068391 6.123294
v -4.202857 0.212461 6.059195
v -4.062699 0.161154 6.088185
v -4.169595 0.845661 6.064039
v -4.095361 0.699052 6.071142
v -4.176345 0.702048 6.010689
v -3.868698 0.094100 6.190478
v -3.919694 0.189541 6.310381
v -4.017765 0.179742 6.262393
v -3.905770 0.727955 6.301137
v -3.930277 0.761626 6.217551
v -3.985654 0.733034 6.244679
v -3.855428 0.047106 6.144232
v -3.969874 0.197668 6.086241
v -3.847526 0.213256 5.986135
v -3.918850 0.756793 6.093782
v -3.892600 0.736849 5.977416
v -3.978230 0.660630 6.111671
v -3.072727 0.076730 6.229264
v -3.010198 0.209165 6.174722
v -3.117249 0.186873 6.320037
v -3.049943 0.754088 6.243159
v -3.082341 0.712824 6.309875
v -3.005554 0.659084 6.208399
v -3.054140 0.144940 6.146850
v -3.070853 0.202139 6.053473
v -2.983475 0.176603 6.138735
v -3.072319 0.842457 6.125391
v -2.978864 0.736410 6.078363
v -3.087780 0.707011 6.001383
v -2.811417 0.060524 6.257578
v -2.771556 0.146430 6.289075
v -2.898752 0.160347 6.171163
v -2.746058 0.706316 6.297122
v -2.809584 0.808258 6.188856
v -2.902258 0.787441 6.224604
v -2.806399 0.069330 6.100940
v -2.907079 0.188259 6.148518
v -2.809157 0.198098 6.062393
v -2.765579 0.867454 6.158768
v -2.736937 0.717924 5.982657
v -2.834570 0.720558 6.134729
v -1.720711 0.056434 6.172349
v -1.660914 0.158421 6.214180
v -1.737837 0.144214 6.311596
v -1.816863 0.853915 6.238705
v -1.727276 0.735799 6.327579
v -1.663482 0.756361 6.242014
v -1.795773 0.017413 6.119102
v -1.757287 0.136126 6.050735
v -1.693508 0.137945 6.144805
v -1.789780 0.842082 6.070437
v -1.687851 0.721538 6.063293
v -1.722613 0.770625 5.996954
v -1.485528 0.192986 6.256933
v -1.417309 0.248261 6.293798
v -1.574185 0.294423 6.244363
v -1.449004 0.607184 6.362014
v -1.496765 0.784273 6.230700
v -1.559561 0.625412 6.243998
v -1.410860 0.188824 6.137774
v -1.533188 0.279348 6.068735
v -1.466288 0.238281 6.058025
v -1.488978 0.764333 6.149407
v -1.480366 0.616990 5.967866
v -1.567116 0.602360 6.124450
v 0.317285 0.204100 6.194245
v 0.480677 0.274671 6.185036
v 0.331171 0.228076 6.329899
v 0.328926 0.776392 6.174394
v 0.361248 0.589214 6.305734
v 0.429741 0.594804 6.165298
v 0.360492 0.131068 6.125582
v 0.321563 0.315466 6.014660
v 0.423053 0.237011 6.129099
v 0.295835 0.763594 6.064542
v 0.470070 0.667009 6.096349
v 0.312072 0.677877 6.048387
v 0.639250 0.031733 6.235552
v 0.634568 0.191767 6.291675
v 0.561831 0.212069 6.200021
v 0.612935 0.763991 6.312910
v 0.608863 0.787794 6.212123
v 0.574080 0.685392 6.222186
v 0.609090 0.034017 6.087366
v 0.558301 0.124061 6.098563
v 0.679499 0.148752 6.037443
v 0.628766 0.820859 6.139889
v 0.653555 0.751928 5.981753
v 0.572846 0.704593 6.158692
v 1.940506 0.066045 6.216261
v 2.011082 0.181537 6.260784
v 1.987780 0.214641 6.301625
v 1.912912 0.845194 6.226262
v 1.965782 0.698361 6.298743
v 1.990273 0.758018 6.203458
v 1.930975 0.026032 6.127988
v 1.919736 0.176329 6.000450
v 2.029862 0.185368 6.118389
v 1.912975 0.868192 6.093362
v 2.060796 0.684526 6.111993
v 1.984123 0.747480 6.057064
v 2.300149 0.067201 6.213065
v 2.244244 0.146159 6.351139
v 2.126199 0.126728 6.250311
v 2.212211 0.701288 6.307159
v 2.271085 0.880057 6.225715
v 2.174481 0.754244 6.185422
v 2.284110 0.110292 6.068321
v 2.125119 0.139900 6.132905
v 2.230195 0.202726 5.985704
v 2.215317 0.881182 6.145697
v 2.219424 0.778944 6.054363
v 2.137086 0.746284 6.161018
v 3.100745 0.043301 6.223892
v 3.263673 0.206750 6.168098
v 3.131499 0.179384 6.269685
v 3.136803 0.855047 6.197741
v 3.173229 0.780958 6.337068
v 3.266517 0.740346 6.201419
v 3.112424 0.052678 6.066393
v 3.087984 0.172431 5.963387
v 3.226660 0.152010 6.160944
v 3.177212 0.802932 6.068025
v 3.212281 0.759385 6.063685
v 3.135828 0.752428 6.048957
v 3.491446 0.083362 6.242806
v 3.413080 0.257824 6.287070
v 3.401000 0.236024 6.194654
v 3.470588 0.682676 6.314218
v 3.416211 0.814818 6.258324
v 3.382028 0.701994 6.166018
v 3.460582 0.158920 6.145989
v 3.354765 0.250112 6.075722
v 3.480461 0.251865 5.999310
v 3.444725 0.780482 6.091130
v 3.462792 0.716883 5.965124
v 3.373352 0.651279 6.102591
v 5.473169 0.108993 6.221450
v 5.575375 0.241823 6.214760
v 5.407707 0.267329 6.287131
v 5.450548 0.785241 6.177890
v 5.461129 0.659039 6.318007
v 5.582493 0.720496 6.197493
v 5.422444 0.125970 6.136784
v 5.448441 0.180086 6.056693
v 5.549469 0.185583 6.159921
v 5.484172 0.818039 6.066876
v 5.518243 0.665551 6.065253
v 5.470091 0.722630 6.032938
v 5.713411 0.032623 6.197168
v 5.727645 0.143636 6.343132
v 5.617393 0.128815 6.237575
v 5.798216 0.705418 6.325885
v 5.783170 0.894974 6.232425
v 5.615388 0.704098 6.176821
v 5.789020 0.068228 6.115521
v 5.697677 0.179891 6.090008
v 5.803161 0.137984 5.967363
v 5.730822 0.871334 6.107057
v 5.798494 0.711589 6.038563
v 5.703415 0.724262 6.123088
v 7.333363 0.045700 6.196103
v 7.436378 0.107629 6.180180
v 7.323969 0.106092 6.267152
v 7.356567 0.861093 6.255570
v 7.375896 0.743373 6.265572
v 7.475634 0.771204 6.199774
v 7.343935 0.067597 6.115447
v 7.366805 0.198843 5.965921
v 7.495759 0.152818 6.077559
v 7.376704 0.873343 6.067206
v 7.406481 0.699718 6.143807
v 7.327467 0.724373 5.986862
v 7.632437 0.186887 6.208752
v 7.721510 0.225035 6.335256
v 7.594935 0.247555 6.218418
v 7.654592 0.607040 6.279695
v 7.712355 0.711642 6.261868
v 7.569081 0.627365 6.238269
v 7.678778 0.107662 6.094446
v 7.600832 0.274862 6.107759
v 7.675323 0.277059 6.012973
v 7.705659 0.784573 6.076378
v 7.660139 0.596681 6.018285
v 7.546802 0.680621 6.150543
v 9.233999 0.156197 6.212716
v 9.282372 0.259376 6.217345
v 9.189980 0.280583 6.362277
v 9.209389 0.699364 6.168344
v 9.230864 0.629250 6.354289
v 9.283213 0.613040 6.195369
v 9.206108 0.197036 6.142183
v 9.185974 0.208601 5.984585
v 9.318636 0.252527 6.110272
v 9.213213 0.735063 6.137977
v 9.303288 0.672632 6.143421
v 9.264349 0.645599 6.018871
v -9.274235 0.168021 -10.797947
v -9.259069 0.200854 -10.682718
v -9.348820 0.222501 -10.781267
v -9.238068 0.640655 -10.668677
v -9.291708 0.735689 -10.801610
v -9.410547 0.654640 -10.755412
v -9.214285 0.110185 -10.906042
v -9.379013 0.202606 -10.913729
v -9.250669 0.243682 -10.967020
v -9.260300 0.788549 -10.898462
v -9.305420 0.685487 -11.011815
v -9.386826 0.692845 -10.838689
v -7.508376 0.100489 -10.829949
v -7.408659 0.179145 -10.758675
v -7.464890 0.193792 -10.711515
v -7.474385 0.730828 -10.748688
v -7.513757 0.717691 -10.662848
v -7.392301 0.626453 -10.817991
v -7.439699 0.128127 -10.903762
v -7.489246 0.229011 -10.975444
v -7.415641 0.223075 -10.890557
v -7.475757 0.776376 -10.898783
v -7.421800 0.686104 -10.846432
v -7.481865 0.722934 -10.943604
v -7.162655 0.101514 -10.754743
v -7.193340 0.180336 -10.725778
v -7.288090 0.251676 -10.765997
v -7.207537 0.639629 -10.724272
v -7.146691 0.793438 -10.756562
v -7.305710 0.712249 -10.756850
v -7.116309 0.078377 -10.929753
v -7.256173 0.206253 -10.864594
v -7.205843 0.223769 -11.015584
v -7.190725 0.790165 -10.868455
v -7.168586 0.706517 -10.993895
v -7.249091 0.694355 -10.896222
v -5.636924 0.113486 -10.740053
v -5.522503 0.197706 -10.760374
v -5.696764 0.259115 -10.683677
v -5.622798 0.739479 -10.768246
v -5.651624 0.679824 -10.691641
v -5.578972 0.719470 -10.837073
v -5.645567 0.137811 -10.896047
v -5.692339 0.260736 -11.021690
v -5.559779 0.251188 -10.880740
v -5.599031 0.812684 -10.929929
v -5.553725 0.643920 -10.865072
v -5.637674 0.671095 -10.966847
v -5.300892 0.121458 -10.745506
v -5.321651 0.147416 -10.686555
v -5.399160 0.213660 -10.769311
v -5.294513 0.765229 -10.647241
v -5.360227 0.822885 -10.763958
v -5.408817 0.753841 -10.762870
v -5.280474 0.097339 -10.860173
v -5.471541 0.154226 -10.839850
v -5.282030 0.152839 -10.987524
v -5.311523 0.854293 -10.853992
v -5.323850 0.712415 -11.029867
v -5.409397 0.678762 -10.911946
v -4.477083 0.109091 -10.783995
v -4.418139 0.218476 -10.748638
v -4.519325 0.161617 -10.717014
v -4.492283 0.843098 -10.741726
v -4.497072 0.757156 -10.648406
v -4.387107 0.688561 -10.754660
v -4.462873 0.086007 -10.858259
v -4.514254 0.193252 -10.962078
v -4.356495 0.233658 -10.926804
v -4.538777 0.842766 -10.889868
v -4.385600 0.764021 -10.923203
v -4.536700 0.696798 -10.975492
v -4.203331 0.104438 -10.793451
v -4.192453 0.239540 -10.704684
v -4.261700 0.204601 -10.749579
v -4.168944 0.676559 -10.703979
v -4.204725 0.749855 -10.800264
v -4.250854 0.613001 -10.810228
v -4.126373 0.170099 -10.872067
v -4.257800 0.253158 -10.899707
v -4.123901 0.202225 -10.961291
v -4.169190 0.726099 -10.934867
v -4.214365 0.651843 -11.021281
v -4.246700 0.623588 -10.843494
v -2.470935 0.176446 -10.769057
v -2.289273 0.203096 -10.768606
v -2.443392 0.200837 -10.685103
v -2.421034 0.731581 -10.741883
v -2.437667 0.640828 -10.710204
v -2.333626 0.653664 -10.826508
v -2.408843 0.184629 -10.885104
v -2.472457 0.231707 -10.941879
v -2.373397 0.230941 -10.877400
v -2.378472 0.716966 -10.920100
v -2.355339 0.644496 -10.930210
v -2.432970 0.625502 -11.014235
v -2.092301 0.133928 -10.744788
v -2.114608 0.163678 -10.651535
v -2.198489 0.162245 -10.775603
v -2.128820 0.757518 -10.656883
v -2.060560 0.831369 -10.837327
v -2.245682 0.680242 -10.813551
v -2.075084 0.095804 -10.935352
v -2.169783 0.225344 -10.899027
v -2.068305 0.169057 -11.019973
v -2.103683 0.780222 -10.936628
v -2.091529 0.701490 -11.005170
v -2.254951 0.755970 -10.886957
v -0.443260 0.099064 -10.821096
v -0.362639 0.175094 -10.806532
v -0.432808 0.219244 -10.719365
v -0.495004 0.784936 -10.789681
v -0.465561 0.737732 -10.720207
v -0.340048 0.719072 -10.744468
v -0.519279 0.125654 -10.874523
v -0.502784 0.161801 -10.947645
v -0.409558 0.234759 -10.882537
v -0.472980 0.786877 -10.865899
v -0.415455 0.683090 -10.840027
v -0.514993 0.737454 -10.947143
v -0.198234 0.139311 -10.750585
v -0.191725 0.225995 -10.650749
v -0.267773 0.218752 -10.758833
v -0.125303 0.639174 -10.650610
v -0.206750 0.729914 -10.761488
v -0.211056 0.719316 -10.768955
v -0.196586 0.130230 -10.927899
v -0.240472 0.206653 -10.903722
v -0.186274 0.192727 -11.005445
v -0.208206 0.783719 -10.914605
v -0.183518 0.711407 -10.989533
v -0.281639 0.662139 -10.849881
v 0.889191 0.082847 -10.774310
v 1.048811 0.216950 -10.818147
v 0.910190 0.274973 -10.663250
v 0.960211 0.737911 -10.803740
v 0.889674 0.639391 -10.714230
v 1.041292 0.623521 -10.779603
v 0.892205 0.111821 -10.928834
v 0.939901 0.219443 -11.013662
v 1.022350 0.252286 -10.923517
v 0.924533 0.765240 -10.891966
v 1.015090 0.644777 -10.904603
v 0.958987 0.643548 -10.966935
v 1.282649 0.116988 -10.805776
v 1.236769 0.171132 -10.672627
v 1.160642 0.130040 -10.742208
v 1.216396 0.691609 -10.698830
v 1.256416 0.854942 -10.752254
v 1.097018 0.722103 -10.760012
v 1.241693 0.109196 -10.932028
v 1.185592 0.212560 -10.901460
v 1.259079 0.148401 -10.950570
v 1.209705 0.823645 -10.863693
v 1.196715 0.693807 -10.973717
v 1.169389 0.746315 -10.870197
v 2.544751 0.031758 -10.759364
v 2.629500 0.169546 -10.749070
v 2.508101 0.156288 -10.657608
v 2.522864 0.866272 -10.739887
v 2.475336 0.705428 -10.640833
v 2.590549 0.692133 -10.794884
v 2.468126 0.026701 -10.900457
v 2.533353 0.155927 -10.994141
v 2.588417 0.160070 -10.922525
v 2.537396 0.826226 -10.845396
v 2.631635 0.693457 -10.932012
v 2.451239 0.760989 -11.012857
v 2.781606 0.118644 -10.776968
v 2.769664 0.221958 -10.665145
v 2.693197 0.151689 -10.777205
v 2.802105 0.757961 -10.703765
v 2.854582 0.825091 -10.772530
v 2.742934 0.723850 -10.783583
v 2.805493 0.043634 -10.912793
v 2.715458 0.232330 -10.883612
v 2.837396 0.196175 -11.011716
v 2.793573 0.778439 -10.886304
v 2.843982 0.713039 -10.972033
v 2.748187 0.676059 -10.875282
v 3.622213 0.113562 -10.781462
v 3.782207 0.218298 -10.804345
v 3.627997 0.156334 -10.645747
v 3.667228 0.825733 -10.804497
v 3.620640 0.708610 -10.708810
v 3.796388 0.723108 -10.762795
v 3.660213 0.118758 -10.886771
v 3.652500 0.182207 -11.025004
v 3.702135 0.189016 -10.839017
v 3.614667 0.782624 -10.902602
v 3.786267 0.746556 -10.885578
v 3.639331 0.686958 -11.002283
v 3.965631 0.141232 -10.760844
v 3.955288 0.227549 -10.665906
v 3.847127 0.195404 -10.800344
v 4.013845 0.672238 -10.646835
v 3.996357 0.820213 -10.740370
v 3.830229 0.723516 -10.794544
v 3.936407 0.115306 -10.860001
v 3.900735 0.172559 -10.913373
v 3.966182 0.202319 -10.950461
v 3.984959 0.767417 -10.905363
v 3.958396 0.742902 -11.014513
v 3.868231 0.700027 -10.923944
v 5.009333 0.085997 -10.797718
v 5.090912 0.222399 -10.827812
v 5.035428 0.194609 -10.679776
v 4.985769 0.753678 -10.761196
v 5.059885 0.653063 -10.725479
v 5.138456 0.705459 -10.795269
v 4.969708 0.077044 -10.923573
v 5.036086 0.199957 -10.945186
v 5.139518 0.162345 -10.863559
v 4.997756 0.790410 -10.896445
v 5.151670 0.713519 -10.874887
v 5.032163 0.745299 -10.999800
v 5.358200 0.143632 -10.751155
v 5.312010 0.286573 -10.721883
v 5.248388 0.261050 -10.780897
v 5.300340 0.628601 -10.734766
v 5.361079 0.727217 -10.793550
v 5.277248 0.656821 -10.780016
v 5.316596 0.110085 -10.874566
v 5.223235 0.210479 -10.933670
v 5.373050 0.267965 -10.986042
v 5.318665 0.763958 -10.856334
v 5.303227 0.612917 -10.957219
v 5.212758 0.698912 -10.915667
v 6.240848 0.109824 -10.747934
v 6.346377 0.280587 -10.774299
v 6.200604 0.227952 -10.715775
v 6.266652 0.796712 -10.822751
v 6.191926 0.622633 -10.709833
v 6.360772 0.662239 -10.770063
v 6.246765 0.104554 -10.855834
v 6.243350 0.271393 -11.034861
v 6.333825 0.252919 -10.932946
v 6.220342 0.798422 -10.926851
v 6.322956 0.617949 -10.893302
v 6.275841 0.643627 -10.949335
v 6.599110 0.055348 -10.758861
v 6.537745 0.236784 -10.677381
v 6.493012 0.153308 -10.814813
v 6.563636 0.669035 -10.709896
v 6.525468 0.805626 -10.824620
v 6.433329 0.652371 -10.803126
v 6.570161 0.127121 -10.879023
v 6.477695 0.197637 -10.854537
v 6.581245 0.194241 -10.966975
v 6.589200 0.798223 -10.888929
v 6.522269 0.658525 -10.991921
v 6.408996 0.729704 -10.853920
v 7.970010 0.133988 -10.749541
v 8.000355 0.238574 -10.811746
v 7.968869 0.222950 -10.640818
v 7.907548 0.849209 -10.775558
v 7.899259 0.650871 -10.690406
v 8.060200 0.686244 -10.787185
v 7.987668 0.065775 -10.936882
v 7.994290 0.182161 -10.954323
v 8.050699 0.220524 -10.845563
v 7.971983 0.791151 -10.840641
v 8.027220 0.650999 -10.931964
v 7.987328 0.711962 -10.940610
v 8.307158 0.117837 -10.749774
v 8.315760 0.212243 -10.652433
v 8.168804 0.270288 -10.815097
v 8.252424 0.644933 -10.677683
v 8.228928 0.787163 -10.777786
v 8.145491 0.629661 -10.827234
v 8.274420 0.151166 -10.851605
v 8.139511 0.247893 -10.882853
v 8.269882 0.207194 -11.007451
v 8.236231 0.790214 -10.892789
v 8.311876 0.665016 -10.953461
v 8.138672 0.627544 -10.864210
v 9.648027 0.189770 -10.748049
v 9.721737 0.228263 -10.817834
v 9.590563 0.237833 -10.718401
v 9.621441 0.760264 -10.781660
v 9.638134 0.630628 -10.724257
v 9.733568 0.667391 -10.791312
v 9.650749 0.126206 -10.875925
v 9.653708 0.281301 -11.026175
v 9.718843 0.296924 -10.856693
v 9.667294 0.708602 -10.910396
v 9.726484 0.610714 -10.908360
v 9.608280 0.669052 -10.980920
v -9.502577 0.145237 5.725007
v -9.543789 0.264067 5.787348
v -9.604902 0.264764 5.698894
v -9.588598 0.725253 5.785543
v -9.562941 0.762828 5.711941
v -9.626440 0.650517 5.731373
v -9.587320 0.149449 3.708713
v -9.627148 0.209391 3.722158
v -9.593517 0.166022 3.655005
v -9.523729 0.759426 3.703907
v -9.575235 0.639902 3.641376
v -9.615726 0.682222 3.780849
v -9.409349 0.080591 5.669800
v -9.310543 0.218585 5.645057
v -9.413832 0.244663 5.830452
v -9.406918 0.763224 5.668890
v -9.472975 0.674342 5.825751
v -9.331987 0.655900 5.713313
v -9.431709 0.093344 3.706247
v -9.438698 0.254563 3.596719
v -9.331564 0.231177 3.759057
v -9.445841 0.820271 3.745642
v -9.325630 0.643709 3.768444
v -9.445930 0.670412 3.585842
v -9.556719 0.083182 3.361281
v -9.575106 0.276764 3.530398
v -9.666414 0.221923 3.413486
v -9.586914 0.629560 3.558496
v -9.540899 0.791544 3.381511
v -9.615730 0.637343 3.364176
v -9.514675 0.156413 1.486237
v -9.644754 0.210783 1.510274
v -9.534338 0.274604 1.404013
v -9.549286 0.733678 1.458713
v -9.581169 0.669405 1.362261
v -9.649687 0.626829 1.529567
v -9.429918 0.158144 3.373376
v -9.311655 0.264755 3.444172
v -9.449741 0.272750 3.495821
v -9.483658 0.819757 3.379920
v -9.474339 0.672844 3.467560
v -9.370672 0.714154 3.411239
v -9.428356 0.153875 1.457788
v -9.476362 0.181653 1.377434
v -9.313929 0.237065 1.473670
v -9.444912 0.745490 1.516984
v -9.396263 0.667993 1.517952
v -9.446796 0.661799 1.419158
v -9.516933 0.096447 1.161798
v -9.530100 0.130236 1.246498
v -9.611937 0.198559 1.228669
v -9.515852 0.711422 1.312260
v -9.505987 0.791859 1.149309
v -9.605194 0.788532 1.173092
v -9.503231 0.053312 -0.472998
v -9.674431 0.117332 -0.523220
v -9.533386 0.208427 -0.662703
v -9.547859 0.818366 -0.504101
v -9.587669 0.702378 -0.628683
v -9.683405 0.712771 -0.531929
v -9.486658 0.053141 1.157571
v -9.352169 0.168652 1.142721
v -9.495768 0.132709 1.324160
v -9.494074 0.875144 1.217286
v -9.495640 0.732311 1.325153
v -9.383486 0.730866 1.132457
v -9.446728 0.033328 -0.493178
v -9.479757 0.194060 -0.648731
v -9.307095 0.125587 -0.540647
v -9.497459 0.854800 -0.512534
v -9.375074 0.774835 -0.519337
v -9.440443 0.773647 -0.661647
v -9.589207 0.028797 -0.861084
v -9.569807 0.210401 -0.708305
v -9.648062 0.193214 -0.795551
v -9.510527 0.733809 -0.693583
v -9.530060 0.863286 -0.882814
v -9.602091 0.676007 -0.787860
v -9.535648 0.101302 -1.965701
v -9.609203 0.207503 -1.946484
v -9.518526 0.161189 -2.068990
v -9.515839 0.852188 -1.948654
v -9.530113 0.725922 -2.037529
v -9.603951 0.734178 -1.990834
v -9.458548 0.055062 -0.793314
v -9.332006 0.215696 -0.822039
v -9.467880 0.198020 -0.768129
v -9.493063 0.794019 -0.871501
v -9.425299 0.698631 -0.761177
v -9.321482 0.707375 -0.803638
v -9.446022 0.084681 -1.970700
v -9.456516 0.199165 -2.022869
v -9.324265 0.200082 -1.989646
v -9.451965 0.836871 -1.922224
v -9.381668 0.742626 -1.922678
v -9.473970 0.694618 -2.060639
v -9.546181 0.210491 -2.266409
v -9.534760 0.246646 -2.226325
v -9.613346 0.251915 -2.234519
v -9.567520 0.577984 -2.183067
v -9.577173 0.718062 -2.232214
v -9.659739 0.584232 -2.276650
v -9.534533 0.203547 -3.390605
v -9.602518 0.305524 -3.364663
v -9.526630 0.276371 -3.434221
v -9.562975 0.714154 -3.335744
v -9.513771 0.636168 -3.481853
v -9.611910 0.613347 -3.411583
v -9.415684 0.177068 -2.244512
v -9.319168 0.261078 -2.309640
v -9.436737 0.243726 -2.150646
v -9.459906 0.713745 -2.251324
v -9.464565 0.612744 -2.212978
v -9.338692 0.634624 -2.265538
v -9.458368 0.194049 -3.326156
v -9.409645 0.297154 -3.479304
v -9.393028 0.234258 -3.379581
v -9.499147 0.710553 -3.364009
v -9.394360 0.646707 -3.359924
v -9.456341 0.607043 -3.504870
v -9.528767 0.020282 -3.722129
v -9.500172 0.169112 -3.557559
v -9.690823 0.117153 -3.713923
v -9.529345 0.774571 -3.610594
v -9.555862 0.896768 -3.724726
v -9.688440 0.793793 -3.689839
v -9.526085 0.032483 -5.225462
v -9.604698 0.178079 -5.189553
v -9.515675 0.134710 -5.296812
v -9.569464 0.834677 -5.235250
v -9.510632 0.729594 -5.373505
v -9.610523 0.707667 -5.188003
v -9.433487 0.083938 -3.718056
v -9.300802 0.128664 -3.724122
v -9.425722 0.111383 -3.630615
v -9.450558 0.812287 -3.653577
v -9.452045 0.795353 -3.605187
v -9.386866 0.797713 -3.688694
v -9.423500 0.026284 -5.234251
v -9.436903 0.166415 -5.307137
v -9.335131 0.181500 -5.220168
v -9.459646 0.881140 -5.227930
v -9.374949 0.755413 -5.199592
v -9.456543 0.722871 -5.368458
v -9.534016 0.046238 -5.539435
v -9.536371 0.175329 -5.493678
v -9.651016 0.182695 -5.595522
v -9.516029 0.774024 -5.429325
v -9.571651 0.867769 -5.568836
v -9.686064 0.712907 -5.567265
v -9.547169 0.041518 -7.459721
v -9.693544 0.207418 -7.510049
v -9.591171 0.131456 -7.554351
v -9.503239 0.824731 -7.428382
v -9.548033 0.722740 -7.525658
v -9.630726 0.762964 -7.422881
v -9.499311 0.091710 -5.548283
v -9.356308 0.136874 -5.548687
v -9.472851 0.152927 -5.497403
v -9.405401 0.813102 -5.503567
v -9.413500 0.718006 -5.438235
v -9.335934 0.716134 -5.526162
v -9.439442 0.069186 -7.434407
v -9.425716 0.176804 -7.606678
v -9.376732 0.212939 -7.425479
v -9.480453 0.858130 -7.494135
v -9.338871 0.761144 -7.464376
v -9.461657 0.693977 -7.522854
v -9.536058 0.051070 -7.796923
v -9.519321 0.163368 -7.667696
v -9.628199 0.221676 -7.769228
v -9.554077 0.675023 -7.671348
v -9.524300 0.818685 -7.755421
v -9.632452 0.768193 -7.780727
v -9.560595 0.037300 -8.711602
v -9.697117 0.184164 -8.687605
v -9.588465 0.141975 -8.825689
v -9.520573 0.850627 -8.679367
v -9.506535 0.719644 -8.870501
v -9.618969 0.768964 -8.692863
v -9.402357 0.123830 -7.805982
v -9.337568 0.165558 -7.831220
v -9.491890 0.213530 -7.654839
v -9.415810 0.844387 -7.772445
v -9.409914 0.699766 -7.668960
v -9.301521 0.765497 -7.770936
v -9.474619 0.030746 -8.772041
v -9.464649 0.132377 -8.819627
v -9.318729 0.168154 -8.769800
v -9.430534 0.803607 -8.702189
v -9.333097 0.683119 -8.727151
v -9.401018 0.734165 -8.874723
v -9.582684 0.140484 -9.075457
v -9.517002 0.234752 -8.976595
v -9.649389 0.288362 -9.026995
v -9.552870 0.682604 -8.914371
v -9.591112 0.769193 -9.092272
v -9.632826 0.687027 -9.065165
v -9.557640 0.135137 -10.641348
v -9.633518 0.243000 -10.627162
v -9.581047 0.209999 -10.736341
v -9.508736 0.731724 -10.623495
v -9.577845 0.690979 -10.740479
v -9.616907 0.663757 -10.560719
v -9.468990 0.125037 -9.031362
v -9.306105 0.220090 -9.039522
v -9.429102 0.287338 -8.923323
v -9.475157 0.724834 -9.071175
v -9.429323 0.638700 -8.919148
v -9.347750 0.671698 -9.092905
v -9.412390 0.183297 -10.647454
v -9.473642 0.206943 -10.691621
v -9.363382 0.232508 -10.550664
v -9.498289 0.734835 -10.626515
v -9.369572 0.707459 -10.637676
v -9.464849 0.699238 -10.723599
v 9.403282 0.058156 5.493545
v 9.445480 0.230872 5.538462
v 9.347250 0.180684 5.503802
v 9.481897 0.714278 5.615562
v 9.421783 0.803324 5.453585
v 9.329237 0.738261 5.438036
v 9.437788 0.117191 4.112557
v 9.346239 0.240836 4.096148
v 9.435421 0.208577 4.049877
v 9.400650 0.847707 4.132927
v 9.465847 0.682030 4.048730
v 9.320055 0.652262 4.132825
v 9.578796 0.079991 5.467590
v 9.624203 0.243880 5.509836
v 9.568855 0.218290 5.568929
v 9.540199 0.821618 5.437159
v 9.519924 0.683062 5.569335
v 9.649263 0.729402 5.476057
v 9.529291 0.118090 4.110770
v 9.570431 0.194733 4.067623
v 9.602650 0.234554 4.182795
v 9.575052 0.785258 4.182289
v 9.681536 0.656573 4.084780
v 9.553316 0.688539 4.069036
v 9.415337 0.093267 3.821511
v 9.434479 0.159163 3.866628
v 9.346327 0.141329 3.769560
v 9.400063 0.780186 3.943846
v 9.468925 0.862076 3.791869
v 9.357500 0.721732 3.859376
v 9.477222 0.080519 2.611290
v 9.300930 0.203706 2.650519
v 9.493036 0.181323 2.554185
v 9.423769 0.783625 2.576657
v 9.486414 0.734934 2.555324
v 9.334467 0.699030 2.663095
v 9.597986 0.043535 3.853571
v 9.632248 0.125684 3.785431
v 9.558445 0.193211 3.866973
v 9.534485 0.833401 3.774873
v 9.507536 0.708862 3.898592
v 9.668015 0.773404 3.791537
v 9.566240 0.071950 2.661459
v 9.509560 0.203572 2.521099
v 9.662693 0.139049 2.646552
v 9.529934 0.867349 2.577465
v 9.605095 0.696884 2.609690
v 9.502728 0.701618 2.533029
v 9.454811 0.117734 2.312307
v 9.428860 0.167630 2.395856
v 9.341549 0.143622 2.249504
v 9.444469 0.701708 2.424409
v 9.499874 0.827529 2.313960
v 9.341961 0.711472 2.273845
v 9.417044 0.074055 0.552971
v 9.379271 0.152889 0.540101
v 9.467384 0.184438 0.466524
v 9.421986 0.845362 0.555286
v 9.451571 0.742425 0.421130
v 9.358709 0.706480 0.531846
v 9.561794 0.043167 2.269166
v 9.693762 0.147160 2.310166
v 9.514999 0.140176 2.412823
v 9.539785 0.832286 2.305381
v 9.546658 0.732688 2.353362
v 9.632101 0.736656 2.259400
v 9.596731 0.129811 0.522928
v 9.520521 0.230480 0.468526
v 9.602188 0.224289 0.503986
v 9.513590 0.858346 0.581285
v 9.695971 0.739202 0.509397
v 9.575977 0.667491 0.465577
v 9.415260 0.100062 0.189713
v 9.442074 0.143984 0.310288
v 9.390167 0.235990 0.258506
v 9.418236 0.738303 0.321713
v 9.426376 0.810677 0.210277
v 9.380877 0.757091 0.214292
v 9.428091 0.042190 -1.376021
v 9.339125 0.235643 -1.348595
v 9.490322 0.169320 -1.503424
v 9.473669 0.780071 -1.413656
v 9.464746 0.710970 -1.457875
v 9.323282 0.708432 -1.413181
v 9.508791 0.117807 0.219489
v 9.699976 0.147579 0.269325
v 9.500919 0.204016 0.322833
v 9.523300 0.771276 0.234898
v 9.562571 0.743809 0.369722
v 9.618773 0.724997 0.185632
v 9.573149 0.067952 -1.382798
v 9.553068 0.212022 -1.446898
v 9.693228 0.160715 -1.417907
v 9.586330 0.846100 -1.442053
v 9.660564 0.699491 -1.434950
v 9.579580 0.702487 -1.495404
v 9.443441 0.126081 -1.736046
v 9.449688 0.194961 -1.646460
v 9.397573 0.182342 -1.715403
v 9.473797 0.724840 -1.586429
v 9.468357 0.823825 -1.683902
v 9.332195 0.628150 -1.758927
v 9.429800 0.100163 -3.589970
v 9.333504 0.233023 -3.537723
v 9.484684 0.239685 -3.657802
v 9.453257 0.827066 -3.597235
v 9.453783 0.675318 -3.663768
v 9.371252 0.725910 -3.627153
v 9.530317 0.167243 -1.673090
v 9.620525 0.187098 -1.731726
v 9.550177 0.267735 -1.635995
v 9.535904 0.808200 -1.706075
v 9.551804 0.661497 -1.574425
v 9.623924 0.692308 -1.739356
v 9.508638 0.149770 -3.577295
v 9.583857 0.230745 -3.699693
v 9.648567 0.219010 -3.622533
v 9.525581 0.764996 -3.557438
v 9.640657 0.665154 -3.554584
v 9.586037 0.640599 -3.642591
v 9.404255 0.094587 -3.860163
v 9.482994 0.185884 -3.837038
v 9.341036 0.164712 -3.877567
v 9.417103 0.759691 -3.812765
v 9.480484 0.820190 -3.913500
v 9.339470 0.790916 -3.931378
v 9.422550 0.046772 -5.252968
v 9.338299 0.111992 -5.172594
v 9.431196 0.154646 -5.348737
v 9.418594 0.848629 -5.186121
v 9.409683 0.725052 -5.275721
v 9.389091 0.762714 -5.177123
v 9.528461 0.043440 -3.883748
v 9.663992 0.174734 -3.924206
v 9.595463 0.137241 -3.828791
v 9.539402 0.883789 -3.945907
v 9.511801 0.794278 -3.834592
v 9.672127 0.770618 -3.893032
v 9.528561 0.071213 -5.226784
v 9.529760 0.155731 -5.344507
v 9.696489 0.186663 -5.174918
v 9.563234 0.816482 -5.204881
v 9.607691 0.765190 -5.180593
v 9.563499 0.770202 -5.305328
v 9.405016 0.163484 -5.582348
v 9.449059 0.191786 -5.409220
v 9.306892 0.269155 -5.513762
v 9.411549 0.721887 -5.402304
v 9.432020 0.802950 -5.583973
v 9.343313 0.672624 -5.575868
v 9.472496 0.140001 -6.424634
v 9.375736 0.246968 -6.426255
v 9.495987 0.203759 -6.477407
v 9.435682 0.797466 -6.397776
v 9.440969 0.675143 -6.464953
v 9.361052 0.645301 -6.398116
v 9.542784 0.076366 -5.571565
v 9.623745 0.243571 -5.489878
v 9.579754 0.250753 -5.457035
v 9.544403 0.744071 -5.532856
v 9.507511 0.650445 -5.480975
v 9.674286 0.677130 -5.517858
v 9.532160 0.100971 -6.379669
v 9.536234 0.243340 -6.520124
v 9.656193 0.229494 -6.403920
v 9.514013 0.792244 -6.388332
v 9.643116 0.687661 -6.434030
v 9.517971 0.638523 -6.484182
v 9.424065 0.196579 -6.666133
v 9.408016 0.275512 -6.640111
v 9.347948 0.284294 -6.690651
v 9.417585 0.603663 -6.610400
v 9.428541 0.798984 -6.756196
v 9.315088 0.646617 -6.714168
v 9.431887 0.152846 -7.960612
v 9.391615 0.244744 -8.025213
v 9.446314 0.224117 -8.138275
v 9.471983 0.743070 -7.952052
v 9.493166 0.641537 -8.106116
v 9.379343 0.646338 -8.027111
v 9.516478 0.105070 -6.736064
v 9.676207 0.285785 -6.659172
v 9.566130 0.287525 -6.653166
v 9.506937 0.757964 -6.727224
v 9.505632 0.644082 -6.586199
v 9.650997 0.641656 -6.676879
v 9.523075 0.191467 -7.953446
v 9.547905 0.208821 -8.068384
v 9.679550 0.227162 -7.969308
v 9.570744 0.725258 -7.952015
v 9.693285 0.617757 -7.995256
v 9.513386 0.683711 -8.105885
v 9.452198 0.172920 -8.343042
v 9.428963 0.247292 -8.238983
v 9.366138 0.179564 -8.273390
v 9.438417 0.648368 -8.237013
v 9.450159 0.807763 -8.294117
v 9.394520 0.722975 -8.302532
v 9.406219 0.164402 -9.909309
v 9.315090 0.232759 -9.898605
v 9.495518 0.230866 -9.949050
v 9.488245 0.754050 -9.891926
v 9.408186 0.670540 -10.022026
v 9.399632 0.704350 -9.842210
v 9.581337 0.078654 -8.354370
v 9.637218 0.252074 -8.267540
v 9.535463 0.214353 -8.258324
v 9.577436 0.747025 -8.349152
v 9.555681 0.675822 -8.258112
v 9.635971 0.701777 -8.289093
v 9.519274 0.132425 -9.888439
v 9.555347 0.242727 -9.940998
v 9.691652 0.210077 -9.859937
v 9.590904 0.750388 -9.885883
v 9.600975 0.657930 -9.903376
v 9.546715 0.686440 -9.955299
v -8.750000 1.600000 5.412500
v -8.750000 11.099999 5.412500
v -8.750000 1.600000 -10.087500
v -8.750000 11.099999 -10.087500
v 8.750000 1.600000 5.412500
v 8.750000 11.099999 5.412500
v 8.750000 1.600000 -10.087500
v 8.750000 11.099999 -10.087500
v -10.100000 2.100000 5.162500
v 10.100000 2.099999 5.162500
v -10.100000 1.709084 5.350756
v 10.100000 1.709083 5.350756
v -10.100000 1.612536 5.773761
v 10.100000 1.612535 5.773761
v -10.100000 1.883058 6.112985
v 10.100000 1.883057 6.112985
v -10.100000 2.316942 6.112985
v 10.100000 2.316941 6.112985
v -10.100000 2.587464 5.773761
v 10.100000 2.587463 5.773761
v -10.100000 2.490916 5.350756
v 10.100000 2.490915 5.350756
v -10.100000 2.100000 -10.837500
v 10.100000 2.099999 -10.837500
v -10.100000 1.709084 -10.649244
v 10.100000 1.709083 -10.649244
v -10.100000 1.612536 -10.226239
v 10.100000 1.612535 -10.226239
v -10.100000 1.883058 -9.887015
v 10.100000 1.883057 -9.887015
v -10.100000 2.316942 -9.887015
v 10.100000 2.316941 -9.887015
v -10.100000 2.587464 -10.226239
v 10.100000 2.587463 -10.226239
v -10.100000 2.490916 -10.649244
v 10.100000 2.490915 -10.649244
v -9.000000 3.100000 -11.437500
v -9.000000 3.099999 6.762501
v -8.609085 2.911745 -11.437500
v -8.609085 2.911744 6.762501
v -8.512537 2.488739 -11.437500
v -8.512537 2.488739 6.762501
v -8.783058 2.149515 -11.437500
v -8.783058 2.149515 6.762501
v -9.216942 2.149515 -11.437500
v -9.216942 2.149515 6.762501
v -9.487465 2.488739 -11.437500
v -9.487465 2.488739 6.762501
v -9.390917 2.911745 -11.437500
v -9.390917 2.911744 6.762501
v 9.000000 3.100000 -11.437500
v 9.000000 3.099999 6.762501
v 9.390915 2.911745 -11.437500
v 9.390915 2.911744 6.762501
v 9.487463 2.488739 -11.437500
v 9.487463 2.488739 6.762501
v 9.216942 2.149515 -11.437500
v 9.216942 2.149515 6.762501
v 8.783058 2.149515 -11.437500
v 8.783058 2.149515 6.762501
v 8.512535 2.488739 -11.437500
v 8.512535 2.488739 6.762501
v 8.609083 2.911745 -11.437500
v 8.609083 2.911744 6.762501
v -10.100000 3.100000 5.162500
v 10.100000 3.099999 5.162500
v -10.100000 2.709084 5.350756
v 10.100000 2.709084 5.350756
v -10.100000 2.612536 5.773761
v 10.100000 2.612535 5.773761
v -10.100000 2.883058 6.112985
v 10.100000 2.883057 6.112985
v -10.100000 3.316942 6.112985
v 10.100000 3.316941 6.112985
v -10.100000 3.587464 5.773761
v 10.100000 3.587463 5.773761
v -10.100000 3.490916 5.350756
v 10.100000 3.490915 5.350756
v -10.100000 3.100000 -10.837500
v 10.100000 3.099999 -10.837500
v -10.100000 2.709084 -10.649244
v 10.100000 2.709084 -10.649244
v -10.100000 2.612536 -10.226239
v 10.100000 2.612535 -10.226239
v -10.100000 2.883058 -9.887015
v 10.100000 2.883057 -9.887015
v -10.100000 3.316942 -9.887015
v 10.100000 3.316941 -9.887015
v -10.100000 3.587464 -10.226239
v 10.100000 3.587463 -10.226239
v -10.100000 3.490916 -10.649244
v 10.100000 3.490915 -10.649244
v -9.000000 4.100000 -11.437500
v -9.000000 4.099999 6.762501
v -8.609085 3.911745 -11.437500
v -8.609085 3.911744 6.762501
v -8.512537 3.488739 -11.437500
v -8.512537 3.488739 6.762501
v -8.783058 3.149516 -11.437500
v -8.783058 3.149515 6.762501
v -9.216942 3.149516 -11.437500
v -9.216942 3.149515 6.762501
v -9.487465 3.488739 -11.437500
v -9.487465 3.488739 6.762501
v -9.390917 3.911745 -11.437500
v -9.390917 3.911744 6.762501
v 9.000000 4.100000 -11.437500
v 9.000000 4.099999 6.762501
v 9.390915 3.911745 -11.437500
v 9.390915 3.911744 6.762501
v 9.487463 3.488739 -11.437500
v 9.487463 3.488739 6.762501
v 9.216942 3.149516 -11.437500
v 9.216942 3.149515 6.762501
v 8.783058 3.149516 -11.437500
v 8.783058 3.149515 6.762501
v 8.512535 3.488739 -11.437500
v 8.512535 3.488739 6.762501
v 8.609083 3.911745 -11.437500
v 8.609083 3.911744 6.762501
v -10.100000 4.100000 5.162500
v 10.100000 4.099999 5.162500
v -10.100000 3.709084 5.350756
v 10.100000 3.709084 5.350756
v -10.100000 3.612536 5.773761
v 10.100000 3.612535 5.773761
v -10.100000 3.883058 6.112985
v 10.100000 3.883057 6.112985
v -10.100000 4.316942 6.112985
v 10.100000 4.316941 6.112985
v -10.100000 4.587464 5.773761
v 10.100000 4.587463 5.773761
v -10.100000 4.490916 5.350756
v 10.100000 4.490915 5.350756
v -10.100000 4.100000 -10.837500
v 10.100000 4.099999 -10.837500
v -10.100000 3.709084 -10.649244
v 10.100000 3.709084 -10.649244
v -10.100000 3.612536 -10.226239
v 10.100000 3.612535 -10.226239
v -10.100000 3.883058 -9.887015
v 10.100000 3.883057 -9.887015
v -10.100000 4.316942 -9.887015
v 10.100000 4.316941 -9.887015
v -10.100000 4.587464 -10.226239
v 10.100000 4.587463 -10.226239
v -10.100000 4.490916 -10.649244
v 10.100000 4.490915 -10.649244
v -9.000000 5.100000 -11.437500
v -9.000000 5.099999 6.762501
v -8.609085 4.911745 -11.437500
v -8.609085 4.911745 6.762501
v -8.512537 4.488740 -11.437500
v -8.512537 4.488739 6.762501
v -8.783058 4.149516 -11.437500
v -8.783058 4.149515 6.762501
v -9.216942 4.149516 -11.437500
v -9.216942 4.149515 6.762501
v -9.487465 4.488740 -11.437500
v -9.487465 4.488739 6.762501
v -9.390917 4.911745 -11.437500
v -9.390917 4.911745 6.762501
v 9.000000 5.100000 -11.437500
v 9.000000 5.099999 6.762501
v 9.390915 4.911745 -11.437500
v 9.390915 4.911745 6.762501
v 9.487463 4.488740 -11.437500
v 9.487463 4.488739 6.762501
v 9.216942 4.149516 -11.437500
v 9.216942 4.149515 6.762501
v 8.783058 4.149516 -11.437500
v 8.783058 4.149515 6.762501
v 8.512535 4.488740 -11.437500
v 8.512535 4.488739 6.762501
v 8.609083 4.911745 -11.437500
v 8.609083 4.911745 6.762501
v -10.100000 5.100000 5.162500
v 10.100000 5.099999 5.162500
v -10.100000 4.709085 5.350756
v 10.100000 4.709084 5.350756
v -10.100000 4.612536 5.773761
v 10.100000 4.612535 5.773761
v -10.100000 4.883059 6.112985
v 10.100000 4.883058 6.112985
v -10.100000 5.316942 6.112985
v 10.100000 5.316941 6.112985
v -10.100000 5.587464 5.773761
v 10.100000 5.587463 5.773761
v -10.100000 5.490916 5.350756
v 10.100000 5.490915 5.350756
v -10.100000 5.100000 -10.837500
v 10.100000 5.099999 -10.837500
v -10.100000 4.709085 -10.649244
v 10.100000 4.709084 -10.649244
v -10.100000 4.612536 -10.226239
v 10.100000 4.612535 -10.226239
v -10.100000 4.883059 -9.887015
v 10.100000 4.883058 -9.887015
v -10.100000 5.316942 -9.887015
v 10.100000 5.316941 -9.887015
v -10.100000 5.587464 -10.226239
v 10.100000 5.587463 -10.226239
v -10.100000 5.490916 -10.649244
v 10.100000 5.490915 -10.649244
v -9.000000 6.100000 -11.437500
v -9.000000 6.099999 6.762501
v -8.609085 5.911745 -11.437500
v -8.609085 5.911745 6.762501
v -8.512537 5.488740 -11.437500
v -8.512537 5.488739 6.762501
v -8.783058 5.149516 -11.437500
v -8.783058 5.149515 6.762501
v -9.216942 5.149516 -11.437500
v -9.216942 5.149515 6.762501
v -9.487465 5.488740 -11.437500
v -9.487465 5.488739 6.762501
v -9.390917 5.911745 -11.437500
v -9.390917 5.911745 6.762501
v 9.000000 6.100000 -11.437500
v 9.000000 6.099999 6.762501
v 9.390915 5.911745 -11.437500
v 9.390915 5.911745 6.762501
v 9.487463 5.488740 -11.437500
v 9.487463 5.488739 6.762501
v 9.216942 5.149516 -11.437500
v 9.216942 5.149515 6.762501
v 8.783058 5.149516 -11.437500
v 8.783058 5.149515 6.762501
v 8.512535 5.488740 -11.437500
v 8.512535 5.488739 6.762501
v 8.609083 5.911745 -11.437500
v 8.609083 5.911745 6.762501
v -10.100000 6.100000 5.162500
v 10.100000 6.099999 5.162500
v -10.100000 5.709085 5.350756
v 10.100000 5.709084 5.350756
v -10.100000 5.612536 5.773761
v 10.100000 5.612535 5.773761
v -10.100000 5.883059 6.112985
v 10.100000 5.883058 6.112985
v -10.100000 6.316942 6.112985
v 10.100000 6.316941 6.112985
v -10.100000 6.587464 5.773761
v 10.100000 6.587463 5.773761
v -10.100000 6.490916 5.350756
v 10.100000 6.490915 5.350756
v -10.100000 6.100000 -10.837500
v 10.100000 6.099999 -10.837500
v -10.100000 5.709085 -10.649244
v 10.100000 5.709084 -10.649244
v -10.100000 5.612536 -10.226239
v 10.100000 5.612535 -10.226239
v -10.100000 5.883059 -9.887015
v 10.100000 5.883058 -9.887015
v -10.100000 6.316942 -9.887015
v 10.100000 6.316941 -9.887015
v -10.100000 6.587464 -10.226239
v 10.100000 6.587463 -10.226239
v -10.100000 6.490916 -10.649244
v 10.100000 6.490915 -10.649244
v -9.000000 7.100000 -11.437500
v -9.000000 7.099999 6.762501
v -8.609085 6.911745 -11.437500
v -8.609085 6.911745 6.762501
v -8.512537 6.488740 -11.437500
v -8.512537 6.488739 6.762501
v -8.783058 6.149516 -11.437500
v -8.783058 6.149515 6.762501
v -9.216942 6.149516 -11.437500
v -9.216942 6.149515 6.762501
v -9.487465 6.488740 -11.437500
v -9.487465 6.488739 6.762501
v -9.390917 6.911745 -11.437500
v -9.390917 6.911745 6.762501
v 9.000000 7.100000 -11.437500
v 9.000000 7.099999 6.762501
v 9.390915 6.911745 -11.437500
v 9.390915 6.911745 6.762501
v 9.487463 6.488740 -11.437500
v 9.487463 6.488739 6.762501
v 9.216942 6.149516 -11.437500
v 9.216942 6.149515 6.762501
v 8.783058 6.149516 -11.437500
v 8.783058 6.149515 6.762501
v 8.512535 6.488740 -11.437500
v 8.512535 6.488739 6.762501
v 8.609083 6.911745 -11.437500
v 8.609083 6.911745 6.762501
v -10.100000 7.100000 5.162500
v 10.100000 7.099999 5.162500
v -10.100000 6.709085 5.350756
v 10.100000 6.709084 5.350756
v -10.100000 6.612536 5.773761
v 10.100000 6.612535 5.773761
v -10.100000 6.883059 6.112985
v 10.100000 6.883058 6.112985
v -10.100000 7.316942 6.112985
v 10.100000 7.316941 6.112985
v -10.100000 7.587464 5.773761
v 10.100000 7.587463 5.773761
v -10.100000 7.490916 5.350756
v 10.100000 7.490915 5.350756
v -10.100000 7.100000 -10.837500
v 10.100000 7.099999 -10.837500
v -10.100000 6.709085 -10.649244
v 10.100000 6.709084 -10.649244
v -10.100000 6.612536 -10.226239
v 10.100000 6.612535 -10.226239
v -10.100000 6.883059 -9.887015
v 10.100000 6.883058 -9.887015
v -10.100000 7.316942 -9.887015
v 10.100000 7.316941 -9.887015
v -10.100000 7.587464 -10.226239
v 10.100000 7.587463 -10.226239
v -10.100000 7.490916 -10.649244
v 10.100000 7.490915 -10.649244
v -9.000000 8.100000 -11.437500
v -9.000000 8.099999 6.762501
v -8.609085 7.911745 -11.437500
v -8.609085 7.911745 6.762501
v -8.512537 7.488740 -11.437500
v -8.512537 7.488739 6.762501
v -8.783058 7.149516 -11.437500
v -8.783058 7.149515 6.762501
v -9.216942 7.149516 -11.437500
v -9.216942 7.149515 6.762501
v -9.487465 7.488740 -11.437500
v -9.487465 7.488739 6.762501
v -9.390917 7.911745 -11.437500
v -9.390917 7.911745 6.762501
v 9.000000 8.100000 -11.437500
v 9.000000 8.099999 6.762501
v 9.390915 7.911745 -11.437500
v 9.390915 7.911745 6.762501
v 9.487463 7.488740 -11.437500
v 9.487463 7.488739 6.762501
v 9.216942 7.149516 -11.437500
v 9.216942 7.149515 6.762501
v 8.783058 7.149516 -11.437500
v 8.783058 7.149515 6.762501
v 8.512535 7.488740 -11.437500
v 8.512535 7.488739 6.762501
v 8.609083 7.911745 -11.437500
v 8.609083 7.911745 6.762501
v -10.100000 8.100000 5.162500
v 10.100000 8.099999 5.162500
v -10.100000 7.709085 5.350756
v 10.100000 7.709085 5.350756
v -10.100000 7.612537 5.773761
v 10.100000 7.612536 5.773761
v -10.100000 7.883059 6.112985
v 10.100000 7.883058 6.112985
v -10.100000 8.316942 6.112985
v 10.100000 8.316941 6.112985
v -10.100000 8.587464 5.773761
v 10.100000 8.587463 5.773761
v -10.100000 8.490916 5.350756
v 10.100000 8.490915 5.350756
v -10.100000 8.100000 -10.837500
v 10.100000 8.099999 -10.837500
v -10.100000 7.709085 -10.649244
v 10.100000 7.709085 -10.649244
v -10.100000 7.612537 -10.226239
v 10.100000 7.612536 -10.226239
v -10.100000 7.883059 -9.887015
v 10.100000 7.883058 -9.887015
v -10.100000 8.316942 -9.887015
v 10.100000 8.316941 -9.887015
v -10.100000 8.587464 -10.226239
v 10.100000 8.587463 -10.226239
v -10.100000 8.490916 -10.649244
v 10.100000 8.490915 -10.649244
v -9.000000 9.100001 -11.437500
v -9.000000 9.099999 6.762501
v -8.609085 8.911746 -11.437500
v -8.609085 8.911745 6.762501
v -8.512537 8.488740 -11.437500
v -8.512537 8.488739 6.762501
v -8.783058 8.149516 -11.437500
v -8.783058 8.149515 6.762501
v -9.216942 8.149516 -11.437500
v -9.216942 8.149515 6.762501
v -9.487465 8.488740 -11.437500
v -9.487465 8.488739 6.762501
v -9.390917 8.911746 -11.437500
v -9.390917 8.911745 6.762501
v 9.000000 9.100001 -11.437500
v 9.000000 9.099999 6.762501
v 9.390915 8.911746 -11.437500
v 9.390915 8.911745 6.762501
v 9.487463 8.488740 -11.437500
v 9.487463 8.488739 6.762501
v 9.216942 8.149516 -11.437500
v 9.216942 8.149515 6.762501
v 8.783058 8.149516 -11.437500
v 8.783058 8.149515 6.762501
v 8.512535 8.488740 -11.437500
v 8.512535 8.488739 6.762501
v 8.609083 8.911746 -11.437500
v 8.609083 8.911745 6.762501
v -10.100000 9.100001 5.162500
v 10.100000 9.099999 5.162500
v -10.100000 8.709085 5.350756
v 10.100000 8.709085 5.350756
v -10.100000 8.612536 5.773761
v 10.100000 8.612535 5.773761
v -10.100000 8.883060 6.112985
v 10.100000 8.883058 6.112985
v -10.100000 9.316943 6.112985
v 10.100000 9.316941 6.112985
v -10.100000 9.587464 5.773761
v 10.100000 9.587464 5.773761
v -10.100000 9.490916 5.350756
v 10.100000 9.490916 5.350756
v -10.100000 9.100001 -10.837500
v 10.100000 9.099999 -10.837500
v -10.100000 8.709085 -10.649244
v 10.100000 8.709085 -10.649244
v -10.100000 8.612536 -10.226239
v 10.100000 8.612535 -10.226239
v -10.100000 8.883060 -9.887015
v 10.100000 8.883058 -9.887015
v -10.100000 9.316943 -9.887015
v 10.100000 9.316941 -9.887015
v -10.100000 9.587464 -10.226239
v 10.100000 9.587464 -10.226239
v -10.100000 9.490916 -10.649244
v 10.100000 9.490916 -10.649244
v -9.000000 10.100001 -11.437500
v -9.000000 10.099999 6.762501
v -8.609085 9.911746 -11.437500
v -8.609085 9.911745 6.762501
v -8.512537 9.488740 -11.437500
v -8.512537 9.488740 6.762501
v -8.783058 9.149516 -11.437500
v -8.783058 9.149516 6.762501
v -9.216942 9.149516 -11.437500
v -9.216942 9.149516 6.762501
v -9.487465 9.488740 -11.437500
v -9.487465 9.488740 6.762501
v -9.390917 9.911746 -11.437500
v -9.390917 9.911745 6.762501
v 9.000000 10.100001 -11.437500
v 9.000000 10.099999 6.762501
v 9.390915 9.911746 -11.437500
v 9.390915 9.911745 6.762501
v 9.487463 9.488740 -11.437500
v 9.487463 9.488740 6.762501
v 9.216942 9.149516 -11.437500
v 9.216942 9.149516 6.762501
v 8.783058 9.149516 -11.437500
v 8.783058 9.149516 6.762501
v 8.512535 9.488740 -11.437500
v 8.512535 9.488740 6.762501
v 8.609083 9.911746 -11.437500
v 8.609083 9.911745 6.762501
v -10.100000 10.100001 5.162500
v 10.100000 10.099999 5.162500
v -10.100000 9.709085 5.350756
v 10.100000 9.709085 5.350756
v -10.100000 9.612536 5.773761
v 10.100000 9.612536 5.773761
v -10.100000 9.883060 6.112985
v 10.100000 9.883058 6.112985
v -10.100000 10.316943 6.112985
v 10.100000 10.316941 6.112985
v -10.100000 10.587464 5.773761
v 10.100000 10.587464 5.773761
v -10.100000 10.490916 5.350756
v 10.100000 10.490916 5.350756
v -10.100000 10.100001 -10.837500
v 10.100000 10.099999 -10.837500
v -10.100000 9.709085 -10.649244
v 10.100000 9.709085 -10.649244
v -10.100000 9.612536 -10.226239
v 10.100000 9.612536 -10.226239
v -10.100000 9.883060 -9.887015
v 10.100000 9.883058 -9.887015
v -10.100000 10.316943 -9.887015
v 10.100000 10.316941 -9.887015
v -10.100000 10.587464 -10.226239
v 10.100000 10.587464 -10.226239
v -10.100000 10.490916 -10.649244
v 10.100000 10.490916 -10.649244
v -9.000000 11.100001 -11.437500
v -9.000000 11.099999 6.762501
v -8.609085 10.911746 -11.437500
v -8.609085 10.911745 6.762501
v -8.512537 10.488740 -11.437500
v -8.512537 10.488740 6.762501
v -8.783058 10.149516 -11.437500
v -8.783058 10.149516 6.762501
v -9.216942 10.149516 -11.437500
v -9.216942 10.149516 6.762501
v -9.487465 10.488740 -11.437500
v -9.487465 10.488740 6.762501
v -9.390917 10.911746 -11.437500
v -9.390917 10.911745 6.762501
v 9.000000 11.100001 -11.437500
v 9.000000 11.099999 6.762501
v 9.390915 10.911746 -11.437500
v 9.390915 10.911745 6.762501
v 9.487463 10.488740 -11.437500
v 9.487463 10.488740 6.762501
v 9.216942 10.149516 -11.437500
v 9.216942 10.149516 6.762501
v 8.783058 10.149516 -11.437500
v 8.783058 10.149516 6.762501
v 8.512535 10.488740 -11.437500
v 8.512535 10.488740 6.762501
v 8.609083 10.911746 -11.437500
v 8.609083 10.911745 6.762501
v -9.000000 11.100000 5.662500
v 9.000000 11.100000 5.662500
v -0.000000 18.131571 5.662500
v -9.000000 11.100000 -10.337500
v 9.000000 11.100000 -10.337500
v -0.000000 18.131571 -10.337500
v -11.153736 9.417317 8.062500
v -11.646265 10.047727 8.062500
v -11.153736 9.417317 -12.737499
v -11.646265 10.047727 -12.737499
v 0.246264 18.323973 8.062500
v -0.246264 18.954382 8.062500
v 0.246264 18.323973 -12.737499
v -0.246264 18.954382 -12.737499
v -10.551111 10.747094 7.612500
v -10.705027 10.944098 7.862500
v -10.902031 10.790182 7.612500
v -10.596193 10.804795 7.789276
v -10.729904 10.741494 7.756837
v -10.844330 10.835262 7.789276
v -10.735495 10.695960 7.612499
v -10.828159 11.101700 7.862500
v -10.982075 11.298702 7.612500
v -11.025162 10.947784 7.612500
v -10.936995 11.241001 7.789276
v -11.030764 11.126575 7.756837
v -11.076296 11.132167 7.612499
v -10.967463 10.992865 7.789276
v -10.551111 10.747094 -12.287499
v -10.902031 10.790182 -12.287499
v -10.705027 10.944098 -12.537499
v -10.735495 10.695960 -12.287498
v -10.729904 10.741494 -12.431836
v -10.844330 10.835262 -12.464275
v -10.596193 10.804795 -12.464275
v -10.982075 11.298702 -12.287499
v -10.828159 11.101700 -12.537499
v -11.025162 10.947784 -12.287499
v -10.936995 11.241001 -12.464275
v -11.030764 11.126575 -12.431836
v -10.967463 10.992865 -12.464275
v -11.076296 11.132167 -12.287498
v -0.017924 18.976522 7.612500
v 0.025163 19.327440 7.612500
v -0.171840 19.173525 7.862500
v 0.076298 19.143057 7.612499
v 0.030764 19.148647 7.756837
v -0.032537 19.282360 7.789276
v -0.063004 19.034222 7.789276
v -0.448887 19.528130 7.612500
v -0.294972 19.331127 7.862500
v -0.097969 19.485043 7.612500
v -0.403806 19.470428 7.789276
v -0.270095 19.533730 7.756837
v -0.155669 19.439960 7.789276
v -0.264504 19.579264 7.612499
v -0.017924 18.976522 -12.287499
v -0.171840 19.173525 -12.537499
v 0.025163 19.327440 -12.287499
v -0.063004 19.034222 -12.464275
v 0.030764 19.148647 -12.431836
v -0.032537 19.282360 -12.464275
v 0.076298 19.143057 -12.287498
v -0.448887 19.528130 -12.287499
v -0.097969 19.485043 -12.287499
v -0.294972 19.331127 -12.537499
v -0.264504 19.579264 -12.287498
v -0.270095 19.533730 -12.431836
v -0.155669 19.439960 -12.464275
v -0.403806 19.470428 -12.464275
v -11.210371 8.738560 8.287500
v -11.826031 9.526570 8.287500
v -11.210371 8.738560 7.937500
v -11.826031 9.526570 7.937500
v 0.426033 17.829912 8.287500
v -0.189629 18.617924 8.287500
v 0.426033 17.829912 7.937500
v -0.189629 18.617924 7.937500
v -11.210371 8.738560 -12.612499
v -11.826031 9.526570 -12.612499
v -11.210371 8.738560 -12.962500
v -11.826031 9.526570 -12.962500
v 0.426033 17.829912 -12.612499
v -0.189629 18.617924 -12.612499
v 0.426033 17.829912 -12.962500
v -0.189629 18.617924 -12.962500
v -0.246265 18.323971 8.062500
v 0.246264 18.954380 8.062500
v -0.246265 18.323971 -12.737499
v 0.246264 18.954380 -12.737499
v 11.153734 9.417316 8.062500
v 11.646263 10.047727 8.062500
v 11.153734 9.417316 -12.737499
v 11.646263 10.047727 -12.737499
v 0.017925 18.976522 7.612500
v 0.171840 19.173525 7.862500
v -0.025162 19.327440 7.612500
v 0.063005 19.034224 7.789276
v -0.030763 19.148649 7.756837
v 0.032538 19.282360 7.789276
v -0.076296 19.143059 7.612499
v 0.294973 19.331127 7.862500
v 0.448888 19.528130 7.612500
v 0.097970 19.485043 7.612500
v 0.403806 19.470428 7.789276
v 0.270095 19.533730 7.756837
v 0.264505 19.579264 7.612499
v 0.155670 19.439962 7.789276
v 0.017925 18.976522 -12.287499
v -0.025162 19.327440 -12.287499
v 0.171840 19.173525 -12.537499
v -0.076296 19.143059 -12.287498
v -0.030763 19.148649 -12.431836
v 0.032538 19.282360 -12.464275
v 0.063005 19.034224 -12.464275
v 0.448888 19.528130 -12.287499
v 0.294973 19.331127 -12.537499
v 0.097970 19.485043 -12.287499
v 0.403806 19.470428 -12.464275
v 0.270095 19.533730 -12.431836
v 0.155670 19.439962 -12.464275
v 0.264505 19.579264 -12.287498
v 10.551113 10.747094 7.612500
v 10.902031 10.790182 7.612500
v 10.705029 10.944097 7.862500
v 10.735497 10.695960 7.612499
v 10.729904 10.741494 7.756837
v 10.844330 10.835262 7.789276
v 10.596193 10.804795 7.789276
v 10.982075 11.298701 7.612500
v 10.828159 11.101700 7.862500
v 11.025162 10.947784 7.612500
v 10.936995 11.241002 7.789276
v 11.030762 11.126575 7.756837
v 10.967463 10.992866 7.789276
v 11.076296 11.132165 7.612499
v 10.551113 10.747094 -12.287499
v 10.705029 10.944097 -12.537499
v 10.902031 10.790182 -12.287499
v 10.596193 10.804795 -12.464275
v 10.729904 10.741494 -12.431836
v 10.844330 10.835262 -12.464275
v 10.735497 10.695960 -12.287498
v 10.982075 11.298701 -12.287499
v 11.025162 10.947784 -12.287499
v 10.828159 11.101700 -12.537499
v 11.076296 11.132165 -12.287498
v 11.030762 11.126575 -12.431836
v 10.967463 10.992866 -12.464275
v 10.936995 11.241002 -12.464275
v -0.426033 17.829912 8.287500
v 0.189629 18.617924 8.287500
v -0.426033 17.829912 7.937500
v 0.189629 18.617924 7.937500
v 11.210369 8.738559 8.287500
v 11.826031 9.526569 8.287500
v 11.210369 8.738559 7.937500
v 11.826031 9.526569 7.937500
v -0.426033 17.829912 -12.612499
v 0.189629 18.617924 -12.612499
v -0.426033 17.829912 -12.962500
v 0.189629 18.617924 -12.962500
v 11.210369 8.738559 -12.612499
v 11.826031 9.526569 -12.612499
v 11.210369 8.738559 -12.962500
v 11.826031 9.526569 -12.962500
v -0.636396 18.851568 8.162500
v 0.000000 19.487965 8.162500
v -0.636396 18.851568 -12.837500
v 0.000000 19.487965 -12.837500
v 0.000000 18.215172 8.162500
v 0.636396 18.851568 8.162500
v 0.000000 18.215172 -12.837500
v 0.636396 18.851568 -12.837500
v -0.225000 11.100000 5.932500
v -0.225000 18.131569 5.932500
v -0.225000 11.100000 5.632500
v -0.225000 18.131569 5.632500
v 0.225000 11.100000 5.932500
v 0.225000 18.131569 5.932500
v 0.225000 11.100000 5.632500
v 0.225000 18.131569 5.632500
v -4.950000 13.828259 5.932500
v -4.950000 14.278260 5.932500
v -4.950000 13.828259 5.632500
v -4.950000 14.278260 5.632500
v 4.949999 13.828259 5.932500
v 4.949999 14.278260 5.932500
v 4.949999 13.828259 5.632500
v 4.949999 14.278260 5.632500
v -0.225000 11.100000 -10.307499
v -0.225000 18.131569 -10.307499
v -0.225000 11.100000 -10.607499
v -0.225000 18.131569 -10.607499
v 0.225000 11.100000 -10.307499
v 0.225000 18.131569 -10.307499
v 0.225000 11.100000 -10.607499
v 0.225000 18.131569 -10.607499
v -4.950000 13.828259 -10.307499
v -4.950000 14.278260 -10.307499
v -4.950000 13.828259 -10.607499
v -4.950000 14.278260 -10.607499
v 4.949999 13.828259 -10.307499
v 4.949999 14.278260 -10.307499
v 4.949999 13.828259 -10.607499
v 4.949999 14.278260 -10.607499
v 3.639999 1.600000 6.322500
v 3.639999 1.640000 6.362500
v 3.599999 1.640000 6.322500
v 3.639999 7.760000 6.362500
v 3.639999 7.800000 6.322500
v 3.599999 7.760000 6.322500
v 3.639999 1.600000 6.102501
v 3.599999 1.640000 6.102501
v 3.639999 1.640000 6.062501
v 3.639999 7.800000 6.102501
v 3.639999 7.760000 6.062501
v 3.599999 7.760000 6.102501
v 6.759999 1.600000 6.322500
v 6.799999 1.640000 6.322500
v 6.759999 1.640000 6.362500
v 6.759999 7.800000 6.322500
v 6.759999 7.760000 6.362500
v 6.799999 7.760000 6.322500
v 6.759999 1.600000 6.102501
v 6.759999 1.640000 6.062501
v 6.799999 1.640000 6.102501
v 6.759999 7.800000 6.102501
v 6.799999 7.760000 6.102501
v 6.759999 7.760000 6.062501
v 4.093333 1.800000 6.412500
v 4.093333 7.600000 6.412500
v 4.093333 1.800000 6.052501
v 4.093333 7.600000 6.052501
v 4.173333 1.800000 6.412500
v 4.173333 7.600000 6.412500
v 4.173333 1.800000 6.052501
v 4.173333 7.600000 6.052501
v 4.626666 1.800000 6.412500
v 4.626666 7.600000 6.412500
v 4.626666 1.800000 6.052501
v 4.626666 7.600000 6.052501
v 4.706666 1.800000 6.412500
v 4.706666 7.600000 6.412500
v 4.706666 1.800000 6.052501
v 4.706666 7.600000 6.052501
v 5.159999 1.800000 6.412500
v 5.159999 7.600000 6.412500
v 5.159999 1.800000 6.052501
v 5.159999 7.600000 6.052501
v 5.239999 1.800000 6.412500
v 5.239999 7.600000 6.412500
v 5.239999 1.800000 6.052501
v 5.239999 7.600000 6.052501
v 5.693333 1.800000 6.412500
v 5.693333 7.600000 6.412500
v 5.693333 1.800000 6.052501
v 5.693333 7.600000 6.052501
v 5.773333 1.800000 6.412500
v 5.773333 7.600000 6.412500
v 5.773333 1.800000 6.052501
v 5.773333 7.600000 6.052501
v 6.226666 1.800000 6.412500
v 6.226666 7.600000 6.412500
v 6.226666 1.800000 6.052501
v 6.226666 7.600000 6.052501
v 6.306666 1.800000 6.412500
v 6.306666 7.600000 6.412500
v 6.306666 1.800000 6.052501
v 6.306666 7.600000 6.052501
v 3.239999 7.775000 6.522501
v 3.239999 7.815000 6.562501
v 3.199999 7.815000 6.522501
v 3.239999 8.185000 6.562501
v 3.239999 8.225000 6.522501
v 3.199999 8.185000 6.522501
v 3.239999 7.775000 6.102501
v 3.199999 7.815000 6.102501
v 3.239999 7.815000 6.062501
v 3.239999 8.225000 6.102501
v 3.239999 8.185000 6.062501
v 3.199999 8.185000 6.102501
v 7.159999 7.775000 6.522501
v 7.199999 7.815000 6.522501
v 7.159999 7.815000 6.562501
v 7.159999 8.225000 6.522501
v 7.159999 8.185000 6.562501
v 7.199999 8.185000 6.522501
v 7.159999 7.775000 6.102501
v 7.159999 7.815000 6.062501
v 7.199999 7.815000 6.102501
v 7.159999 8.225000 6.102501
v 7.199999 8.185000 6.102501
v 7.159999 8.185000 6.062501
v 3.199999 1.600000 6.562501
v 3.199999 7.800000 6.562501
v 3.199999 1.600000 6.062501
v 3.199999 7.800000 6.062501
v 3.599999 1.600000 6.562501
v 3.599999 7.800000 6.562501
v 3.599999 1.600000 6.062501
v 3.599999 7.800000 6.062501
v 6.799999 1.600000 6.562501
v 6.799999 7.800000 6.562501
v 6.799999 1.600000 6.062501
v 6.799999 7.800000 6.062501
v 7.199999 1.600000 6.562501
v 7.199999 7.800000 6.562501
v 7.199999 1.600000 6.062501
v 7.199999 7.800000 6.062501
v 6.224000 4.374000 6.462501
v 6.325304 4.451390 6.536101
v 6.185306 4.451390 6.581591
v 6.098780 4.451390 6.462501
v 6.185306 4.451390 6.343410
v 6.325304 4.451390 6.388900
v 6.262693 4.576610 6.581591
v 6.122695 4.576610 6.536101
v 6.122695 4.576610 6.388900
v 6.262693 4.576610 6.343410
v 6.349219 4.576610 6.462501
v 6.224000 4.654000 6.462501
v -7.160000 8.100000 6.472501
v -7.160000 8.140000 6.512501
v -7.200000 8.140000 6.472501
v -7.160000 8.360000 6.512501
v -7.160000 8.400000 6.472501
v -7.200000 8.360000 6.472501
v -7.160000 8.100000 6.152500
v -7.200000 8.140000 6.152500
v -7.160000 8.140000 6.112500
v -7.160000 8.400000 6.152500
v -7.160000 8.360000 6.112500
v -7.200000 8.360000 6.152500
v 0.760000 8.100000 6.472501
v 0.799999 8.140000 6.472501
v 0.760000 8.140000 6.512501
v 0.760000 8.400000 6.472501
v 0.760000 8.360000 6.512501
v 0.799999 8.360000 6.472501
v 0.760000 8.100000 6.152500
v 0.760000 8.140000 6.112500
v 0.799999 8.140000 6.152500
v 0.760000 8.400000 6.152500
v 0.799999 8.360000 6.152500
v 0.760000 8.360000 6.112500
v -7.310001 3.600000 6.672501
v -7.310001 3.640000 6.712501
v -7.350001 3.640000 6.672501
v -7.310001 3.860000 6.712501
v -7.310001 3.900000 6.672501
v -7.350001 3.860000 6.672501
v -7.310001 3.600000 6.152500
v -7.350001 3.640000 6.152500
v -7.310001 3.640000 6.112500
v -7.310001 3.900000 6.152500
v -7.310001 3.860000 6.112500
v -7.350001 3.860000 6.152500
v 0.910000 3.600000 6.672501
v 0.950000 3.640000 6.672501
v 0.910000 3.640000 6.712501
v 0.910000 3.900000 6.672501
v 0.910000 3.860000 6.712501
v 0.950000 3.860000 6.672501
v 0.910000 3.600000 6.152500
v 0.910000 3.640000 6.112500
v 0.950000 3.640000 6.152500
v 0.910000 3.900000 6.152500
v 0.950000 3.860000 6.152500
v 0.910000 3.860000 6.112500
v -7.250000 3.900000 6.512501
v -7.250000 8.100000 6.512501
v -7.250000 3.900000 6.112500
v -7.250000 8.100000 6.112500
v -6.950000 3.900000 6.512501
v -6.950000 8.100000 6.512501
v -6.950000 3.900000 6.112500
v -6.950000 8.100000 6.112500
v 0.549999 3.900000 6.512501
v 0.549999 8.100000 6.512501
v 0.549999 3.900000 6.112500
v 0.549999 8.100000 6.112500
v 0.850000 3.900000 6.512501
v 0.850000 8.100000 6.512501
v 0.850000 3.900000 6.112500
v 0.850000 8.100000 6.112500
v -3.260000 3.900000 6.512501
v -3.260000 8.100000 6.512501
v -3.260000 3.900000 6.312501
v -3.260000 8.100000 6.312501
v -3.140001 3.900000 6.512501
v -3.140001 8.100000 6.512501
v -3.140001 3.900000 6.312501
v -3.140001 8.100000 6.312501
v -6.950000 5.940000 6.512501
v -6.950000 6.060000 6.512501
v -6.950000 5.940000 6.312501
v -6.950000 6.060000 6.312501
v 0.549999 5.940000 6.512501
v 0.549999 6.060000 6.512501
v 0.549999 5.940000 6.312501
v 0.549999 6.060000 6.312501
v -7.250000 3.900000 6.637501
v -7.250000 3.950000 6.687501
v -7.300001 3.950000 6.637501
v -7.250000 3.990000 6.687501
v -7.250000 4.040000 6.637501
v -7.300001 3.990000 6.637501
v -7.250000 3.900000 6.187501
v -7.300001 3.950000 6.187501
v -7.250000 3.950000 6.137501
v -7.250000 4.040000 6.187501
v -7.250000 3.990000 6.137501
v -7.300001 3.990000 6.187501
v 0.849999 3.900000 6.637501
v 0.899999 3.950000 6.637501
v 0.849999 3.950000 6.687501
v 0.849999 4.040000 6.637501
v 0.849999 3.990000 6.687501
v 0.899999 3.990000 6.637501
v 0.849999 3.900000 6.187501
v 0.849999 3.950000 6.137501
v 0.899999 3.950000 6.187501
v 0.849999 4.040000 6.187501
v 0.899999 3.990000 6.187501
v 0.849999 3.990000 6.137501
v -7.110001 8.400000 6.447500
v -7.110001 8.440001 6.487500
v -7.150001 8.440001 6.447500
v -7.110001 8.480000 6.487500
v -7.110001 8.520000 6.447500
v -7.150001 8.480000 6.447500
v -7.110001 8.400000 6.177501
v -7.150001 8.440001 6.177501
v -7.110001 8.440001 6.137501
v -7.110001 8.520000 6.177501
v -7.110001 8.480000 6.137501
v -7.150001 8.480000 6.177501
v 0.710000 8.400000 6.447500
v 0.750000 8.440001 6.447500
v 0.710000 8.440001 6.487500
v 0.710000 8.520000 6.447500
v 0.710000 8.480000 6.487500
v 0.750000 8.480000 6.447500
v 0.710000 8.400000 6.177501
v 0.710000 8.440001 6.137501
v 0.750000 8.440001 6.177501
v 0.710000 8.520000 6.177501
v 0.750000 8.480000 6.177501
v 0.710000 8.480000 6.137501
v 7.549999 7.550000 6.712501
v 7.549999 7.650000 6.712501
v 7.549999 7.550000 6.212501
v 7.549999 7.650000 6.212501
v 7.650000 7.550000 6.712501
v 7.650000 7.650000 6.712501
v 7.650000 7.550000 6.212501
v 7.650000 7.650000 6.212501
v 7.349999 6.900000 7.012501
v 7.349999 7.000000 7.012501
v 7.349999 6.900000 6.512501
v 7.349999 7.000000 6.512501
v 7.849999 6.900000 7.012501
v 7.849999 7.000000 7.012501
v 7.849999 6.900000 6.512501
v 7.849999 7.000000 6.512501
v 7.281801 7.445000 6.444303
v 7.918198 7.445000 6.444303
v 7.918198 7.445000 7.080699
v 7.281801 7.445000 7.080699
v 7.599999 7.795000 6.762501
v 2.349999 1.600000 9.212501
v 2.349999 1.650000 9.262501
v 2.299999 1.650000 9.212501
v 2.349999 8.350000 9.262501
v 2.349999 8.400000 9.212501
v 2.299999 8.350000 9.212501
v 2.349999 1.600000 8.712501
v 2.299999 1.650000 8.712501
v 2.349999 1.650000 8.662500
v 2.349999 8.400000 8.712501
v 2.349999 8.350000 8.662500
v 2.299999 8.350000 8.712501
v 2.849999 1.600000 9.212501
v 2.899999 1.650000 9.212501
v 2.849999 1.650000 9.262501
v 2.849999 8.400000 9.212501
v 2.849999 8.350000 9.262501
v 2.899999 8.350000 9.212501
v 2.849999 1.600000 8.712501
v 2.849999 1.650000 8.662500
v 2.899999 1.650000 8.712501
v 2.849999 8.400000 8.712501
v 2.899999 8.350000 8.712501
v 2.849999 8.350000 8.662500
v 7.549999 1.600000 9.212501
v 7.549999 1.650000 9.262501
v 7.499999 1.650000 9.212501
v 7.549999 8.350000 9.262501
v 7.549999 8.400000 9.212501
v 7.499999 8.350000 9.212501
v 7.549999 1.600000 8.712501
v 7.499999 1.650000 8.712501
v 7.549999 1.650000 8.662500
v 7.549999 8.400000 8.712501
v 7.549999 8.350000 8.662500
v 7.499999 8.350000 8.712501
v 8.049999 1.600000 9.212501
v 8.100000 1.650000 9.212501
v 8.049999 1.650000 9.262501
v 8.049999 8.400000 9.212501
v 8.049999 8.350000 9.262501
v 8.100000 8.350000 9.212501
v 8.049999 1.600000 8.712501
v 8.049999 1.650000 8.662500
v 8.100000 1.650000 8.712501
v 8.049999 8.400000 8.712501
v 8.100000 8.350000 8.712501
v 8.049999 8.350000 8.662500
v 1.714715 8.236170 9.762501
v 1.485284 8.563830 9.762501
v 1.714715 8.236170 5.762501
v 1.485284 8.563830 5.762501
v 5.314715 10.756917 9.762501
v 5.085284 11.084578 9.762501
v 5.314715 10.756917 5.762501
v 5.085284 11.084578 5.762501
v 1.935886 8.771035 9.442501
v 1.867057 8.869333 9.562501
v 1.768758 8.800505 9.442501
v 1.775284 9.000399 9.562501
v 1.706455 9.098696 9.442501
v 1.676986 8.931569 9.442501
v 1.935886 8.771035 6.082500
v 1.768758 8.800505 6.082500
v 1.867057 8.869333 5.962501
v 1.706455 9.098696 6.082500
v 1.775284 9.000399 5.962501
v 1.676986 8.931569 6.082500
v 5.093544 10.982052 9.442501
v 5.123013 11.149179 9.442501
v 5.024714 11.080349 9.562501
v 4.864113 11.309712 9.442501
v 4.932942 11.211414 9.562501
v 5.031240 11.280243 9.442501
v 5.093544 10.982052 6.082500
v 5.024714 11.080349 5.962501
v 5.123013 11.149179 6.082500
v 4.864113 11.309712 6.082500
v 5.031240 11.280243 6.082500
v 4.932942 11.211414 5.962501
v 5.085284 10.756917 9.762501
v 5.314714 11.084578 9.762501
v 5.085284 10.756917 5.762501
v 5.314714 11.084578 5.762501
v 8.685284 8.236170 9.762501
v 8.914715 8.563830 9.762501
v 8.685284 8.236170 5.762501
v 8.914715 8.563830 5.762501
v 5.306455 10.982052 9.442501
v 5.375284 11.080349 9.562501
v 5.276986 11.149179 9.442501
v 5.467056 11.211414 9.562501
v 5.535885 11.309712 9.442501
v 5.368758 11.280243 9.442501
v 5.306455 10.982052 6.082500
v 5.276986 11.149179 6.082500
v 5.375284 11.080349 5.962501
v 5.535885 11.309712 6.082500
v 5.467056 11.211414 5.962501
v 5.368758 11.280243 6.082500
v 8.464113 8.771035 9.442501
v 8.631241 8.800505 9.442501
v 8.532942 8.869333 9.562501
v 8.693544 9.098696 9.442501
v 8.624714 9.000399 9.562501
v 8.723013 8.931569 9.442501
v 8.464113 8.771035 6.082500
v 8.532942 8.869333 5.962501
v 8.631241 8.800505 6.082500
v 8.693544 9.098696 6.082500
v 8.723013 8.931569 6.082500
v 8.624714 9.000399 5.962501
v 2.199999 8.400000 9.312500
v 8.199999 8.400000 9.312500
v 5.199999 10.500622 9.312500
v 2.199999 8.400000 9.012501
v 8.199999 8.400000 9.012501
v 5.199999 10.500622 9.012501
v 2.199999 8.150000 9.162500
v 2.199999 8.650000 9.162500
v 2.199999 8.150000 8.762501
v 2.199999 8.650000 8.762501
v 8.199999 8.150000 9.162500
v 8.199999 8.650000 9.162500
v 8.199999 8.150000 8.762501
v 8.199999 8.650000 8.762501
v 2.249999 0.000000 9.312501
v 2.249999 0.050000 9.362501
v 2.199999 0.050000 9.312501
v 2.249999 1.550000 9.362501
v 2.249999 1.600000 9.312501
v 2.199999 1.550000 9.312501
v 2.249999 0.000000 6.212501
v 2.199999 0.050000 6.212501
v 2.249999 0.050000 6.162500
v 2.249999 1.600000 6.212501
v 2.249999 1.550000 6.162500
v 2.199999 1.550000 6.212501
v 8.150000 0.000000 9.312501
v 8.199999 0.050000 9.312501
v 8.150000 0.050000 9.362501
v 8.150000 1.600000 9.312501
v 8.150000 1.550000 9.362501
v 8.199999 1.550000 9.312501
v 8.150000 0.000000 6.212501
v 8.150000 0.050000 6.162500
v 8.199999 0.050000 6.212501
v 8.150000 1.600000 6.212501
v 8.199999 1.550000 6.212501
v 8.150000 1.550000 6.162500
v 2.979999 0.000000 10.482500
v 2.899999 0.080000 10.482500
v 2.979999 1.120000 10.562501
v 2.979999 1.200000 10.482500
v 2.899999 1.120000 10.482500
v 2.979999 0.000000 9.442500
v 2.899999 0.080000 9.442500
v 2.979999 0.080000 9.362500
v 2.979999 1.200000 9.442500
v 2.979999 1.120000 9.362500
v 2.899999 1.120000 9.442500
v 7.419999 0.000000 10.482500
v 7.499999 0.080000 10.482500
v 7.419999 1.200000 10.482500
v 7.419999 1.120000 10.562501
v 7.499999 1.120000 10.482500
v 7.419999 0.000000 9.442500
v 7.419999 0.080000 9.362500
v 7.499999 0.080000 9.442500
v 7.419999 1.200000 9.442500
v 7.499999 1.120000 9.442500
v 7.419999 1.120000 9.362500
v 2.979999 0.000000 11.682501
v 2.979999 0.080000 11.762501
v 2.899999 0.080000 11.682501
v 2.979999 0.720000 11.762501
v 2.979999 0.800000 11.682501
v 2.899999 0.720000 11.682501
v 2.979999 0.000000 10.642500
v 2.899999 0.080000 10.642500
v 2.979999 0.080000 10.562500
v 2.979999 0.800000 10.642500
v 2.979999 0.720000 10.562500
v 2.899999 0.720000 10.642500
v 7.419999 0.000000 11.682501
v 7.499999 0.080000 11.682501
v 7.419999 0.080000 11.762501
v 7.419999 0.800000 11.682501
v 7.419999 0.720000 11.762501
v 7.499999 0.720000 11.682501
v 7.419999 0.000000 10.642500
v 7.419999 0.080000 10.562500
v 7.499999 0.080000 10.642500
v 7.419999 0.800000 10.642500
v 7.499999 0.720000 10.642500
v 7.419999 0.720000 10.562500
v 2.979999 0.000000 12.882500
v 2.979999 0.080000 12.962500
v 2.899999 0.080000 12.882500
v 2.979999 0.320000 12.962500
v 2.979999 0.400000 12.882500
v 2.899999 0.320000 12.882500
v 2.979999 0.000000 11.842501
v 2.899999 0.080000 11.842501
v 2.979999 0.400000 11.842501
v 2.979999 0.320000 11.762501
v 2.899999 0.320000 11.842501
v 7.419999 0.000000 12.882500
v 7.499999 0.080000 12.882500
v 7.419999 0.080000 12.962500
v 7.419999 0.400000 12.882500
v 7.419999 0.320000 12.962500
v 7.499999 0.320000 12.882500
v 7.419999 0.000000 11.842501
v 7.499999 0.080000 11.842501
v 7.419999 0.400000 11.842501
v 7.499999 0.320000 11.842501
v 7.419999 0.320000 11.762501
v -7.650000 8.349999 6.512500
v -7.650000 10.950000 6.512500
v -7.650000 8.349999 6.212501
v -7.650000 10.950000 6.212501
v 1.249999 8.349999 6.512500
v 1.249999 10.950000 6.512500
v 1.249999 8.349999 6.212501
v 1.249999 10.950000 6.212501
v 11.000000 3.600000 2.162500
v 11.000000 4.000000 2.162500
v 11.000000 3.600000 -4.837500
v 11.000000 4.000000 -4.837500
v 11.400000 3.600000 2.162500
v 11.400000 4.000000 2.162500
v 11.400000 3.600000 -4.837500
v 11.400000 4.000000 -4.837500
v 11.000000 0.600000 2.162500
v 11.000000 1.000000 2.162500
v 11.000000 0.600000 -4.837500
v 11.000000 1.000000 -4.837500
v 11.400000 0.600000 2.162500
v 11.400000 1.000000 2.162500
v 11.400000 0.600000 -4.837500
v 11.400000 1.000000 -4.837500
v 11.000000 0.000000 2.162500
v 11.000000 4.200000 2.162500
v 11.000000 0.000000 1.762501
v 11.000000 4.200000 1.762501
v 11.400000 0.000000 2.162500
v 11.400000 4.200000 2.162500
v 11.400000 0.000000 1.762501
v 11.400000 4.200000 1.762501
v 11.000000 0.000000 -4.437500
v 11.000000 4.200000 -4.437500
v 11.000000 0.000000 -4.837500
v 11.000000 4.200000 -4.837500
v 11.400000 0.000000 -4.437500
v 11.400000 4.200000 -4.437500
v 11.400000 0.000000 -4.837500
v 11.400000 4.200000 -4.837500
v 11.104805 0.174261 1.722500
v 11.083031 0.261587 1.812500
v 10.995705 0.239814 1.722500
v 11.101896 0.185927 1.767441
v 11.058289 0.175055 1.722500
v 11.057310 0.186848 1.765539
v 11.039425 0.250715 1.800477
v 11.093903 0.217981 1.800477
v 11.051683 0.209415 1.788797
v 11.018244 0.199117 1.722500
v 11.007372 0.242723 1.767441
v 11.029116 0.203788 1.765539
v 9.916967 4.938413 1.812500
v 9.895195 5.025740 1.722500
v 9.829641 4.916640 1.722500
v 9.906096 4.982018 1.800477
v 9.873362 4.927541 1.800477
v 9.864796 4.969761 1.788797
v 9.854498 5.003201 1.722500
v 9.898104 5.014072 1.767441
v 9.859169 4.992328 1.765539
v 9.841309 4.919549 1.767441
v 9.830435 4.963155 1.722500
v 9.842228 4.964135 1.765539
v 11.104805 0.174261 0.802500
v 10.995705 0.239814 0.802500
v 11.083031 0.261587 0.712500
v 11.058289 0.175055 0.802500
v 11.101896 0.185927 0.757559
v 11.057310 0.186848 0.759461
v 11.007372 0.242723 0.757559
v 11.018244 0.199117 0.802500
v 11.029116 0.203788 0.759461
v 11.093903 0.217981 0.724524
v 11.039425 0.250715 0.724524
v 11.051683 0.209415 0.736203
v 9.895195 5.025740 0.802500
v 9.916967 4.938413 0.712500
v 9.829641 4.916640 0.802500
v 9.898104 5.014072 0.757559
v 9.854498 5.003201 0.802500
v 9.859169 4.992328 0.759461
v 9.873362 4.927541 0.724524
v 9.906096 4.982018 0.724524
v 9.864796 4.969761 0.736203
v 9.830435 4.963155 0.802500
v 9.841309 4.919549 0.757559
v 9.842228 4.964135 0.759461
v 11.170359 0.283360 1.722500
v 11.145502 0.196800 1.722500
v 11.140831 0.207672 1.765539
v 11.158691 0.280452 1.767441
v 11.169563 0.236846 1.722500
v 11.157770 0.235865 1.765539
v 11.126637 0.272460 1.800477
v 11.135204 0.230239 1.788797
v 10.004293 4.960186 1.722500
v 9.941710 5.024945 1.722500
v 9.942690 5.013152 1.765539
v 9.960573 4.949285 1.800477
v 9.948317 4.990585 1.788797
v 9.981756 5.000883 1.722500
v 9.992628 4.957277 1.767441
v 9.970884 4.996212 1.765539
v 11.170359 0.283360 0.802500
v 11.145502 0.196800 0.802500
v 11.140831 0.207672 0.759461
v 11.126637 0.272460 0.724524
v 11.135204 0.230239 0.736203
v 11.169563 0.236846 0.802500
v 11.158691 0.280452 0.757559
v 11.157770 0.235865 0.759461
v 10.004293 4.960186 0.802500
v 9.941710 5.024945 0.802500
v 9.942690 5.013152 0.759461
v 9.992628 4.957277 0.757559
v 9.981756 5.000883 0.802500
v 9.970884 4.996212 0.759461
v 9.960573 4.949285 0.724524
v 9.948317 4.990585 0.736203
v 11.104805 0.174261 0.422500
v 11.083031 0.261587 0.512500
v 10.995705 0.239814 0.422500
v 11.101896 0.185927 0.467441
v 11.058289 0.175055 0.422500
v 11.057310 0.186848 0.465539
v 11.039425 0.250715 0.500477
v 11.093903 0.217981 0.500477
v 11.051683 0.209415 0.488797
v 11.018244 0.199117 0.422500
v 11.007372 0.242723 0.467441
v 11.029116 0.203788 0.465539
v 9.916967 4.938413 0.512500
v 9.895195 5.025740 0.422500
v 9.829641 4.916640 0.422500
v 9.906096 4.982018 0.500477
v 9.873362 4.927541 0.500477
v 9.864796 4.969761 0.488797
v 9.854498 5.003201 0.422500
v 9.898104 5.014072 0.467441
v 9.859169 4.992328 0.465539
v 9.841309 4.919549 0.467441
v 9.830435 4.963155 0.422500
v 9.842228 4.964135 0.465539
v 11.104805 0.174261 -0.497500
v 10.995705 0.239814 -0.497500
v 11.083031 0.261587 -0.587500
v 11.058289 0.175055 -0.497500
v 11.101896 0.185927 -0.542441
v 11.057310 0.186848 -0.540539
v 11.007372 0.242723 -0.542441
v 11.018244 0.199117 -0.497500
v 11.029116 0.203788 -0.540539
v 11.093903 0.217981 -0.575476
v 11.039425 0.250715 -0.575476
v 11.051683 0.209415 -0.563797
v 9.895195 5.025740 -0.497500
v 9.916967 4.938413 -0.587500
v 9.829641 4.916640 -0.497500
v 9.898104 5.014072 -0.542441
v 9.854498 5.003201 -0.497500
v 9.859169 4.992328 -0.540539
v 9.873362 4.927541 -0.575476
v 9.906096 4.982018 -0.575476
v 9.864796 4.969761 -0.563797
v 9.830435 4.963155 -0.497500
v 9.841309 4.919549 -0.542441
v 9.842228 4.964135 -0.540539
v 11.170359 0.283360 0.422500
v 11.145502 0.196800 0.422500
v 11.140831 0.207672 0.465539
v 11.158691 0.280452 0.467441
v 11.169563 0.236846 0.422500
v 11.157770 0.235865 0.465539
v 11.126637 0.272460 0.500477
v 11.135204 0.230239 0.488797
v 10.004293 4.960186 0.422500
v 9.941710 5.024945 0.422500
v 9.942690 5.013152 0.465539
v 9.960573 4.949285 0.500477
v 9.948317 4.990585 0.488797
v 9.981756 5.000883 0.422500
v 9.992628 4.957277 0.467441
v 9.970884 4.996212 0.465539
v 11.170359 0.283360 -0.497500
v 11.145502 0.196800 -0.497500
v 11.140831 0.207672 -0.540539
v 11.126637 0.272460 -0.575476
v 11.135204 0.230239 -0.563797
v 11.169563 0.236846 -0.497500
v 11.158691 0.280452 -0.542441
v 11.157770 0.235865 -0.540539
v 10.004293 4.960186 -0.497500
v 9.941710 5.024945 -0.497500
v 9.942690 5.013152 -0.540539
v 9.992628 4.957277 -0.542441
v 9.981756 5.000883 -0.497500
v 9.970884 4.996212 -0.540539
v 9.960573 4.949285 -0.575476
v 9.948317 4.990585 -0.563797
v 11.104805 0.174261 -0.877500
v 11.083031 0.261587 -0.787500
v 10.995705 0.239814 -0.877500
v 11.101896 0.185927 -0.832559
v 11.058289 0.175055 -0.877500
v 11.057310 0.186848 -0.834460
v 11.039425 0.250715 -0.799523
v 11.093903 0.217981 -0.799523
v 11.051683 0.209415 -0.811203
v 11.018244 0.199117 -0.877500
v 11.007372 0.242723 -0.832559
v 11.029116 0.203788 -0.834460
v 9.916967 4.938413 -0.787500
v 9.895195 5.025740 -0.877500
v 9.829641 4.916640 -0.877500
v 9.906096 4.982018 -0.799523
v 9.873362 4.927541 -0.799523
v 9.864796 4.969761 -0.811203
v 9.854498 5.003201 -0.877500
v 9.898104 5.014072 -0.832559
v 9.859169 4.992328 -0.834460
v 9.841309 4.919549 -0.832559
v 9.830435 4.963155 -0.877500
v 9.842228 4.964135 -0.834460
v 11.104805 0.174261 -1.797500
v 10.995705 0.239814 -1.797500
v 11.083031 0.261587 -1.887500
v 11.058289 0.175055 -1.797500
v 11.101896 0.185927 -1.842441
v 11.057310 0.186848 -1.840539
v 11.007372 0.242723 -1.842441
v 11.018244 0.199117 -1.797500
v 11.029116 0.203788 -1.840539
v 11.093903 0.217981 -1.875476
v 11.039425 0.250715 -1.875476
v 11.051683 0.209415 -1.863796
v 9.895195 5.025740 -1.797500
v 9.916967 4.938413 -1.887500
v 9.829641 4.916640 -1.797500
v 9.898104 5.014072 -1.842441
v 9.854498 5.003201 -1.797500
v 9.859169 4.992328 -1.840539
v 9.873362 4.927541 -1.875476
v 9.906096 4.982018 -1.875476
v 9.864796 4.969761 -1.863796
v 9.830435 4.963155 -1.797500
v 9.841309 4.919549 -1.842441
v 9.842228 4.964135 -1.840539
v 11.170359 0.283360 -0.877500
v 11.145502 0.196800 -0.877500
v 11.140831 0.207672 -0.834460
v 11.158691 0.280452 -0.832559
v 11.169563 0.236846 -0.877500
v 11.157770 0.235865 -0.834460
v 11.126637 0.272460 -0.799523
v 11.135204 0.230239 -0.811203
v 10.004293 4.960186 -0.877500
v 9.941710 5.024945 -0.877500
v 9.942690 5.013152 -0.834460
v 9.960573 4.949285 -0.799523
v 9.948317 4.990585 -0.811203
v 9.981756 5.000883 -0.877500
v 9.992628 4.957277 -0.832559
v 9.970884 4.996212 -0.834460
v 11.170359 0.283360 -1.797500
v 11.145502 0.196800 -1.797500
v 11.140831 0.207672 -1.840539
v 11.126637 0.272460 -1.875476
v 11.135204 0.230239 -1.863796
v 11.169563 0.236846 -1.797500
v 11.158691 0.280452 -1.842441
v 11.157770 0.235865 -1.840539
v 10.004293 4.960186 -1.797500
v 9.941710 5.024945 -1.797500
v 9.942690 5.013152 -1.840539
v 9.992628 4.957277 -1.842441
v 9.981756 5.000883 -1.797500
v 9.970884 4.996212 -1.840539
v 9.960573 4.949285 -1.875476
v 9.948317 4.990585 -1.863796
v 11.104805 0.174261 -2.177500
v 11.083031 0.261587 -2.087500
v 10.995705 0.239814 -2.177500
v 11.101896 0.185927 -2.132559
v 11.058289 0.175055 -2.177500
v 11.057310 0.186848 -2.134460
v 11.039425 0.250715 -2.099523
v 11.093903 0.217981 -2.099523
v 11.051683 0.209415 -2.111203
v 11.018244 0.199117 -2.177500
v 11.007372 0.242723 -2.132559
v 11.029116 0.203788 -2.134460
v 9.916967 4.938413 -2.087500
v 9.895195 5.025740 -2.177500
v 9.829641 4.916640 -2.177500
v 9.906096 4.982018 -2.099523
v 9.873362 4.927541 -2.099523
v 9.864796 4.969761 -2.111203
v 9.854498 5.003201 -2.177500
v 9.898104 5.014072 -2.132559
v 9.859169 4.992328 -2.134460
v 9.841309 4.919549 -2.132559
v 9.830435 4.963155 -2.177500
v 9.842228 4.964135 -2.134460
v 11.104805 0.174261 -3.097500
v 10.995705 0.239814 -3.097500
v 11.083031 0.261587 -3.187500
v 11.058289 0.175055 -3.097500
v 11.101896 0.185927 -3.142441
v 11.057310 0.186848 -3.140539
v 11.007372 0.242723 -3.142441
v 11.018244 0.199117 -3.097500
v 11.029116 0.203788 -3.140539
v 11.093903 0.217981 -3.175476
v 11.039425 0.250715 -3.175476
v 11.051683 0.209415 -3.163796
v 9.895195 5.025740 -3.097500
v 9.916967 4.938413 -3.187500
v 9.829641 4.916640 -3.097500
v 9.898104 5.014072 -3.142441
v 9.854498 5.003201 -3.097500
v 9.859169 4.992328 -3.140539
v 9.873362 4.927541 -3.175476
v 9.906096 4.982018 -3.175476
v 9.864796 4.969761 -3.163796
v 9.830435 4.963155 -3.097500
v 9.841309 4.919549 -3.142441
v 9.842228 4.964135 -3.140539
v 11.170359 0.283360 -2.177500
v 11.145502 0.196800 -2.177500
v 11.140831 0.207672 -2.134460
v 11.158691 0.280452 -2.132559
v 11.169563 0.236846 -2.177500
v 11.157770 0.235865 -2.134460
v 11.126637 0.272460 -2.099523
v 11.135204 0.230239 -2.111203
v 10.004293 4.960186 -2.177500
v 9.941710 5.024945 -2.177500
v 9.942690 5.013152 -2.134460
v 9.960573 4.949285 -2.099523
v 9.948317 4.990585 -2.111203
v 9.981756 5.000883 -2.177500
v 9.992628 4.957277 -2.132559
v 9.970884 4.996212 -2.134460
v 11.170359 0.283360 -3.097500
v 11.145502 0.196800 -3.097500
v 11.140831 0.207672 -3.140539
v 11.126637 0.272460 -3.175476
v 11.135204 0.230239 -3.163796
v 11.169563 0.236846 -3.097500
v 11.158691 0.280452 -3.142441
v 11.157770 0.235865 -3.140539
v 10.004293 4.960186 -3.097500
v 9.941710 5.024945 -3.097500
v 9.942690 5.013152 -3.140539
v 9.992628 4.957277 -3.142441
v 9.981756 5.000883 -3.097500
v 9.970884 4.996212 -3.140539
v 9.960573 4.949285 -3.175476
v 9.948317 4.990585 -3.163796
v 11.104805 0.174261 -3.477499
v 11.083031 0.261587 -3.387500
v 10.995705 0.239814 -3.477499
v 11.101896 0.185927 -3.432559
v 11.058289 0.175055 -3.477499
v 11.057310 0.186848 -3.434460
v 11.039425 0.250715 -3.399523
v 11.093903 0.217981 -3.399523
v 11.051683 0.209415 -3.411203
v 11.018244 0.199117 -3.477499
v 11.007372 0.242723 -3.432559
v 11.029116 0.203788 -3.434460
v 9.916967 4.938413 -3.387500
v 9.895195 5.025740 -3.477499
v 9.829641 4.916640 -3.477499
v 9.906096 4.982018 -3.399523
v 9.873362 4.927541 -3.399523
v 9.864796 4.969761 -3.411203
v 9.854498 5.003201 -3.477499
v 9.898104 5.014072 -3.432559
v 9.859169 4.992328 -3.434460
v 9.841309 4.919549 -3.432559
v 9.830435 4.963155 -3.477499
v 9.842228 4.964135 -3.434460
v 11.104805 0.174261 -4.397500
v 10.995705 0.239814 -4.397500
v 11.083031 0.261587 -4.487499
v 11.058289 0.175055 -4.397500
v 11.101896 0.185927 -4.442441
v 11.057310 0.186848 -4.440538
v 11.007372 0.242723 -4.442441
v 11.018244 0.199117 -4.397500
v 11.029116 0.203788 -4.440538
v 11.093903 0.217981 -4.475476
v 11.039425 0.250715 -4.475476
v 11.051683 0.209415 -4.463797
v 9.895195 5.025740 -4.397500
v 9.916967 4.938413 -4.487499
v 9.829641 4.916640 -4.397500
v 9.898104 5.014072 -4.442441
v 9.854498 5.003201 -4.397500
v 9.859169 4.992328 -4.440538
v 9.873362 4.927541 -4.475476
v 9.906096 4.982018 -4.475476
v 9.864796 4.969761 -4.463797
v 9.830435 4.963155 -4.397500
v 9.841309 4.919549 -4.442441
v 9.842228 4.964135 -4.440538
v 11.170359 0.283360 -3.477499
v 11.145502 0.196800 -3.477499
v 11.140831 0.207672 -3.434460
v 11.158691 0.280452 -3.432559
v 11.169563 0.236846 -3.477499
v 11.157770 0.235865 -3.434460
v 11.126637 0.272460 -3.399523
v 11.135204 0.230239 -3.411203
v 10.004293 4.960186 -3.477499
v 9.941710 5.024945 -3.477499
v 9.942690 5.013152 -3.434460
v 9.960573 4.949285 -3.399523
v 9.948317 4.990585 -3.411203
v 9.981756 5.000883 -3.477499
v 9.992628 4.957277 -3.432559
v 9.970884 4.996212 -3.434460
v 11.170359 0.283360 -4.397500
v 11.145502 0.196800 -4.397500
v 11.140831 0.207672 -4.440538
v 11.126637 0.272460 -4.475476
v 11.135204 0.230239 -4.463797
v 11.169563 0.236846 -4.397500
v 11.158691 0.280452 -4.442441
v 11.157770 0.235865 -4.440538
v 10.004293 4.960186 -4.397500
v 9.941710 5.024945 -4.397500
v 9.942690 5.013152 -4.440538
v 9.992628 4.957277 -4.442441
v 9.981756 5.000883 -4.397500
v 9.970884 4.996212 -4.440538
v 9.960573 4.949285 -4.475476
v 9.948317 4.990585 -4.463797
v 9.809999 7.600000 -4.527500
v 9.850000 7.640000 -4.527500
v 9.809999 7.640000 -4.487500
v 9.850000 7.860000 -4.527500
v 9.809999 7.900000 -4.527500
v 9.809999 7.860000 -4.487500
v 9.490000 7.600000 -4.527500
v 9.490000 7.640000 -4.487500
v 9.449999 7.640000 -4.527500
v 9.490000 7.900000 -4.527500
v 9.449999 7.860000 -4.527500
v 9.490000 7.860000 -4.487500
v 9.809999 7.600000 -7.147500
v 9.809999 7.640000 -7.187500
v 9.850000 7.640000 -7.147500
v 9.809999 7.900000 -7.147500
v 9.850000 7.860000 -7.147500
v 9.809999 7.860000 -7.187500
v 9.490000 7.600000 -7.147500
v 9.449999 7.640000 -7.147500
v 9.490000 7.640000 -7.187500
v 9.490000 7.900000 -7.147500
v 9.490000 7.860000 -7.187500
v 9.449999 7.860000 -7.147500
v 10.010000 4.500000 -4.377500
v 10.049999 4.540000 -4.377500
v 10.010000 4.540000 -4.337500
v 10.049999 4.760000 -4.377500
v 10.010000 4.800000 -4.377500
v 10.010000 4.760000 -4.337500
v 9.490000 4.500000 -4.377500
v 9.490000 4.540000 -4.337500
v 9.449999 4.540000 -4.377500
v 9.490000 4.800000 -4.377500
v 9.449999 4.760000 -4.377500
v 9.490000 4.760000 -4.337500
v 10.010000 4.500000 -7.297500
v 10.010000 4.540000 -7.337500
v 10.049999 4.540000 -7.297500
v 10.010000 4.800000 -7.297500
v 10.049999 4.760000 -7.297500
v 10.010000 4.760000 -7.337500
v 9.490000 4.500000 -7.297500
v 9.449999 4.540000 -7.297500
v 9.490000 4.540000 -7.337500
v 9.490000 4.800000 -7.297500
v 9.490000 4.760000 -7.337500
v 9.449999 4.760000 -7.297500
v 9.850000 4.800000 -4.437500
v 9.850000 7.600000 -4.437500
v 9.449999 4.800000 -4.437500
v 9.449999 7.600000 -4.437500
v 9.850000 4.800000 -4.737500
v 9.850000 7.600000 -4.737500
v 9.449999 4.800000 -4.737500
v 9.449999 7.600000 -4.737500
v 9.850000 4.800000 -6.937500
v 9.850000 7.600000 -6.937500
v 9.449999 4.800000 -6.937500
v 9.449999 7.600000 -6.937500
v 9.850000 4.800000 -7.237500
v 9.850000 7.600000 -7.237500
v 9.449999 4.800000 -7.237500
v 9.449999 7.600000 -7.237500
v 9.850000 4.800000 -5.777500
v 9.850000 7.600000 -5.777500
v 9.650000 4.800000 -5.777500
v 9.650000 7.600000 -5.777500
v 9.850000 4.800000 -5.897500
v 9.850000 7.600000 -5.897500
v 9.650000 4.800000 -5.897500
v 9.650000 7.600000 -5.897500
v 9.850000 6.140000 -4.737500
v 9.850000 6.260000 -4.737500
v 9.650000 6.140000 -4.737500
v 9.650000 6.260000 -4.737500
v 9.850000 6.140000 -6.937500
v 9.850000 6.260000 -6.937500
v 9.650000 6.140000 -6.937500
v 9.650000 6.260000 -6.937500
v 9.639999 4.700000 -3.267500
v 9.670000 4.730000 -3.267500
v 9.639999 4.730000 -3.237500
v 9.670000 7.670000 -3.267500
v 9.639999 7.700000 -3.267500
v 9.639999 7.670000 -3.237500
v 9.559999 4.700000 -3.267500
v 9.559999 4.730000 -3.237500
v 9.530001 4.730000 -3.267500
v 9.559999 7.700000 -3.267500
v 9.530001 7.670000 -3.267500
v 9.559999 7.670000 -3.237500
v 9.639999 4.700000 -4.307500
v 9.639999 4.730000 -4.337500
v 9.670000 4.730000 -4.307500
v 9.639999 7.700000 -4.307500
v 9.670000 7.670000 -4.307500
v 9.639999 7.670000 -4.337500
v 9.559999 4.700000 -4.307500
v 9.530001 4.730000 -4.307500
v 9.559999 4.730000 -4.337500
v 9.559999 7.700000 -4.307500
v 9.559999 7.670000 -4.337500
v 9.530001 7.670000 -4.307500
v 9.740000 5.270000 -3.281500
v 9.740000 5.450000 -3.281500
v 9.559999 5.270000 -3.281500
v 9.559999 5.450000 -3.281500
v 9.740000 5.270000 -4.293500
v 9.740000 5.450000 -4.293500
v 9.559999 5.270000 -4.293500
v 9.559999 5.450000 -4.293500
v 9.740000 6.950000 -3.281500
v 9.740000 7.130000 -3.281500
v 9.559999 6.950000 -3.281500
v 9.559999 7.130000 -3.281500
v 9.740000 6.950000 -4.293500
v 9.740000 7.130000 -4.293500
v 9.559999 6.950000 -4.293500
v 9.559999 7.130000 -4.293500
v 9.639999 4.700000 -7.367499
v 9.670000 4.730000 -7.367499
v 9.639999 4.730000 -7.337500
v 9.670000 7.670000 -7.367499
v 9.639999 7.700000 -7.367499
v 9.639999 7.670000 -7.337500
v 9.559999 4.700000 -7.367499
v 9.559999 4.730000 -7.337500
v 9.529999 4.730000 -7.367499
v 9.559999 7.700000 -7.367499
v 9.529999 7.670000 -7.367499
v 9.559999 7.670000 -7.337500
v 9.639999 4.700000 -8.407499
v 9.639999 4.730000 -8.437500
v 9.670000 4.730000 -8.407499
v 9.639999 7.700000 -8.407499
v 9.670000 7.670000 -8.407499
v 9.639999 7.670000 -8.437500
v 9.559999 4.700000 -8.407499
v 9.529999 4.730000 -8.407499
v 9.559999 4.730000 -8.437500
v 9.559999 7.700000 -8.407499
v 9.559999 7.670000 -8.437500
v 9.529999 7.670000 -8.407499
v 9.740000 5.270000 -7.381499
v 9.740000 5.450000 -7.381499
v 9.559999 5.270000 -7.381499
v 9.559999 5.450000 -7.381499
v 9.740000 5.270000 -8.393499
v 9.740000 5.450000 -8.393499
v 9.559999 5.270000 -8.393499
v 9.559999 5.450000 -8.393499
v 9.740000 6.950000 -7.381499
v 9.740000 7.130000 -7.381499
v 9.559999 6.950000 -7.381499
v 9.559999 7.130000 -7.381499
v 9.740000 6.950000 -8.393499
v 9.740000 7.130000 -8.393499
v 9.559999 6.950000 -8.393499
v 9.559999 7.130000 -8.393499
v 9.975000 4.800000 -4.437500
v 10.025000 4.849999 -4.437500
v 9.975000 4.849999 -4.387500
v 10.025000 4.889999 -4.437500
v 9.975000 4.940000 -4.437500
v 9.975000 4.889999 -4.387500
v 9.525000 4.800000 -4.437500
v 9.525000 4.849999 -4.387500
v 9.475000 4.849999 -4.437500
v 9.525000 4.940000 -4.437500
v 9.475000 4.889999 -4.437500
v 9.525000 4.889999 -4.387500
v 9.975000 4.800000 -7.237500
v 9.975000 4.849999 -7.287499
v 10.025000 4.849999 -7.237500
v 9.975000 4.940000 -7.237500
v 10.025000 4.889999 -7.237500
v 9.975000 4.889999 -7.287499
v 9.525000 4.800000 -7.237500
v 9.475000 4.849999 -7.237500
v 9.525000 4.849999 -7.287499
v 9.525000 4.940000 -7.237500
v 9.525000 4.889999 -7.287499
v 9.475000 4.889999 -7.237500
v 9.785000 7.900000 -4.577499
v 9.824999 7.940000 -4.577499
v 9.785000 7.940000 -4.537499
v 9.824999 7.980000 -4.577499
v 9.785000 8.020000 -4.577499
v 9.785000 7.980000 -4.537499
v 9.514999 7.900000 -4.577499
v 9.514999 7.940000 -4.537499
v 9.475000 7.940000 -4.577499
v 9.514999 8.020000 -4.577499
v 9.475000 7.980000 -4.577499
v 9.514999 7.980000 -4.537499
v 9.785000 7.900000 -7.097500
v 9.785000 7.940000 -7.137500
v 9.824999 7.940000 -7.097500
v 9.785000 8.020000 -7.097500
v 9.824999 7.980000 -7.097500
v 9.785000 7.980000 -7.137500
v 9.514999 7.900000 -7.097500
v 9.475000 7.940000 -7.097500
v 9.514999 7.940000 -7.137500
v 9.514999 8.020000 -7.097500
v 9.514999 7.980000 -7.137500
v 9.475000 7.980000 -7.097500
v -9.810001 7.600000 -7.147500
v -9.850000 7.640000 -7.147500
v -9.810001 7.640000 -7.187500
v -9.850000 7.860000 -7.147500
v -9.810001 7.900000 -7.147500
v -9.810001 7.860000 -7.187500
v -9.490000 7.600000 -7.147500
v -9.490000 7.640000 -7.187500
v -9.450001 7.640000 -7.147500
v -9.490000 7.900000 -7.147500
v -9.450001 7.860000 -7.147500
v -9.490000 7.860000 -7.187500
v -9.810001 7.600000 -4.527500
v -9.810001 7.640000 -4.487500
v -9.850000 7.640000 -4.527500
v -9.810001 7.900000 -4.527500
v -9.850000 7.860000 -4.527500
v -9.810001 7.860000 -4.487500
v -9.490002 7.600000 -4.527500
v -9.450001 7.640000 -4.527500
v -9.490002 7.640000 -4.487500
v -9.490002 7.900000 -4.527500
v -9.490002 7.860000 -4.487500
v -9.450001 7.860000 -4.527500
v -10.010000 4.500000 -7.297500
v -10.050001 4.540000 -7.297500
v -10.010000 4.540000 -7.337500
v -10.050001 4.760000 -7.297500
v -10.010000 4.800000 -7.297500
v -10.010000 4.760000 -7.337500
v -9.490000 4.500000 -7.297500
v -9.490000 4.540000 -7.337500
v -9.450001 4.540000 -7.297500
v -9.490000 4.800000 -7.297500
v -9.450001 4.760000 -7.297500
v -9.490000 4.760000 -7.337500
v -10.010000 4.500000 -4.377500
v -10.010000 4.540000 -4.337500
v -10.050001 4.540000 -4.377500
v -10.010000 4.800000 -4.377500
v -10.050001 4.760000 -4.377500
v -10.010000 4.760000 -4.337500
v -9.490000 4.500000 -4.377500
v -9.450001 4.540000 -4.377500
v -9.490000 4.540000 -4.337500
v -9.490000 4.800000 -4.377500
v -9.490000 4.760000 -4.337500
v -9.450001 4.760000 -4.377500
v -9.850000 4.800000 -7.237500
v -9.850000 7.600000 -7.237500
v -9.450001 4.800000 -7.237500
v -9.450001 7.600000 -7.237500
v -9.850000 4.800000 -6.937500
v -9.850000 7.600000 -6.937500
v -9.450001 4.800000 -6.937500
v -9.450001 7.600000 -6.937500
v -9.850000 4.800000 -4.737500
v -9.850000 7.600000 -4.737500
v -9.450001 4.800000 -4.737500
v -9.450001 7.600000 -4.737500
v -9.850000 4.800000 -4.437500
v -9.850000 7.600000 -4.437500
v -9.450001 4.800000 -4.437500
v -9.450001 7.600000 -4.437500
v -9.850000 4.800000 -5.897500
v -9.850000 7.600000 -5.897500
v -9.650002 4.800000 -5.897500
v -9.650002 7.600000 -5.897500
v -9.850000 4.800000 -5.777500
v -9.850000 7.600000 -5.777500
v -9.650002 4.800000 -5.777500
v -9.650002 7.600000 -5.777500
v -9.850000 6.140000 -6.937500
v -9.850000 6.260000 -6.937500
v -9.650002 6.140000 -6.937500
v -9.650002 6.260000 -6.937500
v -9.850000 6.140000 -4.737500
v -9.850000 6.260000 -4.737500
v -9.650002 6.140000 -4.737500
v -9.650002 6.260000 -4.737500
v -9.640001 4.700000 -8.407499
v -9.670000 4.730000 -8.407499
v -9.640001 4.730000 -8.437500
v -9.670000 7.670000 -8.407499
v -9.640001 7.700000 -8.407499
v -9.640001 7.670000 -8.437500
v -9.560001 4.700000 -8.407499
v -9.560001 4.730000 -8.437500
v -9.530001 4.730000 -8.407499
v -9.560001 7.700000 -8.407499
v -9.530001 7.670000 -8.407499
v -9.560001 7.670000 -8.437500
v -9.640001 4.700000 -7.367499
v -9.640001 4.730000 -7.337500
v -9.670000 4.730000 -7.367499
v -9.640001 7.700000 -7.367499
v -9.670000 7.670000 -7.367499
v -9.640001 7.670000 -7.337500
v -9.560001 4.700000 -7.367499
v -9.530001 4.730000 -7.367499
v -9.560001 4.730000 -7.337500
v -9.560001 7.700000 -7.367499
v -9.560001 7.670000 -7.337500
v -9.530001 7.670000 -7.367499
v -9.740000 5.270000 -8.393499
v -9.740000 5.450000 -8.393499
v -9.560001 5.270000 -8.393499
v -9.560001 5.450000 -8.393499
v -9.740000 5.270000 -7.381499
v -9.740000 5.450000 -7.381499
v -9.560001 5.270000 -7.381499
v -9.560001 5.450000 -7.381499
v -9.740000 6.950000 -8.393499
v -9.740000 7.130000 -8.393499
v -9.560001 6.950000 -8.393499
v -9.560001 7.130000 -8.393499
v -9.740000 6.950000 -7.381499
v -9.740000 7.130000 -7.381499
v -9.560001 6.950000 -7.381499
v -9.560001 7.130000 -7.381499
v -9.640001 4.700000 -4.307500
v -9.670000 4.730000 -4.307500
v -9.640001 4.730000 -4.337500
v -9.670000 7.670000 -4.307500
v -9.640001 7.700000 -4.307500
v -9.640001 7.670000 -4.337500
v -9.560001 4.700000 -4.307500
v -9.560001 4.730000 -4.337500
v -9.530001 4.730000 -4.307500
v -9.560001 7.700000 -4.307500
v -9.530001 7.670000 -4.307500
v -9.560001 7.670000 -4.337500
v -9.640001 4.700000 -3.267500
v -9.640001 4.730000 -3.237500
v -9.670000 4.730000 -3.267500
v -9.640001 7.700000 -3.267500
v -9.670000 7.670000 -3.267500
v -9.640001 7.670000 -3.237500
v -9.560001 4.700000 -3.267500
v -9.530001 4.730000 -3.267500
v -9.560001 4.730000 -3.237500
v -9.560001 7.700000 -3.267500
v -9.560001 7.670000 -3.237500
v -9.530001 7.670000 -3.267500
v -9.740002 5.270000 -4.293500
v -9.740002 5.450000 -4.293500
v -9.560001 5.270000 -4.293500
v -9.560001 5.450000 -4.293500
v -9.740002 5.270000 -3.281500
v -9.740002 5.450000 -3.281500
v -9.560001 5.270000 -3.281500
v -9.560001 5.450000 -3.281500
v -9.740002 6.950000 -4.293500
v -9.740002 7.130000 -4.293500
v -9.560001 6.950000 -4.293500
v -9.560001 7.130000 -4.293500
v -9.740002 6.950000 -3.281500
v -9.740002 7.130000 -3.281500
v -9.560001 6.950000 -3.281500
v -9.560001 7.130000 -3.281500
v -9.975000 4.800000 -7.237500
v -10.025002 4.849999 -7.237500
v -9.975000 4.849999 -7.287499
v -10.025002 4.889999 -7.237500
v -9.975000 4.940000 -7.237500
v -9.975000 4.889999 -7.287499
v -9.525002 4.800000 -7.237500
v -9.525002 4.849999 -7.287499
v -9.475000 4.849999 -7.237500
v -9.525002 4.940000 -7.237500
v -9.475000 4.889999 -7.237500
v -9.525002 4.889999 -7.287499
v -9.975000 4.800000 -4.437500
v -9.975000 4.849999 -4.387500
v -10.025002 4.849999 -4.437500
v -9.975000 4.940000 -4.437500
v -10.025002 4.889999 -4.437500
v -9.975000 4.889999 -4.387500
v -9.525002 4.800000 -4.437500
v -9.475000 4.849999 -4.437500
v -9.525002 4.849999 -4.387500
v -9.525002 4.940000 -4.437500
v -9.525002 4.889999 -4.387500
v -9.475000 4.889999 -4.437500
v -9.785000 7.900000 -7.097500
v -9.825001 7.940000 -7.097500
v -9.785000 7.940000 -7.137500
v -9.825001 7.980000 -7.097500
v -9.785000 8.020000 -7.097500
v -9.785000 7.980000 -7.137500
v -9.515001 7.900000 -7.097500
v -9.515001 7.940000 -7.137500
v -9.475000 7.940000 -7.097500
v -9.515001 8.020000 -7.097500
v -9.475000 7.980000 -7.097500
v -9.515001 7.980000 -7.137500
v -9.785000 7.900000 -4.577499
v -9.785000 7.940000 -4.537499
v -9.825001 7.940000 -4.577499
v -9.785000 8.020000 -4.577499
v -9.825001 7.980000 -4.577499
v -9.785000 7.980000 -4.537499
v -9.515001 7.900000 -4.577499
v -9.475000 7.940000 -4.577499
v -9.515001 7.940000 -4.537499
v -9.515001 8.020000 -4.577499
v -9.515001 7.980000 -4.537499
v -9.475000 7.980000 -4.577499
vn -0.5773 -0.5773 0.5774
vn -0.5774 0.5773 0.5774
vn -0.5774 -0.5773 -0.5774
vn -0.5774 0.5773 -0.5774
vn 0.5773 -0.5773 0.5774
vn 0.5774 0.5773 0.5774
vn 0.5774 -0.5773 -0.5774
vn 0.5774 0.5773 -0.5774
vn -0.7071 -0.7071 -0.0000
vn -0.7071 -0.0000 0.7071
vn -0.7071 0.7071 -0.0000
vn -0.7071 -0.0000 -0.7071
vn -0.0000 -0.7071 -0.7071
vn -0.0000 0.7071 -0.7071
vn 0.7071 -0.0000 -0.7071
vn 0.7071 -0.7071 -0.0000
vn 0.7071 0.7071 -0.0000
vn 0.7071 -0.0000 0.7071
vn -0.0000 -0.7071 0.7071
vn -0.0000 0.7071 0.7071
vn -0.0000 -1.0000 -0.0000
vn -1.0000 -0.0000 -0.0000
vn -0.0000 -0.0000 1.0000
vn -0.0000 1.0000 -0.0000
vn -0.0000 -0.0000 -1.0000
vn 1.0000 -0.0000 -0.0000
vn -0.3801 0.0255 0.9246
vn -0.6518 -0.0613 0.7559
vn -0.6898 -0.4433 -0.5725
vn -0.6698 0.5743 -0.4707
vn 0.6252 -0.2290 0.7461
vn 0.7314 0.1982 0.6525
vn 0.5818 -0.6955 -0.4217
vn 0.5726 0.6095 -0.5482
vn -0.5202 -0.3674 -0.7710
vn -0.3845 -0.0780 0.9198
vn -0.9247 0.2123 0.3161
vn -0.8124 0.0478 -0.5811
vn 0.0122 -0.9726 -0.2322
vn -0.0169 0.9119 -0.4101
vn 0.8942 0.0561 -0.4441
vn 0.5021 -0.7926 -0.3459
vn 0.5888 0.6847 -0.4295
vn 0.7046 -0.0144 0.7095
vn 0.0086 -0.1444 0.9895
vn -0.0274 0.6192 0.7847
vn 0.0144 -0.9887 -0.1491
vn -0.7623 0.1422 -0.6315
vn -0.0415 -0.0564 0.9975
vn -0.0358 0.9897 -0.1383
vn 0.0128 -0.0283 -0.9995
vn 0.9443 0.0110 0.3290
vn -0.4422 -0.5427 0.7141
vn -0.3023 0.6425 0.7041
vn -0.2137 -0.7517 -0.6239
vn -0.4733 0.6133 -0.6324
vn 0.7549 -0.1734 0.6325
vn 0.3936 0.4545 0.7991
vn 0.3301 -0.6708 -0.6641
vn 0.7166 0.5439 -0.4367
vn -0.4380 -0.8712 -0.2218
vn -0.5435 0.1573 0.8245
vn -0.0297 0.4236 0.9054
vn -0.4318 -0.0081 -0.9019
vn 0.0059 -0.7537 -0.6572
vn -0.0149 0.7512 -0.6599
vn 0.8999 -0.0852 -0.4277
vn 0.7016 -0.6057 -0.3753
vn 0.8935 0.4188 -0.1623
vn 0.5092 0.0791 0.8570
vn -0.0145 -0.7397 0.6728
vn -0.0771 0.6094 0.7891
vn -0.0271 -0.9992 -0.0298
vn -0.9235 -0.1147 -0.3660
vn 0.0285 0.1614 0.9865
vn -0.0386 0.9301 0.3653
vn -0.0815 -0.0113 -0.9966
vn 0.9952 0.0981 0.0032
vn -0.8913 -0.3247 0.3165
vn -0.7003 0.6210 0.3521
vn -0.7441 -0.2547 -0.6176
vn -0.2616 0.5440 -0.7973
vn -0.0465 -0.7688 0.6378
vn 0.4558 0.8888 0.0483
vn 0.0424 -0.4012 -0.9150
vn 0.5840 0.2584 -0.7695
vn -0.8462 -0.4331 0.3104
vn -0.7425 -0.0427 0.6684
vn -0.6882 0.5488 -0.4746
vn -0.2960 -0.1393 -0.9450
vn 0.0397 -0.4016 -0.9150
vn -0.0151 0.5403 -0.8413
vn 0.5919 -0.1111 -0.7983
vn -0.0015 -0.8559 0.5171
vn 0.8604 0.4475 0.2439
vn 0.9439 -0.1342 0.3019
vn 0.0037 -0.9399 0.3415
vn -0.0083 0.9794 0.2019
vn -0.0070 -0.6213 0.7835
vn -0.8623 0.0402 0.5049
vn -0.0066 -0.0195 0.9998
vn -0.0268 0.9065 0.4213
vn 0.0303 0.0853 -0.9959
vn 0.9976 0.0594 -0.0356
vn -0.1932 -0.8060 0.5594
vn -0.2434 0.8728 0.4230
vn -0.4589 -0.6009 -0.6545
vn -0.8409 0.4690 -0.2701
vn 0.8071 -0.1454 0.5723
vn 0.8291 0.1958 0.5237
vn 0.2928 -0.7911 -0.5370
vn 0.3382 0.6142 -0.7130
vn -0.8129 -0.5087 0.2836
vn -0.4433 0.0544 0.8947
vn -0.5699 0.7079 -0.4172
vn -0.8192 -0.0800 -0.5679
vn 0.1043 -0.8397 -0.5330
vn -0.0919 0.9778 -0.1883
vn 0.5874 -0.0635 -0.8068
vn 0.8470 -0.4874 -0.2123
vn 0.7785 0.5640 0.2753
vn 0.7864 -0.0403 0.6164
vn -0.0101 -0.7844 0.6201
vn -0.0079 0.8522 0.5232
vn -0.0498 -0.7077 0.7048
vn -0.9649 -0.0030 -0.2626
vn -0.0120 0.0175 0.9998
vn -0.0107 0.7988 0.6014
vn 0.0845 -0.0995 -0.9914
vn 0.8244 0.0540 0.5634
vn -0.6765 0.0444 0.7351
vn 0.0847 0.7498 0.6563
vn -0.6284 -0.2354 -0.7414
vn -0.7544 0.4348 -0.4918
vn 0.6774 -0.5818 0.4501
vn 0.4528 0.7293 0.5129
vn 0.7178 -0.5073 -0.4769
vn 0.7637 0.6413 0.0744
vn -0.7790 -0.5185 -0.3526
vn -0.6785 0.0203 0.7343
vn -0.4046 0.5610 -0.7222
vn -0.8407 0.0339 -0.5404
vn -0.0385 -0.4893 -0.8713
vn -0.0392 0.7586 -0.6504
vn 0.8532 -0.0902 -0.5138
vn 0.8722 -0.3906 -0.2945
vn 0.7375 0.6369 -0.2247
vn 0.8042 -0.0242 0.5938
vn 0.0709 -0.3722 0.9254
vn -0.0411 0.5806 0.8131
vn -0.0502 -0.9971 -0.0577
vn -0.9501 -0.0318 0.3102
vn -0.0218 -0.0134 0.9997
vn 0.0199 0.9976 -0.0670
vn -0.0197 -0.1489 -0.9887
vn 0.9105 -0.0659 -0.4083
vn -0.3450 -0.1876 0.9197
vn -0.6663 0.3198 0.6736
vn -0.5344 -0.8327 -0.1450
vn -0.7994 0.4474 -0.4011
vn 0.3993 -0.9089 0.1198
vn 0.8060 0.4269 0.4101
vn 0.5876 -0.3224 -0.7421
vn 0.2971 0.2309 -0.9265
vn -0.4718 -0.8406 -0.2663
vn -0.3485 -0.2046 0.9147
vn -0.9207 0.3494 -0.1739
vn -0.8744 -0.0082 -0.4852
vn -0.0228 -0.5189 -0.8546
vn -0.0297 0.7754 -0.6308
vn 0.2952 0.0962 -0.9506
vn 0.3982 -0.8967 0.1935
vn 0.5039 0.8273 -0.2482
vn 0.8835 0.1675 0.4375
vn 0.0319 -0.5815 0.8129
vn 0.0311 0.5777 0.8157
vn 0.0075 -0.9992 0.0396
vn -0.9730 -0.0640 -0.2216
vn -0.0198 0.0684 0.9975
vn 0.0007 0.9933 -0.1159
vn -0.0136 -0.2321 -0.9726
vn 0.6741 0.0619 -0.7361
vn -0.7869 -0.2246 0.5748
vn -0.9370 0.3296 0.1157
vn -0.4255 -0.1286 -0.8958
vn -0.8776 0.3735 -0.3004
vn 0.4534 -0.5480 0.7029
vn 0.7099 0.5003 0.4957
vn 0.6693 -0.4510 -0.5904
vn 0.7352 0.5517 -0.3938
vn -0.8501 -0.5000 0.1653
vn -0.7842 -0.0088 0.6204
vn -0.9367 0.3298 0.1179
vn -0.8989 -0.0785 -0.4310
vn -0.0083 -0.6474 -0.7621
vn -0.0483 0.9128 -0.4055
vn 0.5897 0.0136 -0.8075
vn 0.8327 -0.5455 0.0951
vn 0.7715 0.6300 0.0887
vn 0.9603 0.0453 0.2752
vn 0.0227 -0.3303 0.9436
vn 0.0312 0.4514 0.8918
vn -0.0056 -0.9999 -0.0143
vn -0.9996 0.0236 0.0143
vn -0.0074 0.0056 1.0000
vn -0.0301 0.9849 0.1704
vn -0.0276 -0.0931 -0.9953
vn 0.9899 -0.0597 0.1289
vn -0.2124 -0.8829 0.4188
vn -0.7753 0.4549 0.4382
vn -0.3696 -0.7297 -0.5753
vn -0.7810 0.3983 -0.4810
vn 0.6127 -0.3729 0.6968
vn 0.6423 0.7335 0.2221
vn 0.7557 -0.3315 -0.5648
vn 0.1642 0.2278 -0.9598
vn -0.2733 -0.9298 -0.2465
vn -0.6515 0.0225 0.7584
vn -0.7474 0.4052 0.5266
vn -0.7986 0.0565 -0.5992
vn -0.0474 -0.6569 -0.7525
vn 0.0149 0.6665 -0.7454
vn 0.2002 -0.1503 -0.9682
vn 0.6990 -0.5347 0.4748
vn 0.7513 0.6259 -0.2093
vn 0.8006 -0.1213 0.5869
vn 0.0795 -0.8511 0.5189
vn 0.0405 0.8866 0.4609
vn -0.0673 -0.9583 -0.2778
vn -0.9998 0.0192 0.0114
vn 0.0880 0.0837 0.9926
vn 0.0149 0.9294 -0.3688
vn -0.0205 0.1476 -0.9888
vn 0.3801 -0.1375 -0.9147
vn -0.8682 -0.4454 0.2186
vn -0.8576 -0.1441 0.4937
vn -0.3162 -0.7814 -0.5380
vn -0.8362 0.4320 -0.3379
vn 0.3563 -0.2285 0.9060
vn 0.2623 0.7268 0.6348
vn 0.4482 -0.8014 -0.3960
vn 0.6725 0.1580 -0.7231
vn -0.7118 -0.6743 0.1968
vn -0.9901 -0.0319 0.1369
vn -0.8571 0.4559 -0.2398
vn -0.8197 -0.0729 -0.5681
vn -0.0137 -0.8264 -0.5629
vn 0.0126 0.8934 -0.4491
vn 0.5081 -0.0579 -0.8594
vn 0.7762 -0.5855 0.2338
vn 0.9192 0.2018 0.3380
vn 0.7006 0.0153 0.7134
vn 0.0011 -0.2454 0.9694
vn 0.0076 0.7433 0.6689
vn -0.0162 -0.7907 -0.6120
vn -0.9311 0.0187 0.3642
vn 0.0003 -0.0638 0.9980
vn -0.0144 0.9601 0.2793
vn 0.0275 -0.0448 -0.9986
vn 0.9123 -0.0213 -0.4091
vn -0.4510 -0.6887 0.5677
vn -0.6012 0.3145 0.7346
vn -0.6780 -0.6380 -0.3651
vn -0.6607 0.0414 -0.7495
vn 0.4768 -0.6376 0.6050
vn 0.5132 0.1560 0.8440
vn 0.2649 -0.7444 -0.6129
vn 0.8891 -0.0483 -0.4552
vn -0.4801 -0.5491 -0.6841
vn -0.6948 0.0731 0.7155
vn -0.5073 0.6202 -0.5983
vn -0.6596 0.0525 -0.7498
vn 0.0287 -0.7534 -0.6569
vn -0.0228 0.3858 -0.9223
vn 0.8953 0.0844 -0.4375
vn 0.4886 -0.8561 -0.1684
vn 0.7212 -0.1723 -0.6710
vn 0.5609 -0.0576 0.8259
vn 0.0101 -0.7964 0.6047
vn 0.0359 0.0904 0.9953
vn 0.0072 -0.9190 -0.3941
vn -0.8690 -0.0550 -0.4918
vn 0.0481 0.0246 0.9985
vn 0.0205 0.9975 0.0671
vn -0.0025 0.0396 -0.9992
vn 0.8484 0.0750 0.5240
vn -0.6371 -0.4888 0.5960
vn -0.3437 0.3390 0.8758
vn -0.7465 -0.3007 -0.5936
vn -0.5793 0.3656 -0.7285
vn 0.7547 -0.3779 0.5364
vn 0.7222 0.6706 0.1695
vn 0.4118 -0.9035 -0.1189
vn 0.5499 0.7639 -0.3377
vn -0.9059 -0.4160 -0.0789
vn -0.6794 -0.0123 0.7337
vn -0.4911 0.6837 0.5398
vn -0.7698 -0.0353 -0.6373
vn 0.0607 -0.9949 -0.0808
vn 0.0485 0.2843 -0.9575
vn 0.9491 0.0591 -0.3095
vn 0.7867 -0.3459 -0.5113
vn 0.3593 0.5820 0.7295
vn 0.9416 -0.1031 0.3207
vn -0.0190 -0.9535 0.3009
vn 0.0295 0.9364 0.3497
vn 0.0297 -0.8158 0.5775
vn -0.9956 -0.0642 -0.0689
vn -0.0193 0.0252 0.9995
vn -0.0098 0.6485 0.7611
vn -0.0181 0.0158 -0.9997
vn 0.9473 0.0176 0.3197
vn -0.5191 -0.8015 0.2967
vn -0.2565 0.7343 0.6285
vn -0.2141 -0.4535 -0.8651
vn -0.6642 0.6654 -0.3406
vn 0.2458 -0.8032 0.5426
vn 0.8255 0.3611 0.4339
vn 0.7484 -0.0984 -0.6559
vn 0.8620 0.2643 -0.4326
vn -0.4873 -0.8531 0.1862
vn -0.7378 0.0137 0.6749
vn -0.4771 0.8424 0.2506
vn -0.8968 -0.1532 -0.4152
vn 0.0069 -0.5770 -0.8167
vn 0.0101 0.7378 -0.6749
vn 0.8539 0.0208 -0.5200
vn 0.5271 -0.8307 0.1794
vn 0.8005 0.5755 0.1673
vn 0.7922 0.0172 0.6100
vn -0.0317 -0.9601 0.2777
vn -0.0017 0.9886 0.1505
vn -0.0256 -0.8873 0.4605
vn -0.9586 -0.1514 0.2412
vn 0.0156 -0.0910 0.9957
vn 0.0066 0.9569 0.2903
vn -0.0042 0.0644 -0.9979
vn 0.9967 -0.0455 -0.0679
vn -0.6209 -0.4718 0.6260
vn -0.1309 0.2530 0.9586
vn -0.7162 -0.6247 -0.3112
vn -0.6755 0.5529 -0.4879
vn 0.3263 -0.2216 0.9189
vn 0.8514 0.2074 0.4818
vn 0.6516 -0.4066 -0.6404
vn 0.7653 -0.0414 -0.6423
vn -0.6945 -0.7139 -0.0895
vn -0.4005 -0.0154 0.9162
vn -0.4497 0.8803 0.1512
vn -0.7740 0.0879 -0.6270
vn 0.0447 -0.7057 -0.7071
vn 0.0290 0.8340 -0.5510
vn 0.7691 -0.0171 -0.6389
vn 0.5671 -0.8085 -0.1575
vn 0.9540 0.2880 0.0831
vn 0.8640 0.1635 0.4762
vn -0.0081 -0.3477 0.9376
vn 0.0325 0.7826 0.6217
vn 0.0065 -0.9911 0.1328
vn -0.9522 -0.0060 -0.3055
vn -0.0279 -0.0041 0.9996
vn 0.0354 0.9084 0.4165
vn -0.0051 0.0453 -0.9990
vn 0.9549 -0.0029 -0.2970
vn -0.6917 -0.7185 0.0728
vn -0.6512 0.4677 0.5977
vn -0.3009 -0.8756 -0.3779
vn -0.7457 0.5432 -0.3859
vn 0.5012 -0.4987 0.7072
vn 0.7473 0.4692 0.4705
vn 0.3162 -0.5773 -0.7528
vn 0.0727 0.5054 -0.8598
vn -0.1293 -0.6890 0.7132
vn -0.7342 -0.0109 0.6789
vn -0.7963 0.5567 -0.2366
vn -0.7905 -0.1047 -0.6034
vn -0.0080 -0.6975 -0.7166
vn 0.0588 0.7750 -0.6293
vn 0.3174 0.0239 -0.9480
vn 0.7893 -0.5271 0.3149
vn 0.4292 0.8928 -0.1367
vn 0.6828 -0.0357 0.7297
vn 0.0318 -0.9106 0.4121
vn 0.0084 0.7353 0.6777
vn -0.0051 -0.9788 0.2050
vn -0.7574 0.1762 0.6287
vn 0.0390 -0.0652 0.9971
vn 0.0146 0.9999 -0.0068
vn 0.0344 -0.0251 -0.9991
vn 0.9450 -0.0583 0.3220
vn -0.2691 -0.5136 0.8147
vn -0.8332 0.2447 0.4959
vn -0.4598 -0.8314 -0.3121
vn -0.8209 0.5681 -0.0590
vn 0.1406 -0.9622 0.2334
vn 0.7362 0.0988 0.6695
vn 0.5243 -0.2668 -0.8087
vn 0.6634 0.3070 -0.6824
vn -0.2348 -0.6205 -0.7482
vn -0.5859 0.1342 0.7992
vn -0.9471 0.3204 -0.0163
vn -0.9839 0.0553 -0.1701
vn 0.0017 -0.7689 -0.6394
vn 0.0138 0.7548 -0.6558
vn 0.7425 -0.1167 -0.6596
vn 0.1371 -0.9290 -0.3438
vn 0.9197 0.3244 -0.2212
vn 0.7273 0.1574 0.6680
vn 0.0111 -0.5497 0.8353
vn 0.0102 0.3279 0.9447
vn 0.0414 -0.7864 -0.6163
vn -0.9995 0.0238 -0.0183
vn -0.0112 -0.0010 0.9999
vn 0.0057 0.9967 -0.0804
vn 0.0148 -0.1821 -0.9832
vn 0.7910 -0.0008 -0.6118
vn -0.3106 -0.9246 0.2207
vn -0.6239 0.7772 0.0821
vn -0.7775 -0.4433 -0.4461
vn -0.3359 0.5884 -0.7355
vn 0.4464 -0.6004 0.6635
vn 0.2194 0.8477 0.4830
vn 0.6848 -0.7028 -0.1930
vn 0.7700 0.2844 -0.5712
vn -0.8000 -0.5981 0.0474
vn -0.8278 -0.0344 0.5600
vn -0.4096 0.6086 0.6796
vn -0.6013 -0.0784 -0.7951
vn 0.0162 -0.8978 -0.4402
vn 0.0127 0.6577 -0.7532
vn 0.7487 0.0723 -0.6590
vn 0.5539 -0.4537 -0.6981
vn 0.8191 0.5163 0.2499
vn 0.1917 0.0137 0.9814
vn 0.0440 -0.9487 0.3132
vn 0.0310 0.8328 0.5527
vn 0.0111 -0.9803 0.1971
vn -0.9549 -0.1073 -0.2769
vn 0.0402 0.0042 0.9992
vn 0.0286 0.9990 0.0337
vn 0.0462 0.0019 -0.9989
vn 0.8586 0.0228 -0.5121
vn -0.6730 -0.5362 0.5095
vn -0.8268 -0.0583 0.5595
vn -0.8436 -0.3577 -0.4005
vn -0.8323 0.2356 -0.5017
vn 0.5710 -0.4567 0.6821
vn 0.3931 0.4481 0.8029
vn 0.6804 -0.6153 -0.3981
vn 0.6251 0.5300 -0.5730
vn -0.8646 -0.5021 0.0177
vn -0.8149 0.1308 0.5646
vn -0.9460 0.3030 0.1155
vn -0.8173 -0.0057 -0.5762
vn 0.0090 -0.6215 -0.7834
vn 0.0256 0.7235 -0.6898
vn 0.7420 0.0460 -0.6688
vn 0.6157 -0.7766 -0.1336
vn 0.7859 0.6045 -0.1306
vn 0.4046 0.1490 0.9023
vn -0.0248 -0.7541 0.6563
vn 0.0225 0.6634 0.7479
vn -0.0507 -0.9974 0.0506
vn -0.9815 -0.0675 -0.1793
vn 0.0114 -0.0022 0.9999
vn 0.0041 0.9557 0.2944
vn -0.0080 0.0307 -0.9995
vn 0.9722 0.0399 -0.2308
vn 0.1158 -0.9056 0.4081
vn -0.3482 0.3674 0.8624
vn -0.6117 -0.0999 -0.7848
vn -0.7840 0.4451 -0.4327
vn 0.5774 -0.4080 0.7072
vn 0.7997 0.1254 0.5872
vn 0.6271 -0.6392 -0.4452
vn 0.4945 0.6931 -0.5244
vn -0.8016 -0.5215 0.2922
vn -0.6777 0.0105 0.7353
vn -0.6408 0.7658 0.0535
vn -0.9686 -0.0149 -0.2481
vn -0.0245 -0.5786 -0.8152
vn -0.0584 0.6488 -0.7587
vn 0.4177 0.0286 -0.9081
vn 0.8447 -0.5067 -0.1724
vn 0.8594 0.4392 0.2617
vn 0.8017 0.0296 0.5970
vn -0.0152 -0.9281 0.3721
vn -0.0130 0.5271 0.8497
vn -0.0690 -0.9941 0.0837
vn -0.9715 -0.1107 -0.2096
vn -0.0122 -0.0313 0.9994
vn -0.0049 0.9347 -0.3554
vn -0.0339 -0.0355 -0.9988
vn 0.9711 0.0520 -0.2328
vn -0.2713 -0.7212 0.6374
vn -0.6698 0.7179 0.1897
vn -0.7354 -0.2537 -0.6284
vn -0.7340 0.2578 -0.6283
vn 0.5559 -0.7993 0.2282
vn 0.1974 0.5719 0.7962
vn 0.8964 -0.3818 -0.2252
vn 0.2178 0.7305 -0.6472
vn -0.8940 -0.4398 0.0857
vn -0.8459 0.0794 0.5274
vn -0.6738 0.7366 0.0593
vn -0.7210 0.0622 -0.6901
vn -0.0224 -0.9091 -0.4160
vn -0.0162 0.7903 -0.6124
vn 0.6530 -0.1603 -0.7402
vn 0.4621 -0.7927 -0.3976
vn 0.2256 0.8416 -0.4907
vn 0.2991 -0.0866 0.9503
vn -0.0715 -0.7364 0.6727
vn 0.0302 0.6252 0.7799
vn -0.0027 -0.8756 0.4831
vn -0.9862 0.0841 -0.1426
vn -0.0138 0.1133 0.9935
vn -0.0163 0.9186 -0.3949
vn -0.0155 0.0446 -0.9989
vn 0.4361 -0.1400 -0.8889
vn -0.4917 -0.6703 0.5559
vn -0.4937 0.4222 0.7603
vn -0.0784 -0.7055 -0.7044
vn -0.4894 0.8687 -0.0760
vn 0.8562 -0.4604 0.2345
vn 0.3402 0.5271 0.7787
vn 0.4762 -0.3953 -0.7855
vn 0.4605 0.8595 -0.2219
vn -0.7275 -0.6521 -0.2133
vn -0.7750 -0.0317 0.6311
vn -0.4253 0.8701 -0.2491
vn -0.6824 -0.0957 -0.7247
vn 0.0045 -0.1755 -0.9845
vn -0.0203 0.9765 -0.2144
vn 0.7128 -0.0648 -0.6984
vn 0.4986 -0.1084 0.8601
vn 0.4230 0.8918 0.1605
vn 0.7018 -0.1164 0.7027
vn -0.0140 -0.7406 0.6718
vn 0.0762 0.3830 0.9206
vn -0.0199 -0.9658 0.2584
vn -0.9066 -0.0642 -0.4170
vn 0.0115 -0.0444 0.9989
vn -0.0242 0.9653 0.2600
vn 0.0047 -0.0996 -0.9950
vn 0.5952 0.0034 0.8036
vn -0.5642 -0.3367 0.7539
vn -0.4397 0.6440 0.6260
vn -0.0754 -0.5570 -0.8271
vn 0.1329 0.5411 -0.8304
vn 0.4041 -0.1095 0.9081
vn 0.1954 0.4733 0.8590
vn 0.5312 -0.6147 -0.5830
vn 0.7892 0.3557 -0.5006
vn -0.7803 -0.5440 0.3085
vn -0.6810 0.0043 0.7323
vn -0.4224 0.6285 0.6531
vn -0.3973 0.0253 -0.9173
vn -0.0353 -0.7314 -0.6810
vn -0.0859 0.5594 -0.8244
vn 0.7798 0.0747 -0.6215
vn 0.8534 -0.5163 0.0720
vn 0.8367 0.4078 -0.3655
vn 0.3407 -0.0233 0.9399
vn -0.0204 -0.2069 0.9781
vn -0.0152 0.5487 0.8359
vn -0.0111 -0.9640 0.2658
vn -0.9848 -0.0274 0.1712
vn -0.0079 -0.0152 0.9999
vn -0.0748 0.9960 0.0496
vn -0.0554 0.2282 -0.9720
vn 0.9956 0.0389 -0.0856
vn -0.7113 -0.4738 0.5193
vn -0.5600 0.4355 0.7048
vn -0.5979 -0.5991 -0.5325
vn -0.3772 0.6598 -0.6499
vn 0.9693 -0.1851 0.1616
vn 0.4281 0.3414 0.8368
vn 0.8978 -0.1148 -0.4252
vn 0.8228 0.5001 -0.2699
vn -0.6099 -0.6353 -0.4737
vn -0.9207 -0.1188 0.3718
vn -0.4533 0.3853 0.8038
vn -0.7941 -0.1018 -0.5992
vn 0.0076 -0.1486 -0.9889
vn 0.0067 0.5913 -0.8064
vn 0.2529 0.0284 -0.9671
vn 0.6019 0.2720 0.7509
vn 0.7996 0.5156 -0.3077
vn 0.5306 -0.1170 0.8395
vn -0.0272 -0.4172 0.9084
vn -0.0080 0.3948 0.9187
vn -0.0578 -0.8631 -0.5016
vn -0.9640 -0.1208 0.2369
vn -0.0243 0.1112 0.9935
vn 0.0266 0.7589 -0.6506
vn 0.0092 0.0260 -0.9996
vn 0.5934 0.1894 0.7823
vn -0.7361 -0.4522 0.5036
vn -0.7992 0.2520 0.5457
vn -0.5169 -0.8102 -0.2762
vn -0.4766 0.1332 -0.8690
vn 0.5972 0.2424 0.7645
vn 0.4118 0.4128 0.8124
vn 0.8936 -0.3211 -0.3138
vn 0.6099 0.3541 -0.7089
vn -0.5835 -0.6617 0.4709
vn -0.7527 -0.0720 0.6544
vn -0.8772 0.4782 -0.0430
vn -0.4649 0.0424 -0.8844
vn 0.0276 -0.6958 -0.7177
vn -0.0205 0.4260 -0.9045
vn 0.5728 0.1609 -0.8037
vn 0.6687 -0.6600 0.3423
vn 0.8222 0.4912 -0.2876
vn 0.5902 -0.0645 0.8047
vn 0.0503 -0.7192 0.6930
vn 0.0349 0.4084 0.9121
vn -0.0226 -0.9523 -0.3044
vn -0.9150 -0.0218 0.4028
vn 0.0515 0.0087 0.9986
vn 0.0488 0.9328 -0.3570
vn -0.0198 0.1189 -0.9927
vn 0.9938 -0.0202 -0.1097
vn -0.7127 -0.5034 0.4884
vn -0.8733 0.4838 -0.0574
vn -0.8380 -0.5411 -0.0703
vn -0.7602 0.5266 -0.3805
vn 0.7510 -0.4513 0.4819
vn 0.5394 0.6148 0.5755
vn 0.7610 -0.3417 -0.5515
vn 0.7684 0.4666 -0.4380
vn -0.8289 -0.5583 0.0337
vn -0.8195 -0.0934 0.5655
vn -0.8703 0.4926 0.0032
vn -0.9536 0.0596 -0.2950
vn 0.0097 -0.5616 -0.8273
vn -0.4352 0.5574 -0.7070
vn 0.8351 0.0001 -0.5501
vn 0.8119 -0.5837 -0.0129
vn 0.8266 0.5628 -0.0000
vn 0.6283 0.0949 0.7722
vn -0.3374 -0.5264 0.7804
vn 0.1450 0.8334 0.5333
vn -0.5609 -0.8276 0.0218
vn -0.9997 0.0228 0.0106
vn -0.3191 -0.0336 0.9471
vn 0.0056 0.9995 0.0295
vn -0.3455 -0.0137 -0.9383
vn 0.9998 -0.0141 -0.0112
vn -0.4617 -0.6081 0.6458
vn -0.8960 0.4180 0.1496
vn -0.3737 -0.5708 -0.7311
vn -0.7697 0.6186 -0.1578
vn 0.2162 -0.6951 0.6856
vn 0.2460 0.5080 0.8255
vn 0.5413 -0.6405 -0.5448
vn 0.7696 0.4778 -0.4236
vn -0.3923 -0.9188 -0.0447
vn -0.8134 0.1654 0.5577
vn -0.9002 0.4353 0.0142
vn -0.9010 -0.1499 -0.4071
vn -0.1147 -0.9580 -0.2627
vn 0.2944 0.7475 -0.5954
vn 0.8646 0.2120 -0.4555
vn 0.6663 -0.7456 0.0097
vn 0.8470 0.5316 -0.0036
vn 0.4356 0.1226 0.8917
vn 0.2925 -0.6132 0.7337
vn -0.2179 0.4898 0.8442
vn 0.5103 -0.8597 -0.0221
vn -0.9927 0.1197 -0.0120
vn 0.2632 -0.0678 0.9623
vn -0.4426 0.8956 -0.0449
vn -0.2775 0.1001 -0.9555
vn 0.9822 0.1880 -0.0038
vn -0.6533 -0.7327 0.1908
vn 0.0768 0.8922 0.4451
vn -0.1094 -0.7780 -0.6187
vn -0.4530 0.7201 -0.5256
vn 0.6300 -0.6868 0.3625
vn 0.8120 0.3460 0.4700
vn 0.1911 -0.6621 -0.7247
vn 0.5206 0.8176 -0.2459
vn -0.3558 -0.9343 0.0217
vn -0.2912 -0.1005 0.9514
vn -0.0436 0.9981 -0.0424
vn -0.7121 -0.0300 -0.7014
vn -0.4484 -0.6675 -0.5945
vn -0.4637 0.7175 -0.5198
vn 0.9067 -0.0708 -0.4159
vn 0.6529 -0.7570 0.0249
vn 0.5478 0.8362 0.0250
vn 0.8630 0.0572 0.5019
vn -0.8103 -0.5767 0.1041
vn -0.9938 0.0740 0.0835
vn -0.8192 -0.5735 0.0083
vn -0.9993 0.0147 0.0350
vn -0.9141 -0.0234 0.4048
vn -0.9900 0.1414 0.0003
vn 0.2750 0.0961 -0.9566
vn 0.9944 0.1033 0.0240
vn -0.6080 -0.4721 0.6383
vn -0.7533 0.5040 0.4226
vn -0.7849 -0.4707 -0.4030
vn -0.3982 0.5577 -0.7283
vn 0.3806 -0.1363 0.9146
vn 0.1711 0.7949 0.5821
vn 0.2272 -0.3865 -0.8939
vn 0.6417 0.4815 -0.5969
vn -0.8261 -0.5583 -0.0767
vn -0.7490 0.0608 0.6598
vn -0.9299 0.3674 0.0192
vn -0.5386 -0.0654 -0.8401
vn -0.1282 -0.4209 -0.8980
vn 0.4311 0.4862 -0.7601
vn 0.7949 0.1565 -0.5863
vn 0.7849 -0.6196 -0.0072
vn 0.8005 0.5968 0.0556
vn 0.3813 -0.0427 0.9235
vn -0.2683 -0.6032 0.7511
vn 0.5641 0.7637 0.3138
vn -0.1858 -0.9798 -0.0733
vn -0.9949 0.0953 -0.0324
vn 0.5005 -0.0546 0.8640
vn 0.8771 0.4773 0.0538
vn 0.6115 -0.0387 -0.7903
vn 0.9945 0.1046 0.0052
vn -0.1196 -0.7201 0.6835
vn -0.6919 0.1961 0.6949
vn -0.7045 -0.3068 -0.6400
vn -0.5334 0.6584 -0.5310
vn 0.7361 -0.4629 0.4938
vn 0.3160 0.3240 0.8917
vn 0.0735 -0.8380 -0.5408
vn 0.4846 0.7686 -0.4176
vn -0.8326 -0.5538 -0.0052
vn -0.1119 -0.1395 0.9839
vn -0.8491 0.5281 -0.0128
vn -0.5663 -0.0883 -0.8195
vn -0.0760 -0.8157 -0.5734
vn -0.1781 0.8419 -0.5093
vn 0.9043 0.1021 -0.4146
vn 0.6416 -0.7661 -0.0373
vn 0.5208 0.8534 -0.0208
vn 0.3967 -0.0872 0.9138
vn -0.2865 -0.6694 0.6854
vn 0.1634 0.3436 0.9248
vn -0.1278 -0.9918 0.0048
vn -0.9900 -0.1403 -0.0161
vn -0.6061 -0.1616 0.7788
vn 0.0542 0.9985 -0.0048
vn -0.3368 -0.1277 -0.9329
vn 0.9976 0.0065 -0.0690
vn -0.3609 -0.6596 0.6593
vn -0.2889 0.6193 0.7301
vn -0.7905 -0.2944 -0.5371
vn -0.8803 0.1132 -0.4607
vn 0.3192 -0.9119 0.2579
vn 0.3740 0.8717 0.3166
vn 0.6446 -0.3033 -0.7017
vn 0.7813 0.4229 -0.4590
vn -0.8805 -0.4741 -0.0054
vn -0.6298 -0.0254 0.7763
vn -0.6242 0.7775 -0.0772
vn -0.8800 -0.0083 -0.4749
vn 0.0669 -0.4554 -0.8878
vn -0.2582 0.7130 -0.6518
vn 0.8917 0.0779 -0.4459
vn 0.3175 -0.9474 -0.0407
vn 0.8303 0.5573 -0.0091
vn 0.7882 0.0075 0.6154
vn 0.0714 -0.7459 0.6622
vn -0.2670 0.9121 0.3110
vn 0.5557 -0.8314 -0.0058
vn -0.9982 -0.0108 -0.0587
vn 0.7006 0.0004 0.7136
vn 0.6126 0.7898 0.0310
vn -0.0786 -0.1268 -0.9888
vn 0.9973 0.0699 -0.0204
vn -0.6499 -0.2644 0.7125
vn -0.6493 0.4857 0.5852
vn -0.6509 -0.6779 -0.3417
vn -0.3744 0.7208 -0.5833
vn 0.2160 -0.6776 0.7030
vn 0.7031 0.3610 0.6126
vn 0.9073 -0.3853 -0.1684
vn 0.3304 0.1992 -0.9226
vn -0.7511 -0.6602 0.0082
vn -0.6648 -0.0835 0.7423
vn -0.8043 0.5941 -0.0080
vn -0.7288 0.1858 -0.6591
vn 0.0666 -0.8486 -0.5248
vn -0.8854 0.4591 -0.0736
vn 0.4698 -0.0947 -0.8777
vn 0.3008 -0.9528 -0.0419
vn 0.5655 0.8247 -0.0027
vn 0.7403 -0.1465 0.6562
vn 0.5536 -0.2692 0.7880
vn 0.3474 0.5107 0.7864
vn 0.2486 -0.9686 0.0007
vn -0.9938 0.1087 0.0235
vn 0.0208 -0.1063 0.9941
vn -0.7833 0.6201 0.0436
vn -0.3309 0.1285 -0.9349
vn 0.9993 -0.0347 -0.0123
vn -0.7230 -0.4723 0.5041
vn -0.4177 0.5219 0.7438
vn -0.7087 -0.5975 -0.3751
vn -0.5056 0.6939 -0.5127
vn 0.5761 -0.5063 0.6417
vn 0.3701 0.5505 0.7483
vn 0.3839 -0.4222 -0.8212
vn 0.7581 0.6395 -0.1277
vn -0.7297 -0.6832 0.0299
vn -0.6933 -0.0420 0.7194
vn -0.4285 0.9031 0.0295
vn -0.8268 0.1055 -0.5526
vn 0.0114 -0.4249 -0.9052
vn 0.2843 0.8005 -0.5277
vn 0.8816 -0.1346 -0.4523
vn 0.5518 -0.8331 0.0390
vn 0.7669 0.6368 -0.0802
vn 0.7161 -0.1122 0.6889
vn 0.4244 -0.7100 0.5620
vn -0.0102 0.5816 0.8134
vn 0.4780 -0.8783 0.0004
vn -0.9888 0.1327 0.0688
vn -0.3938 -0.0202 0.9190
vn 0.4532 0.8902 -0.0462
vn 0.0423 -0.0832 -0.9956
vn 0.9995 0.0262 0.0201
vn -0.4724 -0.4596 0.7521
vn -0.7499 0.5169 0.4128
vn -0.8105 -0.5404 -0.2262
vn -0.5259 0.8504 0.0145
vn 0.3726 -0.5759 0.7277
vn 0.4108 0.8408 0.3525
vn 0.6218 0.5245 -0.5815
vn 0.1757 0.9423 -0.2850
vn -0.8185 -0.5743 -0.0111
vn -0.4064 -0.1576 0.9000
vn -0.8937 0.4483 -0.0165
vn -0.9769 0.0704 -0.2016
vn 0.2081 -0.7125 -0.6701
vn -0.0219 0.9481 -0.3173
vn 0.6704 -0.1253 -0.7314
vn 0.5029 -0.8640 -0.0262
vn 0.2096 0.9776 0.0197
vn 0.9055 -0.0045 0.4243
vn -0.3672 -0.5391 0.7580
vn 0.3215 0.8622 0.3915
vn 0.3150 -0.9490 0.0083
vn -0.9991 0.0412 -0.0111
vn -0.4409 -0.1581 0.8835
vn -0.2827 0.9591 0.0104
vn 0.3841 -0.0105 -0.9232
vn 0.9955 0.0874 -0.0370
vn -0.2394 -0.1892 0.9523
vn -0.5401 0.6367 0.5504
vn -0.5345 -0.4874 -0.6904
vn -0.5205 0.2151 -0.8263
vn 0.7544 -0.3519 0.5542
vn 0.2859 0.6392 0.7139
vn 0.8626 -0.5013 -0.0680
vn 0.2575 0.7098 -0.6556
vn -0.8018 -0.5970 -0.0249
vn -0.3747 0.0967 0.9221
vn -0.5788 0.8146 0.0366
vn -0.5060 0.0446 -0.8614
vn 0.0598 -0.5139 -0.8558
vn 0.4020 0.5356 -0.7427
vn 0.0601 -0.2365 -0.9698
vn 0.9645 -0.2637 -0.0138
vn 0.7643 0.6446 -0.0160
vn 0.5784 0.0269 0.8153
vn 0.1750 -0.2876 0.9416
vn -0.0064 0.6907 0.7231
vn 0.1176 -0.9923 -0.0395
vn -0.9995 -0.0324 -0.0007
vn -0.2422 -0.0263 0.9699
vn -0.1571 0.9870 -0.0330
vn 0.1292 -0.0107 -0.9916
vn 0.9985 -0.0526 -0.0158
vn -0.6901 -0.2615 0.6748
vn -0.7892 0.6136 -0.0270
vn -0.4491 -0.3860 -0.8058
vn -0.5054 -0.2950 -0.8109
vn 0.7934 0.1569 0.5881
vn 0.2098 0.6659 0.7160
vn 0.3224 -0.6220 -0.7135
vn 0.5989 0.1142 -0.7927
vn -0.5760 -0.8172 -0.0222
vn -0.7288 -0.0910 0.6786
vn -0.7824 0.6228 0.0032
vn -0.5777 -0.0052 -0.8162
vn -0.2216 -0.7544 -0.6179
vn -0.1616 0.2142 -0.9633
vn 0.6000 0.0274 -0.7995
vn 0.9121 -0.4086 -0.0340
vn 0.9144 0.4047 0.0080
vn 0.5539 0.0036 0.8326
vn -0.2778 -0.4864 0.8284
vn 0.4338 0.5860 0.6844
vn -0.0988 -0.9951 0.0054
vn -0.9968 0.0664 0.0441
vn 0.0137 -0.0599 0.9981
vn -0.6192 0.7849 0.0246
vn -0.8942 -0.0015 -0.4476
vn 0.9981 -0.0554 0.0260
vn -0.3994 -0.8364 0.3755
vn -0.6001 0.6605 0.4514
vn -0.5128 -0.3720 -0.7737
vn -0.7560 0.4280 -0.4952
vn 0.3720 -0.7085 0.5996
vn 0.6844 0.3542 0.6373
vn 0.3770 -0.2030 -0.9037
vn 0.0021 0.5189 -0.8548
vn -0.9002 -0.4349 -0.0222
vn -0.8570 -0.0214 0.5148
vn -0.5975 0.8011 0.0346
vn -0.7520 -0.0746 -0.6549
vn 0.2802 -0.2835 -0.9171
vn 0.0571 0.7981 -0.5998
vn 0.3730 -0.0582 -0.9260
vn 0.6238 -0.7812 -0.0263
vn 0.5527 0.8331 0.0214
vn 0.7303 0.1341 0.6698
vn -0.3488 -0.8483 0.3983
vn 0.1388 0.4376 0.8884
vn -0.5626 -0.8261 0.0326
vn -0.9991 -0.0374 -0.0222
vn -0.2072 -0.0462 0.9772
vn -0.1148 0.9932 0.0168
vn 0.1047 -0.0777 -0.9915
vn 0.9939 0.1000 -0.0461
vn -0.7003 0.6210 0.3522
vn -0.9081 -0.4187 0.0080
vn -0.7425 -0.0426 0.6685
vn -0.7620 0.6476 0.0076
vn -0.2961 -0.1390 -0.9450
vn 0.7259 -0.1926 -0.6603
vn -0.2236 0.5457 -0.8076
vn 0.5919 -0.1110 -0.7984
vn 0.1445 -0.9888 0.0366
vn 0.8917 0.4523 0.0159
vn 0.9439 -0.1340 0.3019
vn 0.0748 -0.9422 0.3266
vn -0.1133 0.9666 0.2299
vn 0.1764 -0.9836 0.0378
vn -0.9994 -0.0151 0.0317
vn -0.1828 -0.0262 0.9828
vn -0.5018 0.8647 0.0197
vn 0.6300 0.0946 -0.7708
vn 0.9903 0.1389 -0.0029
vn -0.5494 -0.6435 0.5330
vn -0.8067 0.3916 0.4427
vn -0.6123 -0.1376 -0.7785
vn -0.1585 0.3960 -0.9045
vn 0.5613 -0.3820 0.7342
vn 0.7752 0.4664 0.4261
vn 0.3049 -0.8697 -0.3880
vn 0.5642 0.6352 -0.5274
vn -0.8069 -0.5905 0.0142
vn -0.7914 -0.0566 0.6086
vn -0.8221 0.5692 0.0075
vn -0.4647 -0.1235 -0.8768
vn -0.3376 -0.6762 -0.6548
vn 0.6477 0.3078 -0.6970
vn 0.8332 0.0977 -0.5443
vn 0.2190 -0.9757 0.0065
vn 0.6554 0.7553 -0.0053
vn 0.9187 -0.0647 0.3896
vn -0.0692 -0.7885 0.6111
vn 0.4129 0.6327 0.6552
vn 0.5316 -0.8469 0.0079
vn -0.9894 -0.1421 0.0308
vn -0.0227 -0.1115 0.9935
vn 0.2178 0.9757 -0.0240
vn -0.3759 0.1298 -0.9175
vn 0.9998 0.0154 0.0151
vn -0.2734 -0.0078 0.9619
vn -0.2342 0.8914 0.3880
vn -0.7754 -0.3833 -0.5018
vn -0.9119 0.2819 -0.2981
vn 0.7111 -0.6561 0.2529
vn 0.3352 0.6919 0.6395
vn 0.5946 -0.6560 -0.4649
vn 0.7872 0.5609 -0.2563
vn -0.6003 -0.7996 0.0196
vn -0.2640 -0.0710 0.9619
vn -0.2070 0.9778 0.0319
vn -0.9701 0.0741 -0.2309
vn 0.0339 -0.8120 -0.5826
vn 0.0251 0.5856 -0.8102
vn 0.9350 0.1403 -0.3256
vn 0.6934 -0.7204 -0.0148
vn 0.7602 0.6493 -0.0203
vn 0.3350 -0.0538 0.9407
vn 0.0602 -0.2936 0.9540
vn -0.5310 0.7198 0.4471
vn 0.2160 -0.9757 0.0363
vn -1.0000 -0.0023 0.0022
vn -0.0734 -0.0005 0.9973
vn 0.2107 0.9764 -0.0482
vn 0.0411 0.1284 -0.9909
vn 0.9880 0.1519 0.0271
vn -0.6082 -0.7441 0.2764
vn -0.8115 0.5622 0.1594
vn -0.4813 -0.4468 -0.7541
vn -0.6750 0.3325 -0.6586
vn 0.4367 -0.5567 0.7067
vn 0.1256 0.4425 0.8879
vn 0.5140 -0.6098 -0.6033
vn 0.1297 0.5270 -0.8399
vn -0.7407 -0.6706 -0.0406
vn -0.6103 -0.0535 0.7904
vn -0.8272 0.5608 -0.0365
vn -0.6478 0.0299 -0.7612
vn -0.0667 -0.6998 -0.7112
vn 0.1365 0.4814 -0.8658
vn 0.3882 -0.0494 -0.9203
vn 0.8918 -0.4507 0.0386
vn 0.6268 0.7791 -0.0124
vn 0.2099 0.0386 0.9770
vn -0.5300 -0.8051 0.2664
vn 0.6841 0.1283 0.7180
vn -0.5370 -0.8434 -0.0195
vn -0.9940 0.0779 -0.0769
vn 0.2971 0.1105 0.9484
vn 0.4516 0.8916 0.0342
vn -0.7399 0.0269 -0.6722
vn 0.9929 -0.1134 0.0370
vn -0.6316 -0.3555 0.6889
vn -0.4736 0.5437 0.6929
vn -0.7896 -0.5447 -0.2826
vn -0.3488 0.7598 -0.5487
vn 0.0427 -0.4229 0.9052
vn 0.3764 0.7191 0.5842
vn 0.2115 -0.9721 -0.1011
vn 0.5215 0.7546 -0.3982
vn -0.9112 -0.4117 -0.0176
vn -0.6473 -0.0500 0.7606
vn -0.8082 0.5861 -0.0568
vn -0.5707 -0.0213 -0.8209
vn 0.3930 -0.9180 -0.0537
vn -0.8335 0.4017 -0.3793
vn 0.5155 -0.0301 -0.8563
vn 0.7421 -0.6695 0.0319
vn 0.6610 0.7504 0.0076
vn 0.5272 -0.0696 0.8469
vn 0.1008 -0.2930 0.9508
vn -0.4684 0.6895 0.5525
vn -0.6958 -0.7180 0.0201
vn -0.9953 -0.0922 -0.0298
vn 0.0889 -0.0924 0.9917
vn 0.4635 0.8861 0.0005
vn 0.5668 -0.0001 -0.8239
vn 0.9975 0.0706 -0.0006
vn 0.4223 -0.6902 0.5876
vn -0.5870 0.3110 0.7474
vn -0.2655 -0.2064 -0.9418
vn -0.5558 0.8118 -0.1791
vn 0.2595 -0.4979 0.8275
vn -0.0187 0.7897 0.6132
vn 0.3539 -0.4941 -0.7941
vn 0.7306 0.2029 -0.6520
vn -0.5983 -0.8010 0.0219
vn -0.5386 0.0731 0.8394
vn -0.8356 0.5493 -0.0094
vn -0.9793 0.1853 -0.0814
vn 0.2093 -0.4756 -0.8544
vn 0.2097 0.7591 -0.6163
vn 0.6886 -0.0100 -0.7251
vn 0.9449 -0.3249 0.0409
vn 0.9943 0.1066 0.0089
vn 0.3467 0.0459 0.9369
vn -0.1534 -0.8198 0.5517
vn 0.5410 0.5949 0.5945
vn -0.2744 -0.9615 0.0133
vn -0.9844 0.1721 0.0366
vn 0.1762 -0.0082 0.9843
vn 0.0355 0.9994 0.0025
vn 0.1577 -0.1311 -0.9787
vn 0.9994 0.0044 0.0340
vn -0.0000 -0.4339 -0.9010
vn -0.0000 -0.9749 -0.2225
vn -0.0000 -0.7818 0.6235
vn -0.0000 0.7818 0.6235
vn -0.0000 0.9749 -0.2225
vn -0.0000 0.4339 -0.9010
vn 0.4339 0.9010 -0.0000
vn 0.9749 0.2225 -0.0000
vn 0.7818 -0.6235 -0.0000
vn -0.7818 -0.6235 -0.0000
vn -0.9749 0.2225 -0.0000
vn -0.4339 0.9010 -0.0000
vn 0.6157 0.7880 -0.0000
vn -0.6157 0.7880 -0.0000
vn -0.7880 -0.6157 -0.0000
vn 0.7880 0.6157 -0.0000
vn 0.6157 -0.7880 -0.0000
vn 0.2564 -0.9246 0.2818
vn 0.0040 -0.4628 0.8865
vn -0.5251 -0.7678 0.3672
vn -0.4628 -0.0040 0.8865
vn -0.7678 0.5251 0.3672
vn -0.9246 -0.2564 0.2817
vn 0.3237 -0.8720 -0.3672
vn -0.4725 -0.8351 -0.2818
vn -0.1159 -0.4481 -0.8865
vn -0.8351 0.4725 -0.2817
vn -0.4481 0.1159 -0.8865
vn -0.8720 -0.3237 -0.3672
vn 0.7678 -0.5251 0.3672
vn 0.9246 0.2564 0.2817
vn 0.4628 0.0040 0.8864
vn -0.2564 0.9246 0.2817
vn -0.0040 0.4628 0.8864
vn 0.5251 0.7678 0.3672
vn 0.8351 -0.4725 -0.2817
vn 0.4481 -0.1159 -0.8865
vn 0.8720 0.3237 -0.3672
vn -0.3237 0.8720 -0.3672
vn 0.4725 0.8351 -0.2817
vn 0.1159 0.4481 -0.8865
vn 0.2672 -0.9636 -0.0000
vn -0.4924 -0.8704 -0.0000
vn -0.3016 -0.2356 0.9239
vn -0.7280 -0.5688 0.3827
vn -0.8704 0.4924 -0.0000
vn -0.9636 -0.2672 -0.0000
vn -0.3016 -0.2356 -0.9239
vn -0.7280 -0.5688 -0.3827
vn 0.5688 -0.7280 -0.3827
vn 0.2356 -0.3016 -0.9239
vn -0.5688 0.7280 -0.3827
vn -0.2356 0.3016 -0.9239
vn 0.7280 0.5688 -0.3827
vn 0.3016 0.2356 -0.9239
vn 0.8704 -0.4924 -0.0000
vn 0.9636 0.2672 -0.0000
vn -0.2672 0.9636 -0.0000
vn 0.4924 0.8704 -0.0000
vn 0.3016 0.2356 0.9239
vn 0.7280 0.5688 0.3827
vn 0.5688 -0.7280 0.3827
vn 0.2356 -0.3016 0.9239
vn -0.5688 0.7280 0.3827
vn -0.2356 0.3016 0.9239
vn -0.7880 0.6157 -0.0000
vn 0.7880 -0.6157 -0.0000
vn -0.6157 -0.7880 -0.0000
vn -0.8351 -0.4725 0.2817
vn -0.4481 -0.1159 0.8865
vn -0.8720 0.3237 0.3672
vn -0.1159 0.4481 0.8865
vn 0.3237 0.8720 0.3672
vn -0.4725 0.8351 0.2817
vn -0.7678 -0.5251 -0.3672
vn -0.9246 0.2564 -0.2818
vn -0.4628 0.0041 -0.8864
vn 0.2564 0.9246 -0.2818
vn 0.0040 0.4628 -0.8864
vn -0.5251 0.7678 -0.3672
vn -0.3237 -0.8720 0.3672
vn 0.4725 -0.8351 0.2818
vn 0.1159 -0.4481 0.8864
vn 0.8351 0.4725 0.2817
vn 0.4481 0.1159 0.8865
vn 0.8720 -0.3237 0.3672
vn -0.2564 -0.9246 -0.2817
vn -0.0040 -0.4628 -0.8865
vn 0.5251 -0.7678 -0.3672
vn 0.7678 0.5251 -0.3672
vn 0.9246 -0.2564 -0.2818
vn 0.4628 -0.0040 -0.8864
vn -0.8704 -0.4924 -0.0000
vn -0.9636 0.2672 -0.0000
vn -0.3016 0.2356 0.9239
vn -0.7280 0.5688 0.3827
vn 0.2672 0.9636 -0.0000
vn -0.4924 0.8704 -0.0000
vn -0.3016 0.2356 -0.9239
vn -0.7280 0.5688 -0.3827
vn -0.5688 -0.7280 -0.3827
vn -0.2356 -0.3016 -0.9239
vn 0.5688 0.7280 -0.3827
vn 0.2356 0.3016 -0.9239
vn 0.7280 -0.5688 -0.3827
vn 0.3016 -0.2356 -0.9239
vn -0.2672 -0.9636 -0.0000
vn 0.4924 -0.8704 -0.0000
vn 0.8704 0.4924 -0.0000
vn 0.9636 -0.2672 -0.0000
vn 0.3016 -0.2356 0.9239
vn 0.7280 -0.5688 0.3827
vn -0.5688 -0.7280 0.3827
vn -0.2356 -0.3016 0.9239
vn 0.5688 0.7280 0.3827
vn 0.2356 0.3016 0.9239
vn -0.5773 -0.5774 0.5773
vn -0.5774 0.5774 0.5773
vn -0.5773 -0.5774 -0.5774
vn -0.5774 0.5773 -0.5773
vn 0.5773 -0.5774 0.5773
vn 0.5774 0.5774 0.5773
vn 0.5774 -0.5774 -0.5773
vn 0.5774 0.5774 -0.5773
vn -0.5774 -0.5774 0.5773
vn -0.5773 0.5774 0.5774
vn -0.5774 -0.5773 -0.5773
vn -0.5773 0.5774 -0.5774
vn 0.5774 -0.5774 0.5774
vn 0.5773 0.5774 0.5774
vn 0.5773 0.5774 -0.5774
vn 0.1876 -0.7947 0.5774
vn 0.6071 -0.7947 -0.0000
vn -0.4911 -0.7947 0.3568
vn -0.4911 -0.7947 -0.3568
vn 0.1876 -0.7947 -0.5773
vn 0.9822 -0.1876 -0.0000
vn 0.3035 -0.1876 0.9342
vn -0.7947 -0.1876 0.5774
vn -0.7947 -0.1876 -0.5774
vn 0.3035 -0.1876 -0.9342
vn 0.7947 0.1876 0.5774
vn -0.3035 0.1876 0.9342
vn -0.9822 0.1876 -0.0000
vn -0.3035 0.1876 -0.9342
vn 0.7947 0.1876 -0.5774
vn 0.4911 0.7947 0.3568
vn -0.1876 0.7947 0.5774
vn -0.6071 0.7947 -0.0000
vn -0.1876 0.7947 -0.5774
vn 0.4911 0.7947 -0.3568
vn -0.5773 0.5774 0.5773
vn -0.5773 -0.5774 -0.5773
vn -0.5773 0.5774 -0.5773
vn 0.5773 -0.5774 0.5774
vn 0.5773 -0.5774 -0.5774
vn -0.5774 -0.5774 -0.5773
vn -0.5774 0.5774 -0.5773
vn 0.5773 0.5774 0.5773
vn 0.5774 -0.5774 -0.5774
vn 0.5774 0.5774 -0.5774
vn -0.5774 -0.5773 0.5773
vn -0.5774 0.5773 0.5773
vn 0.5774 -0.5773 0.5774
vn 0.5773 -0.5774 -0.5773
vn 0.5773 0.5774 -0.5773
vn -0.5774 -0.5774 0.5774
vn -0.5774 0.5774 0.5774
vn 0.5773 0.5773 0.5774
vn -0.0000 0.6727 -0.7399
vn 0.7399 0.6727 -0.0000
vn -0.0000 0.6727 0.7399
vn -0.7399 0.6727 -0.0000
vn -0.8192 -0.5736 -0.0000
vn 0.8192 0.5736 -0.0000
vn 0.5736 -0.8192 -0.0000
vn -0.5736 0.8192 -0.0000
vn -0.1418 -0.8041 0.5773
vn -0.8041 0.1418 0.5774
vn -0.1418 -0.8041 -0.5773
vn -0.8041 0.1418 -0.5774
vn 0.8041 -0.1418 0.5774
vn 0.1418 0.8041 0.5774
vn 0.8041 -0.1418 -0.5774
vn 0.1418 0.8041 -0.5773
vn -0.1737 -0.9848 -0.0000
vn -0.5792 -0.4056 0.7071
vn -0.9848 0.1737 -0.0000
vn -0.5792 -0.4056 -0.7071
vn 0.4056 -0.5792 -0.7071
vn -0.4056 0.5792 -0.7071
vn 0.5792 0.4056 -0.7071
vn 0.9848 -0.1737 -0.0000
vn 0.1737 0.9848 -0.0000
vn 0.5792 0.4056 0.7071
vn 0.4056 -0.5792 0.7071
vn -0.4056 0.5792 0.7071
vn -0.8192 0.5736 -0.0000
vn 0.8192 -0.5736 -0.0000
vn -0.5736 -0.8192 -0.0000
vn 0.5736 0.8192 -0.0000
vn -0.8041 -0.1418 0.5773
vn -0.1418 0.8041 0.5773
vn -0.8041 -0.1418 -0.5773
vn -0.1418 0.8041 -0.5773
vn 0.1418 -0.8041 0.5773
vn 0.8041 0.1418 0.5774
vn 0.1418 -0.8041 -0.5773
vn 0.8041 0.1418 -0.5774
vn -0.9848 -0.1736 -0.0000
vn -0.5792 0.4056 0.7071
vn -0.1737 0.9848 -0.0000
vn -0.5792 0.4056 -0.7071
vn -0.4056 -0.5792 -0.7071
vn 0.4056 0.5792 -0.7071
vn 0.5792 -0.4056 -0.7071
vn 0.1737 -0.9848 -0.0000
vn 0.9848 0.1736 -0.0000
vn 0.5792 -0.4056 0.7071
vn -0.4056 -0.5792 0.7071
vn 0.4056 0.5792 0.7071
vn 0.5774 -0.5774 0.5773
vn 0.5774 0.5773 0.5773
vn 0.5774 -0.5773 -0.5773
vn -0.5774 -0.5774 -0.5774
vn -0.5774 0.5774 -0.5774
vn 0.5774 0.5774 0.5774
vn -0.5774 -0.5773 0.5774
vn -0.0165 -0.9680 0.2502
vn -0.0444 -0.7223 0.6901
vn -0.1823 -0.3033 0.9353
vn -0.6169 -0.3783 0.6902
vn -0.8470 -0.4691 0.2502
vn -0.5027 -0.8366 0.2178
vn -0.4205 -0.6999 0.5774
vn -0.3033 0.1823 0.9353
vn -0.3783 0.6170 0.6901
vn -0.4691 0.8470 0.2502
vn -0.8366 0.5027 0.2178
vn -0.9680 0.0165 0.2502
vn -0.7223 0.0443 0.6902
vn -0.6998 0.4205 0.5774
vn -0.0165 -0.9680 -0.2502
vn -0.5027 -0.8366 -0.2178
vn -0.8470 -0.4691 -0.2502
vn -0.6170 -0.3783 -0.6901
vn -0.1823 -0.3033 -0.9353
vn -0.0444 -0.7223 -0.6901
vn -0.4205 -0.6999 -0.5774
vn -0.4691 0.8470 -0.2502
vn -0.3783 0.6169 -0.6901
vn -0.3033 0.1823 -0.9353
vn -0.7223 0.0444 -0.6901
vn -0.9680 0.0165 -0.2502
vn -0.8366 0.5027 -0.2178
vn -0.6998 0.4205 -0.5774
vn 0.4691 -0.8470 0.2502
vn 0.8366 -0.5027 0.2178
vn 0.9680 -0.0166 0.2502
vn 0.7223 -0.0444 0.6901
vn 0.3033 -0.1823 0.9353
vn 0.3783 -0.6170 0.6901
vn 0.6999 -0.4205 0.5774
vn 0.0165 0.9680 0.2502
vn 0.0444 0.7223 0.6901
vn 0.1823 0.3033 0.9353
vn 0.6170 0.3782 0.6901
vn 0.8470 0.4690 0.2502
vn 0.5027 0.8366 0.2178
vn 0.4205 0.6999 0.5774
vn 0.4691 -0.8470 -0.2502
vn 0.3783 -0.6169 -0.6901
vn 0.3033 -0.1823 -0.9353
vn 0.7223 -0.0443 -0.6902
vn 0.9680 -0.0166 -0.2503
vn 0.8366 -0.5027 -0.2178
vn 0.6999 -0.4205 -0.5774
vn 0.0165 0.9680 -0.2502
vn 0.5027 0.8366 -0.2178
vn 0.8470 0.4690 -0.2502
vn 0.6169 0.3783 -0.6902
vn 0.1823 0.3033 -0.9353
vn 0.0444 0.7223 -0.6901
vn 0.4205 0.6999 -0.5774
vn -0.0171 -0.9999 -0.0000
vn -0.5150 -0.8572 -0.0000
vn -0.8748 -0.4845 -0.0000
vn -0.2508 -0.0625 0.9660
vn -0.6861 -0.1711 0.7071
vn -0.9373 -0.2337 0.2584
vn -0.4845 0.8748 -0.0000
vn -0.8572 0.5151 -0.0000
vn -0.9999 0.0171 -0.0000
vn -0.2508 -0.0625 -0.9660
vn -0.6861 -0.1711 -0.7071
vn -0.9373 -0.2337 -0.2585
vn 0.9373 0.2337 -0.2584
vn 0.6861 0.1711 -0.7071
vn 0.2508 0.0625 -0.9660
vn 0.4845 -0.8748 -0.0000
vn 0.8572 -0.5150 -0.0000
vn 0.9999 -0.0171 -0.0000
vn 0.0171 0.9999 -0.0000
vn 0.5150 0.8572 -0.0000
vn 0.8748 0.4845 -0.0000
vn 0.2508 0.0625 0.9660
vn 0.6861 0.1711 0.7071
vn 0.9373 0.2337 0.2584
vn -0.9703 -0.2419 -0.0000
vn 0.9703 0.2419 -0.0000
vn 0.6170 0.3783 0.6901
vn 0.7223 -0.0443 -0.6901
vn 0.6170 0.3783 -0.6901
vn 0.0443 0.7223 -0.6901
vn -0.7223 0.0443 0.6901
vn -0.6169 -0.3782 -0.6902
vn 0.3783 -0.6169 0.6901
vn -0.0443 -0.7223 -0.6901
vn -0.6999 0.4205 -0.5774
vn 0.7224 -0.0444 0.6901
vn 0.0443 0.7223 0.6901
vn 0.3783 -0.6170 -0.6901
vn 0.6169 0.3783 -0.6901
vn -0.5773 -0.5774 0.5774
vn 0.5774 -0.5773 0.5773
vn -0.5773 0.5773 0.5774
vn 0.5774 0.5773 -0.5773
vn -0.6189 -0.7733 0.1375
vn -0.6460 0.0460 0.7620
vn -0.6969 0.7172 -0.0071
vn -0.7216 -0.0127 -0.6922
vn -0.0186 -0.8401 -0.5422
vn 0.0323 0.5090 -0.8601
vn 0.6178 -0.0802 -0.7822
vn 0.5790 -0.6908 -0.4330
vn 0.9519 0.2450 0.1841
vn 0.7079 -0.0161 0.7061
vn -0.0232 -0.5559 0.8309
vn 0.0069 0.3499 0.9368
vn -0.0093 -0.9147 -0.4040
vn -0.9897 0.0321 0.1398
vn -0.0185 0.0223 0.9996
vn 0.0078 0.9644 0.2645
vn 0.0139 -0.0253 -0.9996
vn 0.9947 0.0696 0.0764
vn -0.6594 -0.7361 -0.1528
vn -0.4340 0.1063 0.8946
vn -0.8526 0.5222 -0.0215
vn -0.6292 -0.0721 -0.7739
vn -0.0082 -0.7168 -0.6972
vn -0.0515 0.8502 -0.5240
vn 0.6540 0.0649 -0.7537
vn 0.5225 -0.8491 0.0782
vn 0.5804 0.6690 0.4643
vn 0.7843 -0.0308 0.6196
vn 0.0485 -0.4825 0.8746
vn -0.0555 0.6802 0.7309
vn 0.0091 -0.9711 -0.2387
vn -0.9989 0.0323 -0.0326
vn -0.0317 0.0349 0.9989
vn -0.0169 0.4656 0.8849
vn -0.0609 0.0285 -0.9977
vn 0.9735 0.0487 -0.2235
vn -0.7962 -0.3837 0.4678
vn -0.9438 0.0112 0.3302
vn -0.4239 0.8886 -0.1751
vn -0.7097 0.0257 -0.7041
vn 0.0074 -0.7097 -0.7045
vn -0.0278 0.3492 -0.9366
vn 0.1958 -0.0192 -0.9805
vn 0.5930 -0.8005 -0.0868
vn 0.5753 0.6243 0.5285
vn 0.3023 0.1785 0.9363
vn 0.0219 -0.7669 0.6414
vn 0.0111 0.8382 0.5452
vn 0.0140 -0.8504 0.5259
vn -0.8857 0.0236 0.4637
vn -0.0261 -0.0837 0.9962
vn 0.0252 0.9620 -0.2717
vn -0.0214 -0.0974 -0.9950
vn 0.9238 0.1792 0.3383
vn -0.5668 -0.7898 -0.2345
vn -0.5757 0.0289 0.8172
vn -0.8548 0.5095 -0.0988
vn -0.6353 0.0309 -0.7716
vn 0.0527 -0.6897 -0.7222
vn 0.0469 0.6716 -0.7394
vn 0.6833 -0.0838 -0.7253
vn 0.3376 -0.5595 0.7570
vn 0.8905 0.2868 0.3533
vn 0.8078 -0.0523 0.5871
vn -0.0512 -0.6474 0.7604
vn 0.0131 0.9288 0.3703
vn 0.0969 -0.7774 -0.6215
vn -0.9948 0.0550 -0.0855
vn -0.0102 0.0200 0.9997
vn -0.0988 0.9940 -0.0479
vn 0.0292 -0.0141 -0.9995
vn 0.9820 -0.0241 0.1872
vn -0.7240 -0.6870 -0.0618
vn -0.4529 -0.0782 0.8881
vn -0.8294 0.4448 -0.3379
vn -0.6628 0.0710 -0.7455
vn 0.0025 -0.2867 -0.9580
vn -0.0266 0.7044 -0.7093
vn 0.8254 -0.0859 -0.5580
vn 0.6603 -0.4287 -0.6166
vn 0.5361 0.8437 0.0269
vn 0.7866 -0.0307 0.6167
vn -0.0134 -0.8466 0.5320
vn -0.0679 0.7062 0.7048
vn 0.0401 -0.8321 0.5532
vn -0.7634 0.0874 -0.6400
vn -0.0291 -0.0265 0.9992
vn -0.0662 0.4908 0.8688
vn 0.0185 -0.0854 -0.9962
vn 0.9905 0.0106 -0.1371
vn -0.7407 -0.6617 -0.1161
vn -0.7269 0.0329 0.6860
vn -0.8987 0.4378 -0.0276
vn -0.2909 -0.2318 -0.9283
vn 0.0233 -0.8423 -0.5385
vn 0.0375 0.1919 -0.9807
vn 0.6959 -0.1299 -0.7062
vn 0.5679 -0.3599 0.7402
vn 0.6353 0.3174 0.7040
vn 0.6975 -0.0101 0.7166
vn -0.0150 -0.9844 0.1755
vn 0.0272 0.6001 0.7994
vn -0.0175 -0.6904 0.7233
vn -0.9975 0.0441 0.0545
vn 0.0287 -0.1842 0.9825
vn -0.0110 0.9709 -0.2392
vn 0.0415 0.0937 -0.9947
vn 0.8887 -0.0626 0.4543
vn -0.8940 -0.3226 0.3109
vn -0.9017 -0.0500 0.4295
vn -0.9032 0.4257 -0.0540
vn -0.4645 0.1027 -0.8796
vn 0.0255 -0.4120 -0.9108
vn 0.0547 0.3169 -0.9469
vn 0.7319 -0.0541 -0.6793
vn 0.8448 -0.5157 0.1426
vn 0.7576 0.6431 0.1116
vn 0.8915 0.0766 0.4466
vn 0.0021 -0.4986 0.8668
vn -0.0453 0.9718 0.2313
vn 0.0301 -0.9116 0.4100
vn -0.9993 0.0246 0.0269
vn 0.0087 -0.0368 0.9993
vn -0.0446 0.9130 0.4056
vn 0.0566 0.0922 -0.9941
vn 0.8211 0.0857 0.5642
vn -0.3415 -0.9344 -0.1017
vn -0.9356 0.1068 0.3364
vn -0.5585 0.4060 0.7234
vn -0.8217 0.0426 -0.5684
vn -0.0431 -0.6796 -0.7323
vn -0.0433 0.3837 -0.9224
vn 0.8192 0.0170 -0.5733
vn 0.6545 -0.7561 0.0035
vn 0.6610 0.7446 -0.0932
vn 0.6153 -0.0524 0.7865
vn -0.0222 -0.3143 0.9491
vn -0.0637 0.4311 0.9001
vn -0.0290 -0.9977 -0.0615
vn -0.5610 0.1277 0.8179
vn -0.0218 -0.1098 0.9937
vn 0.0778 0.9962 -0.0402
vn -0.0024 0.1183 -0.9930
vn 0.9311 0.0178 -0.3642
vn -0.8270 -0.5397 -0.1575
vn -0.8508 0.0820 0.5191
vn -0.8578 0.4522 -0.2442
vn -0.5186 0.0810 -0.8512
vn -0.0167 -0.8436 -0.5368
vn -0.0174 0.3374 -0.9412
vn 0.7142 -0.0904 -0.6941
vn 0.4468 -0.7870 -0.4255
vn 0.4376 0.7350 -0.5180
vn 0.3773 -0.1238 0.9178
vn 0.0149 -0.3779 0.9257
vn 0.0420 0.4038 0.9139
vn 0.0105 -0.9792 -0.2026
vn -0.9868 -0.0304 0.1593
vn -0.0028 -0.0782 0.9969
vn 0.0063 0.9797 -0.2001
vn 0.0339 -0.0720 -0.9968
vn 0.9037 -0.0288 -0.4271
vn -0.6976 -0.4688 -0.5418
vn -0.6290 0.1027 0.7706
vn -0.9159 0.2081 0.3432
vn -0.7429 0.0765 -0.6651
vn -0.0004 -0.9047 -0.4260
vn -0.0336 0.4830 -0.8750
vn 0.6809 0.1966 -0.7055
vn 0.4633 -0.8782 -0.1186
vn 0.6328 0.7653 0.1174
vn 0.6116 -0.0479 0.7897
vn 0.0066 -0.7615 0.6481
vn -0.0037 0.4420 0.8970
vn -0.0004 -0.9651 -0.2620
vn -0.5296 0.0570 -0.8463
vn 0.0382 -0.0006 0.9993
vn -0.0056 0.9831 -0.1830
vn -0.0346 0.1228 -0.9918
vn 0.6384 -0.0150 -0.7696
vn -0.8502 -0.4987 -0.1684
vn -0.4495 -0.0771 0.8900
vn -0.3938 0.8505 0.3486
vn -0.7857 -0.0271 -0.6181
vn -0.0366 -0.4338 -0.9003
vn -0.0240 0.7944 -0.6070
vn 0.6981 -0.0693 -0.7126
vn 0.4806 -0.8497 0.2171
vn 0.3564 0.5429 0.7605
vn 0.8449 0.0312 0.5340
vn 0.0172 -0.7662 0.6423
vn -0.0491 0.1941 0.9798
vn -0.0154 -0.8679 -0.4964
vn -0.9763 -0.1468 0.1589
vn -0.0487 0.1354 0.9896
vn 0.0304 0.9306 0.3648
vn -0.0020 0.0786 -0.9969
vn 0.9308 0.0052 0.3656
vn -0.5360 -0.8083 0.2436
vn -0.4537 -0.1177 0.8833
vn -0.4852 0.8241 0.2924
vn -0.4157 0.1311 -0.9000
vn -0.0078 -0.4172 -0.9088
vn 0.0042 0.6423 -0.7664
vn 0.7561 0.0720 -0.6505
vn 0.9656 -0.2270 -0.1267
vn 0.8317 0.5128 0.2128
vn 0.6523 0.0761 0.7541
vn 0.0068 -0.7867 0.6173
vn -0.0380 0.8056 0.5912
vn 0.0099 -0.9395 -0.3425
vn -0.9644 0.0249 -0.2633
vn -0.0020 -0.0318 0.9995
vn -0.0115 0.8793 0.4762
vn 0.0392 -0.0960 -0.9946
vn 0.7633 0.0713 -0.6421
vn -0.7684 -0.6384 0.0454
vn -0.3357 -0.0315 0.9414
vn -0.7406 0.5592 -0.3727
vn -0.9484 -0.0068 -0.3169
vn 0.0088 -0.5043 -0.8635
vn -0.0409 0.2625 -0.9641
vn 0.7289 0.0161 -0.6844
vn 0.7400 -0.4991 -0.4509
vn 0.7827 0.5156 0.3485
vn 0.3953 -0.0250 0.9182
vn -0.0061 -0.3632 0.9317
vn -0.0260 0.2152 0.9762
vn 0.0435 -0.9868 -0.1563
vn -0.9274 -0.0281 -0.3731
vn -0.0215 0.0212 0.9995
vn -0.0150 0.9996 -0.0233
vn 0.0205 0.1297 -0.9913
vn 0.9053 0.1561 0.3952
vn -0.6878 -0.7253 0.0301
vn -0.7100 -0.0211 0.7039
vn -0.8018 0.5350 -0.2663
vn -0.6144 -0.0355 -0.7882
vn 0.0614 -0.9147 -0.3994
vn -0.0325 0.5054 -0.8623
vn 0.2221 -0.0161 -0.9749
vn 0.8369 -0.4879 0.2480
vn 0.8109 0.5314 0.2452
vn 0.3570 -0.1201 0.9264
vn 0.0174 -0.7814 0.6238
vn -0.0324 0.8887 0.4573
vn -0.0139 -0.9556 0.2944
vn -0.9998 -0.0180 0.0130
vn 0.0003 -0.1145 0.9934
vn -0.0302 0.9487 0.3147
vn 0.0674 -0.0703 -0.9953
vn 0.9980 0.0545 0.0334
vn -0.8819 -0.4414 -0.1657
vn -0.8033 0.0423 0.5940
vn -0.8702 0.3916 -0.2989
vn -0.4732 -0.2094 -0.8557
vn 0.0208 -0.9409 -0.3382
vn 0.0094 0.7144 -0.6996
vn 0.5329 -0.2043 -0.8211
vn 0.7181 -0.6064 0.3415
vn 0.7212 0.6829 0.1162
vn 0.4754 0.0439 0.8787
vn -0.0244 -0.9578 0.2863
vn -0.0118 0.7935 0.6084
vn 0.0079 -0.9978 -0.0661
vn -0.9929 0.0463 -0.1092
vn 0.0048 0.0569 0.9984
vn 0.0157 0.9854 -0.1698
vn 0.0020 -0.1319 -0.9913
vn 0.9777 -0.0681 -0.1987
vn -0.0972 -0.8768 -0.4709
vn -0.7982 -0.0137 0.6022
vn -0.2595 0.8998 -0.3508
vn -0.7696 -0.0158 -0.6383
vn 0.0400 -0.7570 -0.6521
vn 0.0194 0.8497 -0.5269
vn 0.5658 0.0127 -0.8244
vn 0.3980 -0.4586 -0.7945
vn 0.4544 0.6539 -0.6048
vn 0.7477 -0.1058 0.6555
vn 0.0216 -0.6470 0.7622
vn 0.0157 0.9233 0.3838
vn -0.0379 -0.9151 -0.4014
vn -0.9868 -0.1575 -0.0379
vn 0.0382 0.0099 0.9992
vn 0.0165 0.8860 -0.4635
vn 0.0361 0.0293 -0.9989
vn 0.7700 0.0703 -0.6341
vn -0.7453 -0.6612 -0.0852
vn -0.7722 0.1002 0.6274
vn -0.7653 0.5941 0.2477
vn -0.8813 0.0192 -0.4722
vn -0.0137 -0.7777 -0.6285
vn 0.0484 0.5338 -0.8442
vn 0.7295 0.0424 -0.6827
vn 0.6855 -0.6208 -0.3803
vn 0.8210 0.5659 -0.0759
vn 0.7347 -0.0505 0.6765
vn 0.0321 -0.5028 0.8638
vn 0.0384 0.7870 0.6158
vn -0.0168 -0.9827 -0.1846
vn -0.7841 0.1012 0.6124
vn 0.0619 0.1417 0.9880
vn 0.0088 0.9434 0.3314
vn 0.0261 0.1083 -0.9938
vn 0.9793 0.0278 -0.2005
vn -0.3343 -0.8144 -0.4744
vn -0.4606 -0.0228 0.8873
vn -0.7896 0.4470 -0.4204
vn -0.6135 -0.1034 -0.7829
vn -0.0053 -0.4256 -0.9049
vn 0.0032 0.9312 -0.3644
vn 0.7926 -0.0750 -0.6051
vn 0.6697 -0.6603 -0.3400
vn 0.9309 0.3651 -0.0104
vn 0.5898 0.1140 0.7994
vn -0.0715 -0.6437 0.7620
vn -0.0471 0.3209 0.9459
vn -0.0699 -0.9948 0.0736
vn -0.8365 0.0067 -0.5479
vn -0.0465 0.0484 0.9977
vn 0.0019 0.9625 -0.2711
vn -0.0287 -0.0457 -0.9985
vn 0.9556 -0.0723 0.2856
vn -0.2742 -0.7380 -0.6166
vn -0.8181 0.0904 0.5679
vn -0.8959 0.3708 -0.2446
vn -0.7134 0.0657 -0.6976
vn 0.0739 -0.5534 -0.8296
vn -0.0027 0.7212 -0.6928
vn 0.9652 0.0368 -0.2589
vn 0.7524 -0.6129 0.2413
vn 0.5983 0.7947 0.1024
vn 0.6961 0.0906 0.7122
vn -0.0042 -0.9537 0.3007
vn 0.0464 0.6968 0.7157
vn 0.0881 -0.9960 -0.0174
vn -0.9926 0.0750 -0.0960
vn 0.0104 0.0712 0.9974
vn -0.0121 0.9274 -0.3738
vn -0.0354 0.0770 -0.9964
vn 0.9961 -0.0209 -0.0861
vn -0.4837 -0.8013 0.3521
vn -0.6180 0.0477 0.7848
vn -0.4449 0.8491 -0.2848
vn -0.4762 -0.0469 -0.8781
vn -0.0695 -0.7074 -0.7033
vn 0.0034 0.9169 -0.3991
vn 0.6125 -0.0297 -0.7899
vn 0.4713 -0.8778 -0.0859
vn 0.3447 0.8977 0.2744
vn 0.9372 -0.0153 0.3484
vn -0.0148 -0.7339 0.6791
vn 0.0539 0.5381 0.8412
vn -0.0496 -0.9950 0.0864
vn -0.9605 -0.0277 -0.2770
vn 0.0764 0.0949 0.9926
vn 0.0574 0.9497 -0.3079
vn 0.0139 -0.1175 -0.9930
vn 0.9825 -0.1070 0.1522
vn -0.7183 -0.5711 0.3974
vn -0.8726 0.0626 0.4843
vn -0.6388 0.5947 0.4882
vn -0.3338 0.0112 -0.9426
vn 0.0130 -0.5798 -0.8146
vn 0.0034 0.1449 -0.9894
vn 0.7529 0.0932 -0.6515
vn 0.8665 -0.4989 0.0184
vn 0.8171 0.4152 -0.3999
vn 0.3743 -0.0057 0.9273
vn -0.0137 -0.2670 0.9636
vn -0.0204 0.5212 0.8532
vn -0.0384 -0.9982 0.0466
vn -0.8934 0.0642 0.4447
vn -0.0277 0.0367 0.9989
vn 0.0062 0.8649 0.5020
vn 0.0054 0.0844 -0.9964
vn 0.9587 -0.0330 -0.2823
vn -0.5392 -0.7738 -0.3323
vn -0.5873 0.0956 0.8037
vn -0.3918 0.7857 -0.4787
vn -0.7314 -0.1289 -0.6697
vn -0.0591 -0.7900 -0.6103
vn 0.0256 0.7855 -0.6183
vn 0.8928 -0.0413 -0.4485
vn 0.8324 -0.4908 0.2572
vn 0.7288 0.6741 0.1202
vn 0.9645 0.1794 0.1941
vn 0.0400 -0.7731 0.6330
vn -0.0474 0.6346 0.7714
vn 0.0514 -0.9368 0.3460
vn -0.9551 -0.1236 0.2693
vn -0.0135 0.0758 0.9970
vn -0.0262 0.9898 -0.1399
vn 0.0367 -0.0490 -0.9981
vn 0.9739 -0.1196 -0.1927
vn -0.7449 -0.6669 0.0212
vn -0.8114 -0.0329 0.5835
vn -0.8410 0.5263 0.1250
vn -0.6589 0.1474 -0.7376
vn -0.0230 -0.9410 -0.3376
vn 0.0425 0.8558 -0.5155
vn 0.9329 -0.0805 -0.3511
vn 0.8089 -0.2634 -0.5257
vn 0.6313 0.7709 -0.0845
vn 0.6001 -0.0608 0.7976
vn 0.0258 -0.5023 0.8643
vn 0.0134 0.5770 0.8167
vn 0.0474 -0.8941 0.4454
vn -0.9812 -0.0574 0.1842
vn 0.0342 0.0632 0.9974
vn 0.0194 0.9994 0.0277
vn -0.0214 0.1134 -0.9933
vn 0.9985 -0.0317 -0.0451
vn -0.7623 -0.6467 0.0267
vn -0.7682 -0.0721 0.6362
vn -0.6496 0.7601 -0.0140
vn -0.8884 0.0211 -0.4586
vn -0.3324 -0.9113 -0.2429
vn -0.1993 0.7149 -0.6703
vn 0.8347 0.0005 -0.5508
vn 0.8113 -0.5845 -0.0130
vn 0.8201 0.5722 -0.0009
vn 0.8710 -0.0338 0.4900
vn -0.0630 -0.6991 0.7122
vn 0.1977 0.8435 0.4995
vn -0.3392 -0.9407 -0.0022
vn -0.9985 -0.0552 -0.0064
vn -0.3398 -0.0293 0.9400
vn -0.6111 0.7914 -0.0133
vn -0.3883 -0.0308 -0.9210
vn 0.9988 0.0485 0.0030
vn -0.7854 -0.6190 -0.0053
vn -0.9885 -0.0446 0.1448
vn -0.7343 0.6786 -0.0172
vn -0.7006 0.0248 -0.7131
vn -0.8283 -0.4063 -0.3859
vn 0.2687 0.7294 -0.6291
vn 0.4979 0.0446 -0.8661
vn 0.5878 -0.8090 0.0023
vn 0.6866 0.7266 -0.0270
vn 0.3534 0.0875 0.9314
vn 0.1671 -0.7062 0.6880
vn 0.2983 0.6642 0.6855
vn -0.0287 -0.9996 0.0022
vn -0.9997 -0.0127 0.0186
vn 0.6038 0.0930 0.7917
vn -0.0961 0.9949 -0.0295
vn 0.3869 -0.0515 -0.9207
vn 0.9915 0.1290 -0.0165
vn -0.7117 -0.7001 0.0578
vn -0.8238 0.0625 0.5635
vn -0.6179 0.7857 0.0282
vn -0.6961 -0.0210 -0.7176
vn -0.0445 -0.7768 -0.6281
vn -0.5473 0.6293 -0.5518
vn 0.5527 0.0851 -0.8290
vn 0.5594 -0.8281 0.0362
vn 0.7912 0.6116 -0.0087
vn 0.7842 -0.0012 0.6204
vn -0.6363 -0.7091 0.3039
vn -0.7680 0.5916 0.2455
vn -0.3324 -0.9431 0.0033
vn -0.9988 -0.0144 0.0465
vn -0.5368 -0.0013 0.8437
vn -0.5826 0.8123 0.0278
vn -0.2152 -0.0072 -0.9765
vn 0.9984 0.0557 0.0066
vn -0.9453 -0.3241 -0.0359
vn -0.7353 0.0643 0.6747
vn -0.7983 0.6021 -0.0169
vn -0.8006 0.0169 -0.5990
vn 0.6498 -0.6994 -0.2978
vn 0.0868 0.6878 -0.7207
vn 0.2435 -0.0652 -0.9677
vn 0.6890 -0.7246 0.0143
vn 0.4495 0.8933 0.0040
vn 0.3734 -0.0446 0.9266
vn 0.4917 -0.1199 0.8625
vn 0.8373 0.4876 0.2472
vn 0.2082 -0.9778 -0.0224
vn -0.9999 0.0101 0.0020
vn 0.5958 -0.0899 0.7981
vn 0.2359 0.9717 -0.0070
vn -0.3589 0.0446 -0.9323
vn 0.9983 -0.0193 -0.0543
vn -0.5398 -0.8406 -0.0450
vn -0.7126 -0.0105 0.7015
vn -0.8915 0.4523 -0.0260
vn -0.6965 -0.1288 -0.7059
vn 0.5324 -0.4767 -0.6995
vn 0.1980 0.8176 -0.5407
vn 0.9874 0.0107 -0.1578
vn 0.5156 -0.8567 -0.0141
vn 0.5450 0.8382 -0.0185
vn 0.7852 0.1602 0.5981
vn -0.3893 -0.7900 0.4737
vn 0.1562 0.3366 0.9286
vn -0.2473 -0.9689 -0.0055
vn -0.9984 -0.0370 -0.0430
vn 0.2185 0.1785 0.9594
vn 0.0363 0.9993 -0.0031
vn -0.4153 -0.1048 -0.9036
vn 0.9971 0.0580 -0.0501
vn -0.5144 -0.8550 -0.0653
vn -0.4396 0.0573 0.8964
vn -0.9519 0.3062 -0.0040
vn -0.7818 -0.0732 -0.6193
vn -0.1043 -0.5620 -0.8205
vn 0.1506 0.6580 -0.7378
vn 0.6536 -0.0601 -0.7544
vn 0.8678 -0.4963 0.0246
vn 0.2443 0.9688 0.0410
vn 0.5959 0.0342 0.8024
vn 0.5371 -0.8173 0.2088
vn 0.0644 0.6886 0.7223
vn -0.0571 -0.9977 0.0376
vn -0.9986 0.0054 -0.0522
vn -0.0916 0.0825 0.9924
vn -0.3875 0.9212 -0.0344
vn 0.0792 -0.1064 -0.9912
vn 0.9918 0.1274 0.0043
vn -0.7605 -0.6493 0.0068
vn -0.6148 -0.0636 0.7861
vn -0.4370 0.8987 -0.0369
vn -0.3514 0.0709 -0.9335
vn 0.3261 -0.6049 -0.7265
vn 0.0923 0.1818 -0.9790
vn 0.9535 0.1116 -0.2800
vn 0.9153 -0.4014 0.0338
vn 0.8142 0.5804 0.0122
vn 0.3965 -0.0496 0.9167
vn -0.1612 -0.5887 0.7921
vn 0.0647 0.8400 0.5386
vn 0.7976 -0.6024 0.0325
vn -0.9974 -0.0643 -0.0315
vn 0.0275 -0.1078 0.9938
vn 0.3160 0.9487 -0.0103
vn 0.0474 0.0450 -0.9979
vn 0.9976 -0.0691 -0.0031
vn -0.8708 -0.4841 0.0851
vn -0.8104 0.0060 0.5858
vn -0.6379 0.7701 -0.0088
vn -0.7752 0.0612 -0.6287
vn -0.4388 -0.7130 -0.5469
vn -0.1408 0.9099 -0.3903
vn 0.3027 0.0871 -0.9491
vn 0.6611 -0.7502 0.0112
vn 0.5679 0.8219 -0.0450
vn 0.7343 -0.1043 0.6708
vn 0.5925 -0.4882 0.6407
vn -0.1030 0.5182 0.8490
vn -0.0080 -0.9953 0.0965
vn -0.9999 -0.0081 -0.0148
vn -0.0222 0.0328 0.9992
vn -0.2255 0.9737 0.0328
vn -0.0277 -0.0882 -0.9957
vn 0.9980 -0.0571 -0.0280
vn -0.9112 -0.4119 0.0026
vn -0.8796 0.0814 0.4688
vn -0.5520 0.8323 -0.0501
vn -0.9010 0.0023 -0.4337
vn 0.2443 -0.7315 -0.6366
vn -0.3696 0.8240 -0.4295
vn 0.7912 -0.0537 -0.6092
vn 0.7091 -0.7051 -0.0006
vn 0.3850 0.9229 0.0002
vn 0.7205 0.1466 0.6778
vn -0.2040 -0.5072 0.8373
vn 0.2714 0.8871 0.3734
vn -0.1193 -0.9921 -0.0399
vn -0.9991 0.0404 -0.0113
vn 0.0344 -0.0119 0.9993
vn 0.3579 0.9338 -0.0036
vn 0.1522 -0.0668 -0.9861
vn 0.9998 0.0105 -0.0139
vn -0.9100 -0.4127 -0.0404
vn -0.7605 -0.0460 0.6477
vn -0.9243 0.3812 -0.0186
vn -0.4527 0.0269 -0.8913
vn -0.0105 -0.5658 -0.8245
vn 0.0969 0.7476 -0.6571
vn 0.9594 0.0341 -0.2801
vn 0.8577 -0.5120 -0.0457
vn 0.6465 0.7629 -0.0041
vn 0.7116 0.0743 0.6987
vn -0.2503 -0.5839 0.7723
vn 0.7113 0.6931 0.1171
vn 0.0093 -0.9996 -0.0284
vn -0.9979 -0.0645 0.0113
vn 0.7050 -0.1632 0.6901
vn 0.3304 0.9435 0.0264
vn 0.2254 0.0106 -0.9742
vn 0.9838 -0.1764 0.0321
vn -0.5612 -0.8274 -0.0200
vn -0.8548 -0.1104 0.5071
vn -0.6979 0.7160 -0.0203
vn -0.4427 0.0527 -0.8951
vn 0.3883 -0.4996 -0.7744
vn -0.4988 0.2999 -0.8132
vn 0.6374 0.0149 -0.7704
vn 0.5717 -0.8205 0.0057
vn 0.4169 0.9054 -0.0808
vn 0.7212 -0.0463 0.6912
vn 0.0203 -0.0839 0.9963
vn 0.6070 0.5515 0.5722
vn -0.2601 -0.9655 -0.0161
vn -0.9997 0.0163 0.0189
vn 0.3300 -0.0984 0.9388
vn 0.3836 0.9206 -0.0737
vn -0.8130 -0.0085 -0.5822
vn 0.9934 0.0987 -0.0593
vn -0.2381 -0.9708 0.0292
vn -0.8268 -0.0059 0.5625
vn -0.9093 0.4160 -0.0099
vn -0.6331 -0.0350 -0.7732
vn 0.0680 -0.6342 -0.7702
vn 0.5558 0.5562 -0.6178
vn 0.3941 -0.0562 -0.9174
vn 0.9962 -0.0683 -0.0534
vn 0.7194 0.6946 -0.0004
vn 0.4953 0.0605 0.8666
vn -0.3985 -0.8151 0.4206
vn 0.3820 0.5089 0.7714
vn 0.2897 -0.9562 -0.0416
vn -1.0000 0.0011 -0.0096
vn 0.5591 0.0532 0.8274
vn -0.1449 0.9893 0.0164
vn 0.3114 -0.0459 -0.9492
vn 0.9831 -0.1794 0.0356
vn -0.9800 -0.1967 0.0312
vn -0.4300 0.9024 -0.0295
vn -0.7097 0.0257 -0.7040
vn 0.0976 -0.7279 -0.6787
vn -0.4099 0.3345 -0.8486
vn 0.1958 -0.0191 -0.9805
vn 0.6097 -0.7925 -0.0086
vn 0.4591 0.8866 0.0568
vn 0.3022 0.1782 0.9364
vn 0.5250 -0.6334 0.5684
vn 0.1936 0.8163 0.5443
vn 0.1747 -0.9839 0.0376
vn -0.9989 -0.0285 0.0362
vn -0.3137 -0.0466 0.9484
vn 0.3780 0.9258 -0.0064
vn -0.3148 -0.0765 -0.9461
vn 0.9978 0.0613 0.0248
vn -0.7733 -0.6340 0.0096
vn -0.7616 -0.0386 0.6469
vn -0.7791 0.6267 0.0165
vn -0.6196 -0.0547 -0.7831
vn 0.4478 -0.5272 -0.7221
vn 0.2815 0.6314 -0.7226
vn 0.7698 0.0841 -0.6328
vn 0.4412 -0.8973 -0.0086
vn 0.7936 0.6081 -0.0186
vn 0.8072 0.0035 0.5903
vn 0.1737 -0.3711 0.9122
vn 0.3675 0.6627 0.6525
vn 0.4261 -0.9047 0.0034
vn -0.9972 0.0733 -0.0170
vn -0.2666 -0.1478 0.9524
vn 0.6525 0.7578 -0.0039
vn 0.1575 -0.0024 -0.9875
vn 0.9999 -0.0066 0.0093
vn -0.7460 -0.6654 0.0287
vn -0.8303 0.0457 0.5555
vn -0.9463 0.3202 -0.0449
vn -0.8868 0.0256 -0.4615
vn 0.3201 -0.6432 -0.6956
vn -0.3280 0.8577 -0.3960
vn 0.7126 0.0056 -0.7016
vn 0.5651 -0.8250 0.0068
vn 0.6567 0.7533 -0.0360
vn 0.7875 0.1056 0.6071
vn -0.2252 -0.3677 0.9022
vn -0.2365 0.8914 0.3866
vn -0.3838 -0.9232 -0.0191
vn -0.9961 0.0775 -0.0414
vn 0.2297 -0.0148 0.9731
vn -0.7197 0.6924 0.0505
vn -0.2093 0.0737 -0.9751
vn 0.9987 -0.0110 -0.0499
vn -0.7450 -0.6658 -0.0400
vn -0.9346 0.1350 0.3291
vn -0.8978 0.4403 -0.0070
vn -0.3981 -0.0222 -0.9171
vn 0.1267 -0.6598 -0.7407
vn 0.0402 0.5294 -0.8474
vn 0.6982 0.0968 -0.7093
vn 0.7163 -0.6971 -0.0306
vn 0.4548 0.8900 0.0340
vn 0.6072 0.1564 0.7790
vn 0.4942 -0.5480 0.6749
vn 0.2653 0.8690 0.4177
vn -0.5333 -0.8457 -0.0187
vn -0.9992 -0.0354 -0.0204
vn 0.6495 0.0360 0.7595
vn 0.0673 0.9977 -0.0064
vn -0.2435 -0.0028 -0.9699
vn 0.9991 0.0263 -0.0337
vn -0.7576 -0.6525 0.0175
vn -0.7153 -0.0195 0.6985
vn -0.7082 0.7052 -0.0348
vn -0.8823 0.1338 -0.4513
vn 0.1099 -0.9255 -0.3624
vn 0.1686 0.9340 -0.3150
vn 0.6062 -0.0739 -0.7918
vn 0.2153 -0.9742 -0.0680
vn 0.6256 0.7800 0.0118
vn 0.0552 0.0535 0.9970
vn 0.2097 -0.4512 0.8675
vn 0.0164 0.5975 0.8017
vn 0.3934 -0.9172 -0.0630
vn -0.9983 -0.0307 -0.0489
vn -0.1686 -0.2095 0.9632
vn 0.1774 0.9833 -0.0395
vn 0.1509 -0.0669 -0.9863
vn 0.9989 -0.0330 0.0326
vn -0.1006 -0.9945 -0.0294
vn -0.8218 0.0166 0.5695
vn -0.5062 0.8615 -0.0410
vn -0.2653 -0.2089 -0.9412
vn 0.0096 -0.5226 -0.8525
vn 0.0665 0.7124 -0.6986
vn 0.5148 0.0211 -0.8571
vn 0.4169 -0.9076 -0.0487
vn 0.6333 0.7731 -0.0347
vn 0.0918 -0.0045 0.9958
vn -0.3897 -0.6162 0.6844
vn 0.0918 0.3298 0.9396
vn -0.5898 -0.8075 -0.0044
vn -0.9986 0.0519 -0.0039
vn 0.1791 -0.0091 0.9838
vn 0.4234 0.9057 -0.0204
vn 0.4358 -0.0205 -0.8998
vn 0.9803 0.1959 -0.0266
vn 0.3237 -0.8720 0.3672
vn -0.1159 -0.4481 0.8865
vn -0.4725 -0.8351 0.2818
vn -0.4481 0.1159 0.8865
vn -0.8351 0.4725 0.2817
vn -0.8720 -0.3237 0.3672
vn 0.2564 -0.9246 -0.2817
vn -0.5251 -0.7678 -0.3672
vn 0.0040 -0.4628 -0.8865
vn -0.7678 0.5251 -0.3672
vn -0.4628 -0.0041 -0.8865
vn -0.9246 -0.2564 -0.2817
vn 0.8351 -0.4725 0.2817
vn 0.8720 0.3237 0.3672
vn 0.4481 -0.1159 0.8865
vn -0.3237 0.8720 0.3672
vn 0.1159 0.4481 0.8865
vn 0.4725 0.8351 0.2818
vn 0.7678 -0.5251 -0.3672
vn 0.4628 0.0041 -0.8864
vn 0.9246 0.2564 -0.2817
vn -0.2564 0.9246 -0.2818
vn 0.5251 0.7678 -0.3672
vn -0.0040 0.4628 -0.8864
vn -0.2673 0.9636 -0.0000
vn -0.7678 -0.5251 0.3672
vn -0.4628 0.0040 0.8864
vn -0.9246 0.2564 0.2818
vn 0.0040 0.4628 0.8864
vn 0.2564 0.9246 0.2818
vn -0.5251 0.7678 0.3672
vn -0.8351 -0.4725 -0.2817
vn -0.8720 0.3237 -0.3672
vn -0.4481 -0.1159 -0.8865
vn 0.3237 0.8720 -0.3672
vn -0.1159 0.4481 -0.8865
vn -0.4725 0.8351 -0.2817
vn -0.2564 -0.9246 0.2817
vn 0.5251 -0.7678 0.3672
vn -0.0040 -0.4628 0.8865
vn 0.7678 0.5251 0.3672
vn 0.4628 -0.0040 0.8864
vn 0.9246 -0.2564 0.2818
vn -0.3237 -0.8720 -0.3672
vn 0.1159 -0.4481 -0.8865
vn 0.4725 -0.8351 -0.2818
vn 0.8351 0.4725 -0.2817
vn 0.8720 -0.3237 -0.3672
vn 0.4481 0.1159 -0.8865
vn 0.2673 0.9636 -0.0000
vn 0.4924 -0.8703 -0.0000
vn -0.1736 -0.9848 -0.0000
vn -0.9848 0.1736 -0.0000
vn 0.1736 0.9848 -0.0000
vn -0.1736 0.9848 -0.0000
vn 0.1736 -0.9848 -0.0000
vn -0.0311 -0.9642 0.2635
vn -0.0443 -0.7223 0.6901
vn -0.1919 -0.3194 0.9280
vn -0.6170 -0.3783 0.6901
vn -0.8367 -0.4801 0.2635
vn -0.3194 0.1919 0.9280
vn -0.3783 0.6169 0.6901
vn -0.4801 0.8367 0.2635
vn -0.9642 0.0311 0.2635
vn -0.7223 0.0444 0.6901
vn -0.0311 -0.9642 -0.2635
vn -0.8367 -0.4801 -0.2635
vn -0.6169 -0.3783 -0.6902
vn -0.1919 -0.3194 -0.9280
vn -0.4801 0.8367 -0.2635
vn -0.3783 0.6170 -0.6901
vn -0.3194 0.1919 -0.9280
vn -0.7223 0.0443 -0.6902
vn -0.9642 0.0311 -0.2635
vn 0.4801 -0.8367 0.2635
vn 0.9642 -0.0312 0.2635
vn 0.7223 -0.0443 0.6901
vn 0.3194 -0.1919 0.9280
vn 0.0311 0.9642 0.2635
vn 0.1919 0.3194 0.9280
vn 0.6169 0.3783 0.6901
vn 0.8367 0.4801 0.2635
vn 0.4801 -0.8367 -0.2635
vn 0.3194 -0.1919 -0.9280
vn 0.7224 -0.0444 -0.6901
vn 0.9642 -0.0312 -0.2635
vn 0.0311 0.9642 -0.2635
vn 0.8367 0.4801 -0.2635
vn 0.1919 0.3194 -0.9280
vn -0.9373 -0.2337 0.2585
vn -0.9373 -0.2337 -0.2584
vn 0.9373 0.2337 -0.2585
vn 0.9373 0.2337 0.2585
vn 0.6169 0.3783 0.6902
vn 0.7223 -0.0444 -0.6901
vn -0.7223 0.0443 -0.6901
vn 0.4802 -0.8367 0.2635
vn -0.3783 0.6169 0.6902
vn 0.8366 -0.5026 0.2178
vn 0.7223 -0.0443 0.6902
vn 0.6169 0.3782 0.6902
vn 0.4802 -0.8367 -0.2635
vt 0.962500 0.500000
vt 0.925000 0.524744
vt 0.925000 0.475256
vt 0.462500 0.928571
vt 0.425000 0.953315
vt 0.425000 0.903828
vt 0.587500 0.928571
vt 0.550000 0.953315
vt 0.550000 0.903828
vt 0.212500 0.357143
vt 0.175000 0.381886
vt 0.175000 0.332399
vt 0.712500 0.357143
vt 0.675000 0.381886
vt 0.675000 0.332399
vt 0.837500 0.357143
vt 0.800000 0.381886
vt 0.800000 0.332399
vt 0.962500 0.357143
vt 0.925000 0.381886
vt 0.925000 0.332399
vt 0.087500 0.214286
vt 0.050000 0.239029
vt 0.050000 0.189542
vt 0.462500 0.500000
vt 0.425000 0.524744
vt 0.425000 0.475256
vt 0.212500 0.785714
vt 0.175000 0.810458
vt 0.175000 0.760971
vt 0.462500 0.071429
vt 0.425000 0.096172
vt 0.425000 0.046685
vt 0.712500 0.928571
vt 0.675000 0.953315
vt 0.675000 0.903828
vt 0.087500 0.071429
vt 0.050000 0.096172
vt 0.050000 0.046685
vt 0.212500 0.071429
vt 0.175000 0.096172
vt 0.175000 0.046685
vt 0.587500 0.214286
vt 0.550000 0.239029
vt 0.550000 0.189542
vt 0.337500 0.071429
vt 0.300000 0.096172
vt 0.300000 0.046685
s 0
usemtl Palette
f 1/1/1 2/2/1 3/3/1
f 4/1/2 5/2/2 6/3/2
f 7/1/3 8/2/3 9/3/3
f 10/1/4 11/2/4 12/3/4
f 13/1/5 14/2/5 15/3/5
f 16/1/6 17/2/6 18/3/6
f 19/1/7 20/2/7 21/3/7
f 22/1/8 23/2/8 24/3/8
f 1/1/9 8/2/9 7/3/9
f 4/1/10 3/2/10 2/3/10
f 10/1/11 6/2/11 5/3/11
f 9/1/12 12/2/12 11/3/12
f 7/1/13 20/2/13 19/3/13
f 22/1/14 11/2/14 10/3/14
f 21/1/15 24/2/15 23/3/15
f 19/1/16 14/2/16 13/3/16
f 16/1/17 23/2/17 22/3/17
f 15/1/18 18/2/18 17/3/18
f 13/1/19 2/2/19 1/3/19
f 5/1/20 17/2/20 16/3/20
f 19/1/21 1/2/21 7/3/21
f 6/1/22 8/2/22 3/3/22
f 17/1/23 2/2/23 15/3/23
f 10/1/24 16/2/24 22/3/24
f 11/1/25 20/2/25 9/3/25
f 23/1/26 14/2/26 21/3/26
f 25/4/27 26/5/27 27/6/27
f 28/4/28 29/5/28 30/6/28
f 31/4/29 32/5/29 33/6/29
f 34/4/30 35/5/30 36/6/30
f 37/4/31 38/5/31 39/6/31
f 40/4/32 41/5/32 42/6/32
f 43/4/33 44/5/33 45/6/33
f 46/4/34 47/5/34 48/6/34
f 31/4/35 27/5/35 32/6/35
f 28/4/36 27/5/36 26/6/36
f 29/4/37 36/5/37 30/6/37
f 35/4/38 32/5/38 36/6/38
f 31/4/39 44/5/39 43/6/39
f 46/4/40 35/5/40 34/6/40
f 45/4/41 48/5/41 47/6/41
f 43/4/42 38/5/42 37/6/42
f 40/4/43 47/5/43 46/6/43
f 39/4/44 42/5/44 41/6/44
f 37/4/45 26/5/45 25/6/45
f 40/4/46 28/5/46 41/6/46
f 43/4/47 25/5/47 31/6/47
f 30/4/48 32/5/48 27/6/48
f 39/4/49 28/5/49 26/6/49
f 46/4/50 29/5/50 40/6/50
f 35/4/51 44/5/51 33/6/51
f 45/4/52 42/5/52 38/6/52
f 49/1/53 50/2/53 51/3/53
f 52/1/54 53/2/54 54/3/54
f 55/1/55 56/2/55 57/3/55
f 58/1/56 59/2/56 60/3/56
f 61/1/57 62/2/57 63/3/57
f 64/1/58 65/2/58 66/3/58
f 67/1/59 68/2/59 69/3/59
f 70/1/60 71/2/60 72/3/60
f 49/1/61 56/2/61 55/3/61
f 52/1/62 51/2/62 50/3/62
f 58/1/63 54/2/63 53/3/63
f 57/1/64 60/2/64 59/3/64
f 55/1/65 68/2/65 67/3/65
f 70/1/66 59/2/66 58/3/66
f 71/1/67 68/2/67 72/3/67
f 67/1/68 62/2/68 61/3/68
f 70/1/69 66/2/69 71/3/69
f 63/1/70 66/2/70 65/3/70
f 61/1/71 50/2/71 49/3/71
f 53/1/72 65/2/72 64/3/72
f 55/1/73 61/2/73 49/3/73
f 51/1/74 60/2/74 56/3/74
f 63/1/75 52/2/75 50/3/75
f 70/1/76 53/2/76 64/3/76
f 59/1/77 68/2/77 57/3/77
f 71/1/78 62/2/78 69/3/78
f 73/4/79 74/5/79 75/6/79
f 76/4/80 77/5/80 78/6/80
f 79/4/81 80/5/81 81/6/81
f 82/4/82 83/5/82 84/6/82
f 85/4/83 86/5/83 87/6/83
f 88/4/84 89/5/84 90/6/84
f 91/4/85 92/5/85 93/6/85
f 94/4/86 95/5/86 96/6/86
f 73/4/87 80/5/87 79/6/87
f 76/4/88 75/5/88 74/6/88
f 82/4/89 78/5/89 77/6/89
f 83/4/90 80/5/90 84/6/90
f 91/4/91 81/5/91 92/6/91
f 82/4/92 96/5/92 83/6/92
f 95/4/93 92/5/93 96/6/93
f 91/4/94 86/5/94 85/6/94
f 94/4/95 90/5/95 95/6/95
f 87/4/96 90/5/96 89/6/96
f 85/4/97 74/5/97 73/6/97
f 88/4/98 76/5/98 89/6/98
f 79/4/99 85/5/99 73/6/99
f 75/4/100 84/5/100 80/6/100
f 87/4/101 76/5/101 74/6/101
f 82/4/102 88/5/102 94/6/102
f 83/4/103 92/5/103 81/6/103
f 95/4/104 86/5/104 93/6/104
f 97/7/105 98/8/105 99/9/105
f 100/7/106 101/8/106 102/9/106
f 103/7/107 104/8/107 105/9/107
f 106/7/108 107/8/108 108/9/108
f 109/7/109 110/8/109 111/9/109
f 112/7/110 113/8/110 114/9/110
f 115/7/111 116/8/111 117/9/111
f 118/7/112 119/8/112 120/9/112
f 97/7/113 104/8/113 103/9/113
f 98/7/114 102/8/114 99/9/114
f 101/7/115 108/8/115 102/9/115
f 105/7/116 108/8/116 107/9/116
f 103/7/117 116/8/117 115/9/117
f 118/7/118 107/8/118 106/9/118
f 119/7/119 116/8/119 120/9/119
f 115/7/120 110/8/120 109/9/120
f 112/7/121 119/8/121 118/9/121
f 111/7/122 114/8/122 113/9/122
f 97/7/123 111/8/123 98/9/123
f 101/7/124 113/8/124 112/9/124
f 103/7/125 109/8/125 97/9/125
f 99/7/126 108/8/126 104/9/126
f 111/7/127 100/8/127 98/9/127
f 118/7/128 101/8/128 112/9/128
f 105/7/129 120/8/129 116/9/129
f 119/7/130 110/8/130 117/9/130
f 121/10/131 122/11/131 123/12/131
f 124/10/132 125/11/132 126/12/132
f 127/10/133 128/11/133 129/12/133
f 130/10/134 131/11/134 132/12/134
f 133/10/135 134/11/135 135/12/135
f 136/10/136 137/11/136 138/12/136
f 139/10/137 140/11/137 141/12/137
f 142/10/138 143/11/138 144/12/138
f 127/10/139 123/11/139 128/12/139
f 124/10/140 123/11/140 122/12/140
f 125/10/141 132/11/141 126/12/141
f 129/10/142 132/11/142 131/12/142
f 139/10/143 129/11/143 140/12/143
f 142/10/144 131/11/144 130/12/144
f 143/10/145 140/11/145 144/12/145
f 133/10/146 141/11/146 134/12/146
f 142/10/147 138/11/147 143/12/147
f 137/10/148 134/11/148 138/12/148
f 133/10/149 122/11/149 121/12/149
f 136/10/150 124/11/150 137/12/150
f 139/10/151 121/11/151 127/12/151
f 126/10/152 128/11/152 123/12/152
f 135/10/153 124/11/153 122/12/153
f 130/10/154 136/11/154 142/12/154
f 131/10/155 140/11/155 129/12/155
f 143/10/156 134/11/156 141/12/156
f 145/1/157 146/2/157 147/3/157
f 148/1/158 149/2/158 150/3/158
f 151/1/159 152/2/159 153/3/159
f 154/1/160 155/2/160 156/3/160
f 157/1/161 158/2/161 159/3/161
f 160/1/162 161/2/162 162/3/162
f 163/1/163 164/2/163 165/3/163
f 166/1/164 167/2/164 168/3/164
f 145/1/165 152/2/165 151/3/165
f 148/1/166 147/2/166 146/3/166
f 154/1/167 150/2/167 149/3/167
f 155/1/168 152/2/168 156/3/168
f 151/1/169 164/2/169 163/3/169
f 166/1/170 155/2/170 154/3/170
f 167/1/171 164/2/171 168/3/171
f 157/1/172 165/2/172 158/3/172
f 160/1/173 167/2/173 166/3/173
f 161/1/174 158/2/174 162/3/174
f 157/1/175 146/2/175 145/3/175
f 160/1/176 148/2/176 161/3/176
f 151/1/177 157/2/177 145/3/177
f 147/1/178 156/2/178 152/3/178
f 161/1/179 146/2/179 159/3/179
f 166/1/180 149/2/180 160/3/180
f 155/1/181 164/2/181 153/3/181
f 165/1/182 162/2/182 158/3/182
f 169/10/183 170/11/183 171/12/183
f 172/10/184 173/11/184 174/12/184
f 175/10/185 176/11/185 177/12/185
f 178/10/186 179/11/186 180/12/186
f 181/10/187 182/11/187 183/12/187
f 184/10/188 185/11/188 186/12/188
f 187/10/189 188/11/189 189/12/189
f 190/10/190 191/11/190 192/12/190
f 169/10/191 176/11/191 175/12/191
f 170/10/192 174/11/192 171/12/192
f 173/10/193 180/11/193 174/12/193
f 177/10/194 180/11/194 179/12/194
f 187/10/195 177/11/195 188/12/195
f 190/10/196 179/11/196 178/12/196
f 191/10/197 188/11/197 192/12/197
f 181/10/198 189/11/198 182/12/198
f 190/10/199 186/11/199 191/12/199
f 183/10/200 186/11/200 185/12/200
f 181/10/201 170/11/201 169/12/201
f 184/10/202 172/11/202 185/12/202
f 187/10/203 169/11/203 175/12/203
f 171/10/204 180/11/204 176/12/204
f 185/10/205 170/11/205 183/12/205
f 178/10/206 184/11/206 190/12/206
f 179/10/207 188/11/207 177/12/207
f 191/10/208 182/11/208 189/12/208
f 193/4/209 194/5/209 195/6/209
f 196/4/210 197/5/210 198/6/210
f 199/4/211 200/5/211 201/6/211
f 202/4/212 203/5/212 204/6/212
f 205/4/213 206/5/213 207/6/213
f 208/4/214 209/5/214 210/6/214
f 211/4/215 212/5/215 213/6/215
f 214/4/216 215/5/216 216/6/216
f 193/4/217 200/5/217 199/6/217
f 196/4/218 195/5/218 194/6/218
f 202/4/219 198/5/219 197/6/219
f 201/4/220 204/5/220 203/6/220
f 199/4/221 212/5/221 211/6/221
f 202/4/222 216/5/222 203/6/222
f 213/4/223 216/5/223 215/6/223
f 205/4/224 213/5/224 206/6/224
f 214/4/225 210/5/225 215/6/225
f 207/4/226 210/5/226 209/6/226
f 193/4/227 207/5/227 194/6/227
f 197/4/228 209/5/228 208/6/228
f 211/4/229 193/5/229 199/6/229
f 195/4/230 204/5/230 200/6/230
f 207/4/231 196/5/231 194/6/231
f 214/4/232 197/5/232 208/6/232
f 201/4/233 216/5/233 212/6/233
f 215/4/234 206/5/234 213/6/234
f 217/7/235 218/8/235 219/9/235
f 220/7/236 221/8/236 222/9/236
f 223/7/237 224/8/237 225/9/237
f 226/7/238 227/8/238 228/9/238
f 229/7/239 230/8/239 231/9/239
f 232/7/240 233/8/240 234/9/240
f 235/7/241 236/8/241 237/9/241
f 238/7/242 239/8/242 240/9/242
f 223/7/243 219/8/243 224/9/243
f 218/7/244 222/8/244 219/9/244
f 226/7/245 222/8/245 221/9/245
f 225/7/246 228/8/246 227/9/246
f 235/7/247 225/8/247 236/9/247
f 226/7/248 240/8/248 227/9/248
f 239/7/249 236/8/249 240/9/249
f 229/7/250 237/8/250 230/9/250
f 232/7/251 239/8/251 238/9/251
f 233/7/252 230/8/252 234/9/252
f 217/7/253 231/8/253 218/9/253
f 232/7/254 220/8/254 233/9/254
f 235/7/255 217/8/255 223/9/255
f 219/7/256 228/8/256 224/9/256
f 231/7/257 220/8/257 218/9/257
f 226/7/258 232/8/258 238/9/258
f 225/7/259 240/8/259 236/9/259
f 239/7/260 230/8/260 237/9/260
f 241/1/261 242/2/261 243/3/261
f 244/1/262 245/2/262 246/3/262
f 247/1/263 248/2/263 249/3/263
f 250/1/264 251/2/264 252/3/264
f 253/1/265 254/2/265 255/3/265
f 256/1/266 257/2/266 258/3/266
f 259/1/267 260/2/267 261/3/267
f 262/1/268 263/2/268 264/3/268
f 241/1/269 248/2/269 247/3/269
f 242/1/270 246/2/270 243/3/270
f 245/1/271 252/2/271 246/3/271
f 251/1/272 248/2/272 252/3/272
f 259/1/273 249/2/273 260/3/273
f 262/1/274 251/2/274 250/3/274
f 263/1/275 260/2/275 264/3/275
f 259/1/276 254/2/276 253/3/276
f 262/1/277 258/2/277 263/3/277
f 257/1/278 254/2/278 258/3/278
f 241/1/279 255/2/279 242/3/279
f 256/1/280 244/2/280 257/3/280
f 247/1/281 253/2/281 241/3/281
f 246/1/282 248/2/282 243/3/282
f 255/1/283 244/2/283 242/3/283
f 262/1/284 245/2/284 256/3/284
f 249/1/285 264/2/285 260/3/285
f 263/1/286 254/2/286 261/3/286
f 265/10/287 266/11/287 267/12/287
f 268/10/288 269/11/288 270/12/288
f 271/10/289 272/11/289 273/12/289
f 274/10/290 275/11/290 276/12/290
f 277/10/291 278/11/291 279/12/291
f 280/10/292 281/11/292 282/12/292
f 283/10/293 284/11/293 285/12/293
f 286/10/294 287/11/294 288/12/294
f 265/10/295 272/11/295 271/12/295
f 268/10/296 267/11/296 266/12/296
f 269/10/297 276/11/297 270/12/297
f 275/10/298 272/11/298 276/12/298
f 271/10/299 284/11/299 283/12/299
f 286/10/300 275/11/300 274/12/300
f 285/10/301 288/11/301 287/12/301
f 283/10/302 278/11/302 277/12/302
f 280/10/303 287/11/303 286/12/303
f 279/10/304 282/11/304 281/12/304
f 277/10/305 266/11/305 265/12/305
f 269/10/306 281/11/306 280/12/306
f 283/10/307 265/11/307 271/12/307
f 270/10/308 272/11/308 267/12/308
f 281/10/309 266/11/309 279/12/309
f 274/10/310 280/11/310 286/12/310
f 275/10/311 284/11/311 273/12/311
f 285/10/312 282/11/312 278/12/312
f 289/7/313 290/8/313 291/9/313
f 292/7/314 293/8/314 294/9/314
f 295/7/315 296/8/315 297/9/315
f 298/7/316 299/8/316 300/9/316
f 301/7/317 302/8/317 303/9/317
f 304/7/318 305/8/318 306/9/318
f 307/7/319 308/8/319 309/9/319
f 310/7/320 311/8/320 312/9/320
f 289/7/321 296/8/321 295/9/321
f 292/7/322 291/8/322 290/9/322
f 293/7/323 300/8/323 294/9/323
f 297/7/324 300/8/324 299/9/324
f 295/7/325 308/8/325 307/9/325
f 298/7/326 312/8/326 299/9/326
f 311/7/327 308/8/327 312/9/327
f 307/7/328 302/8/328 301/9/328
f 304/7/329 311/8/329 310/9/329
f 303/7/330 306/8/330 305/9/330
f 301/7/331 290/8/331 289/9/331
f 293/7/332 305/8/332 304/9/332
f 295/7/333 301/8/333 289/9/333
f 294/7/334 296/8/334 291/9/334
f 305/7/335 290/8/335 303/9/335
f 298/7/336 304/8/336 310/9/336
f 297/7/337 312/8/337 308/9/337
f 309/7/338 306/8/338 302/9/338
f 313/7/339 314/8/339 315/9/339
f 316/7/340 317/8/340 318/9/340
f 319/7/341 320/8/341 321/9/341
f 322/7/342 323/8/342 324/9/342
f 325/7/343 326/8/343 327/9/343
f 328/7/344 329/8/344 330/9/344
f 331/7/345 332/8/345 333/9/345
f 334/7/346 335/8/346 336/9/346
f 313/7/347 320/8/347 319/9/347
f 316/7/348 315/8/348 314/9/348
f 322/7/349 318/8/349 317/9/349
f 321/7/350 324/8/350 323/9/350
f 319/7/351 332/8/351 331/9/351
f 322/7/352 336/8/352 323/9/352
f 335/7/353 332/8/353 336/9/353
f 331/7/354 326/8/354 325/9/354
f 334/7/355 330/8/355 335/9/355
f 329/7/356 326/8/356 330/9/356
f 313/7/357 327/8/357 314/9/357
f 317/7/358 329/8/358 328/9/358
f 319/7/359 325/8/359 313/9/359
f 315/7/360 324/8/360 320/9/360
f 327/7/361 316/8/361 314/9/361
f 334/7/362 317/8/362 328/9/362
f 323/7/363 332/8/363 321/9/363
f 335/7/364 326/8/364 333/9/364
f 337/4/365 338/5/365 339/6/365
f 340/4/366 341/5/366 342/6/366
f 343/4/367 344/5/367 345/6/367
f 346/4/368 347/5/368 348/6/368
f 349/4/369 350/5/369 351/6/369
f 352/4/370 353/5/370 354/6/370
f 355/4/371 356/5/371 357/6/371
f 358/4/372 359/5/372 360/6/372
f 343/4/373 339/5/373 344/6/373
f 340/4/374 339/5/374 338/6/374
f 346/4/375 342/5/375 341/6/375
f 345/4/376 348/5/376 347/6/376
f 343/4/377 356/5/377 355/6/377
f 346/4/378 360/5/378 347/6/378
f 357/4/379 360/5/379 359/6/379
f 355/4/380 350/5/380 349/6/380
f 352/4/381 359/5/381 358/6/381
f 353/4/382 350/5/382 354/6/382
f 337/4/383 351/5/383 338/6/383
f 352/4/384 340/5/384 353/6/384
f 343/4/385 349/5/385 337/6/385
f 339/4/386 348/5/386 344/6/386
f 351/4/387 340/5/387 338/6/387
f 346/4/388 352/5/388 358/6/388
f 345/4/389 360/5/389 356/6/389
f 357/4/390 354/5/390 350/6/390
f 361/1/391 362/2/391 363/3/391
f 364/1/392 365/2/392 366/3/392
f 367/1/393 368/2/393 369/3/393
f 370/1/394 371/2/394 372/3/394
f 373/1/395 374/2/395 375/3/395
f 376/1/396 377/2/396 378/3/396
f 379/1/397 380/2/397 381/3/397
f 382/1/398 383/2/398 384/3/398
f 361/1/399 368/2/399 367/3/399
f 362/1/400 366/2/400 363/3/400
f 365/1/401 372/2/401 366/3/401
f 371/1/402 368/2/402 372/3/402
f 367/1/403 380/2/403 379/3/403
f 370/1/404 384/2/404 371/3/404
f 381/1/405 384/2/405 383/3/405
f 373/1/406 381/2/406 374/3/406
f 382/1/407 378/2/407 383/3/407
f 377/1/408 374/2/408 378/3/408
f 373/1/409 362/2/409 361/3/409
f 376/1/410 364/2/410 377/3/410
f 367/1/411 373/2/411 361/3/411
f 366/1/412 368/2/412 363/3/412
f 375/1/413 364/2/413 362/3/413
f 370/1/414 376/2/414 382/3/414
f 369/1/415 384/2/415 380/3/415
f 381/1/416 378/2/416 374/3/416
f 385/10/417 386/11/417 387/12/417
f 388/10/418 389/11/418 390/12/418
f 391/10/419 392/11/419 393/12/419
f 394/10/420 395/11/420 396/12/420
f 397/10/421 398/11/421 399/12/421
f 400/10/422 401/11/422 402/12/422
f 403/10/423 404/11/423 405/12/423
f 406/10/424 407/11/424 408/12/424
f 385/10/425 392/11/425 391/12/425
f 386/10/426 390/11/426 387/12/426
f 389/10/427 396/11/427 390/12/427
f 395/10/428 392/11/428 396/12/428
f 403/10/429 393/11/429 404/12/429
f 394/10/430 408/11/430 395/12/430
f 405/10/431 408/11/431 407/12/431
f 397/10/432 405/11/432 398/12/432
f 400/10/433 407/11/433 406/12/433
f 399/10/434 402/11/434 401/12/434
f 385/10/435 399/11/435 386/12/435
f 400/10/436 388/11/436 401/12/436
f 403/10/437 385/11/437 391/12/437
f 390/10/438 392/11/438 387/12/438
f 401/10/439 386/11/439 399/12/439
f 406/10/440 389/11/440 400/12/440
f 393/10/441 408/11/441 404/12/441
f 405/10/442 402/11/442 398/12/442
f 409/4/443 410/5/443 411/6/443
f 412/4/444 413/5/444 414/6/444
f 415/4/445 416/5/445 417/6/445
f 418/4/446 419/5/446 420/6/446
f 421/4/447 422/5/447 423/6/447
f 424/4/448 425/5/448 426/6/448
f 427/4/449 428/5/449 429/6/449
f 430/4/450 431/5/450 432/6/450
f 409/4/451 416/5/451 415/6/451
f 412/4/452 411/5/452 410/6/452
f 418/4/453 414/5/453 413/6/453
f 419/4/454 416/5/454 420/6/454
f 427/4/455 417/5/455 428/6/455
f 430/4/456 419/5/456 418/6/456
f 429/4/457 432/5/457 431/6/457
f 427/4/458 422/5/458 421/6/458
f 424/4/459 431/5/459 430/6/459
f 423/4/460 426/5/460 425/6/460
f 421/4/461 410/5/461 409/6/461
f 413/4/462 425/5/462 424/6/462
f 415/4/463 421/5/463 409/6/463
f 411/4/464 420/5/464 416/6/464
f 423/4/465 412/5/465 410/6/465
f 430/4/466 413/5/466 424/6/466
f 419/4/467 428/5/467 417/6/467
f 429/4/468 426/5/468 422/6/468
f 433/10/469 434/11/469 435/12/469
f 436/10/470 437/11/470 438/12/470
f 439/10/471 440/11/471 441/12/471
f 442/10/472 443/11/472 444/12/472
f 445/10/473 446/11/473 447/12/473
f 448/10/474 449/11/474 450/12/474
f 451/10/475 452/11/475 453/12/475
f 454/10/476 455/11/476 456/12/476
f 433/10/477 440/11/477 439/12/477
f 436/10/478 435/11/478 434/12/478
f 442/10/479 438/11/479 437/12/479
f 443/10/480 440/11/480 444/12/480
f 451/10/481 441/11/481 452/12/481
f 442/10/482 456/11/482 443/12/482
f 455/10/483 452/11/483 456/12/483
f 445/10/484 453/11/484 446/12/484
f 454/10/485 450/11/485 455/12/485
f 447/10/486 450/11/486 449/12/486
f 433/10/487 447/11/487 434/12/487
f 437/10/488 449/11/488 448/12/488
f 451/10/489 433/11/489 439/12/489
f 438/10/490 440/11/490 435/12/490
f 449/10/491 434/11/491 447/12/491
f 454/10/492 437/11/492 448/12/492
f 441/10/493 456/11/493 452/12/493
f 453/10/494 450/11/494 446/12/494
f 457/10/495 458/11/495 459/12/495
f 460/10/496 461/11/496 462/12/496
f 463/10/497 464/11/497 465/12/497
f 466/10/498 467/11/498 468/12/498
f 469/10/499 470/11/499 471/12/499
f 472/10/500 473/11/500 474/12/500
f 475/10/501 476/11/501 477/12/501
f 478/10/502 479/11/502 480/12/502
f 457/10/503 464/11/503 463/12/503
f 458/10/504 462/11/504 459/12/504
f 466/10/505 462/11/505 461/12/505
f 465/10/506 468/11/506 467/12/506
f 475/10/507 465/11/507 476/12/507
f 478/10/508 467/11/508 466/12/508
f 477/10/509 480/11/509 479/12/509
f 469/10/510 477/11/510 470/12/510
f 472/10/511 479/11/511 478/12/511
f 473/10/512 470/11/512 474/12/512
f 457/10/513 471/11/513 458/12/513
f 461/10/514 473/11/514 472/12/514
f 463/10/515 469/11/515 457/12/515
f 462/10/516 464/11/516 459/12/516
f 473/10/517 458/11/517 471/12/517
f 478/10/518 461/11/518 472/12/518
f 465/10/519 480/11/519 476/12/519
f 479/10/520 470/11/520 477/12/520
f 481/4/521 482/5/521 483/6/521
f 484/4/522 485/5/522 486/6/522
f 487/4/523 488/5/523 489/6/523
f 490/4/524 491/5/524 492/6/524
f 493/4/525 494/5/525 495/6/525
f 496/4/526 497/5/526 498/6/526
f 499/4/527 500/5/527 501/6/527
f 502/4/528 503/5/528 504/6/528
f 487/4/529 483/5/529 488/6/529
f 482/4/530 486/5/530 483/6/530
f 490/4/531 486/5/531 485/6/531
f 489/4/532 492/5/532 491/6/532
f 499/4/533 489/5/533 500/6/533
f 502/4/534 491/5/534 490/6/534
f 503/4/535 500/5/535 504/6/535
f 493/4/536 501/5/536 494/6/536
f 502/4/537 498/5/537 503/6/537
f 497/4/538 494/5/538 498/6/538
f 481/4/539 495/5/539 482/6/539
f 496/4/540 484/5/540 497/6/540
f 499/4/541 481/5/541 487/6/541
f 483/4/542 492/5/542 488/6/542
f 495/4/543 484/5/543 482/6/543
f 490/4/544 496/5/544 502/6/544
f 489/4/545 504/5/545 500/6/545
f 503/4/546 494/5/546 501/6/546
f 505/7/547 506/8/547 507/9/547
f 508/7/548 509/8/548 510/9/548
f 511/7/549 512/8/549 513/9/549
f 514/7/550 515/8/550 516/9/550
f 517/7/551 518/8/551 519/9/551
f 520/7/552 521/8/552 522/9/552
f 523/7/553 524/8/553 525/9/553
f 526/7/554 527/8/554 528/9/554
f 511/7/555 507/8/555 512/9/555
f 508/7/556 507/8/556 506/9/556
f 514/7/557 510/8/557 509/9/557
f 515/7/558 512/8/558 516/9/558
f 523/7/559 513/8/559 524/9/559
f 526/7/560 515/8/560 514/9/560
f 527/7/561 524/8/561 528/9/561
f 523/7/562 518/8/562 517/9/562
f 520/7/563 527/8/563 526/9/563
f 521/7/564 518/8/564 522/9/564
f 505/7/565 519/8/565 506/9/565
f 509/7/566 521/8/566 520/9/566
f 523/7/567 505/8/567 511/9/567
f 507/7/568 516/8/568 512/9/568
f 521/7/569 506/8/569 519/9/569
f 526/7/570 509/8/570 520/9/570
f 513/7/571 528/8/571 524/9/571
f 527/7/572 518/8/572 525/9/572
f 529/10/573 530/11/573 531/12/573
f 532/10/574 533/11/574 534/12/574
f 535/10/575 536/11/575 537/12/575
f 538/10/576 539/11/576 540/12/576
f 541/10/577 542/11/577 543/12/577
f 544/10/578 545/11/578 546/12/578
f 547/10/579 548/11/579 549/12/579
f 550/10/580 551/11/580 552/12/580
f 535/10/581 531/11/581 536/12/581
f 530/10/582 534/11/582 531/12/582
f 533/10/583 540/11/583 534/12/583
f 539/10/584 536/11/584 540/12/584
f 547/10/585 537/11/585 548/12/585
f 538/10/586 552/11/586 539/12/586
f 551/10/587 548/11/587 552/12/587
f 541/10/588 549/11/588 542/12/588
f 550/10/589 546/11/589 551/12/589
f 545/10/590 542/11/590 546/12/590
f 529/10/591 543/11/591 530/12/591
f 544/10/592 532/11/592 545/12/592
f 547/10/593 529/11/593 535/12/593
f 534/10/594 536/11/594 531/12/594
f 545/10/595 530/11/595 543/12/595
f 538/10/596 544/11/596 550/12/596
f 537/10/597 552/11/597 548/12/597
f 551/10/598 542/11/598 549/12/598
f 553/1/599 554/2/599 555/3/599
f 556/1/600 557/2/600 558/3/600
f 559/1/601 560/2/601 561/3/601
f 562/1/602 563/2/602 564/3/602
f 565/1/603 566/2/603 567/3/603
f 568/1/604 569/2/604 570/3/604
f 571/1/605 572/2/605 573/3/605
f 574/1/606 575/2/606 576/3/606
f 559/1/607 555/2/607 560/3/607
f 556/1/608 555/2/608 554/3/608
f 562/1/609 558/2/609 557/3/609
f 563/1/610 560/2/610 564/3/610
f 571/1/611 561/2/611 572/3/611
f 562/1/612 576/2/612 563/3/612
f 575/1/613 572/2/613 576/3/613
f 571/1/614 566/2/614 565/3/614
f 574/1/615 570/2/615 575/3/615
f 569/1/616 566/2/616 570/3/616
f 553/1/617 567/2/617 554/3/617
f 568/1/618 556/2/618 569/3/618
f 571/1/619 553/2/619 559/3/619
f 555/1/620 564/2/620 560/3/620
f 569/1/621 554/2/621 567/3/621
f 562/1/622 568/2/622 574/3/622
f 563/1/623 572/2/623 561/3/623
f 573/1/624 570/2/624 566/3/624
f 577/4/625 578/5/625 579/6/625
f 580/4/626 581/5/626 582/6/626
f 583/4/627 584/5/627 585/6/627
f 586/4/628 587/5/628 588/6/628
f 589/4/629 590/5/629 591/6/629
f 592/4/630 593/5/630 594/6/630
f 595/4/631 596/5/631 597/6/631
f 598/4/632 599/5/632 600/6/632
f 577/4/633 584/5/633 583/6/633
f 578/4/634 582/5/634 579/6/634
f 581/4/635 588/5/635 582/6/635
f 587/4/636 584/5/636 588/6/636
f 595/4/637 585/5/637 596/6/637
f 586/4/638 600/5/638 587/6/638
f 599/4/639 596/5/639 600/6/639
f 589/4/640 597/5/640 590/6/640
f 592/4/641 599/5/641 598/6/641
f 591/4/642 594/5/642 593/6/642
f 577/4/643 591/5/643 578/6/643
f 581/4/644 593/5/644 592/6/644
f 583/4/645 589/5/645 577/6/645
f 579/4/646 588/5/646 584/6/646
f 593/4/647 578/5/647 591/6/647
f 598/4/648 581/5/648 592/6/648
f 587/4/649 596/5/649 585/6/649
f 599/4/650 590/5/650 597/6/650
f 601/4/651 602/5/651 603/6/651
f 604/4/652 605/5/652 606/6/652
f 607/4/653 608/5/653 609/6/653
f 610/4/654 611/5/654 612/6/654
f 613/4/655 614/5/655 615/6/655
f 616/4/656 617/5/656 618/6/656
f 619/4/657 620/5/657 621/6/657
f 622/4/658 623/5/658 624/6/658
f 601/4/659 608/5/659 607/6/659
f 602/4/660 606/5/660 603/6/660
f 605/4/661 612/5/661 606/6/661
f 609/4/662 612/5/662 611/6/662
f 607/4/663 620/5/663 619/6/663
f 610/4/664 624/5/664 611/6/664
f 621/4/665 624/5/665 623/6/665
f 613/4/666 621/5/666 614/6/666
f 616/4/667 623/5/667 622/6/667
f 617/4/668 614/5/668 618/6/668
f 613/4/669 602/5/669 601/6/669
f 605/4/670 617/5/670 616/6/670
f 607/4/671 613/5/671 601/6/671
f 606/4/672 608/5/672 603/6/672
f 615/4/673 604/5/673 602/6/673
f 622/4/674 605/5/674 616/6/674
f 609/4/675 624/5/675 620/6/675
f 623/4/676 614/5/676 621/6/676
f 625/10/677 626/11/677 627/12/677
f 628/10/678 629/11/678 630/12/678
f 631/10/679 632/11/679 633/12/679
f 634/10/680 635/11/680 636/12/680
f 637/10/681 638/11/681 639/12/681
f 640/10/682 641/11/682 642/12/682
f 643/10/683 644/11/683 645/12/683
f 646/10/684 647/11/684 648/12/684
f 625/10/685 632/11/685 631/12/685
f 628/10/686 627/11/686 626/12/686
f 629/10/687 636/11/687 630/12/687
f 633/10/688 636/11/688 635/12/688
f 631/10/689 644/11/689 643/12/689
f 634/10/690 648/11/690 635/12/690
f 647/10/691 644/11/691 648/12/691
f 643/10/692 638/11/692 637/12/692
f 646/10/693 642/11/693 647/12/693
f 641/10/694 638/11/694 642/12/694
f 637/10/695 626/11/695 625/12/695
f 629/10/696 641/11/696 640/12/696
f 631/10/697 637/11/697 625/12/697
f 630/10/698 632/11/698 627/12/698
f 639/10/699 628/11/699 626/12/699
f 646/10/700 629/11/700 640/12/700
f 635/10/701 644/11/701 633/12/701
f 647/10/702 638/11/702 645/12/702
f 649/1/703 650/2/703 651/3/703
f 652/1/704 653/2/704 654/3/704
f 655/1/705 656/2/705 657/3/705
f 658/1/706 659/2/706 660/3/706
f 661/1/707 662/2/707 663/3/707
f 664/1/708 665/2/708 666/3/708
f 667/1/709 668/2/709 669/3/709
f 670/1/710 671/2/710 672/3/710
f 649/1/711 656/2/711 655/3/711
f 650/1/712 654/2/712 651/3/712
f 653/1/713 660/2/713 654/3/713
f 659/1/714 656/2/714 660/3/714
f 655/1/715 668/2/715 667/3/715
f 670/1/716 659/2/716 658/3/716
f 669/1/717 672/2/717 671/3/717
f 667/1/718 662/2/718 661/3/718
f 664/1/719 671/2/719 670/3/719
f 665/1/720 662/2/720 666/3/720
f 661/1/721 650/2/721 649/3/721
f 664/1/722 652/2/722 665/3/722
f 667/1/723 649/2/723 655/3/723
f 654/1/724 656/2/724 651/3/724
f 665/1/725 650/2/725 663/3/725
f 670/1/726 653/2/726 664/3/726
f 657/1/727 672/2/727 668/3/727
f 671/1/728 662/2/728 669/3/728
f 673/10/729 674/11/729 675/12/729
f 676/10/730 677/11/730 678/12/730
f 679/10/731 680/11/731 681/12/731
f 682/10/732 683/11/732 684/12/732
f 685/10/733 686/11/733 687/12/733
f 688/10/734 689/11/734 690/12/734
f 691/10/735 692/11/735 693/12/735
f 694/10/736 695/11/736 696/12/736
f 673/10/737 680/11/737 679/12/737
f 676/10/738 675/11/738 674/12/738
f 682/10/739 678/11/739 677/12/739
f 681/10/740 684/11/740 683/12/740
f 691/10/741 681/11/741 692/12/741
f 694/10/742 683/11/742 682/12/742
f 695/10/743 692/11/743 696/12/743
f 691/10/744 686/11/744 685/12/744
f 688/10/745 695/11/745 694/12/745
f 689/10/746 686/11/746 690/12/746
f 685/10/747 674/11/747 673/12/747
f 677/10/748 689/11/748 688/12/748
f 691/10/749 673/11/749 679/12/749
f 678/10/750 680/11/750 675/12/750
f 687/10/751 676/11/751 674/12/751
f 682/10/752 688/11/752 694/12/752
f 681/10/753 696/11/753 692/12/753
f 695/10/754 686/11/754 693/12/754
f 697/4/755 698/5/755 699/6/755
f 700/4/756 701/5/756 702/6/756
f 703/4/757 704/5/757 705/6/757
f 706/4/758 707/5/758 708/6/758
f 709/4/759 710/5/759 711/6/759
f 712/4/760 713/5/760 714/6/760
f 715/4/761 716/5/761 717/6/761
f 718/4/762 719/5/762 720/6/762
f 697/4/763 704/5/763 703/6/763
f 698/4/764 702/5/764 699/6/764
f 701/4/765 708/5/765 702/6/765
f 707/4/766 704/5/766 708/6/766
f 715/4/767 705/5/767 716/6/767
f 718/4/768 707/5/768 706/6/768
f 717/4/769 720/5/769 719/6/769
f 709/4/770 717/5/770 710/6/770
f 718/4/771 714/5/771 719/6/771
f 711/4/772 714/5/772 713/6/772
f 697/4/773 711/5/773 698/6/773
f 712/4/774 700/5/774 713/6/774
f 703/4/775 709/5/775 697/6/775
f 699/4/776 708/5/776 704/6/776
f 713/4/777 698/5/777 711/6/777
f 718/4/778 701/5/778 712/6/778
f 707/4/779 716/5/779 705/6/779
f 719/4/780 710/5/780 717/6/780
f 721/1/781 722/2/781 723/3/781
f 724/1/782 725/2/782 726/3/782
f 727/1/783 728/2/783 729/3/783
f 730/1/784 731/2/784 732/3/784
f 733/1/785 734/2/785 735/3/785
f 736/1/786 737/2/786 738/3/786
f 739/1/787 740/2/787 741/3/787
f 742/1/788 743/2/788 744/3/788
f 727/1/789 723/2/789 728/3/789
f 722/1/790 726/2/790 723/3/790
f 725/1/791 732/2/791 726/3/791
f 731/1/792 728/2/792 732/3/792
f 739/1/793 729/2/793 740/3/793
f 742/1/794 731/2/794 730/3/794
f 741/1/795 744/2/795 743/3/795
f 733/1/796 741/2/796 734/3/796
f 736/1/797 743/2/797 742/3/797
f 735/1/798 738/2/798 737/3/798
f 733/1/799 722/2/799 721/3/799
f 736/1/800 724/2/800 737/3/800
f 739/1/801 721/2/801 727/3/801
f 723/1/802 732/2/802 728/3/802
f 737/1/803 722/2/803 735/3/803
f 730/1/804 736/2/804 742/3/804
f 729/1/805 744/2/805 740/3/805
f 741/1/806 738/2/806 734/3/806
f 745/7/807 746/8/807 747/9/807
f 748/7/808 749/8/808 750/9/808
f 751/7/809 752/8/809 753/9/809
f 754/7/810 755/8/810 756/9/810
f 757/7/811 758/8/811 759/9/811
f 760/7/812 761/8/812 762/9/812
f 763/7/813 764/8/813 765/9/813
f 766/7/814 767/8/814 768/9/814
f 745/7/815 752/8/815 751/9/815
f 748/7/816 747/8/816 746/9/816
f 754/7/817 750/8/817 749/9/817
f 755/7/818 752/8/818 756/9/818
f 763/7/819 753/8/819 764/9/819
f 766/7/820 755/8/820 754/9/820
f 767/7/821 764/8/821 768/9/821
f 763/7/822 758/8/822 757/9/822
f 766/7/823 762/8/823 767/9/823
f 761/7/824 758/8/824 762/9/824
f 757/7/825 746/8/825 745/9/825
f 749/7/826 761/8/826 760/9/826
f 751/7/827 757/8/827 745/9/827
f 747/7/828 756/8/828 752/9/828
f 759/7/829 748/8/829 746/9/829
f 754/7/830 760/8/830 766/9/830
f 755/7/831 764/8/831 753/9/831
f 767/7/832 758/8/832 765/9/832
f 769/7/833 770/8/833 771/9/833
f 772/7/834 773/8/834 774/9/834
f 775/7/835 776/8/835 777/9/835
f 778/7/836 779/8/836 780/9/836
f 781/7/837 782/8/837 783/9/837
f 784/7/838 785/8/838 786/9/838
f 787/7/839 788/8/839 789/9/839
f 790/7/840 791/8/840 792/9/840
f 769/7/841 776/8/841 775/9/841
f 772/7/842 771/8/842 770/9/842
f 773/7/843 780/8/843 774/9/843
f 779/7/844 776/8/844 780/9/844
f 775/7/845 788/8/845 787/9/845
f 778/7/846 792/8/846 779/9/846
f 789/7/847 792/8/847 791/9/847
f 781/7/848 789/8/848 782/9/848
f 790/7/849 786/8/849 791/9/849
f 783/7/850 786/8/850 785/9/850
f 781/7/851 770/8/851 769/9/851
f 784/7/852 772/8/852 785/9/852
f 787/7/853 769/8/853 775/9/853
f 771/7/854 780/8/854 776/9/854
f 783/7/855 772/8/855 770/9/855
f 778/7/856 784/8/856 790/9/856
f 779/7/857 788/8/857 777/9/857
f 789/7/858 786/8/858 782/9/858
f 793/10/859 794/11/859 795/12/859
f 796/10/860 797/11/860 798/12/860
f 799/10/861 800/11/861 801/12/861
f 802/10/862 803/11/862 804/12/862
f 805/10/863 806/11/863 807/12/863
f 808/10/864 809/11/864 810/12/864
f 811/10/865 812/11/865 813/12/865
f 814/10/866 815/11/866 816/12/866
f 799/10/867 795/11/867 800/12/867
f 794/10/868 798/11/868 795/12/868
f 802/10/869 798/11/869 797/12/869
f 803/10/870 800/11/870 804/12/870
f 811/10/871 801/11/871 812/12/871
f 814/10/872 803/11/872 802/12/872
f 813/10/873 816/11/873 815/12/873
f 805/10/874 813/11/874 806/12/874
f 814/10/875 810/11/875 815/12/875
f 809/10/876 806/11/876 810/12/876
f 805/10/877 794/11/877 793/12/877
f 797/10/878 809/11/878 808/12/878
f 799/10/879 805/11/879 793/12/879
f 798/10/880 800/11/880 795/12/880
f 809/10/881 794/11/881 807/12/881
f 814/10/882 797/11/882 808/12/882
f 803/10/883 812/11/883 801/12/883
f 813/10/884 810/11/884 806/12/884
f 817/7/885 818/8/885 819/9/885
f 820/7/886 821/8/886 822/9/886
f 823/7/887 824/8/887 825/9/887
f 826/7/888 827/8/888 828/9/888
f 829/7/889 830/8/889 831/9/889
f 832/7/890 833/8/890 834/9/890
f 835/7/891 836/8/891 837/9/891
f 838/7/892 839/8/892 840/9/892
f 823/7/893 819/8/893 824/9/893
f 818/7/894 822/8/894 819/9/894
f 821/7/895 828/8/895 822/9/895
f 825/7/896 828/8/896 827/9/896
f 835/7/897 825/8/897 836/9/897
f 838/7/898 827/8/898 826/9/898
f 839/7/899 836/8/899 840/9/899
f 835/7/900 830/8/900 829/9/900
f 832/7/901 839/8/901 838/9/901
f 831/7/902 834/8/902 833/9/902
f 829/7/903 818/8/903 817/9/903
f 821/7/904 833/8/904 832/9/904
f 835/7/905 817/8/905 823/9/905
f 819/7/906 828/8/906 824/9/906
f 833/7/907 818/8/907 831/9/907
f 826/7/908 832/8/908 838/9/908
f 825/7/909 840/8/909 836/9/909
f 837/7/910 834/8/910 830/9/910
f 841/1/911 842/2/911 843/3/911
f 844/1/912 845/2/912 846/3/912
f 847/1/913 848/2/913 849/3/913
f 850/1/914 851/2/914 852/3/914
f 853/1/915 854/2/915 855/3/915
f 856/1/916 857/2/916 858/3/916
f 859/1/917 860/2/917 861/3/917
f 862/1/918 863/2/918 864/3/918
f 847/1/919 843/2/919 848/3/919
f 842/1/920 846/2/920 843/3/920
f 850/1/921 846/2/921 845/3/921
f 849/1/922 852/2/922 851/3/922
f 859/1/923 849/2/923 860/3/923
f 862/1/924 851/2/924 850/3/924
f 861/1/925 864/2/925 863/3/925
f 859/1/926 854/2/926 853/3/926
f 862/1/927 858/2/927 863/3/927
f 857/1/928 854/2/928 858/3/928
f 841/1/929 855/2/929 842/3/929
f 845/1/930 857/2/930 856/3/930
f 847/1/931 853/2/931 841/3/931
f 843/1/932 852/2/932 848/3/932
f 855/1/933 844/2/933 842/3/933
f 862/1/934 845/2/934 856/3/934
f 851/1/935 860/2/935 849/3/935
f 861/1/936 858/2/936 854/3/936
f 865/4/79 866/5/79 867/6/79
f 868/4/937 869/5/937 870/6/937
f 871/4/81 872/5/81 873/6/81
f 874/4/82 875/5/82 876/6/82
f 877/4/83 878/5/83 879/6/83
f 880/4/84 881/5/84 882/6/84
f 883/4/85 884/5/85 885/6/85
f 886/4/86 887/5/86 888/6/86
f 865/4/938 872/5/938 871/6/938
f 868/4/939 867/5/939 866/6/939
f 869/4/940 876/5/940 870/6/940
f 875/4/941 872/5/941 876/6/941
f 883/4/942 873/5/942 884/6/942
f 874/4/943 888/5/943 875/6/943
f 887/4/944 884/5/944 888/6/944
f 883/4/945 878/5/945 877/6/945
f 886/4/946 882/5/946 887/6/946
f 879/4/947 882/5/947 881/6/947
f 877/4/948 866/5/948 865/6/948
f 880/4/949 868/5/949 881/6/949
f 883/4/950 865/5/950 871/6/950
f 870/4/951 872/5/951 867/6/951
f 879/4/952 868/5/952 866/6/952
f 874/4/953 880/5/953 886/6/953
f 875/4/954 884/5/954 873/6/954
f 885/4/955 882/5/955 878/6/955
f 889/4/956 890/5/956 891/6/956
f 892/4/957 893/5/957 894/6/957
f 895/4/958 896/5/958 897/6/958
f 898/4/959 899/5/959 900/6/959
f 901/4/960 902/5/960 903/6/960
f 904/4/961 905/5/961 906/6/961
f 907/4/962 908/5/962 909/6/962
f 910/4/963 911/5/963 912/6/963
f 889/4/964 896/5/964 895/6/964
f 890/4/965 894/5/965 891/6/965
f 898/4/966 894/5/966 893/6/966
f 899/4/967 896/5/967 900/6/967
f 907/4/968 897/5/968 908/6/968
f 910/4/969 899/5/969 898/6/969
f 909/4/970 912/5/970 911/6/970
f 907/4/971 902/5/971 901/6/971
f 910/4/972 906/5/972 911/6/972
f 903/4/973 906/5/973 905/6/973
f 901/4/974 890/5/974 889/6/974
f 904/4/975 892/5/975 905/6/975
f 907/4/976 889/5/976 895/6/976
f 894/4/977 896/5/977 891/6/977
f 903/4/978 892/5/978 890/6/978
f 910/4/979 893/5/979 904/6/979
f 897/4/980 912/5/980 908/6/980
f 911/4/981 902/5/981 909/6/981
f 913/1/982 914/2/982 915/3/982
f 916/1/983 917/2/983 918/3/983
f 919/1/984 920/2/984 921/3/984
f 922/1/985 923/2/985 924/3/985
f 925/1/986 926/2/986 927/3/986
f 928/1/987 929/2/987 930/3/987
f 931/1/988 932/2/988 933/3/988
f 934/1/989 935/2/989 936/3/989
f 913/1/990 920/2/990 919/3/990
f 916/1/991 915/2/991 914/3/991
f 922/1/992 918/2/992 917/3/992
f 923/1/993 920/2/993 924/3/993
f 931/1/994 921/2/994 932/3/994
f 934/1/995 923/2/995 922/3/995
f 933/1/996 936/2/996 935/3/996
f 931/1/997 926/2/997 925/3/997
f 928/1/998 935/2/998 934/3/998
f 929/1/999 926/2/999 930/3/999
f 925/1/1000 914/2/1000 913/3/1000
f 917/1/1001 929/2/1001 928/3/1001
f 931/1/1002 913/2/1002 919/3/1002
f 918/1/1003 920/2/1003 915/3/1003
f 929/1/1004 914/2/1004 927/3/1004
f 922/1/1005 928/2/1005 934/3/1005
f 923/1/1006 932/2/1006 921/3/1006
f 935/1/1007 926/2/1007 933/3/1007
f 937/10/1008 938/11/1008 939/12/1008
f 940/10/1009 941/11/1009 942/12/1009
f 943/10/1010 944/11/1010 945/12/1010
f 946/10/1011 947/11/1011 948/12/1011
f 949/10/1012 950/11/1012 951/12/1012
f 952/10/1013 953/11/1013 954/12/1013
f 955/10/1014 956/11/1014 957/12/1014
f 958/10/1015 959/11/1015 960/12/1015
f 937/10/1016 944/11/1016 943/12/1016
f 940/10/1017 939/11/1017 938/12/1017
f 941/10/1018 948/11/1018 942/12/1018
f 947/10/1019 944/11/1019 948/12/1019
f 955/10/1020 945/11/1020 956/12/1020
f 958/10/1021 947/11/1021 946/12/1021
f 957/10/1022 960/11/1022 959/12/1022
f 949/10/1023 957/11/1023 950/12/1023
f 958/10/1024 954/11/1024 959/12/1024
f 953/10/1025 950/11/1025 954/12/1025
f 949/10/1026 938/11/1026 937/12/1026
f 952/10/1027 940/11/1027 953/12/1027
f 955/10/1028 937/11/1028 943/12/1028
f 942/10/1029 944/11/1029 939/12/1029
f 953/10/1030 938/11/1030 951/12/1030
f 958/10/1031 941/11/1031 952/12/1031
f 945/10/1032 960/11/1032 956/12/1032
f 957/10/1033 954/11/1033 950/12/1033
f 961/1/1034 962/2/1034 963/3/1034
f 964/1/1035 965/2/1035 966/3/1035
f 967/1/1036 968/2/1036 969/3/1036
f 970/1/1037 971/2/1037 972/3/1037
f 973/1/1038 974/2/1038 975/3/1038
f 976/1/1039 977/2/1039 978/3/1039
f 979/1/1040 980/2/1040 981/3/1040
f 982/1/1041 983/2/1041 984/3/1041
f 967/1/1042 963/2/1042 968/3/1042
f 964/1/1043 963/2/1043 962/3/1043
f 970/1/1044 966/2/1044 965/3/1044
f 971/1/1045 968/2/1045 972/3/1045
f 967/1/1046 980/2/1046 979/3/1046
f 970/1/1047 984/2/1047 971/3/1047
f 983/1/1048 980/2/1048 984/3/1048
f 973/1/1049 981/2/1049 974/3/1049
f 982/1/1050 978/2/1050 983/3/1050
f 975/1/1051 978/2/1051 977/3/1051
f 961/1/1052 975/2/1052 962/3/1052
f 976/1/1053 964/2/1053 977/3/1053
f 967/1/1054 973/2/1054 961/3/1054
f 966/1/1055 968/2/1055 963/3/1055
f 975/1/1056 964/2/1056 962/3/1056
f 982/1/1057 965/2/1057 976/3/1057
f 971/1/1058 980/2/1058 969/3/1058
f 981/1/1059 978/2/1059 974/3/1059
f 985/4/1060 986/5/1060 987/6/1060
f 988/4/1061 989/5/1061 990/6/1061
f 991/4/1062 992/5/1062 993/6/1062
f 994/4/1063 995/5/1063 996/6/1063
f 997/4/1064 998/5/1064 999/6/1064
f 1000/4/1065 1001/5/1065 1002/6/1065
f 1003/4/1066 1004/5/1066 1005/6/1066
f 1006/4/1067 1007/5/1067 1008/6/1067
f 985/4/1068 992/5/1068 991/6/1068
f 986/4/1069 990/5/1069 987/6/1069
f 989/4/1070 996/5/1070 990/6/1070
f 995/4/1071 992/5/1071 996/6/1071
f 1003/4/1072 993/5/1072 1004/6/1072
f 994/4/1073 1008/5/1073 995/6/1073
f 1007/4/1074 1004/5/1074 1008/6/1074
f 997/4/1075 1005/5/1075 998/6/1075
f 1000/4/1076 1007/5/1076 1006/6/1076
f 1001/4/1077 998/5/1077 1002/6/1077
f 985/4/1078 999/5/1078 986/6/1078
f 989/4/1079 1001/5/1079 1000/6/1079
f 1003/4/1080 985/5/1080 991/6/1080
f 987/4/1081 996/5/1081 992/6/1081
f 1001/4/1082 986/5/1082 999/6/1082
f 994/4/1083 1000/5/1083 1006/6/1083
f 995/4/1084 1004/5/1084 993/6/1084
f 1005/4/1085 1002/5/1085 998/6/1085
f 1010/13/22 1011/14/22 1009/15/22
f 1012/13/25 1015/14/25 1011/15/25
f 1016/13/26 1013/14/26 1015/15/26
f 1014/13/23 1009/14/23 1013/15/23
f 1015/13/21 1009/14/21 1011/15/21
f 1012/13/24 1014/14/24 1016/15/24
f 1018/13/1086 1019/14/1086 1017/15/1086
f 1020/13/1087 1021/14/1087 1019/15/1087
f 1022/13/1088 1023/14/1088 1021/15/1088
f 1024/13/23 1025/14/23 1023/15/23
f 1026/13/1089 1027/14/1089 1025/15/1089
f 1028/16/26 1026/17/26 1024/18/26
f 1028/13/1090 1029/14/1090 1027/15/1090
f 1030/13/1091 1017/14/1091 1029/15/1091
f 1029/16/22 1019/17/22 1023/18/22
f 1031/13/1086 1034/14/1086 1033/15/1086
f 1034/13/1087 1035/14/1087 1033/15/1087
f 1036/13/1088 1037/14/1088 1035/15/1088
f 1038/13/23 1039/14/23 1037/15/23
f 1040/13/1089 1041/14/1089 1039/15/1089
f 1042/16/26 1040/17/26 1038/18/26
f 1042/13/1090 1043/14/1090 1041/15/1090
f 1044/13/1091 1031/14/1091 1043/15/1091
f 1043/16/22 1033/17/22 1037/18/22
f 1046/13/1092 1047/14/1092 1045/15/1092
f 1048/13/1093 1049/14/1093 1047/15/1093
f 1050/13/1094 1051/14/1094 1049/15/1094
f 1052/13/21 1053/14/21 1051/15/21
f 1054/13/1095 1055/14/1095 1053/15/1095
f 1052/16/23 1050/17/23 1046/18/23
f 1056/13/1096 1057/14/1096 1055/15/1096
f 1058/13/1097 1045/14/1097 1057/15/1097
f 1053/16/25 1055/17/25 1047/18/25
f 1060/13/1092 1061/14/1092 1059/15/1092
f 1062/13/1093 1063/14/1093 1061/15/1093
f 1064/13/1094 1065/14/1094 1063/15/1094
f 1066/13/21 1067/14/21 1065/15/21
f 1068/13/1095 1069/14/1095 1067/15/1095
f 1066/16/23 1064/17/23 1060/18/23
f 1070/13/1096 1071/14/1096 1069/15/1096
f 1072/13/1097 1059/14/1097 1071/15/1097
f 1067/16/25 1069/17/25 1061/18/25
f 1073/13/1086 1076/14/1086 1075/15/1086
f 1076/13/1087 1077/14/1087 1075/15/1087
f 1078/13/1088 1079/14/1088 1077/15/1088
f 1080/13/23 1081/14/23 1079/15/23
f 1082/13/1089 1083/14/1089 1081/15/1089
f 1084/16/26 1082/17/26 1080/18/26
f 1084/13/1090 1085/14/1090 1083/15/1090
f 1086/13/1091 1073/14/1091 1085/15/1091
f 1085/16/22 1075/17/22 1079/18/22
f 1088/13/1086 1089/14/1086 1087/15/1086
f 1090/13/1087 1091/14/1087 1089/15/1087
f 1092/13/1088 1093/14/1088 1091/15/1088
f 1094/13/23 1095/14/23 1093/15/23
f 1096/13/1089 1097/14/1089 1095/15/1089
f 1098/16/26 1096/17/26 1094/18/26
f 1098/13/1090 1099/14/1090 1097/15/1090
f 1100/13/1091 1087/14/1091 1099/15/1091
f 1099/16/22 1089/17/22 1093/18/22
f 1102/13/1092 1103/14/1092 1101/15/1092
f 1104/13/1093 1105/14/1093 1103/15/1093
f 1106/13/1094 1107/14/1094 1105/15/1094
f 1108/13/21 1109/14/21 1107/15/21
f 1110/13/1095 1111/14/1095 1109/15/1095
f 1108/16/23 1106/17/23 1102/18/23
f 1112/13/1096 1113/14/1096 1111/15/1096
f 1114/13/1097 1101/14/1097 1113/15/1097
f 1111/16/25 1113/17/25 1103/18/25
f 1116/13/1092 1117/14/1092 1115/15/1092
f 1118/13/1093 1119/14/1093 1117/15/1093
f 1120/13/1094 1121/14/1094 1119/15/1094
f 1122/13/21 1123/14/21 1121/15/21
f 1124/13/1095 1125/14/1095 1123/15/1095
f 1122/16/23 1120/17/23 1116/18/23
f 1126/13/1096 1127/14/1096 1125/15/1096
f 1128/13/1097 1115/14/1097 1127/15/1097
f 1125/16/25 1127/17/25 1117/18/25
f 1129/13/1086 1132/14/1086 1131/15/1086
f 1132/13/1087 1133/14/1087 1131/15/1087
f 1134/13/1088 1135/14/1088 1133/15/1088
f 1136/13/23 1137/14/23 1135/15/23
f 1138/13/1089 1139/14/1089 1137/15/1089
f 1138/16/26 1136/17/26 1130/18/26
f 1140/13/1090 1141/14/1090 1139/15/1090
f 1141/13/1091 1130/14/1091 1129/15/1091
f 1141/16/22 1131/17/22 1135/18/22
f 1143/13/1086 1146/14/1086 1145/15/1086
f 1146/13/1087 1147/14/1087 1145/15/1087
f 1148/13/1088 1149/14/1088 1147/15/1088
f 1150/13/23 1151/14/23 1149/15/23
f 1152/13/1089 1153/14/1089 1151/15/1089
f 1152/16/26 1150/17/26 1144/18/26
f 1154/13/1090 1155/14/1090 1153/15/1090
f 1155/13/1091 1144/14/1091 1143/15/1091
f 1155/16/22 1145/17/22 1149/18/22
f 1158/13/1092 1159/14/1092 1157/15/1092
f 1160/13/1093 1161/14/1093 1159/15/1093
f 1162/13/1094 1163/14/1094 1161/15/1094
f 1164/13/21 1165/14/21 1163/15/21
f 1166/13/1095 1167/14/1095 1165/15/1095
f 1164/16/23 1162/17/23 1158/18/23
f 1168/13/1096 1169/14/1096 1167/15/1096
f 1170/13/1097 1157/14/1097 1169/15/1097
f 1167/16/25 1169/17/25 1159/18/25
f 1172/13/1092 1173/14/1092 1171/15/1092
f 1174/13/1093 1175/14/1093 1173/15/1093
f 1176/13/1094 1177/14/1094 1175/15/1094
f 1178/13/21 1179/14/21 1177/15/21
f 1180/13/1095 1181/14/1095 1179/15/1095
f 1178/16/23 1176/17/23 1172/18/23
f 1182/13/1096 1183/14/1096 1181/15/1096
f 1184/13/1097 1171/14/1097 1183/15/1097
f 1181/16/25 1183/17/25 1173/18/25
f 1185/13/1086 1188/14/1086 1187/15/1086
f 1188/13/1087 1189/14/1087 1187/15/1087
f 1190/13/1088 1191/14/1088 1189/15/1088
f 1192/13/23 1193/14/23 1191/15/23
f 1194/13/1089 1195/14/1089 1193/15/1089
f 1196/16/26 1194/17/26 1192/18/26
f 1196/13/1090 1197/14/1090 1195/15/1090
f 1197/13/1091 1186/14/1091 1185/15/1091
f 1195/16/22 1197/17/22 1187/18/22
f 1199/13/1086 1202/14/1086 1201/15/1086
f 1202/13/1087 1203/14/1087 1201/15/1087
f 1204/13/1088 1205/14/1088 1203/15/1088
f 1206/13/23 1207/14/23 1205/15/23
f 1208/13/1089 1209/14/1089 1207/15/1089
f 1210/16/26 1208/17/26 1206/18/26
f 1210/13/1090 1211/14/1090 1209/15/1090
f 1211/13/1091 1200/14/1091 1199/15/1091
f 1209/16/22 1211/17/22 1201/18/22
f 1214/13/1092 1215/14/1092 1213/15/1092
f 1216/13/1093 1217/14/1093 1215/15/1093
f 1218/13/1094 1219/14/1094 1217/15/1094
f 1220/13/21 1221/14/21 1219/15/21
f 1222/13/1095 1223/14/1095 1221/15/1095
f 1220/16/23 1218/17/23 1214/18/23
f 1224/13/1096 1225/14/1096 1223/15/1096
f 1226/13/1097 1213/14/1097 1225/15/1097
f 1223/16/25 1225/17/25 1215/18/25
f 1228/13/1092 1229/14/1092 1227/15/1092
f 1230/13/1093 1231/14/1093 1229/15/1093
f 1232/13/1094 1233/14/1094 1231/15/1094
f 1234/13/21 1235/14/21 1233/15/21
f 1236/13/1095 1237/14/1095 1235/15/1095
f 1234/16/23 1232/17/23 1228/18/23
f 1238/13/1096 1239/14/1096 1237/15/1096
f 1239/13/1097 1228/14/1097 1227/15/1097
f 1237/16/25 1239/17/25 1229/18/25
f 1241/13/1086 1244/14/1086 1243/15/1086
f 1244/13/1087 1245/14/1087 1243/15/1087
f 1246/13/1088 1247/14/1088 1245/15/1088
f 1248/13/23 1249/14/23 1247/15/23
f 1250/13/1089 1251/14/1089 1249/15/1089
f 1252/16/26 1250/17/26 1248/18/26
f 1252/13/1090 1253/14/1090 1251/15/1090
f 1253/13/1091 1242/14/1091 1241/15/1091
f 1251/16/22 1253/17/22 1243/18/22
f 1256/13/1086 1257/14/1086 1255/15/1086
f 1258/13/1087 1259/14/1087 1257/15/1087
f 1260/13/1088 1261/14/1088 1259/15/1088
f 1262/13/23 1263/14/23 1261/15/23
f 1264/13/1089 1265/14/1089 1263/15/1089
f 1266/16/26 1264/17/26 1262/18/26
f 1266/13/1090 1267/14/1090 1265/15/1090
f 1267/13/1091 1256/14/1091 1255/15/1091
f 1265/16/22 1267/17/22 1257/18/22
f 1270/13/1092 1271/14/1092 1269/15/1092
f 1272/13/1093 1273/14/1093 1271/15/1093
f 1274/13/1094 1275/14/1094 1273/15/1094
f 1276/13/21 1277/14/21 1275/15/21
f 1278/13/1095 1279/14/1095 1277/15/1095
f 1276/16/23 1274/17/23 1270/18/23
f 1280/13/1096 1281/14/1096 1279/15/1096
f 1282/13/1097 1269/14/1097 1281/15/1097
f 1279/16/25 1281/17/25 1271/18/25
f 1284/13/1092 1285/14/1092 1283/15/1092
f 1286/13/1093 1287/14/1093 1285/15/1093
f 1288/13/1094 1289/14/1094 1287/15/1094
f 1290/13/21 1291/14/21 1289/15/21
f 1292/13/1095 1293/14/1095 1291/15/1095
f 1290/16/23 1288/17/23 1284/18/23
f 1294/13/1096 1295/14/1096 1293/15/1096
f 1296/13/1097 1283/14/1097 1295/15/1097
f 1293/16/25 1295/17/25 1285/18/25
f 1297/13/1086 1300/14/1086 1299/15/1086
f 1300/13/1087 1301/14/1087 1299/15/1087
f 1302/13/1088 1303/14/1088 1301/15/1088
f 1304/13/23 1305/14/23 1303/15/23
f 1306/13/1089 1307/14/1089 1305/15/1089
f 1308/16/26 1306/17/26 1304/18/26
f 1308/13/1090 1309/14/1090 1307/15/1090
f 1309/13/1091 1298/14/1091 1297/15/1091
f 1307/16/22 1309/17/22 1299/18/22
f 1312/13/1086 1313/14/1086 1311/15/1086
f 1314/13/1087 1315/14/1087 1313/15/1087
f 1316/13/1088 1317/14/1088 1315/15/1088
f 1318/13/23 1319/14/23 1317/15/23
f 1320/13/1089 1321/14/1089 1319/15/1089
f 1322/16/26 1320/17/26 1318/18/26
f 1322/13/1090 1323/14/1090 1321/15/1090
f 1323/13/1091 1312/14/1091 1311/15/1091
f 1321/16/22 1323/17/22 1313/18/22
f 1326/13/1092 1327/14/1092 1325/15/1092
f 1328/13/1093 1329/14/1093 1327/15/1093
f 1330/13/1094 1331/14/1094 1329/15/1094
f 1332/13/21 1333/14/21 1331/15/21
f 1334/13/1095 1335/14/1095 1333/15/1095
f 1332/16/23 1330/17/23 1326/18/23
f 1336/13/1096 1337/14/1096 1335/15/1096
f 1338/13/1097 1325/14/1097 1337/15/1097
f 1333/16/25 1335/17/25 1327/18/25
f 1340/13/1092 1341/14/1092 1339/15/1092
f 1342/13/1093 1343/14/1093 1341/15/1093
f 1344/13/1094 1345/14/1094 1343/15/1094
f 1346/13/21 1347/14/21 1345/15/21
f 1348/13/1095 1349/14/1095 1347/15/1095
f 1346/16/23 1344/17/23 1340/18/23
f 1350/13/1096 1351/14/1096 1349/15/1096
f 1351/13/1097 1340/14/1097 1339/15/1097
f 1347/16/25 1349/17/25 1341/18/25
f 1354/13/1086 1355/14/1086 1353/15/1086
f 1356/13/1087 1357/14/1087 1355/15/1087
f 1358/13/1088 1359/14/1088 1357/15/1088
f 1360/13/23 1361/14/23 1359/15/23
f 1362/13/1089 1363/14/1089 1361/15/1089
f 1354/16/26 1364/17/26 1360/18/26
f 1364/13/1090 1365/14/1090 1363/15/1090
f 1365/13/1091 1354/14/1091 1353/15/1091
f 1355/16/22 1359/17/22 1363/18/22
f 1368/13/1086 1369/14/1086 1367/15/1086
f 1370/13/1087 1371/14/1087 1369/15/1087
f 1372/13/1088 1373/14/1088 1371/15/1088
f 1374/13/23 1375/14/23 1373/15/23
f 1376/13/1089 1377/14/1089 1375/15/1089
f 1368/16/26 1378/17/26 1374/18/26
f 1378/13/1090 1379/14/1090 1377/15/1090
f 1379/13/1091 1368/14/1091 1367/15/1091
f 1369/16/22 1373/17/22 1377/18/22
f 1382/13/1092 1383/14/1092 1381/15/1092
f 1384/13/1093 1385/14/1093 1383/15/1093
f 1386/13/1094 1387/14/1094 1385/15/1094
f 1388/13/21 1389/14/21 1387/15/21
f 1390/13/1095 1391/14/1095 1389/15/1095
f 1388/16/23 1386/17/23 1382/18/23
f 1392/13/1096 1393/14/1096 1391/15/1096
f 1394/13/1097 1381/14/1097 1393/15/1097
f 1391/16/25 1393/17/25 1383/18/25
f 1396/13/1092 1397/14/1092 1395/15/1092
f 1398/13/1093 1399/14/1093 1397/15/1093
f 1400/13/1094 1401/14/1094 1399/15/1094
f 1402/13/21 1403/14/21 1401/15/21
f 1404/13/1095 1405/14/1095 1403/15/1095
f 1402/16/23 1400/17/23 1396/18/23
f 1406/13/1096 1407/14/1096 1405/15/1096
f 1408/13/1097 1395/14/1097 1407/15/1097
f 1405/16/25 1407/17/25 1397/18/25
f 1409/13/1086 1412/14/1086 1411/15/1086
f 1412/13/1087 1413/14/1087 1411/15/1087
f 1414/13/1088 1415/14/1088 1413/15/1088
f 1416/13/23 1417/14/23 1415/15/23
f 1418/13/1089 1419/14/1089 1417/15/1089
f 1418/16/26 1416/17/26 1410/18/26
f 1420/13/1090 1421/14/1090 1419/15/1090
f 1422/13/1091 1409/14/1091 1421/15/1091
f 1421/16/22 1411/17/22 1415/18/22
f 1423/13/1086 1426/14/1086 1425/15/1086
f 1426/13/1087 1427/14/1087 1425/15/1087
f 1428/13/1088 1429/14/1088 1427/15/1088
f 1430/13/23 1431/14/23 1429/15/23
f 1432/13/1089 1433/14/1089 1431/15/1089
f 1432/16/26 1430/17/26 1424/18/26
f 1434/13/1090 1435/14/1090 1433/15/1090
f 1436/13/1091 1423/14/1091 1435/15/1091
f 1435/16/22 1425/17/22 1429/18/22
f 1438/13/1092 1439/14/1092 1437/15/1092
f 1440/13/1093 1441/14/1093 1439/15/1093
f 1442/13/1094 1443/14/1094 1441/15/1094
f 1444/13/21 1445/14/21 1443/15/21
f 1446/13/1095 1447/14/1095 1445/15/1095
f 1444/16/23 1442/17/23 1438/18/23
f 1448/13/1096 1449/14/1096 1447/15/1096
f 1450/13/1097 1437/14/1097 1449/15/1097
f 1447/16/25 1449/17/25 1439/18/25
f 1452/13/1092 1453/14/1092 1451/15/1092
f 1454/13/1093 1455/14/1093 1453/15/1093
f 1456/13/1094 1457/14/1094 1455/15/1094
f 1458/13/21 1459/14/21 1457/15/21
f 1460/13/1095 1461/14/1095 1459/15/1095
f 1458/16/23 1456/17/23 1452/18/23
f 1462/13/1096 1463/14/1096 1461/15/1096
f 1464/13/1097 1451/14/1097 1463/15/1097
f 1461/16/25 1463/17/25 1453/18/25
f 1465/13/1086 1468/14/1086 1467/15/1086
f 1468/13/1087 1469/14/1087 1467/15/1087
f 1470/13/1088 1471/14/1088 1469/15/1088
f 1472/13/23 1473/14/23 1471/15/23
f 1474/13/1089 1475/14/1089 1473/15/1089
f 1472/16/26 1470/17/26 1466/18/26
f 1476/13/1090 1477/14/1090 1475/15/1090
f 1478/13/1091 1465/14/1091 1477/15/1091
f 1477/16/22 1467/17/22 1471/18/22
f 1479/13/1086 1482/14/1086 1481/15/1086
f 1482/13/1087 1483/14/1087 1481/15/1087
f 1484/13/1088 1485/14/1088 1483/15/1088
f 1486/13/23 1487/14/23 1485/15/23
f 1488/13/1089 1489/14/1089 1487/15/1089
f 1486/16/26 1484/17/26 1480/18/26
f 1490/13/1090 1491/14/1090 1489/15/1090
f 1492/13/1091 1479/14/1091 1491/15/1091
f 1491/16/22 1481/17/22 1485/18/22
f 1494/13/1092 1495/14/1092 1493/15/1092
f 1496/13/1093 1497/14/1093 1495/15/1093
f 1498/13/1094 1499/14/1094 1497/15/1094
f 1500/13/21 1501/14/21 1499/15/21
f 1502/13/1095 1503/14/1095 1501/15/1095
f 1500/16/23 1498/17/23 1494/18/23
f 1504/13/1096 1505/14/1096 1503/15/1096
f 1506/13/1097 1493/14/1097 1505/15/1097
f 1503/16/25 1505/17/25 1495/18/25
f 1508/13/1092 1509/14/1092 1507/15/1092
f 1510/13/1093 1511/14/1093 1509/15/1093
f 1512/13/1094 1513/14/1094 1511/15/1094
f 1514/13/21 1515/14/21 1513/15/21
f 1516/13/1095 1517/14/1095 1515/15/1095
f 1514/16/23 1512/17/23 1508/18/23
f 1518/13/1096 1519/14/1096 1517/15/1096
f 1520/13/1097 1507/14/1097 1519/15/1097
f 1517/16/25 1519/17/25 1509/18/25
f 1521/19/23 1522/20/23 1523/21/23
f 1526/19/25 1525/20/25 1524/21/25
f 1524/19/21 1522/20/21 1521/21/21
f 1525/19/1098 1523/20/1098 1522/21/1098
f 1526/19/1099 1521/20/1099 1523/21/1099
f 1528/22/1100 1529/23/1100 1527/24/1100
f 1529/22/25 1534/23/25 1533/24/25
f 1534/22/1101 1531/23/1101 1533/24/1101
f 1531/22/23 1528/23/23 1527/24/23
f 1533/22/1102 1527/23/1102 1529/24/1102
f 1530/22/1099 1532/23/1099 1534/24/1099
f 1535/25/1103 1539/26/1103 1541/27/1103
f 1536/25/1104 1539/26/1104 1538/27/1104
f 1537/25/1105 1539/26/1105 1540/27/1105
f 1542/25/1106 1546/26/1106 1548/27/1106
f 1543/25/1107 1546/26/1107 1545/27/1107
f 1544/25/1108 1546/26/1108 1547/27/1108
f 1549/25/1109 1553/26/1109 1555/27/1109
f 1550/25/1110 1553/26/1110 1552/27/1110
f 1551/25/1111 1553/26/1111 1554/27/1111
f 1556/25/1112 1560/26/1112 1562/27/1112
f 1557/25/1113 1560/26/1113 1559/27/1113
f 1558/25/1114 1560/26/1114 1561/27/1114
f 1563/25/1115 1567/26/1115 1569/27/1115
f 1564/25/1116 1567/26/1116 1566/27/1116
f 1565/25/1117 1567/26/1117 1568/27/1117
f 1570/25/1118 1574/26/1118 1576/27/1118
f 1571/25/1119 1574/26/1119 1573/27/1119
f 1572/25/1120 1574/26/1120 1575/27/1120
f 1577/25/1121 1581/26/1121 1583/27/1121
f 1578/25/1122 1581/26/1122 1580/27/1122
f 1579/25/1123 1581/26/1123 1582/27/1123
f 1584/25/1124 1588/26/1124 1590/27/1124
f 1585/25/1125 1588/26/1125 1587/27/1125
f 1586/25/1126 1588/26/1126 1589/27/1126
f 1535/25/1127 1552/26/1127 1549/27/1127
f 1552/25/1128 1537/26/1128 1550/27/1128
f 1542/25/1129 1540/26/1129 1536/27/1129
f 1548/25/1130 1537/26/1130 1540/27/1130
f 1556/25/1131 1547/26/1131 1543/27/1131
f 1562/25/1132 1544/26/1132 1547/27/1132
f 1557/25/1133 1554/26/1133 1561/27/1133
f 1561/25/1134 1550/26/1134 1558/27/1134
f 1577/25/1135 1555/26/1135 1580/27/1135
f 1580/25/1136 1551/26/1136 1578/27/1136
f 1584/25/1137 1559/26/1137 1556/27/1137
f 1559/25/1138 1586/26/1138 1557/27/1138
f 1579/25/1139 1589/26/1139 1585/27/1139
f 1589/25/1140 1578/26/1140 1586/27/1140
f 1577/25/1141 1566/26/1141 1563/27/1141
f 1566/25/1142 1579/26/1142 1564/27/1142
f 1570/25/1143 1587/26/1143 1584/27/1143
f 1576/25/1144 1585/26/1144 1587/27/1144
f 1565/25/1145 1575/26/1145 1571/27/1145
f 1575/25/1146 1564/26/1146 1572/27/1146
f 1535/25/1147 1569/26/1147 1538/27/1147
f 1569/25/1148 1536/26/1148 1538/27/1148
f 1570/25/1149 1545/26/1149 1573/27/1149
f 1545/25/1150 1571/26/1150 1573/27/1150
f 1577/25/1102 1535/26/1102 1549/27/1102
f 1544/25/1100 1550/26/1100 1537/27/1100
f 1565/25/23 1542/26/23 1536/27/23
f 1556/25/1099 1570/26/1099 1584/27/1099
f 1557/25/25 1578/26/25 1551/27/25
f 1585/25/1101 1564/26/1101 1579/27/1101
f 1592/16/1100 1593/17/1100 1591/18/1100
f 1594/16/25 1597/17/25 1593/18/25
f 1598/16/1101 1595/17/1101 1597/18/1101
f 1595/16/23 1592/17/23 1591/18/23
f 1597/16/1102 1591/17/1102 1593/18/1102
f 1594/16/1099 1596/17/1099 1598/18/1099
f 1600/16/1100 1601/17/1100 1599/18/1100
f 1602/16/25 1605/17/25 1601/18/25
f 1606/16/1101 1603/17/1101 1605/18/1101
f 1603/16/23 1600/17/23 1599/18/23
f 1605/16/1102 1599/17/1102 1601/18/1102
f 1602/16/1099 1604/17/1099 1606/18/1099
f 1608/22/1151 1609/23/1151 1607/24/1151
f 1609/22/25 1614/23/25 1613/24/25
f 1614/22/1152 1611/23/1152 1613/24/1152
f 1611/22/23 1608/23/23 1607/24/23
f 1613/22/1153 1607/23/1153 1609/24/1153
f 1610/22/1098 1612/23/1098 1614/24/1098
f 1615/25/1154 1619/26/1154 1621/27/1154
f 1616/25/1155 1619/26/1155 1618/27/1155
f 1617/25/1156 1619/26/1156 1620/27/1156
f 1622/25/1157 1626/26/1157 1628/27/1157
f 1623/25/1158 1626/26/1158 1625/27/1158
f 1624/25/1159 1626/26/1159 1627/27/1159
f 1629/25/1160 1633/26/1160 1635/27/1160
f 1630/25/1161 1633/26/1161 1632/27/1161
f 1631/25/1162 1633/26/1162 1634/27/1162
f 1636/25/1163 1640/26/1163 1642/27/1163
f 1637/25/1164 1640/26/1164 1639/27/1164
f 1638/25/1165 1640/26/1165 1641/27/1165
f 1643/25/1166 1647/26/1166 1649/27/1166
f 1644/25/1167 1647/26/1167 1646/27/1167
f 1645/25/1168 1647/26/1168 1648/27/1168
f 1650/25/1169 1654/26/1169 1656/27/1169
f 1651/25/1170 1654/26/1170 1653/27/1170
f 1652/25/1171 1654/26/1171 1655/27/1171
f 1657/25/1172 1661/26/1172 1663/27/1172
f 1658/25/1173 1661/26/1173 1660/27/1173
f 1659/25/1174 1661/26/1174 1662/27/1174
f 1664/25/1175 1668/26/1175 1670/27/1175
f 1665/25/1176 1668/26/1176 1667/27/1176
f 1666/25/1177 1668/26/1177 1669/27/1177
f 1615/25/1178 1632/26/1178 1629/27/1178
f 1621/25/1179 1630/26/1179 1632/27/1179
f 1616/25/1180 1628/26/1180 1620/27/1180
f 1620/25/1181 1624/26/1181 1617/27/1181
f 1636/25/1182 1627/26/1182 1623/27/1182
f 1642/25/1183 1624/26/1183 1627/27/1183
f 1631/25/1184 1641/26/1184 1637/27/1184
f 1641/25/1185 1630/26/1185 1638/27/1185
f 1657/25/1186 1635/26/1186 1660/27/1186
f 1660/25/1187 1631/26/1187 1658/27/1187
f 1664/25/1188 1639/26/1188 1636/27/1188
f 1670/25/1189 1637/26/1189 1639/27/1189
f 1665/25/1190 1662/26/1190 1669/27/1190
f 1662/25/1191 1666/26/1191 1669/27/1191
f 1657/25/1192 1646/26/1192 1643/27/1192
f 1663/25/1193 1644/26/1193 1646/27/1193
f 1650/25/1194 1667/26/1194 1664/27/1194
f 1656/25/1195 1665/26/1195 1667/27/1195
f 1645/25/1196 1655/26/1196 1651/27/1196
f 1648/25/1197 1652/26/1197 1655/27/1197
f 1615/25/1198 1649/26/1198 1618/27/1198
f 1649/25/1199 1616/26/1199 1618/27/1199
f 1623/25/1200 1653/26/1200 1650/27/1200
f 1653/25/1201 1622/26/1201 1651/27/1201
f 1657/25/1153 1615/26/1153 1629/27/1153
f 1624/25/1151 1630/26/1151 1617/27/1151
f 1651/25/23 1616/26/23 1645/27/23
f 1636/25/1098 1650/26/1098 1664/27/1098
f 1637/25/25 1658/26/25 1631/27/25
f 1665/25/1152 1644/26/1152 1659/27/1152
f 1672/16/1151 1673/17/1151 1671/18/1151
f 1674/16/25 1677/17/25 1673/18/25
f 1678/16/1152 1675/17/1152 1677/18/1152
f 1676/16/23 1671/17/23 1675/18/23
f 1677/16/1153 1671/17/1153 1673/18/1153
f 1674/16/1098 1676/17/1098 1678/18/1098
f 1680/16/1151 1681/17/1151 1679/18/1151
f 1682/16/25 1685/17/25 1681/18/25
f 1686/16/1152 1683/17/1152 1685/18/1152
f 1684/16/23 1679/17/23 1683/18/23
f 1685/16/1153 1679/17/1153 1681/18/1153
f 1682/16/1098 1684/17/1098 1686/18/1098
f 1688/25/11 1689/26/11 1687/27/11
f 1689/25/25 1694/26/25 1693/27/25
f 1694/25/16 1691/26/16 1693/27/16
f 1692/25/23 1687/26/23 1691/27/23
f 1693/25/9 1687/26/9 1689/27/9
f 1690/25/17 1692/26/17 1694/27/17
f 1696/16/22 1697/17/22 1695/18/22
f 1698/16/25 1701/17/25 1697/18/25
f 1702/16/26 1699/17/26 1701/18/26
f 1700/16/23 1695/17/23 1699/18/23
f 1701/16/21 1695/17/21 1697/18/21
f 1698/16/24 1700/17/24 1702/18/24
f 1704/16/22 1705/17/22 1703/18/22
f 1706/16/25 1709/17/25 1705/18/25
f 1710/16/26 1707/17/26 1709/18/26
f 1708/16/23 1703/17/23 1707/18/23
f 1709/16/21 1703/17/21 1705/18/21
f 1706/16/24 1708/17/24 1710/18/24
f 1712/16/22 1713/17/22 1711/18/22
f 1714/16/25 1717/17/25 1713/18/25
f 1718/16/26 1715/17/26 1717/18/26
f 1716/16/23 1711/17/23 1715/18/23
f 1717/16/21 1711/17/21 1713/18/21
f 1714/16/24 1716/17/24 1718/18/24
f 1720/16/22 1721/17/22 1719/18/22
f 1722/16/25 1725/17/25 1721/18/25
f 1726/16/26 1723/17/26 1725/18/26
f 1724/16/23 1719/17/23 1723/18/23
f 1725/16/21 1719/17/21 1721/18/21
f 1722/16/24 1724/17/24 1726/18/24
f 1727/13/1202 1728/14/1202 1729/15/1202
f 1730/13/1203 1731/14/1203 1732/15/1203
f 1733/13/1204 1734/14/1204 1735/15/1204
f 1736/13/1205 1737/14/1205 1738/15/1205
f 1739/13/1206 1740/14/1206 1741/15/1206
f 1742/13/1207 1743/14/1207 1744/15/1207
f 1745/13/1208 1746/14/1208 1747/15/1208
f 1748/13/1209 1749/14/1209 1750/15/1209
f 1727/13/9 1734/14/9 1733/15/9
f 1730/13/10 1729/14/10 1728/15/10
f 1736/13/11 1732/14/11 1731/15/11
f 1735/13/12 1738/14/12 1737/15/12
f 1733/13/13 1746/14/13 1745/15/13
f 1748/13/14 1737/14/14 1736/15/14
f 1747/13/15 1750/14/15 1749/15/15
f 1745/13/16 1740/14/16 1739/15/16
f 1742/13/17 1749/14/17 1748/15/17
f 1741/13/18 1744/14/18 1743/15/18
f 1739/13/19 1728/14/19 1727/15/19
f 1731/13/20 1743/14/20 1742/15/20
f 1745/13/21 1727/14/21 1733/15/21
f 1732/13/22 1734/14/22 1729/15/22
f 1743/13/23 1728/14/23 1741/15/23
f 1736/13/24 1742/14/24 1748/15/24
f 1737/13/25 1746/14/25 1735/15/25
f 1749/13/26 1740/14/26 1747/15/26
f 1752/16/22 1753/17/22 1751/18/22
f 1754/16/25 1757/17/25 1753/18/25
f 1758/16/26 1755/17/26 1757/18/26
f 1756/16/23 1751/17/23 1755/18/23
f 1757/16/21 1751/17/21 1753/18/21
f 1754/16/24 1756/17/24 1758/18/24
f 1760/16/22 1761/17/22 1759/18/22
f 1762/16/25 1765/17/25 1761/18/25
f 1766/16/26 1763/17/26 1765/18/26
f 1764/16/23 1759/17/23 1763/18/23
f 1765/16/21 1759/17/21 1761/18/21
f 1762/16/24 1764/17/24 1766/18/24
f 1768/16/22 1769/17/22 1767/18/22
f 1770/16/25 1773/17/25 1769/18/25
f 1774/16/26 1771/17/26 1773/18/26
f 1772/16/23 1767/17/23 1771/18/23
f 1773/16/21 1767/17/21 1769/18/21
f 1770/16/24 1772/17/24 1774/18/24
f 1776/16/22 1777/17/22 1775/18/22
f 1778/16/25 1781/17/25 1777/18/25
f 1782/16/26 1779/17/26 1781/18/26
f 1780/16/23 1775/17/23 1779/18/23
f 1781/16/21 1775/17/21 1777/18/21
f 1778/16/24 1780/17/24 1782/18/24
f 1784/16/22 1785/17/22 1783/18/22
f 1786/16/25 1789/17/25 1785/18/25
f 1790/16/26 1787/17/26 1789/18/26
f 1788/16/23 1783/17/23 1787/18/23
f 1789/16/21 1783/17/21 1785/18/21
f 1786/16/24 1788/17/24 1790/18/24
f 1791/16/1210 1792/17/1210 1793/18/1210
f 1794/16/1211 1795/17/1211 1796/18/1211
f 1797/16/1212 1798/17/1212 1799/18/1212
f 1800/16/1213 1801/17/1213 1802/18/1213
f 1803/16/1214 1804/17/1214 1805/18/1214
f 1806/16/1215 1807/17/1215 1808/18/1215
f 1809/16/7 1810/17/7 1811/18/7
f 1812/16/1216 1813/17/1216 1814/18/1216
f 1791/16/9 1798/17/9 1797/18/9
f 1794/16/10 1793/17/10 1792/18/10
f 1800/16/11 1796/17/11 1795/18/11
f 1799/16/12 1802/17/12 1801/18/12
f 1797/16/13 1810/17/13 1809/18/13
f 1812/16/14 1801/17/14 1800/18/14
f 1811/16/15 1814/17/15 1813/18/15
f 1809/16/16 1804/17/16 1803/18/16
f 1806/16/17 1813/17/17 1812/18/17
f 1805/16/18 1808/17/18 1807/18/18
f 1803/16/19 1792/17/19 1791/18/19
f 1795/16/20 1807/17/20 1806/18/20
f 1809/16/21 1791/17/21 1797/18/21
f 1796/16/22 1798/17/22 1793/18/22
f 1807/16/23 1792/17/23 1805/18/23
f 1800/16/24 1806/17/24 1812/18/24
f 1801/16/25 1810/17/25 1799/18/25
f 1813/16/26 1804/17/26 1811/18/26
f 1816/16/22 1817/17/22 1815/18/22
f 1818/16/25 1821/17/25 1817/18/25
f 1822/16/26 1819/17/26 1821/18/26
f 1820/16/23 1815/17/23 1819/18/23
f 1821/16/21 1815/17/21 1817/18/21
f 1818/16/24 1820/17/24 1822/18/24
f 1824/16/22 1825/17/22 1823/18/22
f 1826/16/25 1829/17/25 1825/18/25
f 1830/16/26 1827/17/26 1829/18/26
f 1828/16/23 1823/17/23 1827/18/23
f 1829/16/21 1823/17/21 1825/18/21
f 1826/16/24 1828/17/24 1830/18/24
f 1831/28/1217 1832/29/1217 1833/30/1217
f 1832/28/1218 1831/29/1218 1836/30/1218
f 1831/28/1219 1833/29/1219 1834/30/1219
f 1831/28/1220 1834/29/1220 1835/30/1220
f 1831/28/1221 1835/29/1221 1836/30/1221
f 1832/28/1222 1836/29/1222 1841/30/1222
f 1833/28/1223 1832/29/1223 1837/30/1223
f 1834/28/1224 1833/29/1224 1838/30/1224
f 1835/28/1225 1834/29/1225 1839/30/1225
f 1836/28/1226 1835/29/1226 1840/30/1226
f 1832/28/1227 1841/29/1227 1837/30/1227
f 1833/28/1228 1837/29/1228 1838/30/1228
f 1834/28/1229 1838/29/1229 1839/30/1229
f 1835/28/1230 1839/29/1230 1840/30/1230
f 1836/28/1231 1840/29/1231 1841/30/1231
f 1837/28/1232 1841/29/1232 1842/30/1232
f 1838/28/1233 1837/29/1233 1842/30/1233
f 1839/28/1234 1838/29/1234 1842/30/1234
f 1840/28/1235 1839/29/1235 1842/30/1235
f 1841/28/1236 1840/29/1236 1842/30/1236
f 1843/16/1202 1844/17/1202 1845/18/1202
f 1846/16/1237 1847/17/1237 1848/18/1237
f 1849/16/1238 1850/17/1238 1851/18/1238
f 1852/16/1239 1853/17/1239 1854/18/1239
f 1855/16/1240 1856/17/1240 1857/18/1240
f 1858/16/1215 1859/17/1215 1860/18/1215
f 1861/16/1241 1862/17/1241 1863/18/1241
f 1864/16/1216 1865/17/1216 1866/18/1216
f 1843/16/9 1850/17/9 1849/18/9
f 1846/16/10 1845/17/10 1844/18/10
f 1852/16/11 1848/17/11 1847/18/11
f 1851/16/12 1854/17/12 1853/18/12
f 1849/16/13 1862/17/13 1861/18/13
f 1864/16/14 1853/17/14 1852/18/14
f 1863/16/15 1866/17/15 1865/18/15
f 1861/16/16 1856/17/16 1855/18/16
f 1858/16/17 1865/17/17 1864/18/17
f 1857/16/18 1860/17/18 1859/18/18
f 1855/16/19 1844/17/19 1843/18/19
f 1847/16/20 1859/17/20 1858/18/20
f 1861/16/21 1843/17/21 1849/18/21
f 1848/16/22 1850/17/22 1845/18/22
f 1859/16/23 1844/17/23 1857/18/23
f 1852/16/24 1858/17/24 1864/18/24
f 1853/16/25 1862/17/25 1851/18/25
f 1865/16/26 1856/17/26 1863/18/26
f 1867/16/1210 1868/17/1210 1869/18/1210
f 1870/16/1203 1871/17/1203 1872/18/1203
f 1873/16/1242 1874/17/1242 1875/18/1242
f 1876/16/1243 1877/17/1243 1878/18/1243
f 1879/16/1206 1880/17/1206 1881/18/1206
f 1882/16/1244 1883/17/1244 1884/18/1244
f 1885/16/1245 1886/17/1245 1887/18/1245
f 1888/16/1246 1889/17/1246 1890/18/1246
f 1867/16/9 1874/17/9 1873/18/9
f 1870/16/10 1869/17/10 1868/18/10
f 1876/16/11 1872/17/11 1871/18/11
f 1875/16/12 1878/17/12 1877/18/12
f 1873/16/13 1886/17/13 1885/18/13
f 1888/16/14 1877/17/14 1876/18/14
f 1887/16/15 1890/17/15 1889/18/15
f 1885/16/16 1880/17/16 1879/18/16
f 1882/16/17 1889/17/17 1888/18/17
f 1881/16/18 1884/17/18 1883/18/18
f 1879/16/19 1868/17/19 1867/18/19
f 1871/16/20 1883/17/20 1882/18/20
f 1885/16/21 1867/17/21 1873/18/21
f 1872/16/22 1874/17/22 1869/18/22
f 1883/16/23 1868/17/23 1881/18/23
f 1876/16/24 1882/17/24 1888/18/24
f 1877/16/25 1886/17/25 1875/18/25
f 1889/16/26 1880/17/26 1887/18/26
f 1892/16/22 1893/17/22 1891/18/22
f 1894/16/25 1897/17/25 1893/18/25
f 1898/16/26 1895/17/26 1897/18/26
f 1896/16/23 1891/17/23 1895/18/23
f 1897/16/21 1891/17/21 1893/18/21
f 1894/16/24 1896/17/24 1898/18/24
f 1900/16/22 1901/17/22 1899/18/22
f 1902/16/25 1905/17/25 1901/18/25
f 1906/16/26 1903/17/26 1905/18/26
f 1904/16/23 1899/17/23 1903/18/23
f 1905/16/21 1899/17/21 1901/18/21
f 1902/16/24 1904/17/24 1906/18/24
f 1908/16/22 1909/17/22 1907/18/22
f 1910/16/25 1913/17/25 1909/18/25
f 1914/16/26 1911/17/26 1913/18/26
f 1912/16/23 1907/17/23 1911/18/23
f 1913/16/21 1907/17/21 1909/18/21
f 1910/16/24 1912/17/24 1914/18/24
f 1916/16/22 1917/17/22 1915/18/22
f 1918/16/25 1921/17/25 1917/18/25
f 1922/16/26 1919/17/26 1921/18/26
f 1920/16/23 1915/17/23 1919/18/23
f 1921/16/21 1915/17/21 1917/18/21
f 1918/16/24 1920/17/24 1922/18/24
f 1923/25/1247 1924/26/1247 1925/27/1247
f 1926/25/1248 1927/26/1248 1928/27/1248
f 1929/25/1242 1930/26/1242 1931/27/1242
f 1932/25/1243 1933/26/1243 1934/27/1243
f 1935/25/1249 1936/26/1249 1937/27/1249
f 1938/25/6 1939/26/6 1940/27/6
f 1941/25/1250 1942/26/1250 1943/27/1250
f 1944/25/1251 1945/26/1251 1946/27/1251
f 1923/25/9 1930/26/9 1929/27/9
f 1926/25/10 1925/26/10 1924/27/10
f 1932/25/11 1928/26/11 1927/27/11
f 1931/25/12 1934/26/12 1933/27/12
f 1929/25/13 1942/26/13 1941/27/13
f 1944/25/14 1933/26/14 1932/27/14
f 1943/25/15 1946/26/15 1945/27/15
f 1941/25/16 1936/26/16 1935/27/16
f 1938/25/17 1945/26/17 1944/27/17
f 1937/25/18 1940/26/18 1939/27/18
f 1935/25/19 1924/26/19 1923/27/19
f 1927/25/20 1939/26/20 1938/27/20
f 1941/25/21 1923/26/21 1929/27/21
f 1928/25/22 1930/26/22 1925/27/22
f 1939/25/23 1924/26/23 1937/27/23
f 1932/25/24 1938/26/24 1944/27/24
f 1933/25/25 1942/26/25 1931/27/25
f 1945/25/26 1936/26/26 1943/27/26
f 1947/25/1252 1948/26/1252 1949/27/1252
f 1950/25/1253 1951/26/1253 1952/27/1253
f 1953/25/3 1954/26/3 1955/27/3
f 1956/25/4 1957/26/4 1958/27/4
f 1959/25/5 1960/26/5 1961/27/5
f 1962/25/1254 1963/26/1254 1964/27/1254
f 1965/25/7 1966/26/7 1967/27/7
f 1968/25/8 1969/26/8 1970/27/8
f 1947/25/9 1954/26/9 1953/27/9
f 1950/25/10 1949/26/10 1948/27/10
f 1956/25/11 1952/26/11 1951/27/11
f 1955/25/12 1958/26/12 1957/27/12
f 1953/25/13 1966/26/13 1965/27/13
f 1968/25/14 1957/26/14 1956/27/14
f 1967/25/15 1970/26/15 1969/27/15
f 1965/25/16 1960/26/16 1959/27/16
f 1962/25/17 1969/26/17 1968/27/17
f 1961/25/18 1964/26/18 1963/27/18
f 1959/25/19 1948/26/19 1947/27/19
f 1951/25/20 1963/26/20 1962/27/20
f 1965/25/21 1947/26/21 1953/27/21
f 1952/25/22 1954/26/22 1949/27/22
f 1963/25/23 1948/26/23 1961/27/23
f 1956/25/24 1962/26/24 1968/27/24
f 1957/25/25 1966/26/25 1955/27/25
f 1969/25/26 1960/26/26 1967/27/26
f 1972/31/22 1973/32/22 1971/33/22
f 1974/31/25 1977/32/25 1973/33/25
f 1978/31/26 1975/32/26 1977/33/26
f 1976/31/23 1971/32/23 1975/33/23
f 1977/31/21 1971/32/21 1973/33/21
f 1974/31/24 1976/32/24 1978/33/24
f 1980/31/22 1981/32/22 1979/33/22
f 1982/31/25 1985/32/25 1981/33/25
f 1986/31/26 1983/32/26 1985/33/26
f 1984/31/23 1979/32/23 1983/33/23
f 1985/31/21 1979/32/21 1981/33/21
f 1982/31/24 1984/32/24 1986/33/24
f 1987/31/1255 1991/32/1255 1988/33/1255
f 1988/31/1256 1991/32/1256 1989/33/1256
f 1988/31/21 1990/32/21 1987/33/21
f 1989/31/1257 1991/32/1257 1990/33/1257
f 1990/31/1258 1991/32/1258 1987/33/1258
f 1992/16/1202 1993/17/1202 1994/18/1202
f 1995/16/1237 1996/17/1237 1997/18/1237
f 1998/16/1238 1999/17/1238 2000/18/1238
f 2001/16/1239 2002/17/1239 2003/18/1239
f 2004/16/1206 2005/17/1206 2006/18/1206
f 2007/16/1244 2008/17/1244 2009/18/1244
f 2010/16/1250 2011/17/1250 2012/18/1250
f 2013/16/1251 2014/17/1251 2015/18/1251
f 1992/16/9 1999/17/9 1998/18/9
f 1995/16/10 1994/17/10 1993/18/10
f 2001/16/11 1997/17/11 1996/18/11
f 2000/16/12 2003/17/12 2002/18/12
f 1998/16/13 2011/17/13 2010/18/13
f 2013/16/14 2002/17/14 2001/18/14
f 2012/16/15 2015/17/15 2014/18/15
f 2010/16/16 2005/17/16 2004/18/16
f 2007/16/17 2014/17/17 2013/18/17
f 2006/16/18 2009/17/18 2008/18/18
f 2004/16/19 1993/17/19 1992/18/19
f 1996/16/20 2008/17/20 2007/18/20
f 2010/16/21 1992/17/21 1998/18/21
f 1997/16/22 1999/17/22 1994/18/22
f 2008/16/23 1993/17/23 2006/18/23
f 2001/16/24 2007/17/24 2013/18/24
f 2002/16/25 2011/17/25 2000/18/25
f 2014/16/26 2005/17/26 2012/18/26
f 2016/16/1202 2017/17/1202 2018/18/1202
f 2019/16/1237 2020/17/1237 2021/18/1237
f 2022/16/1238 2023/17/1238 2024/18/1238
f 2025/16/1239 2026/17/1239 2027/18/1239
f 2028/16/1206 2029/17/1206 2030/18/1206
f 2031/16/1244 2032/17/1244 2033/18/1244
f 2034/16/1250 2035/17/1250 2036/18/1250
f 2037/16/1251 2038/17/1251 2039/18/1251
f 2016/16/9 2023/17/9 2022/18/9
f 2019/16/10 2018/17/10 2017/18/10
f 2025/16/11 2021/17/11 2020/18/11
f 2024/16/12 2027/17/12 2026/18/12
f 2022/16/13 2035/17/13 2034/18/13
f 2037/16/14 2026/17/14 2025/18/14
f 2036/16/15 2039/17/15 2038/18/15
f 2034/16/16 2029/17/16 2028/18/16
f 2031/16/17 2038/17/17 2037/18/17
f 2030/16/18 2033/17/18 2032/18/18
f 2028/16/19 2017/17/19 2016/18/19
f 2020/16/20 2032/17/20 2031/18/20
f 2034/16/21 2016/17/21 2022/18/21
f 2021/16/22 2023/17/22 2018/18/22
f 2032/16/23 2017/17/23 2030/18/23
f 2025/16/24 2031/17/24 2037/18/24
f 2026/16/25 2035/17/25 2024/18/25
f 2038/16/26 2029/17/26 2036/18/26
f 2041/22/1259 2042/23/1259 2040/24/1259
f 2043/22/25 2046/23/25 2042/24/25
f 2047/22/1260 2044/23/1260 2046/24/1260
f 2045/22/23 2040/23/23 2044/24/23
f 2046/22/1261 2040/23/1261 2042/24/1261
f 2043/22/1262 2045/23/1262 2047/24/1262
f 2048/25/1263 2049/26/1263 2050/27/1263
f 2051/25/1264 2052/26/1264 2053/27/1264
f 2054/25/1265 2055/26/1265 2056/27/1265
f 2057/25/1266 2058/26/1266 2059/27/1266
f 2060/25/1267 2061/26/1267 2062/27/1267
f 2063/25/1268 2064/26/1268 2065/27/1268
f 2066/25/1269 2067/26/1269 2068/27/1269
f 2069/25/1270 2070/26/1270 2071/27/1270
f 2048/25/1271 2055/26/1271 2054/27/1271
f 2051/25/1272 2050/26/1272 2049/27/1272
f 2057/25/1273 2053/26/1273 2052/27/1273
f 2058/25/1274 2055/26/1274 2059/27/1274
f 2054/25/1275 2067/26/1275 2066/27/1275
f 2069/25/1276 2058/26/1276 2057/27/1276
f 2070/25/1277 2067/26/1277 2071/27/1277
f 2066/25/1278 2061/26/1278 2060/27/1278
f 2063/25/1279 2070/26/1279 2069/27/1279
f 2064/25/1280 2061/26/1280 2065/27/1280
f 2048/25/1281 2062/26/1281 2049/27/1281
f 2063/25/1282 2051/26/1282 2064/27/1282
f 2066/25/1261 2048/26/1261 2054/27/1261
f 2053/25/1259 2055/26/1259 2050/27/1259
f 2064/25/23 2049/26/23 2062/27/23
f 2057/25/1262 2063/26/1262 2069/27/1262
f 2058/25/25 2067/26/25 2056/27/25
f 2070/25/1260 2061/26/1260 2068/27/1260
f 2073/22/1283 2074/23/1283 2072/24/1283
f 2075/22/25 2078/23/25 2074/24/25
f 2079/22/1284 2076/23/1284 2078/24/1284
f 2077/22/23 2072/23/23 2076/24/23
f 2078/22/1285 2072/23/1285 2074/24/1285
f 2075/22/1286 2077/23/1286 2079/24/1286
f 2080/25/1287 2081/26/1287 2082/27/1287
f 2083/25/1288 2084/26/1288 2085/27/1288
f 2086/25/1289 2087/26/1289 2088/27/1289
f 2089/25/1290 2090/26/1290 2091/27/1290
f 2092/25/1291 2093/26/1291 2094/27/1291
f 2095/25/1292 2096/26/1292 2097/27/1292
f 2098/25/1293 2099/26/1293 2100/27/1293
f 2101/25/1294 2102/26/1294 2103/27/1294
f 2080/25/1295 2087/26/1295 2086/27/1295
f 2081/25/1296 2085/26/1296 2082/27/1296
f 2089/25/1297 2085/26/1297 2084/27/1297
f 2088/25/1298 2091/26/1298 2090/27/1298
f 2098/25/1299 2088/26/1299 2099/27/1299
f 2089/25/1300 2103/26/1300 2090/27/1300
f 2102/25/1301 2099/26/1301 2103/27/1301
f 2098/25/1302 2093/26/1302 2092/27/1302
f 2095/25/1303 2102/26/1303 2101/27/1303
f 2096/25/1304 2093/26/1304 2097/27/1304
f 2092/25/1305 2081/26/1305 2080/27/1305
f 2095/25/1306 2083/26/1306 2096/27/1306
f 2098/25/1285 2080/26/1285 2086/27/1285
f 2085/25/1283 2087/26/1283 2082/27/1283
f 2096/25/23 2081/26/23 2094/27/23
f 2089/25/1286 2095/26/1286 2101/27/1286
f 2088/25/25 2103/26/25 2099/27/25
f 2102/25/1284 2093/26/1284 2100/27/1284
f 2104/16/23 2105/17/23 2106/18/23
f 2109/16/25 2108/17/25 2107/18/25
f 2107/16/21 2105/17/21 2104/18/21
f 2108/16/1286 2106/17/1286 2105/18/1286
f 2109/16/1262 2104/17/1262 2106/18/1262
f 2111/16/22 2112/17/22 2110/18/22
f 2113/16/25 2116/17/25 2112/18/25
f 2117/16/26 2114/17/26 2116/18/26
f 2115/16/23 2110/17/23 2114/18/23
f 2116/16/21 2110/17/21 2112/18/21
f 2113/16/24 2115/17/24 2117/18/24
f 2118/13/1202 2119/14/1202 2120/15/1202
f 2121/13/1237 2122/14/1237 2123/15/1237
f 2124/13/1212 2125/14/1212 2126/15/1212
f 2127/13/1243 2128/14/1243 2129/15/1243
f 2130/13/1307 2131/14/1307 2132/15/1307
f 2133/13/1308 2134/14/1308 2135/15/1308
f 2136/13/1309 2137/14/1309 2138/15/1309
f 2139/13/8 2140/14/8 2141/15/8
f 2118/13/9 2125/14/9 2124/15/9
f 2121/13/10 2120/14/10 2119/15/10
f 2127/13/11 2123/14/11 2122/15/11
f 2126/13/12 2129/14/12 2128/15/12
f 2124/13/13 2137/14/13 2136/15/13
f 2139/13/14 2128/14/14 2127/15/14
f 2138/13/15 2141/14/15 2140/15/15
f 2136/13/16 2131/14/16 2130/15/16
f 2133/13/17 2140/14/17 2139/15/17
f 2132/13/18 2135/14/18 2134/15/18
f 2130/13/19 2119/14/19 2118/15/19
f 2122/13/20 2134/14/20 2133/15/20
f 2136/13/21 2118/14/21 2124/15/21
f 2123/13/22 2125/14/22 2120/15/22
f 2134/13/23 2119/14/23 2132/15/23
f 2127/13/24 2133/14/24 2139/15/24
f 2128/13/25 2137/14/25 2126/15/25
f 2140/13/26 2131/14/26 2138/15/26
f 2142/10/1252 2172/11/1252 2143/12/1252
f 2144/10/1203 2145/11/1203 2146/12/1203
f 2147/10/1310 2148/11/1310 2149/12/1310
f 2150/10/1311 2151/11/1311 2152/12/1311
f 2153/10/1214 2154/11/1214 2183/12/1214
f 2155/10/1207 2156/11/1207 2157/12/1207
f 2158/10/1245 2159/11/1245 2160/12/1245
f 2161/10/1246 2162/11/1246 2163/12/1246
f 2142/10/9 2148/11/9 2147/12/9
f 2172/10/10 2146/11/10 2143/12/10
f 2150/10/11 2146/11/11 2145/12/11
f 2149/10/12 2152/11/12 2151/12/12
f 2147/10/13 2159/11/13 2158/12/13
f 2161/10/14 2151/11/14 2150/12/14
f 2160/10/15 2163/11/15 2162/12/15
f 2158/10/16 2154/11/16 2153/12/16
f 2155/10/17 2162/11/17 2161/12/17
f 2183/10/18 2157/11/18 2156/12/18
f 2153/10/19 2172/11/19 2142/12/19
f 2145/10/20 2156/11/20 2155/12/20
f 2158/10/21 2142/11/21 2147/12/21
f 2146/10/22 2148/11/22 2143/12/22
f 2156/10/23 2172/11/23 2183/12/23
f 2150/10/24 2155/11/24 2161/12/24
f 2151/10/25 2159/11/25 2149/12/25
f 2162/10/26 2154/11/26 2160/12/26
f 2164/10/1252 2165/11/1252 2166/12/1252
f 2167/10/1253 2168/11/1253 2169/12/1253
f 2170/10/1310 2171/11/1310 2172/12/1310
f 2173/10/1311 2174/11/1311 2175/12/1311
f 2176/10/1214 2177/11/1214 2178/12/1214
f 2179/10/1312 2180/11/1312 2181/12/1312
f 2182/10/1245 2183/11/1245 2184/12/1245
f 2185/10/1246 2186/11/1246 2187/12/1246
f 2164/10/9 2171/11/9 2170/12/9
f 2167/10/10 2166/11/10 2165/12/10
f 2173/10/11 2169/11/11 2168/12/11
f 2172/10/12 2175/11/12 2174/12/12
f 2170/10/13 2183/11/13 2182/12/13
f 2185/10/14 2174/11/14 2173/12/14
f 2184/10/15 2187/11/15 2186/12/15
f 2182/10/16 2177/11/16 2176/12/16
f 2179/10/17 2186/11/17 2185/12/17
f 2178/10/18 2181/11/18 2180/12/18
f 2176/10/19 2165/11/19 2164/12/19
f 2168/10/20 2180/11/20 2179/12/20
f 2182/10/21 2164/11/21 2170/12/21
f 2169/10/22 2171/11/22 2166/12/22
f 2180/10/23 2165/11/23 2178/12/23
f 2173/10/24 2179/11/24 2185/12/24
f 2174/10/25 2183/11/25 2172/12/25
f 2186/10/26 2177/11/26 2184/12/26
f 2188/10/1313 2189/11/1313 2190/12/1313
f 2191/10/2 2192/11/2 2193/12/2
f 2194/10/1310 2195/11/1310 2165/12/1310
f 2196/10/1311 2197/11/1311 2198/12/1311
f 2199/10/1249 2200/11/1249 2201/12/1249
f 2202/10/6 2203/11/6 2204/12/6
f 2205/10/1245 2178/11/1245 2206/12/1245
f 2207/10/1246 2208/11/1246 2209/12/1246
f 2188/10/9 2195/11/9 2194/12/9
f 2191/10/10 2190/11/10 2189/12/10
f 2196/10/11 2193/11/11 2192/12/11
f 2165/10/12 2198/11/12 2197/12/12
f 2194/10/13 2178/11/13 2205/12/13
f 2207/10/14 2197/11/14 2196/12/14
f 2206/10/15 2209/11/15 2208/12/15
f 2205/10/16 2200/11/16 2199/12/16
f 2202/10/17 2208/11/17 2207/12/17
f 2201/10/18 2204/11/18 2203/12/18
f 2199/10/19 2189/11/19 2188/12/19
f 2192/10/20 2203/11/20 2202/12/20
f 2205/10/21 2188/11/21 2194/12/21
f 2193/10/22 2195/11/22 2190/12/22
f 2203/10/23 2189/11/23 2201/12/23
f 2196/10/24 2202/11/24 2207/12/24
f 2197/10/25 2178/11/25 2165/12/25
f 2208/10/26 2200/11/26 2206/12/26
f 2211/16/22 2212/17/22 2210/18/22
f 2213/16/25 2216/17/25 2212/18/25
f 2217/16/26 2214/17/26 2216/18/26
f 2215/16/23 2210/17/23 2214/18/23
f 2216/16/21 2210/17/21 2212/18/21
f 2213/16/24 2215/17/24 2217/18/24
f 2219/16/22 2220/17/22 2218/18/22
f 2221/16/25 2224/17/25 2220/18/25
f 2225/16/26 2222/17/26 2224/18/26
f 2223/16/23 2218/17/23 2222/18/23
f 2224/16/21 2218/17/21 2220/18/21
f 2221/16/24 2223/17/24 2225/18/24
f 2227/16/22 2228/17/22 2226/18/22
f 2229/16/25 2232/17/25 2228/18/25
f 2233/16/26 2230/17/26 2232/18/26
f 2231/16/23 2226/17/23 2230/18/23
f 2232/16/21 2226/17/21 2228/18/21
f 2229/16/24 2231/17/24 2233/18/24
f 2235/16/22 2236/17/22 2234/18/22
f 2237/16/25 2240/17/25 2236/18/25
f 2241/16/26 2238/17/26 2240/18/26
f 2239/16/23 2234/17/23 2238/18/23
f 2240/16/21 2234/17/21 2236/18/21
f 2237/16/24 2239/17/24 2241/18/24
f 2243/16/22 2244/17/22 2242/18/22
f 2245/16/25 2248/17/25 2244/18/25
f 2249/16/26 2246/17/26 2248/18/26
f 2247/16/23 2242/17/23 2246/18/23
f 2248/16/21 2242/17/21 2244/18/21
f 2245/16/24 2247/17/24 2249/18/24
f 2253/34/1314 2254/35/1314 2250/36/1314
f 2253/34/1315 2258/35/1315 2255/36/1315
f 2256/34/1316 2257/35/1316 2251/36/1316
f 2256/34/1317 2261/35/1317 2258/36/1317
f 2259/34/1318 2260/35/1318 2252/36/1318
f 2254/34/1319 2261/35/1319 2259/36/1319
f 2255/34/1320 2258/35/1320 2261/36/1320
f 2265/34/1321 2266/35/1321 2262/36/1321
f 2265/34/1322 2270/35/1322 2267/36/1322
f 2268/34/1323 2269/35/1323 2263/36/1323
f 2268/34/1324 2273/35/1324 2270/36/1324
f 2271/34/1325 2272/35/1325 2264/36/1325
f 2271/34/1326 2267/35/1326 2273/36/1326
f 2267/34/1327 2270/35/1327 2273/36/1327
f 2277/34/1328 2278/35/1328 2274/36/1328
f 2281/34/1329 2279/35/1329 2277/36/1329
f 2280/34/1330 2281/35/1330 2275/36/1330
f 2284/34/1331 2282/35/1331 2280/36/1331
f 2283/34/1332 2284/35/1332 2276/36/1332
f 2283/34/1333 2279/35/1333 2285/36/1333
f 2279/34/1334 2282/35/1334 2285/36/1334
f 2289/34/1335 2290/35/1335 2286/36/1335
f 2293/34/1336 2291/35/1336 2289/36/1336
f 2292/34/1337 2293/35/1337 2287/36/1337
f 2296/34/1338 2294/35/1338 2292/36/1338
f 2295/34/1339 2296/35/1339 2288/36/1339
f 2290/34/1340 2297/35/1340 2295/36/1340
f 2291/34/1341 2294/35/1341 2297/36/1341
f 2299/34/1342 2253/35/1342 2250/36/1342
f 2302/34/1343 2300/35/1343 2299/36/1343
f 2301/34/1344 2302/35/1344 2298/36/1344
f 2304/34/1345 2303/35/1345 2301/36/1345
f 2257/34/1346 2304/35/1346 2251/36/1346
f 2253/34/1347 2305/35/1347 2257/36/1347
f 2300/34/1348 2303/35/1348 2305/36/1348
f 2269/34/1349 2307/35/1349 2263/36/1349
f 2265/34/1350 2308/35/1350 2269/36/1350
f 2309/34/1351 2265/35/1351 2262/36/1351
f 2312/34/1352 2310/35/1352 2309/36/1352
f 2311/34/1353 2312/35/1353 2306/36/1353
f 2311/34/1354 2308/35/1354 2313/36/1354
f 2308/34/1355 2310/35/1355 2313/36/1355
f 2278/34/1356 2315/35/1356 2274/36/1356
f 2278/34/1357 2318/35/1357 2316/36/1357
f 2317/34/1358 2283/35/1358 2276/36/1358
f 2320/34/1359 2318/35/1359 2317/36/1359
f 2319/34/1360 2320/35/1360 2314/36/1360
f 2315/34/1361 2321/35/1361 2319/36/1361
f 2316/34/1362 2318/35/1362 2321/36/1362
f 2323/34/1363 2289/35/1363 2286/36/1363
f 2326/34/1364 2324/35/1364 2323/36/1364
f 2325/34/1365 2326/35/1365 2322/36/1365
f 2325/34/1366 2329/35/1366 2327/36/1366
f 2293/34/1367 2328/35/1367 2287/36/1367
f 2289/34/1368 2329/35/1368 2293/36/1368
f 2324/34/1369 2327/35/1369 2329/36/1369
f 2250/34/1370 2277/35/1370 2274/36/1370
f 2254/34/1371 2281/35/1371 2277/36/1371
f 2259/34/1372 2275/35/1372 2281/36/1372
f 2251/34/1373 2266/35/1373 2256/36/1373
f 2256/34/1374 2271/35/1374 2260/36/1374
f 2260/34/1375 2264/35/1375 2252/36/1375
f 2286/34/1376 2268/35/1376 2263/36/1376
f 2290/34/1377 2272/35/1377 2268/36/1377
f 2295/34/1378 2264/35/1378 2272/36/1378
f 2276/34/1379 2292/35/1379 2287/36/1379
f 2284/34/1380 2296/35/1380 2292/36/1380
f 2280/34/1381 2288/35/1381 2296/36/1381
f 2322/34/1382 2320/35/1382 2325/36/1382
f 2320/34/1383 2328/35/1383 2325/36/1383
f 2317/34/1384 2287/35/1384 2328/36/1384
f 2274/34/1385 2299/35/1385 2250/36/1385
f 2315/34/1386 2302/35/1386 2299/36/1386
f 2319/34/1387 2298/35/1387 2302/36/1387
f 2263/34/1388 2323/35/1388 2286/36/1388
f 2307/34/1389 2326/35/1389 2323/36/1389
f 2311/34/1390 2322/35/1390 2326/36/1390
f 2262/34/1391 2304/35/1391 2309/36/1391
f 2304/34/1392 2312/35/1392 2309/36/1392
f 2312/34/1393 2298/35/1393 2306/36/1393
f 2264/34/1394 2275/35/1394 2252/36/1394
f 2322/34/1395 2298/35/1395 2314/36/1395
f 2333/37/1314 2334/38/1314 2330/39/1314
f 2337/37/1315 2335/38/1315 2333/39/1315
f 2336/37/1316 2337/38/1316 2331/39/1316
f 2336/37/1317 2341/38/1317 2338/39/1317
f 2339/37/1318 2340/38/1318 2332/39/1318
f 2334/37/1319 2341/38/1319 2339/39/1319
f 2335/37/1320 2338/38/1320 2341/39/1320
f 2345/37/1321 2346/38/1321 2342/39/1321
f 2345/37/1322 2350/38/1322 2347/39/1322
f 2348/37/1323 2349/38/1323 2343/39/1323
f 2352/37/1324 2350/38/1324 2348/39/1324
f 2351/37/1325 2352/38/1325 2344/39/1325
f 2351/37/1326 2347/38/1326 2353/39/1326
f 2347/37/1327 2350/38/1327 2353/39/1327
f 2357/37/1328 2358/38/1328 2354/39/1328
f 2357/37/1329 2362/38/1329 2359/39/1329
f 2360/37/1330 2361/38/1330 2355/39/1330
f 2364/37/1331 2362/38/1331 2360/39/1331
f 2363/37/1332 2364/38/1332 2356/39/1332
f 2363/37/1333 2359/38/1333 2365/39/1333
f 2359/37/1334 2362/38/1334 2365/39/1334
f 2369/37/1335 2370/38/1335 2366/39/1335
f 2373/37/1336 2371/38/1336 2369/39/1336
f 2372/37/1337 2373/38/1337 2367/39/1337
f 2376/37/1338 2374/38/1338 2372/39/1338
f 2375/37/1339 2376/38/1339 2368/39/1339
f 2370/37/1340 2377/38/1340 2375/39/1340
f 2371/37/1341 2374/38/1341 2377/39/1341
f 2379/37/1342 2333/38/1342 2330/39/1342
f 2382/37/1343 2380/38/1343 2379/39/1343
f 2381/37/1344 2382/38/1344 2378/39/1344
f 2384/37/1345 2383/38/1345 2381/39/1345
f 2337/37/1346 2384/38/1346 2331/39/1346
f 2333/37/1347 2385/38/1347 2337/39/1347
f 2380/37/1348 2383/38/1348 2385/39/1348
f 2349/37/1349 2387/38/1349 2343/39/1349
f 2349/37/1350 2390/38/1350 2388/39/1350
f 2389/37/1351 2345/38/1351 2342/39/1351
f 2392/37/1396 2390/38/1396 2389/39/1396
f 2391/37/1353 2392/38/1353 2386/39/1353
f 2387/37/1354 2393/38/1354 2391/39/1354
f 2388/37/1355 2390/38/1355 2393/39/1355
f 2358/37/1356 2395/38/1356 2354/39/1356
f 2358/37/1357 2398/38/1357 2396/39/1357
f 2397/37/1358 2363/38/1358 2356/39/1358
f 2397/37/1397 2401/38/1397 2398/39/1397
f 2399/37/1360 2400/38/1360 2394/39/1360
f 2399/37/1361 2396/38/1361 2401/39/1361
f 2396/37/1362 2398/38/1362 2401/39/1362
f 2403/37/1363 2369/38/1363 2366/39/1363
f 2403/37/1364 2407/38/1364 2404/39/1364
f 2405/37/1365 2406/38/1365 2402/39/1365
f 2408/37/1398 2407/38/1398 2405/39/1398
f 2373/37/1367 2408/38/1367 2367/39/1367
f 2373/37/1399 2404/38/1399 2409/39/1399
f 2404/37/1369 2407/38/1369 2409/39/1369
f 2330/37/1370 2357/38/1370 2354/39/1370
f 2334/37/1371 2361/38/1371 2357/39/1371
f 2339/37/1372 2355/38/1372 2361/39/1372
f 2331/37/1373 2346/38/1373 2336/39/1373
f 2346/37/1374 2340/38/1374 2336/39/1374
f 2340/37/1375 2344/38/1375 2332/39/1375
f 2366/37/1376 2348/38/1376 2343/39/1376
f 2370/37/1377 2352/38/1377 2348/39/1377
f 2375/37/1378 2344/38/1378 2352/39/1378
f 2367/37/1379 2364/38/1379 2372/39/1379
f 2364/37/1380 2376/38/1380 2372/39/1380
f 2360/37/1381 2368/38/1381 2376/39/1381
f 2394/37/1382 2405/38/1382 2402/39/1382
f 2400/37/1383 2408/38/1383 2405/39/1383
f 2408/37/1384 2356/38/1384 2367/39/1384
f 2354/37/1385 2379/38/1385 2330/39/1385
f 2395/37/1386 2382/38/1386 2379/39/1386
f 2399/37/1387 2378/38/1387 2382/39/1387
f 2343/37/1388 2403/38/1388 2366/39/1388
f 2387/37/1389 2406/38/1389 2403/39/1389
f 2391/37/1390 2402/38/1390 2406/39/1390
f 2342/37/1391 2384/38/1391 2389/39/1391
f 2389/37/1392 2381/38/1392 2392/39/1392
f 2392/37/1393 2378/38/1393 2386/39/1393
f 2344/37/1394 2355/38/1394 2332/39/1394
f 2402/37/1395 2378/38/1395 2394/39/1395
f 2413/40/1314 2414/41/1314 2410/42/1314
f 2417/40/1315 2415/41/1315 2413/42/1315
f 2416/40/1316 2417/41/1316 2411/42/1316
f 2416/40/1317 2421/41/1317 2418/42/1317
f 2419/40/1318 2420/41/1318 2412/42/1318
f 2414/40/1319 2421/41/1319 2419/42/1319
f 2415/40/1320 2418/41/1320 2421/42/1320
f 2425/40/1321 2426/41/1321 2422/42/1321
f 2425/40/1322 2430/41/1322 2427/42/1322
f 2428/40/1323 2429/41/1323 2423/42/1323
f 2428/40/1324 2433/41/1324 2430/42/1324
f 2431/40/1325 2432/41/1325 2424/42/1325
f 2426/40/1400 2433/41/1400 2431/42/1400
f 2427/40/1327 2430/41/1327 2433/42/1327
f 2437/40/1328 2438/41/1328 2434/42/1328
f 2437/40/1329 2442/41/1329 2439/42/1329
f 2440/40/1330 2441/41/1330 2435/42/1330
f 2440/40/1401 2445/41/1401 2442/42/1401
f 2443/40/1332 2444/41/1332 2436/42/1332
f 2443/40/1333 2439/41/1333 2445/42/1333
f 2439/40/1334 2442/41/1334 2445/42/1334
f 2449/40/1335 2450/41/1335 2446/42/1335
f 2449/40/1336 2454/41/1336 2451/42/1336
f 2452/40/1337 2453/41/1337 2447/42/1337
f 2452/40/1338 2457/41/1338 2454/42/1338
f 2455/40/1339 2456/41/1339 2448/42/1339
f 2455/40/1340 2451/41/1340 2457/42/1340
f 2451/40/1341 2454/41/1341 2457/42/1341
f 2459/40/1342 2413/41/1342 2410/42/1342
f 2462/40/1343 2460/41/1343 2459/42/1343
f 2461/40/1344 2462/41/1344 2458/42/1344
f 2464/40/1345 2463/41/1345 2461/42/1345
f 2417/40/1346 2464/41/1346 2411/42/1346
f 2413/40/1347 2465/41/1347 2417/42/1347
f 2460/40/1348 2463/41/1348 2465/42/1348
f 2429/40/1349 2467/41/1349 2423/42/1349
f 2425/40/1350 2468/41/1350 2429/42/1350
f 2469/40/1351 2425/41/1351 2422/42/1351
f 2472/40/1396 2470/41/1396 2469/42/1396
f 2471/40/1353 2472/41/1353 2466/42/1353
f 2471/40/1354 2468/41/1354 2473/42/1354
f 2468/40/1355 2470/41/1355 2473/42/1355
f 2438/40/1356 2475/41/1356 2434/42/1356
f 2438/40/1357 2478/41/1357 2476/42/1357
f 2477/40/1358 2443/41/1358 2436/42/1358
f 2477/40/1397 2481/41/1397 2478/42/1397
f 2479/40/1360 2480/41/1360 2474/42/1360
f 2475/40/1361 2481/41/1361 2479/42/1361
f 2476/40/1362 2478/41/1362 2481/42/1362
f 2483/40/1363 2449/41/1363 2446/42/1363
f 2483/40/1364 2487/41/1364 2484/42/1364
f 2485/40/1365 2486/41/1365 2482/42/1365
f 2488/40/1398 2487/41/1398 2485/42/1398
f 2453/40/1367 2488/41/1367 2447/42/1367
f 2453/40/1399 2484/41/1399 2489/42/1399
f 2484/40/1369 2487/41/1369 2489/42/1369
f 2410/40/1370 2437/41/1370 2434/42/1370
f 2414/40/1371 2441/41/1371 2437/42/1371
f 2419/40/1372 2435/41/1372 2441/42/1372
f 2411/40/1373 2426/41/1373 2416/42/1373
f 2416/40/1374 2431/41/1374 2420/42/1374
f 2420/40/1375 2424/41/1375 2412/42/1375
f 2446/40/1376 2428/41/1376 2423/42/1376
f 2450/40/1377 2432/41/1377 2428/42/1377
f 2455/40/1378 2424/41/1378 2432/42/1378
f 2447/40/1379 2444/41/1379 2452/42/1379
f 2452/40/1380 2440/41/1380 2456/42/1380
f 2440/40/1381 2448/41/1381 2456/42/1381
f 2482/40/1382 2480/41/1382 2485/42/1382
f 2480/40/1383 2488/41/1383 2485/42/1383
f 2477/40/1384 2447/41/1384 2488/42/1384
f 2434/40/1385 2459/41/1385 2410/42/1385
f 2475/40/1386 2462/41/1386 2459/42/1386
f 2479/40/1387 2458/41/1387 2462/42/1387
f 2423/40/1388 2483/41/1388 2446/42/1388
f 2467/40/1389 2486/41/1389 2483/42/1389
f 2471/40/1390 2482/41/1390 2486/42/1390
f 2422/40/1391 2464/41/1391 2469/42/1391
f 2464/40/1392 2472/41/1392 2469/42/1392
f 2472/40/1393 2458/41/1393 2466/42/1393
f 2424/40/1394 2435/41/1394 2412/42/1394
f 2482/40/1395 2458/41/1395 2474/42/1395
f 2493/43/1314 2494/44/1314 2490/45/1314
f 2497/43/1315 2495/44/1315 2493/45/1315
f 2496/43/1316 2497/44/1316 2491/45/1316
f 2496/43/1317 2501/44/1317 2498/45/1317
f 2499/43/1318 2500/44/1318 2492/45/1318
f 2494/43/1319 2501/44/1319 2499/45/1319
f 2495/43/1320 2498/44/1320 2501/45/1320
f 2505/43/1321 2506/44/1321 2502/45/1321
f 2505/43/1322 2510/44/1322 2507/45/1322
f 2508/43/1323 2509/44/1323 2503/45/1323
f 2508/43/1324 2513/44/1324 2510/45/1324
f 2511/43/1325 2512/44/1325 2504/45/1325
f 2511/43/1326 2507/44/1326 2513/45/1326
f 2507/43/1327 2510/44/1327 2513/45/1327
f 2517/43/1328 2518/44/1328 2514/45/1328
f 2517/43/1329 2522/44/1329 2519/45/1329
f 2520/43/1330 2521/44/1330 2515/45/1330
f 2524/43/1331 2522/44/1331 2520/45/1331
f 2523/43/1332 2524/44/1332 2516/45/1332
f 2518/43/1333 2525/44/1333 2523/45/1333
f 2519/43/1334 2522/44/1334 2525/45/1334
f 2529/43/1335 2530/44/1335 2526/45/1335
f 2533/43/1336 2531/44/1336 2529/45/1336
f 2532/43/1337 2533/44/1337 2527/45/1337
f 2536/43/1338 2534/44/1338 2532/45/1338
f 2535/43/1339 2536/44/1339 2528/45/1339
f 2530/43/1340 2537/44/1340 2535/45/1340
f 2531/43/1341 2534/44/1341 2537/45/1341
f 2539/43/1342 2493/44/1342 2490/45/1342
f 2539/43/1343 2543/44/1343 2540/45/1343
f 2541/43/1344 2542/44/1344 2538/45/1344
f 2544/43/1345 2543/44/1345 2541/45/1345
f 2497/43/1346 2544/44/1346 2491/45/1346
f 2493/43/1402 2545/44/1402 2497/45/1402
f 2540/43/1348 2543/44/1348 2545/45/1348
f 2509/43/1349 2547/44/1349 2503/45/1349
f 2509/43/1350 2550/44/1350 2548/45/1350
f 2549/43/1351 2505/44/1351 2502/45/1351
f 2552/43/1396 2550/44/1396 2549/45/1396
f 2551/43/1353 2552/44/1353 2546/45/1353
f 2551/43/1354 2548/44/1354 2553/45/1354
f 2548/43/1355 2550/44/1355 2553/45/1355
f 2518/43/1356 2555/44/1356 2514/45/1356
f 2518/43/1357 2558/44/1357 2556/45/1357
f 2557/43/1358 2523/44/1358 2516/45/1358
f 2560/43/1359 2558/44/1359 2557/45/1359
f 2559/43/1360 2560/44/1360 2554/45/1360
f 2559/43/1361 2556/44/1361 2561/45/1361
f 2556/43/1362 2558/44/1362 2561/45/1362
f 2563/43/1363 2529/44/1363 2526/45/1363
f 2566/43/1364 2564/44/1364 2563/45/1364
f 2565/43/1365 2566/44/1365 2562/45/1365
f 2565/43/1366 2569/44/1366 2567/45/1366
f 2533/43/1367 2568/44/1367 2527/45/1367
f 2529/43/1368 2569/44/1368 2533/45/1368
f 2564/43/1369 2567/44/1369 2569/45/1369
f 2490/43/1370 2517/44/1370 2514/45/1370
f 2494/43/1371 2521/44/1371 2517/45/1371
f 2499/43/1372 2515/44/1372 2521/45/1372
f 2491/43/1373 2506/44/1373 2496/45/1373
f 2496/43/1374 2511/44/1374 2500/45/1374
f 2500/43/1375 2504/44/1375 2492/45/1375
f 2526/43/1376 2508/44/1376 2503/45/1376
f 2530/43/1377 2512/44/1377 2508/45/1377
f 2535/43/1378 2504/44/1378 2512/45/1378
f 2516/43/1379 2532/44/1379 2527/45/1379
f 2524/43/1380 2536/44/1380 2532/45/1380
f 2520/43/1381 2528/44/1381 2536/45/1381
f 2562/43/1382 2560/44/1382 2565/45/1382
f 2560/43/1383 2568/44/1383 2565/45/1383
f 2557/43/1384 2527/44/1384 2568/45/1384
f 2514/43/1385 2539/44/1385 2490/45/1385
f 2555/43/1386 2542/44/1386 2539/45/1386
f 2559/43/1387 2538/44/1387 2542/45/1387
f 2503/43/1388 2563/44/1388 2526/45/1388
f 2547/43/1389 2566/44/1389 2563/45/1389
f 2551/43/1390 2562/44/1390 2566/45/1390
f 2502/43/1391 2544/44/1391 2549/45/1391
f 2549/43/1392 2541/44/1392 2552/45/1392
f 2541/43/1393 2546/44/1393 2552/45/1393
f 2504/43/1394 2515/44/1394 2492/45/1394
f 2562/43/1395 2538/44/1395 2554/45/1395
f 2573/46/1314 2574/47/1314 2570/48/1314
f 2577/46/1315 2575/47/1315 2573/48/1315
f 2576/46/1316 2577/47/1316 2571/48/1316
f 2576/46/1317 2581/47/1317 2578/48/1317
f 2579/46/1318 2580/47/1318 2572/48/1318
f 2574/46/1319 2581/47/1319 2579/48/1319
f 2575/46/1320 2578/47/1320 2581/48/1320
f 2585/46/1321 2586/47/1321 2582/48/1321
f 2589/46/1322 2587/47/1322 2585/48/1322
f 2588/46/1323 2589/47/1323 2583/48/1323
f 2588/46/1324 2593/47/1324 2590/48/1324
f 2591/46/1325 2592/47/1325 2584/48/1325
f 2591/46/1326 2587/47/1326 2593/48/1326
f 2587/46/1327 2590/47/1327 2593/48/1327
f 2597/46/1328 2598/47/1328 2594/48/1328
f 2597/46/1329 2602/47/1329 2599/48/1329
f 2600/46/1330 2601/47/1330 2595/48/1330
f 2604/46/1331 2602/47/1331 2600/48/1331
f 2603/46/1332 2604/47/1332 2596/48/1332
f 2603/46/1403 2599/47/1403 2605/48/1403
f 2599/46/1334 2602/47/1334 2605/48/1334
f 2609/46/1335 2610/47/1335 2606/48/1335
f 2613/46/1336 2611/47/1336 2609/48/1336
f 2612/46/1337 2613/47/1337 2607/48/1337
f 2616/46/1338 2614/47/1338 2612/48/1338
f 2615/46/1339 2616/47/1339 2608/48/1339
f 2610/46/1340 2617/47/1340 2615/48/1340
f 2611/46/1404 2614/47/1404 2617/48/1404
f 2619/46/1342 2573/47/1342 2570/48/1342
f 2622/46/1343 2620/47/1343 2619/48/1343
f 2621/46/1344 2622/47/1344 2618/48/1344
f 2621/46/1405 2625/47/1405 2623/48/1405
f 2577/46/1346 2624/47/1346 2571/48/1346
f 2573/46/1402 2625/47/1402 2577/48/1402
f 2620/46/1348 2623/47/1348 2625/48/1348
f 2589/46/1349 2627/47/1349 2583/48/1349
f 2585/46/1406 2628/47/1406 2589/48/1406
f 2629/46/1351 2585/47/1351 2582/48/1351
f 2632/46/1396 2630/47/1396 2629/48/1396
f 2631/46/1353 2632/47/1353 2626/48/1353
f 2631/46/1354 2628/47/1354 2633/48/1354
f 2628/46/1355 2630/47/1355 2633/48/1355
f 2598/46/1356 2635/47/1356 2594/48/1356
f 2598/46/1407 2638/47/1407 2636/48/1407
f 2637/46/1358 2603/47/1358 2596/48/1358
f 2637/46/1397 2641/47/1397 2638/48/1397
f 2639/46/1360 2640/47/1360 2634/48/1360
f 2639/46/1361 2636/47/1361 2641/48/1361
f 2636/46/1362 2638/47/1362 2641/48/1362
f 2643/46/1363 2609/47/1363 2606/48/1363
f 2646/46/1364 2644/47/1364 2643/48/1364
f 2645/46/1365 2646/47/1365 2642/48/1365
f 2645/46/1408 2649/47/1408 2647/48/1408
f 2613/46/1367 2648/47/1367 2607/48/1367
f 2613/46/1399 2644/47/1399 2649/48/1399
f 2644/46/1369 2647/47/1369 2649/48/1369
f 2570/46/1370 2597/47/1370 2594/48/1370
f 2574/46/1371 2601/47/1371 2597/48/1371
f 2579/46/1372 2595/47/1372 2601/48/1372
f 2571/46/1373 2586/47/1373 2576/48/1373
f 2586/46/1374 2580/47/1374 2576/48/1374
f 2580/46/1375 2584/47/1375 2572/48/1375
f 2606/46/1376 2588/47/1376 2583/48/1376
f 2610/46/1377 2592/47/1377 2588/48/1377
f 2615/46/1378 2584/47/1378 2592/48/1378
f 2596/46/1379 2612/47/1379 2607/48/1379
f 2604/46/1380 2616/47/1380 2612/48/1380
f 2600/46/1381 2608/47/1381 2616/48/1381
f 2642/46/1382 2640/47/1382 2645/48/1382
f 2640/46/1383 2648/47/1383 2645/48/1383
f 2648/46/1384 2596/47/1384 2607/48/1384
f 2594/46/1385 2619/47/1385 2570/48/1385
f 2635/46/1386 2622/47/1386 2619/48/1386
f 2639/46/1387 2618/47/1387 2622/48/1387
f 2583/46/1388 2643/47/1388 2606/48/1388
f 2627/46/1389 2646/47/1389 2643/48/1389
f 2631/46/1390 2642/47/1390 2646/48/1390
f 2582/46/1391 2624/47/1391 2629/48/1391
f 2624/46/1392 2632/47/1392 2629/48/1392
f 2632/46/1393 2618/47/1393 2626/48/1393
f 2584/46/1394 2595/47/1394 2572/48/1394
f 2642/46/1395 2618/47/1395 2634/48/1395
f 2650/16/1240 2651/17/1240 2652/18/1240
f 2653/16/1215 2654/17/1215 2655/18/1215
f 2656/16/1409 2657/17/1409 2658/18/1409
f 2659/16/1211 2660/17/1211 2661/18/1211
f 2662/16/1241 2663/17/1241 2664/18/1241
f 2665/16/1216 2666/17/1216 2667/18/1216
f 2668/16/1204 2669/17/1204 2670/18/1204
f 2671/16/1213 2672/17/1213 2673/18/1213
f 2650/16/19 2657/17/19 2656/18/19
f 2653/16/18 2652/17/18 2651/18/18
f 2659/16/20 2655/17/20 2654/18/20
f 2658/16/10 2661/17/10 2660/18/10
f 2656/16/9 2669/17/9 2668/18/9
f 2671/16/11 2660/17/11 2659/18/11
f 2670/16/12 2673/17/12 2672/18/12
f 2668/16/13 2663/17/13 2662/18/13
f 2665/16/14 2672/17/14 2671/18/14
f 2664/16/15 2667/17/15 2666/18/15
f 2662/16/16 2651/17/16 2650/18/16
f 2654/16/17 2666/17/17 2665/18/17
f 2668/16/21 2650/17/21 2656/18/21
f 2655/16/23 2657/17/23 2652/18/23
f 2666/16/26 2651/17/26 2664/18/26
f 2659/16/24 2665/17/24 2671/18/24
f 2660/16/22 2669/17/22 2658/18/22
f 2672/16/25 2663/17/25 2670/18/25
f 2674/16/1410 2675/17/1410 2676/18/1410
f 2677/16/1308 2678/17/1308 2679/18/1308
f 2680/16/1409 2681/17/1409 2682/18/1409
f 2683/16/1411 2684/17/1411 2685/18/1411
f 2686/16/1309 2687/17/1309 2688/18/1309
f 2689/16/1412 2690/17/1412 2691/18/1412
f 2692/16/1238 2693/17/1238 2694/18/1238
f 2695/16/1213 2696/17/1213 2697/18/1213
f 2674/16/19 2681/17/19 2680/18/19
f 2677/16/18 2676/17/18 2675/18/18
f 2683/16/20 2679/17/20 2678/18/20
f 2682/16/10 2685/17/10 2684/18/10
f 2680/16/9 2693/17/9 2692/18/9
f 2695/16/11 2684/17/11 2683/18/11
f 2694/16/12 2697/17/12 2696/18/12
f 2692/16/13 2687/17/13 2686/18/13
f 2689/16/14 2696/17/14 2695/18/14
f 2688/16/15 2691/17/15 2690/18/15
f 2686/16/16 2675/17/16 2674/18/16
f 2678/16/17 2690/17/17 2689/18/17
f 2692/16/21 2674/17/21 2680/18/21
f 2679/16/23 2681/17/23 2676/18/23
f 2690/16/26 2675/17/26 2688/18/26
f 2683/16/24 2689/17/24 2695/18/24
f 2684/16/22 2693/17/22 2682/18/22
f 2696/16/25 2687/17/25 2694/18/25
f 2699/16/23 2700/17/23 2698/18/23
f 2701/16/22 2704/17/22 2700/18/22
f 2705/16/25 2702/17/25 2704/18/25
f 2703/16/26 2698/17/26 2702/18/26
f 2704/16/21 2698/17/21 2700/18/21
f 2701/16/24 2703/17/24 2705/18/24
f 2707/16/23 2708/17/23 2706/18/23
f 2709/16/22 2712/17/22 2708/18/22
f 2713/16/25 2710/17/25 2712/18/25
f 2711/16/26 2706/17/26 2710/18/26
f 2712/16/21 2706/17/21 2708/18/21
f 2709/16/24 2711/17/24 2713/18/24
f 2715/16/23 2716/17/23 2714/18/23
f 2717/16/22 2720/17/22 2716/18/22
f 2721/16/25 2718/17/25 2720/18/25
f 2719/16/26 2714/17/26 2718/18/26
f 2720/16/21 2714/17/21 2716/18/21
f 2717/16/24 2719/17/24 2721/18/24
f 2723/16/23 2724/17/23 2722/18/23
f 2725/16/22 2728/17/22 2724/18/22
f 2729/16/25 2726/17/25 2728/18/25
f 2727/16/26 2722/17/26 2726/18/26
f 2728/16/21 2722/17/21 2724/18/21
f 2725/16/24 2727/17/24 2729/18/24
f 2730/34/1307 2731/35/1307 2732/36/1307
f 2733/34/1207 2734/35/1207 2735/36/1207
f 2736/34/1247 2737/35/1247 2738/36/1247
f 2739/34/1248 2740/35/1248 2741/36/1248
f 2742/34/1250 2743/35/1250 2744/36/1250
f 2745/34/1209 2746/35/1209 2747/36/1209
f 2748/34/3 2749/35/3 2750/36/3
f 2751/34/4 2752/35/4 2753/36/4
f 2730/34/19 2737/35/19 2736/36/19
f 2733/34/18 2732/35/18 2731/36/18
f 2739/34/20 2735/35/20 2734/36/20
f 2738/34/10 2741/35/10 2740/36/10
f 2736/34/9 2749/35/9 2748/36/9
f 2751/34/11 2740/35/11 2739/36/11
f 2750/34/12 2753/35/12 2752/36/12
f 2748/34/13 2743/35/13 2742/36/13
f 2745/34/14 2752/35/14 2751/36/14
f 2744/34/15 2747/35/15 2746/36/15
f 2742/34/16 2731/35/16 2730/36/16
f 2734/34/17 2746/35/17 2745/36/17
f 2748/34/21 2730/35/21 2736/36/21
f 2735/34/23 2737/35/23 2732/36/23
f 2746/34/26 2731/35/26 2744/36/26
f 2739/34/24 2745/35/24 2751/36/24
f 2740/34/22 2749/35/22 2738/36/22
f 2752/34/25 2743/35/25 2750/36/25
f 2755/16/23 2756/17/23 2754/18/23
f 2757/16/22 2760/17/22 2756/18/22
f 2761/16/25 2758/17/25 2760/18/25
f 2759/16/26 2754/17/26 2758/18/26
f 2760/16/21 2754/17/21 2756/18/21
f 2757/16/24 2759/17/24 2761/18/24
f 2763/16/23 2764/17/23 2762/18/23
f 2765/16/22 2768/17/22 2764/18/22
f 2769/16/25 2766/17/25 2768/18/25
f 2767/16/26 2762/17/26 2766/18/26
f 2768/16/21 2762/17/21 2764/18/21
f 2765/16/24 2767/17/24 2769/18/24
f 2770/34/1206 2771/35/1206 2772/36/1206
f 2773/34/1207 2774/35/1207 2775/36/1207
f 2776/34/1409 2777/35/1409 2778/36/1409
f 2779/34/1211 2780/35/1211 2781/36/1211
f 2782/34/1208 2783/35/1208 2784/36/1208
f 2785/34/1209 2786/35/1209 2787/36/1209
f 2788/34/1310 2789/35/1310 2790/36/1310
f 2791/34/1311 2792/35/1311 2793/36/1311
f 2770/34/19 2777/35/19 2776/36/19
f 2773/34/18 2772/35/18 2771/36/18
f 2779/34/20 2775/35/20 2774/36/20
f 2778/34/10 2781/35/10 2780/36/10
f 2776/34/9 2789/35/9 2788/36/9
f 2791/34/11 2780/35/11 2779/36/11
f 2790/34/12 2793/35/12 2792/36/12
f 2788/34/13 2783/35/13 2782/36/13
f 2785/34/14 2792/35/14 2791/36/14
f 2784/34/15 2787/35/15 2786/36/15
f 2782/34/16 2771/35/16 2770/36/16
f 2774/34/17 2786/35/17 2785/36/17
f 2788/34/21 2770/35/21 2776/36/21
f 2775/34/23 2777/35/23 2772/36/23
f 2786/34/26 2771/35/26 2784/36/26
f 2779/34/24 2785/35/24 2791/36/24
f 2780/34/22 2789/35/22 2778/36/22
f 2792/34/25 2783/35/25 2790/36/25
f 2795/16/23 2796/17/23 2794/18/23
f 2797/16/22 2800/17/22 2796/18/22
f 2801/16/25 2798/17/25 2800/18/25
f 2799/16/26 2794/17/26 2798/18/26
f 2800/16/21 2794/17/21 2796/18/21
f 2797/16/24 2799/17/24 2801/18/24
f 2803/16/23 2804/17/23 2802/18/23
f 2805/16/22 2808/17/22 2804/18/22
f 2809/16/25 2806/17/25 2808/18/25
f 2807/16/26 2802/17/26 2806/18/26
f 2808/16/21 2802/17/21 2804/18/21
f 2805/16/24 2807/17/24 2809/18/24
f 2810/25/1206 2811/26/1206 2812/27/1206
f 2813/25/6 2814/26/6 2815/27/6
f 2816/25/1202 2817/26/1202 2818/27/1202
f 2819/25/2 2820/26/2 2821/27/2
f 2822/25/1250 2823/26/1250 2824/27/1250
f 2825/25/1246 2826/26/1246 2827/27/1246
f 2828/25/1238 2829/26/1238 2830/27/1238
f 2831/25/1311 2832/26/1311 2833/27/1311
f 2810/25/19 2817/26/19 2816/27/19
f 2813/25/18 2812/26/18 2811/27/18
f 2819/25/20 2815/26/20 2814/27/20
f 2818/25/10 2821/26/10 2820/27/10
f 2816/25/9 2829/26/9 2828/27/9
f 2831/25/11 2820/26/11 2819/27/11
f 2830/25/12 2833/26/12 2832/27/12
f 2828/25/13 2823/26/13 2822/27/13
f 2825/25/14 2832/26/14 2831/27/14
f 2824/25/15 2827/26/15 2826/27/15
f 2822/25/16 2811/26/16 2810/27/16
f 2814/25/17 2826/26/17 2825/27/17
f 2828/25/21 2810/26/21 2816/27/21
f 2815/25/23 2817/26/23 2812/27/23
f 2826/25/26 2811/26/26 2824/27/26
f 2819/25/24 2825/26/24 2831/27/24
f 2820/25/22 2829/26/22 2818/27/22
f 2832/25/25 2823/26/25 2830/27/25
f 2834/25/1410 2835/26/1410 2836/27/1410
f 2837/25/1312 2838/26/1312 2839/27/1312
f 2840/25/1247 2841/26/1247 2842/27/1247
f 2843/25/1253 2844/26/1253 2845/27/1253
f 2846/25/1309 2847/26/1309 2848/27/1309
f 2849/25/1246 2850/26/1246 2851/27/1246
f 2852/25/1212 2853/26/1212 2854/27/1212
f 2855/25/1311 2856/26/1311 2857/27/1311
f 2834/25/19 2841/26/19 2840/27/19
f 2837/25/18 2836/26/18 2835/27/18
f 2843/25/20 2839/26/20 2838/27/20
f 2842/25/10 2845/26/10 2844/27/10
f 2840/25/9 2853/26/9 2852/27/9
f 2855/25/11 2844/26/11 2843/27/11
f 2854/25/12 2857/26/12 2856/27/12
f 2852/25/13 2847/26/13 2846/27/13
f 2849/25/14 2856/26/14 2855/27/14
f 2848/25/15 2851/26/15 2850/27/15
f 2846/25/16 2835/26/16 2834/27/16
f 2838/25/17 2850/26/17 2849/27/17
f 2852/25/21 2834/26/21 2840/27/21
f 2839/25/23 2841/26/23 2836/27/23
f 2850/25/26 2835/26/26 2848/27/26
f 2843/25/24 2849/26/24 2855/27/24
f 2844/25/22 2853/26/22 2842/27/22
f 2856/25/25 2847/26/25 2854/27/25
f 2858/16/1310 2859/17/1310 2860/18/1310
f 2861/16/1311 2862/17/1311 2863/18/1311
f 2864/16/1245 2865/17/1245 2866/18/1245
f 2867/16/1246 2868/17/1246 2869/18/1246
f 2870/16/1252 2871/17/1252 2872/18/1252
f 2873/16/1253 2874/17/1253 2875/18/1253
f 2876/16/1240 2877/17/1240 2878/18/1240
f 2879/16/1215 2880/17/1215 2881/18/1215
f 2858/16/13 2865/17/13 2864/18/13
f 2861/16/12 2860/17/12 2859/18/12
f 2867/16/14 2863/17/14 2862/18/14
f 2866/16/15 2869/17/15 2868/18/15
f 2864/16/16 2877/17/16 2876/18/16
f 2879/16/17 2868/17/17 2867/18/17
f 2878/16/18 2881/17/18 2880/18/18
f 2876/16/19 2871/17/19 2870/18/19
f 2873/16/20 2880/17/20 2879/18/20
f 2872/16/10 2875/17/10 2874/18/10
f 2870/16/9 2859/17/9 2858/18/9
f 2862/16/11 2874/17/11 2873/18/11
f 2876/16/21 2858/17/21 2864/18/21
f 2863/16/25 2865/17/25 2860/18/25
f 2874/16/22 2859/17/22 2872/18/22
f 2879/16/24 2862/17/24 2873/18/24
f 2868/16/26 2877/17/26 2866/18/26
f 2880/16/23 2871/17/23 2878/18/23
f 2882/16/1238 2883/17/1238 2884/18/1238
f 2885/16/1213 2886/17/1213 2887/18/1213
f 2888/16/1309 2889/17/1309 2890/18/1309
f 2891/16/1412 2892/17/1412 2893/18/1412
f 2894/16/1409 2895/17/1409 2896/18/1409
f 2897/16/1411 2898/17/1411 2899/18/1411
f 2900/16/1410 2901/17/1410 2902/18/1410
f 2903/16/1308 2904/17/1308 2905/18/1308
f 2882/16/13 2889/17/13 2888/18/13
f 2885/16/12 2884/17/12 2883/18/12
f 2891/16/14 2887/17/14 2886/18/14
f 2890/16/15 2893/17/15 2892/18/15
f 2888/16/16 2901/17/16 2900/18/16
f 2903/16/17 2892/17/17 2891/18/17
f 2902/16/18 2905/17/18 2904/18/18
f 2900/16/19 2895/17/19 2894/18/19
f 2897/16/20 2904/17/20 2903/18/20
f 2896/16/10 2899/17/10 2898/18/10
f 2894/16/9 2883/17/9 2882/18/9
f 2886/16/11 2898/17/11 2897/18/11
f 2900/16/21 2882/17/21 2888/18/21
f 2887/16/25 2889/17/25 2884/18/25
f 2898/16/22 2883/17/22 2896/18/22
f 2891/16/24 2897/17/24 2903/18/24
f 2892/16/26 2901/17/26 2890/18/26
f 2904/16/23 2895/17/23 2902/18/23
f 2907/16/25 2908/17/25 2906/18/25
f 2909/16/26 2912/17/26 2908/18/26
f 2913/16/23 2910/17/23 2912/18/23
f 2911/16/22 2906/17/22 2910/18/22
f 2912/16/21 2906/17/21 2908/18/21
f 2909/16/24 2911/17/24 2913/18/24
f 2915/16/25 2916/17/25 2914/18/25
f 2917/16/26 2920/17/26 2916/18/26
f 2921/16/23 2918/17/23 2920/18/23
f 2919/16/22 2914/17/22 2918/18/22
f 2920/16/21 2914/17/21 2916/18/21
f 2917/16/24 2919/17/24 2921/18/24
f 2923/16/25 2924/17/25 2922/18/25
f 2925/16/26 2928/17/26 2924/18/26
f 2929/16/23 2926/17/23 2928/18/23
f 2927/16/22 2922/17/22 2926/18/22
f 2928/16/21 2922/17/21 2924/18/21
f 2925/16/24 2927/17/24 2929/18/24
f 2931/16/25 2932/17/25 2930/18/25
f 2933/16/26 2936/17/26 2932/18/26
f 2937/16/23 2934/17/23 2936/18/23
f 2935/16/22 2930/17/22 2934/18/22
f 2936/16/21 2930/17/21 2932/18/21
f 2933/16/24 2935/17/24 2937/18/24
f 2938/34/1242 2939/35/1242 2940/36/1242
f 2941/34/1243 2942/35/1243 2943/36/1243
f 2944/34/1245 2945/35/1245 2946/36/1245
f 2947/34/1246 2948/35/1246 2949/36/1246
f 2950/34/1210 2951/35/1210 2952/36/1210
f 2953/34/1203 2954/35/1203 2955/36/1203
f 2956/34/1240 2957/35/1240 2958/36/1240
f 2959/34/1215 2960/35/1215 2961/36/1215
f 2938/34/13 2945/35/13 2944/36/13
f 2941/34/12 2940/35/12 2939/36/12
f 2947/34/14 2943/35/14 2942/36/14
f 2946/34/15 2949/35/15 2948/36/15
f 2944/34/16 2957/35/16 2956/36/16
f 2959/34/17 2948/35/17 2947/36/17
f 2958/34/18 2961/35/18 2960/36/18
f 2956/34/19 2951/35/19 2950/36/19
f 2953/34/20 2960/35/20 2959/36/20
f 2952/34/10 2955/35/10 2954/36/10
f 2950/34/9 2939/35/9 2938/36/9
f 2942/34/11 2954/35/11 2953/36/11
f 2956/34/21 2938/35/21 2944/36/21
f 2943/34/25 2945/35/25 2940/36/25
f 2954/34/22 2939/35/22 2952/36/22
f 2947/34/24 2953/35/24 2959/36/24
f 2948/34/26 2957/35/26 2946/36/26
f 2960/34/23 2951/35/23 2958/36/23
f 2963/16/25 2964/17/25 2962/18/25
f 2965/16/26 2968/17/26 2964/18/26
f 2969/16/23 2966/17/23 2968/18/23
f 2967/16/22 2962/17/22 2966/18/22
f 2968/16/21 2962/17/21 2964/18/21
f 2965/16/24 2967/17/24 2969/18/24
f 2971/16/25 2972/17/25 2970/18/25
f 2973/16/26 2976/17/26 2972/18/26
f 2977/16/23 2974/17/23 2976/18/23
f 2975/16/22 2970/17/22 2974/18/22
f 2976/16/21 2970/17/21 2972/18/21
f 2973/16/24 2975/17/24 2977/18/24
f 2978/34/1242 2979/35/1242 2980/36/1242
f 2981/34/1205 2982/35/1205 2983/36/1205
f 2984/34/1241 2985/35/1241 2986/36/1241
f 2987/34/1216 2988/35/1216 2989/36/1216
f 2990/34/1210 2991/35/1210 2992/36/1210
f 2993/34/1203 2994/35/1203 2995/36/1203
f 2996/34/1240 2997/35/1240 2998/36/1240
f 2999/34/1215 3000/35/1215 3001/36/1215
f 2978/34/13 2985/35/13 2984/36/13
f 2981/34/12 2980/35/12 2979/36/12
f 2987/34/14 2983/35/14 2982/36/14
f 2986/34/15 2989/35/15 2988/36/15
f 2984/34/16 2997/35/16 2996/36/16
f 2999/34/17 2988/35/17 2987/36/17
f 2998/34/18 3001/35/18 3000/36/18
f 2996/34/19 2991/35/19 2990/36/19
f 2993/34/20 3000/35/20 2999/36/20
f 2992/34/10 2995/35/10 2994/36/10
f 2990/34/9 2979/35/9 2978/36/9
f 2982/34/11 2994/35/11 2993/36/11
f 2996/34/21 2978/35/21 2984/36/21
f 2983/34/25 2985/35/25 2980/36/25
f 2994/34/22 2979/35/22 2992/36/22
f 2987/34/24 2993/35/24 2999/36/24
f 2988/34/26 2997/35/26 2986/36/26
f 3000/34/23 2991/35/23 2998/36/23
f 3003/16/25 3004/17/25 3002/18/25
f 3005/16/26 3008/17/26 3004/18/26
f 3009/16/23 3006/17/23 3008/18/23
f 3007/16/22 3002/17/22 3006/18/22
f 3008/16/21 3002/17/21 3004/18/21
f 3005/16/24 3007/17/24 3009/18/24
f 3011/16/25 3012/17/25 3010/18/25
f 3013/16/26 3016/17/26 3012/18/26
f 3017/16/23 3014/17/23 3016/18/23
f 3015/16/22 3010/17/22 3014/18/22
f 3016/16/21 3010/17/21 3012/18/21
f 3013/16/24 3015/17/24 3017/18/24
f 3018/25/1204 3019/26/1204 3020/27/1204
f 3021/25/1213 3022/26/1213 3023/27/1213
f 3024/25/1241 3025/26/1241 3026/27/1241
f 3027/25/1216 3028/26/1216 3029/27/1216
f 3030/25/1409 3031/26/1409 3032/27/1409
f 3033/25/1211 3034/26/1211 3035/27/1211
f 3036/25/1240 3037/26/1240 3038/27/1240
f 3039/25/1215 3040/26/1215 3041/27/1215
f 3018/25/13 3025/26/13 3024/27/13
f 3021/25/12 3020/26/12 3019/27/12
f 3027/25/14 3023/26/14 3022/27/14
f 3026/25/15 3029/26/15 3028/27/15
f 3024/25/16 3037/26/16 3036/27/16
f 3039/25/17 3028/26/17 3027/27/17
f 3038/25/18 3041/26/18 3040/27/18
f 3036/25/19 3031/26/19 3030/27/19
f 3033/25/20 3040/26/20 3039/27/20
f 3032/25/10 3035/26/10 3034/27/10
f 3030/25/9 3019/26/9 3018/27/9
f 3022/25/11 3034/26/11 3033/27/11
f 3036/25/21 3018/26/21 3024/27/21
f 3023/25/25 3025/26/25 3020/27/25
f 3034/25/22 3019/26/22 3032/27/22
f 3027/25/24 3033/26/24 3039/27/24
f 3028/25/26 3037/26/26 3026/27/26
f 3040/25/23 3031/26/23 3038/27/23
f 3042/25/1310 3043/26/1310 3044/27/1310
f 3045/25/1213 3046/26/1213 3047/27/1213
f 3048/25/1245 3049/26/1245 3050/27/1245
f 3051/25/1216 3052/26/1216 3053/27/1216
f 3054/25/1202 3055/26/1202 3056/27/1202
f 3057/25/1211 3058/26/1211 3059/27/1211
f 3060/25/1206 3061/26/1206 3062/27/1206
f 3063/25/1215 3064/26/1215 3065/27/1215
f 3042/25/13 3049/26/13 3048/27/13
f 3045/25/12 3044/26/12 3043/27/12
f 3051/25/14 3047/26/14 3046/27/14
f 3050/25/15 3053/26/15 3052/27/15
f 3048/25/16 3061/26/16 3060/27/16
f 3063/25/17 3052/26/17 3051/27/17
f 3062/25/18 3065/26/18 3064/27/18
f 3060/25/19 3055/26/19 3054/27/19
f 3057/25/20 3064/26/20 3063/27/20
f 3056/25/10 3059/26/10 3058/27/10
f 3054/25/9 3043/26/9 3042/27/9
f 3046/25/11 3058/26/11 3057/27/11
f 3060/25/21 3042/26/21 3048/27/21
f 3047/25/25 3049/26/25 3044/27/25
f 3058/25/22 3043/26/22 3056/27/22
f 3051/25/24 3057/26/24 3063/27/24
f 3052/25/26 3061/26/26 3050/27/26
f 3064/25/23 3055/26/23 3062/27/23
f 1/1/9 3/2/9 8/3/9
f 4/1/10 6/2/10 3/3/10
f 10/1/11 12/2/11 6/3/11
f 9/1/12 8/2/12 12/3/12
f 7/1/13 9/2/13 20/3/13
f 22/1/14 24/2/14 11/3/14
f 21/1/15 20/2/15 24/3/15
f 19/1/16 21/2/16 14/3/16
f 16/1/17 18/2/17 23/3/17
f 15/1/18 14/2/18 18/3/18
f 13/1/19 15/2/19 2/3/19
f 5/1/20 4/2/20 17/3/20
f 19/1/21 13/2/21 1/3/21
f 6/1/22 12/2/22 8/3/22
f 17/1/23 4/2/23 2/3/23
f 10/1/24 5/2/24 16/3/24
f 11/1/25 24/2/25 20/3/25
f 23/1/26 18/2/26 14/3/26
f 31/4/1413 25/5/1413 27/6/1413
f 28/4/1414 30/5/1414 27/6/1414
f 29/4/1415 34/5/1415 36/6/1415
f 35/4/1416 33/5/1416 32/6/1416
f 31/4/1417 33/5/1417 44/6/1417
f 46/4/1418 48/5/1418 35/6/1418
f 45/4/1419 44/5/1419 48/6/1419
f 43/4/1420 45/5/1420 38/6/1420
f 40/4/1421 42/5/1421 47/6/1421
f 39/4/1422 38/5/1422 42/6/1422
f 37/4/1423 39/5/1423 26/6/1423
f 40/4/1424 29/5/1424 28/6/1424
f 43/4/1425 37/5/1425 25/6/1425
f 30/4/1426 36/5/1426 32/6/1426
f 39/4/1427 41/5/1427 28/6/1427
f 46/4/1428 34/5/1428 29/6/1428
f 35/4/1429 48/5/1429 44/6/1429
f 45/4/1430 47/5/1430 42/6/1430
f 49/1/1431 51/2/1431 56/3/1431
f 52/1/1432 54/2/1432 51/3/1432
f 58/1/1433 60/2/1433 54/3/1433
f 57/1/1434 56/2/1434 60/3/1434
f 55/1/1435 57/2/1435 68/3/1435
f 70/1/1436 72/2/1436 59/3/1436
f 71/1/1437 69/2/1437 68/3/1437
f 67/1/1438 69/2/1438 62/3/1438
f 70/1/1439 64/2/1439 66/3/1439
f 63/1/1440 62/2/1440 66/3/1440
f 61/1/1441 63/2/1441 50/3/1441
f 53/1/1442 52/2/1442 65/3/1442
f 55/1/1443 67/2/1443 61/3/1443
f 51/1/1444 54/2/1444 60/3/1444
f 63/1/1445 65/2/1445 52/3/1445
f 70/1/1446 58/2/1446 53/3/1446
f 59/1/1447 72/2/1447 68/3/1447
f 71/1/1448 66/2/1448 62/3/1448
f 73/4/1449 75/5/1449 80/6/1449
f 76/4/1450 78/5/1450 75/6/1450
f 82/4/1451 84/5/1451 78/6/1451
f 83/4/1452 81/5/1452 80/6/1452
f 91/4/1453 79/5/1453 81/6/1453
f 82/4/1454 94/5/1454 96/6/1454
f 95/4/1455 93/5/1455 92/6/1455
f 91/4/1456 93/5/1456 86/6/1456
f 94/4/1457 88/5/1457 90/6/1457
f 87/4/1458 86/5/1458 90/6/1458
f 85/4/1459 87/5/1459 74/6/1459
f 88/4/1460 77/5/1460 76/6/1460
f 79/4/1461 91/5/1461 85/6/1461
f 75/4/1462 78/5/1462 84/6/1462
f 87/4/1463 89/5/1463 76/6/1463
f 82/4/1464 77/5/1464 88/6/1464
f 83/4/1465 96/5/1465 92/6/1465
f 95/4/1466 90/5/1466 86/6/1466
f 97/7/1467 99/8/1467 104/9/1467
f 98/7/1468 100/8/1468 102/9/1468
f 101/7/1469 106/8/1469 108/9/1469
f 105/7/1470 104/8/1470 108/9/1470
f 103/7/1471 105/8/1471 116/9/1471
f 118/7/1472 120/8/1472 107/9/1472
f 119/7/1473 117/8/1473 116/9/1473
f 115/7/1474 117/8/1474 110/9/1474
f 112/7/1475 114/8/1475 119/9/1475
f 111/7/1476 110/8/1476 114/9/1476
f 97/7/1477 109/8/1477 111/9/1477
f 101/7/1478 100/8/1478 113/9/1478
f 103/7/1479 115/8/1479 109/9/1479
f 99/7/1480 102/8/1480 108/9/1480
f 111/7/1481 113/8/1481 100/9/1481
f 118/7/1482 106/8/1482 101/9/1482
f 105/7/1483 107/8/1483 120/9/1483
f 119/7/1484 114/8/1484 110/9/1484
f 127/10/1485 121/11/1485 123/12/1485
f 124/10/1486 126/11/1486 123/12/1486
f 125/10/1487 130/11/1487 132/12/1487
f 129/10/1488 128/11/1488 132/12/1488
f 139/10/1489 127/11/1489 129/12/1489
f 142/10/1490 144/11/1490 131/12/1490
f 143/10/1491 141/11/1491 140/12/1491
f 133/10/1492 139/11/1492 141/12/1492
f 142/10/1493 136/11/1493 138/12/1493
f 137/10/1494 135/11/1494 134/12/1494
f 133/10/1495 135/11/1495 122/12/1495
f 136/10/1496 125/11/1496 124/12/1496
f 139/10/1497 133/11/1497 121/12/1497
f 126/10/1498 132/11/1498 128/12/1498
f 135/10/1499 137/11/1499 124/12/1499
f 130/10/1500 125/11/1500 136/12/1500
f 131/10/1501 144/11/1501 140/12/1501
f 143/10/1502 138/11/1502 134/12/1502
f 145/1/1503 147/2/1503 152/3/1503
f 148/1/1504 150/2/1504 147/3/1504
f 154/1/1505 156/2/1505 150/3/1505
f 155/1/1506 153/2/1506 152/3/1506
f 151/1/1507 153/2/1507 164/3/1507
f 166/1/1508 168/2/1508 155/3/1508
f 167/1/1509 165/2/1509 164/3/1509
f 157/1/1510 163/2/1510 165/3/1510
f 160/1/1511 162/2/1511 167/3/1511
f 161/1/1512 159/2/1512 158/3/1512
f 157/1/1513 159/2/1513 146/3/1513
f 160/1/1514 149/2/1514 148/3/1514
f 151/1/1515 163/2/1515 157/3/1515
f 147/1/1516 150/2/1516 156/3/1516
f 161/1/1517 148/2/1517 146/3/1517
f 166/1/1518 154/2/1518 149/3/1518
f 155/1/1519 168/2/1519 164/3/1519
f 165/1/1520 167/2/1520 162/3/1520
f 169/10/1521 171/11/1521 176/12/1521
f 170/10/1522 172/11/1522 174/12/1522
f 173/10/1523 178/11/1523 180/12/1523
f 177/10/1524 176/11/1524 180/12/1524
f 187/10/1525 175/11/1525 177/12/1525
f 190/10/1526 192/11/1526 179/12/1526
f 191/10/1527 189/11/1527 188/12/1527
f 181/10/1528 187/11/1528 189/12/1528
f 190/10/1529 184/11/1529 186/12/1529
f 183/10/1530 182/11/1530 186/12/1530
f 181/10/1531 183/11/1531 170/12/1531
f 184/10/1532 173/11/1532 172/12/1532
f 187/10/1533 181/11/1533 169/12/1533
f 171/10/1534 174/11/1534 180/12/1534
f 185/10/1535 172/11/1535 170/12/1535
f 178/10/1536 173/11/1536 184/12/1536
f 179/10/1537 192/11/1537 188/12/1537
f 191/10/1538 186/11/1538 182/12/1538
f 193/4/1539 195/5/1539 200/6/1539
f 196/4/1540 198/5/1540 195/6/1540
f 202/4/1541 204/5/1541 198/6/1541
f 201/4/1542 200/5/1542 204/6/1542
f 199/4/1543 201/5/1543 212/6/1543
f 202/4/1544 214/5/1544 216/6/1544
f 213/4/1545 212/5/1545 216/6/1545
f 205/4/1546 211/5/1546 213/6/1546
f 214/4/1547 208/5/1547 210/6/1547
f 207/4/1548 206/5/1548 210/6/1548
f 193/4/1549 205/5/1549 207/6/1549
f 197/4/1550 196/5/1550 209/6/1550
f 211/4/1551 205/5/1551 193/6/1551
f 195/4/1552 198/5/1552 204/6/1552
f 207/4/1553 209/5/1553 196/6/1553
f 214/4/1554 202/5/1554 197/6/1554
f 201/4/1555 203/5/1555 216/6/1555
f 215/4/1556 210/5/1556 206/6/1556
f 223/7/1557 217/8/1557 219/9/1557
f 218/7/1558 220/8/1558 222/9/1558
f 226/7/1559 228/8/1559 222/9/1559
f 225/7/1560 224/8/1560 228/9/1560
f 235/7/1561 223/8/1561 225/9/1561
f 226/7/1562 238/8/1562 240/9/1562
f 239/7/1563 237/8/1563 236/9/1563
f 229/7/1564 235/8/1564 237/9/1564
f 232/7/1565 234/8/1565 239/9/1565
f 233/7/1566 231/8/1566 230/9/1566
f 217/7/1567 229/8/1567 231/9/1567
f 232/7/1568 221/8/1568 220/9/1568
f 235/7/1569 229/8/1569 217/9/1569
f 219/7/1570 222/8/1570 228/9/1570
f 231/7/1571 233/8/1571 220/9/1571
f 226/7/1572 221/8/1572 232/9/1572
f 225/7/1573 227/8/1573 240/9/1573
f 239/7/1574 234/8/1574 230/9/1574
f 241/1/1575 243/2/1575 248/3/1575
f 242/1/1576 244/2/1576 246/3/1576
f 245/1/1577 250/2/1577 252/3/1577
f 251/1/1578 249/2/1578 248/3/1578
f 259/1/1579 247/2/1579 249/3/1579
f 262/1/1580 264/2/1580 251/3/1580
f 263/1/1581 261/2/1581 260/3/1581
f 259/1/1582 261/2/1582 254/3/1582
f 262/1/1583 256/2/1583 258/3/1583
f 257/1/1584 255/2/1584 254/3/1584
f 241/1/1585 253/2/1585 255/3/1585
f 256/1/1586 245/2/1586 244/3/1586
f 247/1/1587 259/2/1587 253/3/1587
f 246/1/1588 252/2/1588 248/3/1588
f 255/1/1589 257/2/1589 244/3/1589
f 262/1/1590 250/2/1590 245/3/1590
f 249/1/1591 251/2/1591 264/3/1591
f 263/1/1592 258/2/1592 254/3/1592
f 265/10/1593 267/11/1593 272/12/1593
f 268/10/1594 270/11/1594 267/12/1594
f 269/10/1595 274/11/1595 276/12/1595
f 275/10/1596 273/11/1596 272/12/1596
f 271/10/1597 273/11/1597 284/12/1597
f 286/10/1598 288/11/1598 275/12/1598
f 285/10/1599 284/11/1599 288/12/1599
f 283/10/1600 285/11/1600 278/12/1600
f 280/10/1601 282/11/1601 287/12/1601
f 279/10/1602 278/11/1602 282/12/1602
f 277/10/1603 279/11/1603 266/12/1603
f 269/10/1604 268/11/1604 281/12/1604
f 283/10/1605 277/11/1605 265/12/1605
f 270/10/1606 276/11/1606 272/12/1606
f 281/10/1607 268/11/1607 266/12/1607
f 274/10/1608 269/11/1608 280/12/1608
f 275/10/1609 288/11/1609 284/12/1609
f 285/10/1610 287/11/1610 282/12/1610
f 289/7/1611 291/8/1611 296/9/1611
f 292/7/1612 294/8/1612 291/9/1612
f 293/7/1613 298/8/1613 300/9/1613
f 297/7/1614 296/8/1614 300/9/1614
f 295/7/1615 297/8/1615 308/9/1615
f 298/7/1616 310/8/1616 312/9/1616
f 311/7/1617 309/8/1617 308/9/1617
f 307/7/1618 309/8/1618 302/9/1618
f 304/7/1619 306/8/1619 311/9/1619
f 303/7/1620 302/8/1620 306/9/1620
f 301/7/1621 303/8/1621 290/9/1621
f 293/7/1622 292/8/1622 305/9/1622
f 295/7/1623 307/8/1623 301/9/1623
f 294/7/1624 300/8/1624 296/9/1624
f 305/7/1625 292/8/1625 290/9/1625
f 298/7/1626 293/8/1626 304/9/1626
f 297/7/1627 299/8/1627 312/9/1627
f 309/7/1628 311/8/1628 306/9/1628
f 313/7/1629 315/8/1629 320/9/1629
f 316/7/1630 318/8/1630 315/9/1630
f 322/7/1631 324/8/1631 318/9/1631
f 321/7/1632 320/8/1632 324/9/1632
f 319/7/1633 321/8/1633 332/9/1633
f 322/7/1634 334/8/1634 336/9/1634
f 335/7/1635 333/8/1635 332/9/1635
f 331/7/1636 333/8/1636 326/9/1636
f 334/7/1637 328/8/1637 330/9/1637
f 329/7/1638 327/8/1638 326/9/1638
f 313/7/1639 325/8/1639 327/9/1639
f 317/7/1640 316/8/1640 329/9/1640
f 319/7/1641 331/8/1641 325/9/1641
f 315/7/1642 318/8/1642 324/9/1642
f 327/7/1643 329/8/1643 316/9/1643
f 334/7/1644 322/8/1644 317/9/1644
f 323/7/1645 336/8/1645 332/9/1645
f 335/7/1646 330/8/1646 326/9/1646
f 343/4/1647 337/5/1647 339/6/1647
f 340/4/1648 342/5/1648 339/6/1648
f 346/4/1649 348/5/1649 342/6/1649
f 345/4/1650 344/5/1650 348/6/1650
f 343/4/1651 345/5/1651 356/6/1651
f 346/4/1652 358/5/1652 360/6/1652
f 357/4/1653 356/5/1653 360/6/1653
f 355/4/1654 357/5/1654 350/6/1654
f 352/4/1655 354/5/1655 359/6/1655
f 353/4/1656 351/5/1656 350/6/1656
f 337/4/1657 349/5/1657 351/6/1657
f 352/4/1658 341/5/1658 340/6/1658
f 343/4/1659 355/5/1659 349/6/1659
f 339/4/1660 342/5/1660 348/6/1660
f 351/4/1661 353/5/1661 340/6/1661
f 346/4/1662 341/5/1662 352/6/1662
f 345/4/1663 347/5/1663 360/6/1663
f 357/4/1664 359/5/1664 354/6/1664
f 361/1/1665 363/2/1665 368/3/1665
f 362/1/1666 364/2/1666 366/3/1666
f 365/1/1667 370/2/1667 372/3/1667
f 371/1/1668 369/2/1668 368/3/1668
f 367/1/1669 369/2/1669 380/3/1669
f 370/1/1670 382/2/1670 384/3/1670
f 381/1/1671 380/2/1671 384/3/1671
f 373/1/1672 379/2/1672 381/3/1672
f 382/1/1673 376/2/1673 378/3/1673
f 377/1/1674 375/2/1674 374/3/1674
f 373/1/1675 375/2/1675 362/3/1675
f 376/1/1676 365/2/1676 364/3/1676
f 367/1/1677 379/2/1677 373/3/1677
f 366/1/1678 372/2/1678 368/3/1678
f 375/1/1679 377/2/1679 364/3/1679
f 370/1/1680 365/2/1680 376/3/1680
f 369/1/1681 371/2/1681 384/3/1681
f 381/1/1682 383/2/1682 378/3/1682
f 385/10/1683 387/11/1683 392/12/1683
f 386/10/1684 388/11/1684 390/12/1684
f 389/10/1685 394/11/1685 396/12/1685
f 395/10/1686 393/11/1686 392/12/1686
f 403/10/1687 391/11/1687 393/12/1687
f 394/10/1688 406/11/1688 408/12/1688
f 405/10/1689 404/11/1689 408/12/1689
f 397/10/1690 403/11/1690 405/12/1690
f 400/10/1691 402/11/1691 407/12/1691
f 399/10/1692 398/11/1692 402/12/1692
f 385/10/1693 397/11/1693 399/12/1693
f 400/10/1694 389/11/1694 388/12/1694
f 403/10/1695 397/11/1695 385/12/1695
f 390/10/1696 396/11/1696 392/12/1696
f 401/10/1697 388/11/1697 386/12/1697
f 406/10/1698 394/11/1698 389/12/1698
f 393/10/1699 395/11/1699 408/12/1699
f 405/10/1700 407/11/1700 402/12/1700
f 409/4/1701 411/5/1701 416/6/1701
f 412/4/1702 414/5/1702 411/6/1702
f 418/4/1703 420/5/1703 414/6/1703
f 419/4/1704 417/5/1704 416/6/1704
f 427/4/1705 415/5/1705 417/6/1705
f 430/4/1706 432/5/1706 419/6/1706
f 429/4/1707 428/5/1707 432/6/1707
f 427/4/1708 429/5/1708 422/6/1708
f 424/4/1709 426/5/1709 431/6/1709
f 423/4/1710 422/5/1710 426/6/1710
f 421/4/1711 423/5/1711 410/6/1711
f 413/4/1712 412/5/1712 425/6/1712
f 415/4/1713 427/5/1713 421/6/1713
f 411/4/1714 414/5/1714 420/6/1714
f 423/4/1715 425/5/1715 412/6/1715
f 430/4/1716 418/5/1716 413/6/1716
f 419/4/1717 432/5/1717 428/6/1717
f 429/4/1718 431/5/1718 426/6/1718
f 433/10/1719 435/11/1719 440/12/1719
f 436/10/1720 438/11/1720 435/12/1720
f 442/10/1721 444/11/1721 438/12/1721
f 443/10/1722 441/11/1722 440/12/1722
f 451/10/1723 439/11/1723 441/12/1723
f 442/10/1724 454/11/1724 456/12/1724
f 455/10/1725 453/11/1725 452/12/1725
f 445/10/1726 451/11/1726 453/12/1726
f 454/10/1727 448/11/1727 450/12/1727
f 447/10/1728 446/11/1728 450/12/1728
f 433/10/1729 445/11/1729 447/12/1729
f 437/10/1730 436/11/1730 449/12/1730
f 451/10/1731 445/11/1731 433/12/1731
f 438/10/1732 444/11/1732 440/12/1732
f 449/10/1733 436/11/1733 434/12/1733
f 454/10/1734 442/11/1734 437/12/1734
f 441/10/1735 443/11/1735 456/12/1735
f 453/10/1736 455/11/1736 450/12/1736
f 457/10/1737 459/11/1737 464/12/1737
f 458/10/1738 460/11/1738 462/12/1738
f 466/10/1739 468/11/1739 462/12/1739
f 465/10/1740 464/11/1740 468/12/1740
f 475/10/1741 463/11/1741 465/12/1741
f 478/10/1742 480/11/1742 467/12/1742
f 477/10/1743 476/11/1743 480/12/1743
f 469/10/1744 475/11/1744 477/12/1744
f 472/10/1745 474/11/1745 479/12/1745
f 473/10/1746 471/11/1746 470/12/1746
f 457/10/1747 469/11/1747 471/12/1747
f 461/10/1748 460/11/1748 473/12/1748
f 463/10/1749 475/11/1749 469/12/1749
f 462/10/1750 468/11/1750 464/12/1750
f 473/10/1751 460/11/1751 458/12/1751
f 478/10/1752 466/11/1752 461/12/1752
f 465/10/1753 467/11/1753 480/12/1753
f 479/10/1754 474/11/1754 470/12/1754
f 487/4/1755 481/5/1755 483/6/1755
f 482/4/1756 484/5/1756 486/6/1756
f 490/4/1757 492/5/1757 486/6/1757
f 489/4/1758 488/5/1758 492/6/1758
f 499/4/1759 487/5/1759 489/6/1759
f 502/4/1760 504/5/1760 491/6/1760
f 503/4/1761 501/5/1761 500/6/1761
f 493/4/1762 499/5/1762 501/6/1762
f 502/4/1763 496/5/1763 498/6/1763
f 497/4/1764 495/5/1764 494/6/1764
f 481/4/1765 493/5/1765 495/6/1765
f 496/4/1766 485/5/1766 484/6/1766
f 499/4/1767 493/5/1767 481/6/1767
f 483/4/1768 486/5/1768 492/6/1768
f 495/4/1769 497/5/1769 484/6/1769
f 490/4/1770 485/5/1770 496/6/1770
f 489/4/1771 491/5/1771 504/6/1771
f 503/4/1772 498/5/1772 494/6/1772
f 511/7/1773 505/8/1773 507/9/1773
f 508/7/1774 510/8/1774 507/9/1774
f 514/7/1775 516/8/1775 510/9/1775
f 515/7/1776 513/8/1776 512/9/1776
f 523/7/1777 511/8/1777 513/9/1777
f 526/7/1778 528/8/1778 515/9/1778
f 527/7/1779 525/8/1779 524/9/1779
f 523/7/1780 525/8/1780 518/9/1780
f 520/7/1781 522/8/1781 527/9/1781
f 521/7/1782 519/8/1782 518/9/1782
f 505/7/1783 517/8/1783 519/9/1783
f 509/7/1784 508/8/1784 521/9/1784
f 523/7/1785 517/8/1785 505/9/1785
f 507/7/1786 510/8/1786 516/9/1786
f 521/7/1787 508/8/1787 506/9/1787
f 526/7/1788 514/8/1788 509/9/1788
f 513/7/1789 515/8/1789 528/9/1789
f 527/7/1790 522/8/1790 518/9/1790
f 535/10/1791 529/11/1791 531/12/1791
f 530/10/1792 532/11/1792 534/12/1792
f 533/10/1793 538/11/1793 540/12/1793
f 539/10/1794 537/11/1794 536/12/1794
f 547/10/1795 535/11/1795 537/12/1795
f 538/10/1796 550/11/1796 552/12/1796
f 551/10/1797 549/11/1797 548/12/1797
f 541/10/1798 547/11/1798 549/12/1798
f 550/10/1799 544/11/1799 546/12/1799
f 545/10/1800 543/11/1800 542/12/1800
f 529/10/1801 541/11/1801 543/12/1801
f 544/10/1802 533/11/1802 532/12/1802
f 547/10/1803 541/11/1803 529/12/1803
f 534/10/1804 540/11/1804 536/12/1804
f 545/10/1805 532/11/1805 530/12/1805
f 538/10/1806 533/11/1806 544/12/1806
f 537/10/1807 539/11/1807 552/12/1807
f 551/10/1808 546/11/1808 542/12/1808
f 559/1/1809 553/2/1809 555/3/1809
f 556/1/1810 558/2/1810 555/3/1810
f 562/1/1811 564/2/1811 558/3/1811
f 563/1/1812 561/2/1812 560/3/1812
f 571/1/1813 559/2/1813 561/3/1813
f 562/1/1814 574/2/1814 576/3/1814
f 575/1/1815 573/2/1815 572/3/1815
f 571/1/1816 573/2/1816 566/3/1816
f 574/1/1817 568/2/1817 570/3/1817
f 569/1/1818 567/2/1818 566/3/1818
f 553/1/1819 565/2/1819 567/3/1819
f 568/1/1820 557/2/1820 556/3/1820
f 571/1/1821 565/2/1821 553/3/1821
f 555/1/1822 558/2/1822 564/3/1822
f 569/1/1823 556/2/1823 554/3/1823
f 562/1/1824 557/2/1824 568/3/1824
f 563/1/1825 576/2/1825 572/3/1825
f 573/1/1826 575/2/1826 570/3/1826
f 577/4/1827 579/5/1827 584/6/1827
f 578/4/1828 580/5/1828 582/6/1828
f 581/4/1829 586/5/1829 588/6/1829
f 587/4/1830 585/5/1830 584/6/1830
f 595/4/1831 583/5/1831 585/6/1831
f 586/4/1832 598/5/1832 600/6/1832
f 599/4/1833 597/5/1833 596/6/1833
f 589/4/1834 595/5/1834 597/6/1834
f 592/4/1835 594/5/1835 599/6/1835
f 591/4/1836 590/5/1836 594/6/1836
f 577/4/1837 589/5/1837 591/6/1837
f 581/4/1838 580/5/1838 593/6/1838
f 583/4/1839 595/5/1839 589/6/1839
f 579/4/1840 582/5/1840 588/6/1840
f 593/4/1841 580/5/1841 578/6/1841
f 598/4/1842 586/5/1842 581/6/1842
f 587/4/1843 600/5/1843 596/6/1843
f 599/4/1844 594/5/1844 590/6/1844
f 601/4/1845 603/5/1845 608/6/1845
f 602/4/1846 604/5/1846 606/6/1846
f 605/4/1847 610/5/1847 612/6/1847
f 609/4/1848 608/5/1848 612/6/1848
f 607/4/1849 609/5/1849 620/6/1849
f 610/4/1850 622/5/1850 624/6/1850
f 621/4/1851 620/5/1851 624/6/1851
f 613/4/1852 619/5/1852 621/6/1852
f 616/4/1853 618/5/1853 623/6/1853
f 617/4/1854 615/5/1854 614/6/1854
f 613/4/1855 615/5/1855 602/6/1855
f 605/4/1856 604/5/1856 617/6/1856
f 607/4/1857 619/5/1857 613/6/1857
f 606/4/1858 612/5/1858 608/6/1858
f 615/4/1859 617/5/1859 604/6/1859
f 622/4/1860 610/5/1860 605/6/1860
f 609/4/1861 611/5/1861 624/6/1861
f 623/4/1862 618/5/1862 614/6/1862
f 625/10/1863 627/11/1863 632/12/1863
f 628/10/1864 630/11/1864 627/12/1864
f 629/10/1865 634/11/1865 636/12/1865
f 633/10/1866 632/11/1866 636/12/1866
f 631/10/1867 633/11/1867 644/12/1867
f 634/10/1868 646/11/1868 648/12/1868
f 647/10/1869 645/11/1869 644/12/1869
f 643/10/1870 645/11/1870 638/12/1870
f 646/10/1871 640/11/1871 642/12/1871
f 641/10/1872 639/11/1872 638/12/1872
f 637/10/1873 639/11/1873 626/12/1873
f 629/10/1874 628/11/1874 641/12/1874
f 631/10/1875 643/11/1875 637/12/1875
f 630/10/1876 636/11/1876 632/12/1876
f 639/10/1877 641/11/1877 628/12/1877
f 646/10/1878 634/11/1878 629/12/1878
f 635/10/1879 648/11/1879 644/12/1879
f 647/10/1880 642/11/1880 638/12/1880
f 649/1/1881 651/2/1881 656/3/1881
f 650/1/1882 652/2/1882 654/3/1882
f 653/1/1883 658/2/1883 660/3/1883
f 659/1/1884 657/2/1884 656/3/1884
f 655/1/1885 657/2/1885 668/3/1885
f 670/1/1886 672/2/1886 659/3/1886
f 669/1/1887 668/2/1887 672/3/1887
f 667/1/1888 669/2/1888 662/3/1888
f 664/1/1889 666/2/1889 671/3/1889
f 665/1/1890 663/2/1890 662/3/1890
f 661/1/1891 663/2/1891 650/3/1891
f 664/1/1892 653/2/1892 652/3/1892
f 667/1/1893 661/2/1893 649/3/1893
f 654/1/1894 660/2/1894 656/3/1894
f 665/1/1895 652/2/1895 650/3/1895
f 670/1/1896 658/2/1896 653/3/1896
f 657/1/1897 659/2/1897 672/3/1897
f 671/1/1898 666/2/1898 662/3/1898
f 673/10/1899 675/11/1899 680/12/1899
f 676/10/1900 678/11/1900 675/12/1900
f 682/10/1901 684/11/1901 678/12/1901
f 681/10/1902 680/11/1902 684/12/1902
f 691/10/1903 679/11/1903 681/12/1903
f 694/10/1904 696/11/1904 683/12/1904
f 695/10/1905 693/11/1905 692/12/1905
f 691/10/1906 693/11/1906 686/12/1906
f 688/10/1907 690/11/1907 695/12/1907
f 689/10/1908 687/11/1908 686/12/1908
f 685/10/1909 687/11/1909 674/12/1909
f 677/10/1910 676/11/1910 689/12/1910
f 691/10/1911 685/11/1911 673/12/1911
f 678/10/1912 684/11/1912 680/12/1912
f 687/10/1913 689/11/1913 676/12/1913
f 682/10/1914 677/11/1914 688/12/1914
f 681/10/1915 683/11/1915 696/12/1915
f 695/10/1916 690/11/1916 686/12/1916
f 697/4/1917 699/5/1917 704/6/1917
f 698/4/1918 700/5/1918 702/6/1918
f 701/4/1919 706/5/1919 708/6/1919
f 707/4/1920 705/5/1920 704/6/1920
f 715/4/1921 703/5/1921 705/6/1921
f 718/4/1922 720/5/1922 707/6/1922
f 717/4/1923 716/5/1923 720/6/1923
f 709/4/1924 715/5/1924 717/6/1924
f 718/4/1925 712/5/1925 714/6/1925
f 711/4/1926 710/5/1926 714/6/1926
f 697/4/1927 709/5/1927 711/6/1927
f 712/4/1928 701/5/1928 700/6/1928
f 703/4/1929 715/5/1929 709/6/1929
f 699/4/1930 702/5/1930 708/6/1930
f 713/4/1931 700/5/1931 698/6/1931
f 718/4/1932 706/5/1932 701/6/1932
f 707/4/1933 720/5/1933 716/6/1933
f 719/4/1934 714/5/1934 710/6/1934
f 727/1/1935 721/2/1935 723/3/1935
f 722/1/1936 724/2/1936 726/3/1936
f 725/1/1937 730/2/1937 732/3/1937
f 731/1/1938 729/2/1938 728/3/1938
f 739/1/1939 727/2/1939 729/3/1939
f 742/1/1940 744/2/1940 731/3/1940
f 741/1/1941 740/2/1941 744/3/1941
f 733/1/1942 739/2/1942 741/3/1942
f 736/1/1943 738/2/1943 743/3/1943
f 735/1/1944 734/2/1944 738/3/1944
f 733/1/1945 735/2/1945 722/3/1945
f 736/1/1946 725/2/1946 724/3/1946
f 739/1/1947 733/2/1947 721/3/1947
f 723/1/1948 726/2/1948 732/3/1948
f 737/1/1949 724/2/1949 722/3/1949
f 730/1/1950 725/2/1950 736/3/1950
f 729/1/1951 731/2/1951 744/3/1951
f 741/1/1952 743/2/1952 738/3/1952
f 745/7/1953 747/8/1953 752/9/1953
f 748/7/1954 750/8/1954 747/9/1954
f 754/7/1955 756/8/1955 750/9/1955
f 755/7/1956 753/8/1956 752/9/1956
f 763/7/1957 751/8/1957 753/9/1957
f 766/7/1958 768/8/1958 755/9/1958
f 767/7/1959 765/8/1959 764/9/1959
f 763/7/1960 765/8/1960 758/9/1960
f 766/7/1961 760/8/1961 762/9/1961
f 761/7/1962 759/8/1962 758/9/1962
f 757/7/1963 759/8/1963 746/9/1963
f 749/7/1964 748/8/1964 761/9/1964
f 751/7/1965 763/8/1965 757/9/1965
f 747/7/1966 750/8/1966 756/9/1966
f 759/7/1967 761/8/1967 748/9/1967
f 754/7/1968 749/8/1968 760/9/1968
f 755/7/1969 768/8/1969 764/9/1969
f 767/7/1970 762/8/1970 758/9/1970
f 769/7/1971 771/8/1971 776/9/1971
f 772/7/1972 774/8/1972 771/9/1972
f 773/7/1973 778/8/1973 780/9/1973
f 779/7/1974 777/8/1974 776/9/1974
f 775/7/1975 777/8/1975 788/9/1975
f 778/7/1976 790/8/1976 792/9/1976
f 789/7/1977 788/8/1977 792/9/1977
f 781/7/1978 787/8/1978 789/9/1978
f 790/7/1979 784/8/1979 786/9/1979
f 783/7/1980 782/8/1980 786/9/1980
f 781/7/1981 783/8/1981 770/9/1981
f 784/7/1982 773/8/1982 772/9/1982
f 787/7/1983 781/8/1983 769/9/1983
f 771/7/1984 774/8/1984 780/9/1984
f 783/7/1985 785/8/1985 772/9/1985
f 778/7/1986 773/8/1986 784/9/1986
f 779/7/1987 792/8/1987 788/9/1987
f 789/7/1988 791/8/1988 786/9/1988
f 799/10/1989 793/11/1989 795/12/1989
f 794/10/1990 796/11/1990 798/12/1990
f 802/10/1991 804/11/1991 798/12/1991
f 803/10/1992 801/11/1992 800/12/1992
f 811/10/1993 799/11/1993 801/12/1993
f 814/10/1994 816/11/1994 803/12/1994
f 813/10/1995 812/11/1995 816/12/1995
f 805/10/1996 811/11/1996 813/12/1996
f 814/10/1997 808/11/1997 810/12/1997
f 809/10/1998 807/11/1998 806/12/1998
f 805/10/1999 807/11/1999 794/12/1999
f 797/10/2000 796/11/2000 809/12/2000
f 799/10/2001 811/11/2001 805/12/2001
f 798/10/2002 804/11/2002 800/12/2002
f 809/10/2003 796/11/2003 794/12/2003
f 814/10/2004 802/11/2004 797/12/2004
f 803/10/2005 816/11/2005 812/12/2005
f 813/10/2006 815/11/2006 810/12/2006
f 823/7/2007 817/8/2007 819/9/2007
f 818/7/2008 820/8/2008 822/9/2008
f 821/7/2009 826/8/2009 828/9/2009
f 825/7/2010 824/8/2010 828/9/2010
f 835/7/2011 823/8/2011 825/9/2011
f 838/7/2012 840/8/2012 827/9/2012
f 839/7/2013 837/8/2013 836/9/2013
f 835/7/2014 837/8/2014 830/9/2014
f 832/7/2015 834/8/2015 839/9/2015
f 831/7/2016 830/8/2016 834/9/2016
f 829/7/2017 831/8/2017 818/9/2017
f 821/7/2018 820/8/2018 833/9/2018
f 835/7/2019 829/8/2019 817/9/2019
f 819/7/2020 822/8/2020 828/9/2020
f 833/7/2021 820/8/2021 818/9/2021
f 826/7/2022 821/8/2022 832/9/2022
f 825/7/2023 827/8/2023 840/9/2023
f 837/7/2024 839/8/2024 834/9/2024
f 847/1/2025 841/2/2025 843/3/2025
f 842/1/2026 844/2/2026 846/3/2026
f 850/1/2027 852/2/2027 846/3/2027
f 849/1/2028 848/2/2028 852/3/2028
f 859/1/2029 847/2/2029 849/3/2029
f 862/1/2030 864/2/2030 851/3/2030
f 861/1/2031 860/2/2031 864/3/2031
f 859/1/2032 861/2/2032 854/3/2032
f 862/1/2033 856/2/2033 858/3/2033
f 857/1/2034 855/2/2034 854/3/2034
f 841/1/2035 853/2/2035 855/3/2035
f 845/1/2036 844/2/2036 857/3/2036
f 847/1/2037 859/2/2037 853/3/2037
f 843/1/2038 846/2/2038 852/3/2038
f 855/1/2039 857/2/2039 844/3/2039
f 862/1/2040 850/2/2040 845/3/2040
f 851/1/2041 864/2/2041 860/3/2041
f 861/1/2042 863/2/2042 858/3/2042
f 865/4/2043 867/5/2043 872/6/2043
f 868/4/1450 870/5/1450 867/6/1450
f 869/4/2044 874/5/2044 876/6/2044
f 875/4/2045 873/5/2045 872/6/2045
f 883/4/2046 871/5/2046 873/6/2046
f 874/4/2047 886/5/2047 888/6/2047
f 887/4/2048 885/5/2048 884/6/2048
f 883/4/2049 885/5/2049 878/6/2049
f 886/4/2050 880/5/2050 882/6/2050
f 879/4/2051 878/5/2051 882/6/2051
f 877/4/2052 879/5/2052 866/6/2052
f 880/4/2053 869/5/2053 868/6/2053
f 883/4/2054 877/5/2054 865/6/2054
f 870/4/2055 876/5/2055 872/6/2055
f 879/4/2056 881/5/2056 868/6/2056
f 874/4/2057 869/5/2057 880/6/2057
f 875/4/2058 888/5/2058 884/6/2058
f 885/4/2059 887/5/2059 882/6/2059
f 889/4/2060 891/5/2060 896/6/2060
f 890/4/2061 892/5/2061 894/6/2061
f 898/4/2062 900/5/2062 894/6/2062
f 899/4/2063 897/5/2063 896/6/2063
f 907/4/2064 895/5/2064 897/6/2064
f 910/4/2065 912/5/2065 899/6/2065
f 909/4/2066 908/5/2066 912/6/2066
f 907/4/2067 909/5/2067 902/6/2067
f 910/4/2068 904/5/2068 906/6/2068
f 903/4/2069 902/5/2069 906/6/2069
f 901/4/2070 903/5/2070 890/6/2070
f 904/4/2071 893/5/2071 892/6/2071
f 907/4/2072 901/5/2072 889/6/2072
f 894/4/2073 900/5/2073 896/6/2073
f 903/4/2074 905/5/2074 892/6/2074
f 910/4/2075 898/5/2075 893/6/2075
f 897/4/2076 899/5/2076 912/6/2076
f 911/4/2077 906/5/2077 902/6/2077
f 913/1/2078 915/2/2078 920/3/2078
f 916/1/2079 918/2/2079 915/3/2079
f 922/1/2080 924/2/2080 918/3/2080
f 923/1/2081 921/2/2081 920/3/2081
f 931/1/2082 919/2/2082 921/3/2082
f 934/1/2083 936/2/2083 923/3/2083
f 933/1/2084 932/2/2084 936/3/2084
f 931/1/2085 933/2/2085 926/3/2085
f 928/1/2086 930/2/2086 935/3/2086
f 929/1/2087 927/2/2087 926/3/2087
f 925/1/2088 927/2/2088 914/3/2088
f 917/1/2089 916/2/2089 929/3/2089
f 931/1/2090 925/2/2090 913/3/2090
f 918/1/2091 924/2/2091 920/3/2091
f 929/1/2092 916/2/2092 914/3/2092
f 922/1/2093 917/2/2093 928/3/2093
f 923/1/2094 936/2/2094 932/3/2094
f 935/1/2095 930/2/2095 926/3/2095
f 937/10/2096 939/11/2096 944/12/2096
f 940/10/2097 942/11/2097 939/12/2097
f 941/10/2098 946/11/2098 948/12/2098
f 947/10/2099 945/11/2099 944/12/2099
f 955/10/2100 943/11/2100 945/12/2100
f 958/10/2101 960/11/2101 947/12/2101
f 957/10/2102 956/11/2102 960/12/2102
f 949/10/2103 955/11/2103 957/12/2103
f 958/10/2104 952/11/2104 954/12/2104
f 953/10/2105 951/11/2105 950/12/2105
f 949/10/2106 951/11/2106 938/12/2106
f 952/10/2107 941/11/2107 940/12/2107
f 955/10/2108 949/11/2108 937/12/2108
f 942/10/2109 948/11/2109 944/12/2109
f 953/10/2110 940/11/2110 938/12/2110
f 958/10/2111 946/11/2111 941/12/2111
f 945/10/2112 947/11/2112 960/12/2112
f 957/10/2113 959/11/2113 954/12/2113
f 967/1/2114 961/2/2114 963/3/2114
f 964/1/2115 966/2/2115 963/3/2115
f 970/1/2116 972/2/2116 966/3/2116
f 971/1/2117 969/2/2117 968/3/2117
f 967/1/2118 969/2/2118 980/3/2118
f 970/1/2119 982/2/2119 984/3/2119
f 983/1/2120 981/2/2120 980/3/2120
f 973/1/2121 979/2/2121 981/3/2121
f 982/1/2122 976/2/2122 978/3/2122
f 975/1/2123 974/2/2123 978/3/2123
f 961/1/2124 973/2/2124 975/3/2124
f 976/1/2125 965/2/2125 964/3/2125
f 967/1/2126 979/2/2126 973/3/2126
f 966/1/2127 972/2/2127 968/3/2127
f 975/1/2128 977/2/2128 964/3/2128
f 982/1/2129 970/2/2129 965/3/2129
f 971/1/2130 984/2/2130 980/3/2130
f 981/1/2131 983/2/2131 978/3/2131
f 985/4/2132 987/5/2132 992/6/2132
f 986/4/2133 988/5/2133 990/6/2133
f 989/4/2134 994/5/2134 996/6/2134
f 995/4/2135 993/5/2135 992/6/2135
f 1003/4/2136 991/5/2136 993/6/2136
f 994/4/2137 1006/5/2137 1008/6/2137
f 1007/4/2138 1005/5/2138 1004/6/2138
f 997/4/2139 1003/5/2139 1005/6/2139
f 1000/4/2140 1002/5/2140 1007/6/2140
f 1001/4/2141 999/5/2141 998/6/2141
f 985/4/2142 997/5/2142 999/6/2142
f 989/4/2143 988/5/2143 1001/6/2143
f 1003/4/2144 997/5/2144 985/6/2144
f 987/4/2145 990/5/2145 996/6/2145
f 1001/4/2146 988/5/2146 986/6/2146
f 994/4/2147 989/5/2147 1000/6/2147
f 995/4/2148 1008/5/2148 1004/6/2148
f 1005/4/2149 1007/5/2149 1002/6/2149
f 1010/13/22 1012/14/22 1011/15/22
f 1012/13/25 1016/14/25 1015/15/25
f 1016/13/26 1014/14/26 1013/15/26
f 1014/13/23 1010/14/23 1009/15/23
f 1015/13/21 1013/14/21 1009/15/21
f 1012/13/24 1010/14/24 1014/15/24
f 1018/13/1086 1020/14/1086 1019/15/1086
f 1020/13/1087 1022/14/1087 1021/15/1087
f 1022/13/1088 1024/14/1088 1023/15/1088
f 1024/13/23 1026/14/23 1025/15/23
f 1026/13/1089 1028/14/1089 1027/15/1089
f 1022/16/26 1020/17/26 1024/18/26
f 1020/16/26 1018/17/26 1024/18/26
f 1018/16/26 1030/17/26 1024/18/26
f 1030/16/26 1028/17/26 1024/18/26
f 1028/13/1090 1030/14/1090 1029/15/1090
f 1030/13/1091 1018/14/1091 1017/15/1091
f 1029/16/22 1017/17/22 1019/18/22
f 1019/16/22 1021/17/22 1023/18/22
f 1023/16/22 1025/17/22 1027/18/22
f 1027/16/22 1029/17/22 1023/18/22
f 1031/13/1086 1032/14/1086 1034/15/1086
f 1034/13/1087 1036/14/1087 1035/15/1087
f 1036/13/1088 1038/14/1088 1037/15/1088
f 1038/13/23 1040/14/23 1039/15/23
f 1040/13/1089 1042/14/1089 1041/15/1089
f 1036/16/26 1034/17/26 1038/18/26
f 1034/16/26 1032/17/26 1038/18/26
f 1032/16/26 1044/17/26 1038/18/26
f 1044/16/26 1042/17/26 1038/18/26
f 1042/13/1090 1044/14/1090 1043/15/1090
f 1044/13/1091 1032/14/1091 1031/15/1091
f 1043/16/22 1031/17/22 1033/18/22
f 1033/16/22 1035/17/22 1037/18/22
f 1037/16/22 1039/17/22 1041/18/22
f 1041/16/22 1043/17/22 1037/18/22
f 1046/13/1092 1048/14/1092 1047/15/1092
f 1048/13/1093 1050/14/1093 1049/15/1093
f 1050/13/1094 1052/14/1094 1051/15/1094
f 1052/13/21 1054/14/21 1053/15/21
f 1054/13/1095 1056/14/1095 1055/15/1095
f 1050/16/23 1048/17/23 1046/18/23
f 1046/16/23 1058/17/23 1056/18/23
f 1056/16/23 1054/17/23 1046/18/23
f 1054/16/23 1052/17/23 1046/18/23
f 1056/13/1096 1058/14/1096 1057/15/1096
f 1058/13/1097 1046/14/1097 1045/15/1097
f 1057/16/25 1045/17/25 1055/18/25
f 1045/16/25 1047/17/25 1055/18/25
f 1047/16/25 1049/17/25 1051/18/25
f 1051/16/25 1053/17/25 1047/18/25
f 1060/13/1092 1062/14/1092 1061/15/1092
f 1062/13/1093 1064/14/1093 1063/15/1093
f 1064/13/1094 1066/14/1094 1065/15/1094
f 1066/13/21 1068/14/21 1067/15/21
f 1068/13/1095 1070/14/1095 1069/15/1095
f 1064/16/23 1062/17/23 1060/18/23
f 1060/16/23 1072/17/23 1070/18/23
f 1070/16/23 1068/17/23 1060/18/23
f 1068/16/23 1066/17/23 1060/18/23
f 1070/13/1096 1072/14/1096 1071/15/1096
f 1072/13/1097 1060/14/1097 1059/15/1097
f 1071/16/25 1059/17/25 1069/18/25
f 1059/16/25 1061/17/25 1069/18/25
f 1061/16/25 1063/17/25 1065/18/25
f 1065/16/25 1067/17/25 1061/18/25
f 1073/13/1086 1074/14/1086 1076/15/1086
f 1076/13/1087 1078/14/1087 1077/15/1087
f 1078/13/1088 1080/14/1088 1079/15/1088
f 1080/13/23 1082/14/23 1081/15/23
f 1082/13/1089 1084/14/1089 1083/15/1089
f 1078/16/26 1076/17/26 1080/18/26
f 1076/16/26 1074/17/26 1080/18/26
f 1074/16/26 1086/17/26 1080/18/26
f 1086/16/26 1084/17/26 1080/18/26
f 1084/13/1090 1086/14/1090 1085/15/1090
f 1086/13/1091 1074/14/1091 1073/15/1091
f 1085/16/22 1073/17/22 1075/18/22
f 1075/16/22 1077/17/22 1079/18/22
f 1079/16/22 1081/17/22 1083/18/22
f 1083/16/22 1085/17/22 1079/18/22
f 1088/13/1086 1090/14/1086 1089/15/1086
f 1090/13/1087 1092/14/1087 1091/15/1087
f 1092/13/1088 1094/14/1088 1093/15/1088
f 1094/13/23 1096/14/23 1095/15/23
f 1096/13/1089 1098/14/1089 1097/15/1089
f 1092/16/26 1090/17/26 1094/18/26
f 1090/16/26 1088/17/26 1094/18/26
f 1088/16/26 1100/17/26 1094/18/26
f 1100/16/26 1098/17/26 1094/18/26
f 1098/13/1090 1100/14/1090 1099/15/1090
f 1100/13/1091 1088/14/1091 1087/15/1091
f 1099/16/22 1087/17/22 1089/18/22
f 1089/16/22 1091/17/22 1093/18/22
f 1093/16/22 1095/17/22 1097/18/22
f 1097/16/22 1099/17/22 1093/18/22
f 1102/13/1092 1104/14/1092 1103/15/1092
f 1104/13/1093 1106/14/1093 1105/15/1093
f 1106/13/1094 1108/14/1094 1107/15/1094
f 1108/13/21 1110/14/21 1109/15/21
f 1110/13/1095 1112/14/1095 1111/15/1095
f 1106/16/23 1104/17/23 1102/18/23
f 1102/16/23 1114/17/23 1112/18/23
f 1112/16/23 1110/17/23 1102/18/23
f 1110/16/23 1108/17/23 1102/18/23
f 1112/13/1096 1114/14/1096 1113/15/1096
f 1114/13/1097 1102/14/1097 1101/15/1097
f 1113/16/25 1101/17/25 1103/18/25
f 1103/16/25 1105/17/25 1107/18/25
f 1107/16/25 1109/17/25 1103/18/25
f 1109/16/25 1111/17/25 1103/18/25
f 1116/13/1092 1118/14/1092 1117/15/1092
f 1118/13/1093 1120/14/1093 1119/15/1093
f 1120/13/1094 1122/14/1094 1121/15/1094
f 1122/13/21 1124/14/21 1123/15/21
f 1124/13/1095 1126/14/1095 1125/15/1095
f 1120/16/23 1118/17/23 1116/18/23
f 1116/16/23 1128/17/23 1126/18/23
f 1126/16/23 1124/17/23 1116/18/23
f 1124/16/23 1122/17/23 1116/18/23
f 1126/13/1096 1128/14/1096 1127/15/1096
f 1128/13/1097 1116/14/1097 1115/15/1097
f 1127/16/25 1115/17/25 1117/18/25
f 1117/16/25 1119/17/25 1121/18/25
f 1121/16/25 1123/17/25 1117/18/25
f 1123/16/25 1125/17/25 1117/18/25
f 1129/13/1086 1130/14/1086 1132/15/1086
f 1132/13/1087 1134/14/1087 1133/15/1087
f 1134/13/1088 1136/14/1088 1135/15/1088
f 1136/13/23 1138/14/23 1137/15/23
f 1138/13/1089 1140/14/1089 1139/15/1089
f 1134/16/26 1132/17/26 1136/18/26
f 1132/16/26 1130/17/26 1136/18/26
f 1130/16/26 1142/17/26 1140/18/26
f 1140/16/26 1138/17/26 1130/18/26
f 1140/13/1090 1142/14/1090 1141/15/1090
f 1141/13/1091 1142/14/1091 1130/15/1091
f 1141/16/22 1129/17/22 1131/18/22
f 1131/16/22 1133/17/22 1135/18/22
f 1135/16/22 1137/17/22 1139/18/22
f 1139/16/22 1141/17/22 1135/18/22
f 1143/13/1086 1144/14/1086 1146/15/1086
f 1146/13/1087 1148/14/1087 1147/15/1087
f 1148/13/1088 1150/14/1088 1149/15/1088
f 1150/13/23 1152/14/23 1151/15/23
f 1152/13/1089 1154/14/1089 1153/15/1089
f 1148/16/26 1146/17/26 1150/18/26
f 1146/16/26 1144/17/26 1150/18/26
f 1144/16/26 1156/17/26 1154/18/26
f 1154/16/26 1152/17/26 1144/18/26
f 1154/13/1090 1156/14/1090 1155/15/1090
f 1155/13/1091 1156/14/1091 1144/15/1091
f 1155/16/22 1143/17/22 1145/18/22
f 1145/16/22 1147/17/22 1149/18/22
f 1149/16/22 1151/17/22 1153/18/22
f 1153/16/22 1155/17/22 1149/18/22
f 1158/13/1092 1160/14/1092 1159/15/1092
f 1160/13/1093 1162/14/1093 1161/15/1093
f 1162/13/1094 1164/14/1094 1163/15/1094
f 1164/13/21 1166/14/21 1165/15/21
f 1166/13/1095 1168/14/1095 1167/15/1095
f 1162/16/23 1160/17/23 1158/18/23
f 1158/16/23 1170/17/23 1168/18/23
f 1168/16/23 1166/17/23 1158/18/23
f 1166/16/23 1164/17/23 1158/18/23
f 1168/13/1096 1170/14/1096 1169/15/1096
f 1170/13/1097 1158/14/1097 1157/15/1097
f 1169/16/25 1157/17/25 1159/18/25
f 1159/16/25 1161/17/25 1163/18/25
f 1163/16/25 1165/17/25 1159/18/25
f 1165/16/25 1167/17/25 1159/18/25
f 1172/13/1092 1174/14/1092 1173/15/1092
f 1174/13/1093 1176/14/1093 1175/15/1093
f 1176/13/1094 1178/14/1094 1177/15/1094
f 1178/13/21 1180/14/21 1179/15/21
f 1180/13/1095 1182/14/1095 1181/15/1095
f 1176/16/23 1174/17/23 1172/18/23
f 1172/16/23 1184/17/23 1182/18/23
f 1182/16/23 1180/17/23 1172/18/23
f 1180/16/23 1178/17/23 1172/18/23
f 1182/13/1096 1184/14/1096 1183/15/1096
f 1184/13/1097 1172/14/1097 1171/15/1097
f 1183/16/25 1171/17/25 1173/18/25
f 1173/16/25 1175/17/25 1177/18/25
f 1177/16/25 1179/17/25 1173/18/25
f 1179/16/25 1181/17/25 1173/18/25
f 1185/13/1086 1186/14/1086 1188/15/1086
f 1188/13/1087 1190/14/1087 1189/15/1087
f 1190/13/1088 1192/14/1088 1191/15/1088
f 1192/13/23 1194/14/23 1193/15/23
f 1194/13/1089 1196/14/1089 1195/15/1089
f 1190/16/26 1188/17/26 1192/18/26
f 1188/16/26 1186/17/26 1192/18/26
f 1186/16/26 1198/17/26 1192/18/26
f 1198/16/26 1196/17/26 1192/18/26
f 1196/13/1090 1198/14/1090 1197/15/1090
f 1197/13/1091 1198/14/1091 1186/15/1091
f 1197/16/22 1185/17/22 1187/18/22
f 1187/16/22 1189/17/22 1191/18/22
f 1191/16/22 1193/17/22 1187/18/22
f 1193/16/22 1195/17/22 1187/18/22
f 1199/13/1086 1200/14/1086 1202/15/1086
f 1202/13/1087 1204/14/1087 1203/15/1087
f 1204/13/1088 1206/14/1088 1205/15/1088
f 1206/13/23 1208/14/23 1207/15/23
f 1208/13/1089 1210/14/1089 1209/15/1089
f 1204/16/26 1202/17/26 1206/18/26
f 1202/16/26 1200/17/26 1206/18/26
f 1200/16/26 1212/17/26 1206/18/26
f 1212/16/26 1210/17/26 1206/18/26
f 1210/13/1090 1212/14/1090 1211/15/1090
f 1211/13/1091 1212/14/1091 1200/15/1091
f 1211/16/22 1199/17/22 1201/18/22
f 1201/16/22 1203/17/22 1205/18/22
f 1205/16/22 1207/17/22 1201/18/22
f 1207/16/22 1209/17/22 1201/18/22
f 1214/13/1092 1216/14/1092 1215/15/1092
f 1216/13/1093 1218/14/1093 1217/15/1093
f 1218/13/1094 1220/14/1094 1219/15/1094
f 1220/13/21 1222/14/21 1221/15/21
f 1222/13/1095 1224/14/1095 1223/15/1095
f 1218/16/23 1216/17/23 1214/18/23
f 1214/16/23 1226/17/23 1224/18/23
f 1224/16/23 1222/17/23 1214/18/23
f 1222/16/23 1220/17/23 1214/18/23
f 1224/13/1096 1226/14/1096 1225/15/1096
f 1226/13/1097 1214/14/1097 1213/15/1097
f 1225/16/25 1213/17/25 1215/18/25
f 1215/16/25 1217/17/25 1219/18/25
f 1219/16/25 1221/17/25 1215/18/25
f 1221/16/25 1223/17/25 1215/18/25
f 1228/13/1092 1230/14/1092 1229/15/1092
f 1230/13/1093 1232/14/1093 1231/15/1093
f 1232/13/1094 1234/14/1094 1233/15/1094
f 1234/13/21 1236/14/21 1235/15/21
f 1236/13/1095 1238/14/1095 1237/15/1095
f 1232/16/23 1230/17/23 1228/18/23
f 1228/16/23 1240/17/23 1238/18/23
f 1238/16/23 1236/17/23 1228/18/23
f 1236/16/23 1234/17/23 1228/18/23
f 1238/13/1096 1240/14/1096 1239/15/1096
f 1239/13/1097 1240/14/1097 1228/15/1097
f 1239/16/25 1227/17/25 1229/18/25
f 1229/16/25 1231/17/25 1233/18/25
f 1233/16/25 1235/17/25 1229/18/25
f 1235/16/25 1237/17/25 1229/18/25
f 1241/13/1086 1242/14/1086 1244/15/1086
f 1244/13/1087 1246/14/1087 1245/15/1087
f 1246/13/1088 1248/14/1088 1247/15/1088
f 1248/13/23 1250/14/23 1249/15/23
f 1250/13/1089 1252/14/1089 1251/15/1089
f 1246/16/26 1244/17/26 1248/18/26
f 1244/16/26 1242/17/26 1248/18/26
f 1242/16/26 1254/17/26 1248/18/26
f 1254/16/26 1252/17/26 1248/18/26
f 1252/13/1090 1254/14/1090 1253/15/1090
f 1253/13/1091 1254/14/1091 1242/15/1091
f 1253/16/22 1241/17/22 1243/18/22
f 1243/16/22 1245/17/22 1247/18/22
f 1247/16/22 1249/17/22 1243/18/22
f 1249/16/22 1251/17/22 1243/18/22
f 1256/13/1086 1258/14/1086 1257/15/1086
f 1258/13/1087 1260/14/1087 1259/15/1087
f 1260/13/1088 1262/14/1088 1261/15/1088
f 1262/13/23 1264/14/23 1263/15/23
f 1264/13/1089 1266/14/1089 1265/15/1089
f 1260/16/26 1258/17/26 1262/18/26
f 1258/16/26 1256/17/26 1262/18/26
f 1256/16/26 1268/17/26 1262/18/26
f 1268/16/26 1266/17/26 1262/18/26
f 1266/13/1090 1268/14/1090 1267/15/1090
f 1267/13/1091 1268/14/1091 1256/15/1091
f 1267/16/22 1255/17/22 1257/18/22
f 1257/16/22 1259/17/22 1261/18/22
f 1261/16/22 1263/17/22 1257/18/22
f 1263/16/22 1265/17/22 1257/18/22
f 1270/13/1092 1272/14/1092 1271/15/1092
f 1272/13/1093 1274/14/1093 1273/15/1093
f 1274/13/1094 1276/14/1094 1275/15/1094
f 1276/13/21 1278/14/21 1277/15/21
f 1278/13/1095 1280/14/1095 1279/15/1095
f 1274/16/23 1272/17/23 1270/18/23
f 1270/16/23 1282/17/23 1280/18/23
f 1280/16/23 1278/17/23 1270/18/23
f 1278/16/23 1276/17/23 1270/18/23
f 1280/13/1096 1282/14/1096 1281/15/1096
f 1282/13/1097 1270/14/1097 1269/15/1097
f 1281/16/25 1269/17/25 1271/18/25
f 1271/16/25 1273/17/25 1275/18/25
f 1275/16/25 1277/17/25 1271/18/25
f 1277/16/25 1279/17/25 1271/18/25
f 1284/13/1092 1286/14/1092 1285/15/1092
f 1286/13/1093 1288/14/1093 1287/15/1093
f 1288/13/1094 1290/14/1094 1289/15/1094
f 1290/13/21 1292/14/21 1291/15/21
f 1292/13/1095 1294/14/1095 1293/15/1095
f 1288/16/23 1286/17/23 1284/18/23
f 1284/16/23 1296/17/23 1294/18/23
f 1294/16/23 1292/17/23 1284/18/23
f 1292/16/23 1290/17/23 1284/18/23
f 1294/13/1096 1296/14/1096 1295/15/1096
f 1296/13/1097 1284/14/1097 1283/15/1097
f 1295/16/25 1283/17/25 1285/18/25
f 1285/16/25 1287/17/25 1289/18/25
f 1289/16/25 1291/17/25 1285/18/25
f 1291/16/25 1293/17/25 1285/18/25
f 1297/13/1086 1298/14/1086 1300/15/1086
f 1300/13/1087 1302/14/1087 1301/15/1087
f 1302/13/1088 1304/14/1088 1303/15/1088
f 1304/13/23 1306/14/23 1305/15/23
f 1306/13/1089 1308/14/1089 1307/15/1089
f 1302/16/26 1300/17/26 1304/18/26
f 1300/16/26 1298/17/26 1304/18/26
f 1298/16/26 1310/17/26 1304/18/26
f 1310/16/26 1308/17/26 1304/18/26
f 1308/13/1090 1310/14/1090 1309/15/1090
f 1309/13/1091 1310/14/1091 1298/15/1091
f 1309/16/22 1297/17/22 1299/18/22
f 1299/16/22 1301/17/22 1303/18/22
f 1303/16/22 1305/17/22 1299/18/22
f 1305/16/22 1307/17/22 1299/18/22
f 1312/13/1086 1314/14/1086 1313/15/1086
f 1314/13/1087 1316/14/1087 1315/15/1087
f 1316/13/1088 1318/14/1088 1317/15/1088
f 1318/13/23 1320/14/23 1319/15/23
f 1320/13/1089 1322/14/1089 1321/15/1089
f 1316/16/26 1314/17/26 1318/18/26
f 1314/16/26 1312/17/26 1318/18/26
f 1312/16/26 1324/17/26 1318/18/26
f 1324/16/26 1322/17/26 1318/18/26
f 1322/13/1090 1324/14/1090 1323/15/1090
f 1323/13/1091 1324/14/1091 1312/15/1091
f 1323/16/22 1311/17/22 1313/18/22
f 1313/16/22 1315/17/22 1317/18/22
f 1317/16/22 1319/17/22 1313/18/22
f 1319/16/22 1321/17/22 1313/18/22
f 1326/13/1092 1328/14/1092 1327/15/1092
f 1328/13/1093 1330/14/1093 1329/15/1093
f 1330/13/1094 1332/14/1094 1331/15/1094
f 1332/13/21 1334/14/21 1333/15/21
f 1334/13/1095 1336/14/1095 1335/15/1095
f 1330/16/23 1328/17/23 1326/18/23
f 1326/16/23 1338/17/23 1336/18/23
f 1336/16/23 1334/17/23 1326/18/23
f 1334/16/23 1332/17/23 1326/18/23
f 1336/13/1096 1338/14/1096 1337/15/1096
f 1338/13/1097 1326/14/1097 1325/15/1097
f 1337/16/25 1325/17/25 1335/18/25
f 1325/16/25 1327/17/25 1335/18/25
f 1327/16/25 1329/17/25 1331/18/25
f 1331/16/25 1333/17/25 1327/18/25
f 1340/13/1092 1342/14/1092 1341/15/1092
f 1342/13/1093 1344/14/1093 1343/15/1093
f 1344/13/1094 1346/14/1094 1345/15/1094
f 1346/13/21 1348/14/21 1347/15/21
f 1348/13/1095 1350/14/1095 1349/15/1095
f 1344/16/23 1342/17/23 1340/18/23
f 1340/16/23 1352/17/23 1350/18/23
f 1350/16/23 1348/17/23 1340/18/23
f 1348/16/23 1346/17/23 1340/18/23
f 1350/13/1096 1352/14/1096 1351/15/1096
f 1351/13/1097 1352/14/1097 1340/15/1097
f 1351/16/25 1339/17/25 1349/18/25
f 1339/16/25 1341/17/25 1349/18/25
f 1341/16/25 1343/17/25 1345/18/25
f 1345/16/25 1347/17/25 1341/18/25
f 1354/13/1086 1356/14/1086 1355/15/1086
f 1356/13/1087 1358/14/1087 1357/15/1087
f 1358/13/1088 1360/14/1088 1359/15/1088
f 1360/13/23 1362/14/23 1361/15/23
f 1362/13/1089 1364/14/1089 1363/15/1089
f 1358/16/26 1356/17/26 1360/18/26
f 1356/16/26 1354/17/26 1360/18/26
f 1354/16/26 1366/17/26 1364/18/26
f 1364/16/26 1362/17/26 1360/18/26
f 1364/13/1090 1366/14/1090 1365/15/1090
f 1365/13/1091 1366/14/1091 1354/15/1091
f 1365/16/22 1353/17/22 1355/18/22
f 1355/16/22 1357/17/22 1359/18/22
f 1359/16/22 1361/17/22 1363/18/22
f 1363/16/22 1365/17/22 1355/18/22
f 1368/13/1086 1370/14/1086 1369/15/1086
f 1370/13/1087 1372/14/1087 1371/15/1087
f 1372/13/1088 1374/14/1088 1373/15/1088
f 1374/13/23 1376/14/23 1375/15/23
f 1376/13/1089 1378/14/1089 1377/15/1089
f 1372/16/26 1370/17/26 1374/18/26
f 1370/16/26 1368/17/26 1374/18/26
f 1368/16/26 1380/17/26 1378/18/26
f 1378/16/26 1376/17/26 1374/18/26
f 1378/13/1090 1380/14/1090 1379/15/1090
f 1379/13/1091 1380/14/1091 1368/15/1091
f 1379/16/22 1367/17/22 1369/18/22
f 1369/16/22 1371/17/22 1373/18/22
f 1373/16/22 1375/17/22 1377/18/22
f 1377/16/22 1379/17/22 1369/18/22
f 1382/13/1092 1384/14/1092 1383/15/1092
f 1384/13/1093 1386/14/1093 1385/15/1093
f 1386/13/1094 1388/14/1094 1387/15/1094
f 1388/13/21 1390/14/21 1389/15/21
f 1390/13/1095 1392/14/1095 1391/15/1095
f 1386/16/23 1384/17/23 1382/18/23
f 1382/16/23 1394/17/23 1392/18/23
f 1392/16/23 1390/17/23 1382/18/23
f 1390/16/23 1388/17/23 1382/18/23
f 1392/13/1096 1394/14/1096 1393/15/1096
f 1394/13/1097 1382/14/1097 1381/15/1097
f 1393/16/25 1381/17/25 1383/18/25
f 1383/16/25 1385/17/25 1387/18/25
f 1387/16/25 1389/17/25 1383/18/25
f 1389/16/25 1391/17/25 1383/18/25
f 1396/13/1092 1398/14/1092 1397/15/1092
f 1398/13/1093 1400/14/1093 1399/15/1093
f 1400/13/1094 1402/14/1094 1401/15/1094
f 1402/13/21 1404/14/21 1403/15/21
f 1404/13/1095 1406/14/1095 1405/15/1095
f 1400/16/23 1398/17/23 1396/18/23
f 1396/16/23 1408/17/23 1406/18/23
f 1406/16/23 1404/17/23 1396/18/23
f 1404/16/23 1402/17/23 1396/18/23
f 1406/13/1096 1408/14/1096 1407/15/1096
f 1408/13/1097 1396/14/1097 1395/15/1097
f 1407/16/25 1395/17/25 1397/18/25
f 1397/16/25 1399/17/25 1401/18/25
f 1401/16/25 1403/17/25 1397/18/25
f 1403/16/25 1405/17/25 1397/18/25
f 1409/13/1086 1410/14/1086 1412/15/1086
f 1412/13/1087 1414/14/1087 1413/15/1087
f 1414/13/1088 1416/14/1088 1415/15/1088
f 1416/13/23 1418/14/23 1417/15/23
f 1418/13/1089 1420/14/1089 1419/15/1089
f 1414/16/26 1412/17/26 1416/18/26
f 1412/16/26 1410/17/26 1416/18/26
f 1410/16/26 1422/17/26 1420/18/26
f 1420/16/26 1418/17/26 1410/18/26
f 1420/13/1090 1422/14/1090 1421/15/1090
f 1422/13/1091 1410/14/1091 1409/15/1091
f 1421/16/22 1409/17/22 1411/18/22
f 1411/16/22 1413/17/22 1415/18/22
f 1415/16/22 1417/17/22 1419/18/22
f 1419/16/22 1421/17/22 1415/18/22
f 1423/13/1086 1424/14/1086 1426/15/1086
f 1426/13/1087 1428/14/1087 1427/15/1087
f 1428/13/1088 1430/14/1088 1429/15/1088
f 1430/13/23 1432/14/23 1431/15/23
f 1432/13/1089 1434/14/1089 1433/15/1089
f 1428/16/26 1426/17/26 1430/18/26
f 1426/16/26 1424/17/26 1430/18/26
f 1424/16/26 1436/17/26 1434/18/26
f 1434/16/26 1432/17/26 1424/18/26
f 1434/13/1090 1436/14/1090 1435/15/1090
f 1436/13/1091 1424/14/1091 1423/15/1091
f 1435/16/22 1423/17/22 1425/18/22
f 1425/16/22 1427/17/22 1429/18/22
f 1429/16/22 1431/17/22 1433/18/22
f 1433/16/22 1435/17/22 1429/18/22
f 1438/13/1092 1440/14/1092 1439/15/1092
f 1440/13/1093 1442/14/1093 1441/15/1093
f 1442/13/1094 1444/14/1094 1443/15/1094
f 1444/13/21 1446/14/21 1445/15/21
f 1446/13/1095 1448/14/1095 1447/15/1095
f 1442/16/23 1440/17/23 1438/18/23
f 1438/16/23 1450/17/23 1448/18/23
f 1448/16/23 1446/17/23 1438/18/23
f 1446/16/23 1444/17/23 1438/18/23
f 1448/13/1096 1450/14/1096 1449/15/1096
f 1450/13/1097 1438/14/1097 1437/15/1097
f 1449/16/25 1437/17/25 1439/18/25
f 1439/16/25 1441/17/25 1443/18/25
f 1443/16/25 1445/17/25 1439/18/25
f 1445/16/25 1447/17/25 1439/18/25
f 1452/13/1092 1454/14/1092 1453/15/1092
f 1454/13/1093 1456/14/1093 1455/15/1093
f 1456/13/1094 1458/14/1094 1457/15/1094
f 1458/13/21 1460/14/21 1459/15/21
f 1460/13/1095 1462/14/1095 1461/15/1095
f 1456/16/23 1454/17/23 1452/18/23
f 1452/16/23 1464/17/23 1462/18/23
f 1462/16/23 1460/17/23 1452/18/23
f 1460/16/23 1458/17/23 1452/18/23
f 1462/13/1096 1464/14/1096 1463/15/1096
f 1464/13/1097 1452/14/1097 1451/15/1097
f 1463/16/25 1451/17/25 1453/18/25
f 1453/16/25 1455/17/25 1457/18/25
f 1457/16/25 1459/17/25 1453/18/25
f 1459/16/25 1461/17/25 1453/18/25
f 1465/13/1086 1466/14/1086 1468/15/1086
f 1468/13/1087 1470/14/1087 1469/15/1087
f 1470/13/1088 1472/14/1088 1471/15/1088
f 1472/13/23 1474/14/23 1473/15/23
f 1474/13/1089 1476/14/1089 1475/15/1089
f 1470/16/26 1468/17/26 1466/18/26
f 1466/16/26 1478/17/26 1476/18/26
f 1476/16/26 1474/17/26 1466/18/26
f 1474/16/26 1472/17/26 1466/18/26
f 1476/13/1090 1478/14/1090 1477/15/1090
f 1478/13/1091 1466/14/1091 1465/15/1091
f 1477/16/22 1465/17/22 1467/18/22
f 1467/16/22 1469/17/22 1471/18/22
f 1471/16/22 1473/17/22 1475/18/22
f 1475/16/22 1477/17/22 1471/18/22
f 1479/13/1086 1480/14/1086 1482/15/1086
f 1482/13/1087 1484/14/1087 1483/15/1087
f 1484/13/1088 1486/14/1088 1485/15/1088
f 1486/13/23 1488/14/23 1487/15/23
f 1488/13/1089 1490/14/1089 1489/15/1089
f 1484/16/26 1482/17/26 1480/18/26
f 1480/16/26 1492/17/26 1490/18/26
f 1490/16/26 1488/17/26 1480/18/26
f 1488/16/26 1486/17/26 1480/18/26
f 1490/13/1090 1492/14/1090 1491/15/1090
f 1492/13/1091 1480/14/1091 1479/15/1091
f 1491/16/22 1479/17/22 1481/18/22
f 1481/16/22 1483/17/22 1485/18/22
f 1485/16/22 1487/17/22 1489/18/22
f 1489/16/22 1491/17/22 1485/18/22
f 1494/13/1092 1496/14/1092 1495/15/1092
f 1496/13/1093 1498/14/1093 1497/15/1093
f 1498/13/1094 1500/14/1094 1499/15/1094
f 1500/13/21 1502/14/21 1501/15/21
f 1502/13/1095 1504/14/1095 1503/15/1095
f 1498/16/23 1496/17/23 1494/18/23
f 1494/16/23 1506/17/23 1504/18/23
f 1504/16/23 1502/17/23 1494/18/23
f 1502/16/23 1500/17/23 1494/18/23
f 1504/13/1096 1506/14/1096 1505/15/1096
f 1506/13/1097 1494/14/1097 1493/15/1097
f 1505/16/25 1493/17/25 1495/18/25
f 1495/16/25 1497/17/25 1499/18/25
f 1499/16/25 1501/17/25 1495/18/25
f 1501/16/25 1503/17/25 1495/18/25
f 1508/13/1092 1510/14/1092 1509/15/1092
f 1510/13/1093 1512/14/1093 1511/15/1093
f 1512/13/1094 1514/14/1094 1513/15/1094
f 1514/13/21 1516/14/21 1515/15/21
f 1516/13/1095 1518/14/1095 1517/15/1095
f 1512/16/23 1510/17/23 1508/18/23
f 1508/16/23 1520/17/23 1518/18/23
f 1518/16/23 1516/17/23 1508/18/23
f 1516/16/23 1514/17/23 1508/18/23
f 1518/13/1096 1520/14/1096 1519/15/1096
f 1520/13/1097 1508/14/1097 1507/15/1097
f 1519/16/25 1507/17/25 1509/18/25
f 1509/16/25 1511/17/25 1513/18/25
f 1513/16/25 1515/17/25 1509/18/25
f 1515/16/25 1517/17/25 1509/18/25
f 1524/19/21 1525/20/21 1522/21/21
f 1525/19/1098 1526/20/1098 1523/21/1098
f 1526/19/1099 1524/20/1099 1521/21/1099
f 1528/22/1100 1530/23/1100 1529/24/1100
f 1529/22/25 1530/23/25 1534/24/25
f 1534/22/1101 1532/23/1101 1531/24/1101
f 1531/22/23 1532/23/23 1528/24/23
f 1533/22/1102 1531/23/1102 1527/24/1102
f 1530/22/1099 1528/23/1099 1532/24/1099
f 1535/25/2150 1538/26/2150 1539/27/2150
f 1536/25/2151 1540/26/2151 1539/27/2151
f 1537/25/2152 1541/26/2152 1539/27/2152
f 1542/25/2153 1545/26/2153 1546/27/2153
f 1543/25/2154 1547/26/2154 1546/27/2154
f 1544/25/2155 1548/26/2155 1546/27/2155
f 1549/25/2156 1552/26/2156 1553/27/2156
f 1550/25/2157 1554/26/2157 1553/27/2157
f 1551/25/2158 1555/26/2158 1553/27/2158
f 1556/25/2159 1559/26/2159 1560/27/2159
f 1557/25/2160 1561/26/2160 1560/27/2160
f 1558/25/2161 1562/26/2161 1560/27/2161
f 1563/25/2162 1566/26/2162 1567/27/2162
f 1564/25/2163 1568/26/2163 1567/27/2163
f 1565/25/2164 1569/26/2164 1567/27/2164
f 1570/25/2165 1573/26/2165 1574/27/2165
f 1571/25/2166 1575/26/2166 1574/27/2166
f 1572/25/2167 1576/26/2167 1574/27/2167
f 1577/25/2168 1580/26/2168 1581/27/2168
f 1578/25/2169 1582/26/2169 1581/27/2169
f 1579/25/2170 1583/26/2170 1581/27/2170
f 1584/25/2171 1587/26/2171 1588/27/2171
f 1585/25/2172 1589/26/2172 1588/27/2172
f 1586/25/2173 1590/26/2173 1588/27/2173
f 1535/25/1127 1541/26/1127 1552/27/1127
f 1552/25/1128 1541/26/1128 1537/27/1128
f 1542/25/1129 1548/26/1129 1540/27/1129
f 1548/25/1130 1544/26/1130 1537/27/1130
f 1556/25/1131 1562/26/1131 1547/27/1131
f 1562/25/1132 1558/26/1132 1544/27/1132
f 1557/25/1133 1551/26/1133 1554/27/1133
f 1561/25/1134 1554/26/1134 1550/27/1134
f 1577/25/1135 1549/26/1135 1555/27/1135
f 1580/25/1136 1555/26/1136 1551/27/1136
f 1584/25/1137 1590/26/1137 1559/27/1137
f 1559/25/1138 1590/26/1138 1586/27/1138
f 1579/25/1139 1582/26/1139 1589/27/1139
f 1589/25/1140 1582/26/1140 1578/27/1140
f 1577/25/1141 1583/26/1141 1566/27/1141
f 1566/25/1142 1583/26/1142 1579/27/1142
f 1570/25/2174 1576/26/2174 1587/27/2174
f 1576/25/1144 1572/26/1144 1585/27/1144
f 1565/25/1145 1568/26/1145 1575/27/1145
f 1575/25/1146 1568/26/1146 1564/27/1146
f 1535/25/1147 1563/26/1147 1569/27/1147
f 1569/25/1148 1565/26/1148 1536/27/1148
f 1570/25/1149 1543/26/1149 1545/27/1149
f 1545/25/1150 1542/26/1150 1571/27/1150
f 1577/25/1102 1563/26/1102 1535/27/1102
f 1544/25/1100 1558/26/1100 1550/27/1100
f 1565/25/23 1571/26/23 1542/27/23
f 1556/25/1099 1543/26/1099 1570/27/1099
f 1557/25/25 1586/26/25 1578/27/25
f 1585/25/1101 1572/26/1101 1564/27/1101
f 1592/16/1100 1594/17/1100 1593/18/1100
f 1594/16/25 1598/17/25 1597/18/25
f 1598/16/1101 1596/17/1101 1595/18/1101
f 1595/16/23 1596/17/23 1592/18/23
f 1597/16/1102 1595/17/1102 1591/18/1102
f 1594/16/1099 1592/17/1099 1596/18/1099
f 1600/16/1100 1602/17/1100 1601/18/1100
f 1602/16/25 1606/17/25 1605/18/25
f 1606/16/1101 1604/17/1101 1603/18/1101
f 1603/16/23 1604/17/23 1600/18/23
f 1605/16/1102 1603/17/1102 1599/18/1102
f 1602/16/1099 1600/17/1099 1604/18/1099
f 1608/22/1151 1610/23/1151 1609/24/1151
f 1609/22/25 1610/23/25 1614/24/25
f 1614/22/1152 1612/23/1152 1611/24/1152
f 1611/22/23 1612/23/23 1608/24/23
f 1613/22/1153 1611/23/1153 1607/24/1153
f 1610/22/1098 1608/23/1098 1612/24/1098
f 1615/25/2175 1618/26/2175 1619/27/2175
f 1616/25/2176 1620/26/2176 1619/27/2176
f 1617/25/2177 1621/26/2177 1619/27/2177
f 1622/25/2178 1625/26/2178 1626/27/2178
f 1623/25/2179 1627/26/2179 1626/27/2179
f 1624/25/2180 1628/26/2180 1626/27/2180
f 1629/25/2181 1632/26/2181 1633/27/2181
f 1630/25/2182 1634/26/2182 1633/27/2182
f 1631/25/2183 1635/26/2183 1633/27/2183
f 1636/25/2184 1639/26/2184 1640/27/2184
f 1637/25/2185 1641/26/2185 1640/27/2185
f 1638/25/2186 1642/26/2186 1640/27/2186
f 1643/25/2187 1646/26/2187 1647/27/2187
f 1644/25/2188 1648/26/2188 1647/27/2188
f 1645/25/2189 1649/26/2189 1647/27/2189
f 1650/25/2190 1653/26/2190 1654/27/2190
f 1651/25/2191 1655/26/2191 1654/27/2191
f 1652/25/2192 1656/26/2192 1654/27/2192
f 1657/25/2193 1660/26/2193 1661/27/2193
f 1658/25/2194 1662/26/2194 1661/27/2194
f 1659/25/2195 1663/26/2195 1661/27/2195
f 1664/25/2196 1667/26/2196 1668/27/2196
f 1665/25/2197 1669/26/2197 1668/27/2197
f 1666/25/2198 1670/26/2198 1668/27/2198
f 1615/25/1178 1621/26/1178 1632/27/1178
f 1621/25/1179 1617/26/1179 1630/27/1179
f 1616/25/1180 1622/26/1180 1628/27/1180
f 1620/25/1181 1628/26/1181 1624/27/1181
f 1636/25/2199 1642/26/2199 1627/27/2199
f 1642/25/1183 1638/26/1183 1624/27/1183
f 1631/25/1184 1634/26/1184 1641/27/1184
f 1641/25/1185 1634/26/1185 1630/27/1185
f 1657/25/1186 1629/26/1186 1635/27/1186
f 1660/25/1187 1635/26/1187 1631/27/1187
f 1664/25/1188 1670/26/1188 1639/27/1188
f 1670/25/1189 1666/26/1189 1637/27/1189
f 1665/25/1190 1659/26/1190 1662/27/1190
f 1662/25/1191 1658/26/1191 1666/27/1191
f 1657/25/1192 1663/26/1192 1646/27/1192
f 1663/25/2200 1659/26/2200 1644/27/2200
f 1650/25/1194 1656/26/1194 1667/27/1194
f 1656/25/1195 1652/26/1195 1665/27/1195
f 1645/25/1196 1648/26/1196 1655/27/1196
f 1648/25/1197 1644/26/1197 1652/27/1197
f 1615/25/1198 1643/26/1198 1649/27/1198
f 1649/25/1199 1645/26/1199 1616/27/1199
f 1623/25/1200 1625/26/1200 1653/27/1200
f 1653/25/1201 1625/26/1201 1622/27/1201
f 1657/25/1153 1643/26/1153 1615/27/1153
f 1624/25/1151 1638/26/1151 1630/27/1151
f 1651/25/23 1622/26/23 1616/27/23
f 1636/25/1098 1623/26/1098 1650/27/1098
f 1637/25/25 1666/26/25 1658/27/25
f 1665/25/1152 1652/26/1152 1644/27/1152
f 1672/16/1151 1674/17/1151 1673/18/1151
f 1674/16/25 1678/17/25 1677/18/25
f 1678/16/1152 1676/17/1152 1675/18/1152
f 1676/16/23 1672/17/23 1671/18/23
f 1677/16/1153 1675/17/1153 1671/18/1153
f 1674/16/1098 1672/17/1098 1676/18/1098
f 1680/16/1151 1682/17/1151 1681/18/1151
f 1682/16/25 1686/17/25 1685/18/25
f 1686/16/1152 1684/17/1152 1683/18/1152
f 1684/16/23 1680/17/23 1679/18/23
f 1685/16/1153 1683/17/1153 1679/18/1153
f 1682/16/1098 1680/17/1098 1684/18/1098
f 1688/25/11 1690/26/11 1689/27/11
f 1689/25/25 1690/26/25 1694/27/25
f 1694/25/16 1692/26/16 1691/27/16
f 1692/25/23 1688/26/23 1687/27/23
f 1693/25/9 1691/26/9 1687/27/9
f 1690/25/17 1688/26/17 1692/27/17
f 1696/16/22 1698/17/22 1697/18/22
f 1698/16/25 1702/17/25 1701/18/25
f 1702/16/26 1700/17/26 1699/18/26
f 1700/16/23 1696/17/23 1695/18/23
f 1701/16/21 1699/17/21 1695/18/21
f 1698/16/24 1696/17/24 1700/18/24
f 1704/16/22 1706/17/22 1705/18/22
f 1706/16/25 1710/17/25 1709/18/25
f 1710/16/26 1708/17/26 1707/18/26
f 1708/16/23 1704/17/23 1703/18/23
f 1709/16/21 1707/17/21 1703/18/21
f 1706/16/24 1704/17/24 1708/18/24
f 1712/16/22 1714/17/22 1713/18/22
f 1714/16/25 1718/17/25 1717/18/25
f 1718/16/26 1716/17/26 1715/18/26
f 1716/16/23 1712/17/23 1711/18/23
f 1717/16/21 1715/17/21 1711/18/21
f 1714/16/24 1712/17/24 1716/18/24
f 1720/16/22 1722/17/22 1721/18/22
f 1722/16/25 1726/17/25 1725/18/25
f 1726/16/26 1724/17/26 1723/18/26
f 1724/16/23 1720/17/23 1719/18/23
f 1725/16/21 1723/17/21 1719/18/21
f 1722/16/24 1720/17/24 1724/18/24
f 1727/13/9 1729/14/9 1734/15/9
f 1730/13/10 1732/14/10 1729/15/10
f 1736/13/11 1738/14/11 1732/15/11
f 1735/13/12 1734/14/12 1738/15/12
f 1733/13/13 1735/14/13 1746/15/13
f 1748/13/14 1750/14/14 1737/15/14
f 1747/13/15 1746/14/15 1750/15/15
f 1745/13/16 1747/14/16 1740/15/16
f 1742/13/17 1744/14/17 1749/15/17
f 1741/13/18 1740/14/18 1744/15/18
f 1739/13/19 1741/14/19 1728/15/19
f 1731/13/20 1730/14/20 1743/15/20
f 1745/13/21 1739/14/21 1727/15/21
f 1732/13/22 1738/14/22 1734/15/22
f 1743/13/23 1730/14/23 1728/15/23
f 1736/13/24 1731/14/24 1742/15/24
f 1737/13/25 1750/14/25 1746/15/25
f 1749/13/26 1744/14/26 1740/15/26
f 1752/16/22 1754/17/22 1753/18/22
f 1754/16/25 1758/17/25 1757/18/25
f 1758/16/26 1756/17/26 1755/18/26
f 1756/16/23 1752/17/23 1751/18/23
f 1757/16/21 1755/17/21 1751/18/21
f 1754/16/24 1752/17/24 1756/18/24
f 1760/16/22 1762/17/22 1761/18/22
f 1762/16/25 1766/17/25 1765/18/25
f 1766/16/26 1764/17/26 1763/18/26
f 1764/16/23 1760/17/23 1759/18/23
f 1765/16/21 1763/17/21 1759/18/21
f 1762/16/24 1760/17/24 1764/18/24
f 1768/16/22 1770/17/22 1769/18/22
f 1770/16/25 1774/17/25 1773/18/25
f 1774/16/26 1772/17/26 1771/18/26
f 1772/16/23 1768/17/23 1767/18/23
f 1773/16/21 1771/17/21 1767/18/21
f 1770/16/24 1768/17/24 1772/18/24
f 1776/16/22 1778/17/22 1777/18/22
f 1778/16/25 1782/17/25 1781/18/25
f 1782/16/26 1780/17/26 1779/18/26
f 1780/16/23 1776/17/23 1775/18/23
f 1781/16/21 1779/17/21 1775/18/21
f 1778/16/24 1776/17/24 1780/18/24
f 1784/16/22 1786/17/22 1785/18/22
f 1786/16/25 1790/17/25 1789/18/25
f 1790/16/26 1788/17/26 1787/18/26
f 1788/16/23 1784/17/23 1783/18/23
f 1789/16/21 1787/17/21 1783/18/21
f 1786/16/24 1784/17/24 1788/18/24
f 1791/16/9 1793/17/9 1798/18/9
f 1794/16/10 1796/17/10 1793/18/10
f 1800/16/11 1802/17/11 1796/18/11
f 1799/16/12 1798/17/12 1802/18/12
f 1797/16/13 1799/17/13 1810/18/13
f 1812/16/14 1814/17/14 1801/18/14
f 1811/16/15 1810/17/15 1814/18/15
f 1809/16/16 1811/17/16 1804/18/16
f 1806/16/17 1808/17/17 1813/18/17
f 1805/16/18 1804/17/18 1808/18/18
f 1803/16/19 1805/17/19 1792/18/19
f 1795/16/20 1794/17/20 1807/18/20
f 1809/16/21 1803/17/21 1791/18/21
f 1796/16/22 1802/17/22 1798/18/22
f 1807/16/23 1794/17/23 1792/18/23
f 1800/16/24 1795/17/24 1806/18/24
f 1801/16/25 1814/17/25 1810/18/25
f 1813/16/26 1808/17/26 1804/18/26
f 1816/16/22 1818/17/22 1817/18/22
f 1818/16/25 1822/17/25 1821/18/25
f 1822/16/26 1820/17/26 1819/18/26
f 1820/16/23 1816/17/23 1815/18/23
f 1821/16/21 1819/17/21 1815/18/21
f 1818/16/24 1816/17/24 1820/18/24
f 1824/16/22 1826/17/22 1825/18/22
f 1826/16/25 1830/17/25 1829/18/25
f 1830/16/26 1828/17/26 1827/18/26
f 1828/16/23 1824/17/23 1823/18/23
f 1829/16/21 1827/17/21 1823/18/21
f 1826/16/24 1824/17/24 1828/18/24
f 1843/16/9 1845/17/9 1850/18/9
f 1846/16/10 1848/17/10 1845/18/10
f 1852/16/11 1854/17/11 1848/18/11
f 1851/16/12 1850/17/12 1854/18/12
f 1849/16/13 1851/17/13 1862/18/13
f 1864/16/14 1866/17/14 1853/18/14
f 1863/16/15 1862/17/15 1866/18/15
f 1861/16/16 1863/17/16 1856/18/16
f 1858/16/17 1860/17/17 1865/18/17
f 1857/16/18 1856/17/18 1860/18/18
f 1855/16/19 1857/17/19 1844/18/19
f 1847/16/20 1846/17/20 1859/18/20
f 1861/16/21 1855/17/21 1843/18/21
f 1848/16/22 1854/17/22 1850/18/22
f 1859/16/23 1846/17/23 1844/18/23
f 1852/16/24 1847/17/24 1858/18/24
f 1853/16/25 1866/17/25 1862/18/25
f 1865/16/26 1860/17/26 1856/18/26
f 1867/16/9 1869/17/9 1874/18/9
f 1870/16/10 1872/17/10 1869/18/10
f 1876/16/11 1878/17/11 1872/18/11
f 1875/16/12 1874/17/12 1878/18/12
f 1873/16/13 1875/17/13 1886/18/13
f 1888/16/14 1890/17/14 1877/18/14
f 1887/16/15 1886/17/15 1890/18/15
f 1885/16/16 1887/17/16 1880/18/16
f 1882/16/17 1884/17/17 1889/18/17
f 1881/16/18 1880/17/18 1884/18/18
f 1879/16/19 1881/17/19 1868/18/19
f 1871/16/20 1870/17/20 1883/18/20
f 1885/16/21 1879/17/21 1867/18/21
f 1872/16/22 1878/17/22 1874/18/22
f 1883/16/23 1870/17/23 1868/18/23
f 1876/16/24 1871/17/24 1882/18/24
f 1877/16/25 1890/17/25 1886/18/25
f 1889/16/26 1884/17/26 1880/18/26
f 1892/16/22 1894/17/22 1893/18/22
f 1894/16/25 1898/17/25 1897/18/25
f 1898/16/26 1896/17/26 1895/18/26
f 1896/16/23 1892/17/23 1891/18/23
f 1897/16/21 1895/17/21 1891/18/21
f 1894/16/24 1892/17/24 1896/18/24
f 1900/16/22 1902/17/22 1901/18/22
f 1902/16/25 1906/17/25 1905/18/25
f 1906/16/26 1904/17/26 1903/18/26
f 1904/16/23 1900/17/23 1899/18/23
f 1905/16/21 1903/17/21 1899/18/21
f 1902/16/24 1900/17/24 1904/18/24
f 1908/16/22 1910/17/22 1909/18/22
f 1910/16/25 1914/17/25 1913/18/25
f 1914/16/26 1912/17/26 1911/18/26
f 1912/16/23 1908/17/23 1907/18/23
f 1913/16/21 1911/17/21 1907/18/21
f 1910/16/24 1908/17/24 1912/18/24
f 1916/16/22 1918/17/22 1917/18/22
f 1918/16/25 1922/17/25 1921/18/25
f 1922/16/26 1920/17/26 1919/18/26
f 1920/16/23 1916/17/23 1915/18/23
f 1921/16/21 1919/17/21 1915/18/21
f 1918/16/24 1916/17/24 1920/18/24
f 1923/25/9 1925/26/9 1930/27/9
f 1926/25/10 1928/26/10 1925/27/10
f 1932/25/11 1934/26/11 1928/27/11
f 1931/25/12 1930/26/12 1934/27/12
f 1929/25/13 1931/26/13 1942/27/13
f 1944/25/14 1946/26/14 1933/27/14
f 1943/25/15 1942/26/15 1946/27/15
f 1941/25/16 1943/26/16 1936/27/16
f 1938/25/17 1940/26/17 1945/27/17
f 1937/25/18 1936/26/18 1940/27/18
f 1935/25/19 1937/26/19 1924/27/19
f 1927/25/20 1926/26/20 1939/27/20
f 1941/25/21 1935/26/21 1923/27/21
f 1928/25/22 1934/26/22 1930/27/22
f 1939/25/23 1926/26/23 1924/27/23
f 1932/25/24 1927/26/24 1938/27/24
f 1933/25/25 1946/26/25 1942/27/25
f 1945/25/26 1940/26/26 1936/27/26
f 1947/25/9 1949/26/9 1954/27/9
f 1950/25/10 1952/26/10 1949/27/10
f 1956/25/11 1958/26/11 1952/27/11
f 1955/25/12 1954/26/12 1958/27/12
f 1953/25/13 1955/26/13 1966/27/13
f 1968/25/14 1970/26/14 1957/27/14
f 1967/25/15 1966/26/15 1970/27/15
f 1965/25/16 1967/26/16 1960/27/16
f 1962/25/17 1964/26/17 1969/27/17
f 1961/25/18 1960/26/18 1964/27/18
f 1959/25/19 1961/26/19 1948/27/19
f 1951/25/20 1950/26/20 1963/27/20
f 1965/25/21 1959/26/21 1947/27/21
f 1952/25/22 1958/26/22 1954/27/22
f 1963/25/23 1950/26/23 1948/27/23
f 1956/25/24 1951/26/24 1962/27/24
f 1957/25/25 1970/26/25 1966/27/25
f 1969/25/26 1964/26/26 1960/27/26
f 1972/31/22 1974/32/22 1973/33/22
f 1974/31/25 1978/32/25 1977/33/25
f 1978/31/26 1976/32/26 1975/33/26
f 1976/31/23 1972/32/23 1971/33/23
f 1977/31/21 1975/32/21 1971/33/21
f 1974/31/24 1972/32/24 1976/33/24
f 1980/31/22 1982/32/22 1981/33/22
f 1982/31/25 1986/32/25 1985/33/25
f 1986/31/26 1984/32/26 1983/33/26
f 1984/31/23 1980/32/23 1979/33/23
f 1985/31/21 1983/32/21 1979/33/21
f 1982/31/24 1980/32/24 1984/33/24
f 1988/31/21 1989/32/21 1990/33/21
f 1992/16/9 1994/17/9 1999/18/9
f 1995/16/10 1997/17/10 1994/18/10
f 2001/16/11 2003/17/11 1997/18/11
f 2000/16/12 1999/17/12 2003/18/12
f 1998/16/13 2000/17/13 2011/18/13
f 2013/16/14 2015/17/14 2002/18/14
f 2012/16/15 2011/17/15 2015/18/15
f 2010/16/16 2012/17/16 2005/18/16
f 2007/16/17 2009/17/17 2014/18/17
f 2006/16/18 2005/17/18 2009/18/18
f 2004/16/19 2006/17/19 1993/18/19
f 1996/16/20 1995/17/20 2008/18/20
f 2010/16/21 2004/17/21 1992/18/21
f 1997/16/22 2003/17/22 1999/18/22
f 2008/16/23 1995/17/23 1993/18/23
f 2001/16/24 1996/17/24 2007/18/24
f 2002/16/25 2015/17/25 2011/18/25
f 2014/16/26 2009/17/26 2005/18/26
f 2016/16/9 2018/17/9 2023/18/9
f 2019/16/10 2021/17/10 2018/18/10
f 2025/16/11 2027/17/11 2021/18/11
f 2024/16/12 2023/17/12 2027/18/12
f 2022/16/13 2024/17/13 2035/18/13
f 2037/16/14 2039/17/14 2026/18/14
f 2036/16/15 2035/17/15 2039/18/15
f 2034/16/16 2036/17/16 2029/18/16
f 2031/16/17 2033/17/17 2038/18/17
f 2030/16/18 2029/17/18 2033/18/18
f 2028/16/19 2030/17/19 2017/18/19
f 2020/16/20 2019/17/20 2032/18/20
f 2034/16/21 2028/17/21 2016/18/21
f 2021/16/22 2027/17/22 2023/18/22
f 2032/16/23 2019/17/23 2017/18/23
f 2025/16/24 2020/17/24 2031/18/24
f 2026/16/25 2039/17/25 2035/18/25
f 2038/16/26 2033/17/26 2029/18/26
f 2041/22/1259 2043/23/1259 2042/24/1259
f 2043/22/25 2047/23/25 2046/24/25
f 2047/22/1260 2045/23/1260 2044/24/1260
f 2045/22/23 2041/23/23 2040/24/23
f 2046/22/1261 2044/23/1261 2040/24/1261
f 2043/22/1262 2041/23/1262 2045/24/1262
f 2048/25/2201 2050/26/2201 2055/27/2201
f 2051/25/1272 2053/26/1272 2050/27/1272
f 2057/25/2202 2059/26/2202 2053/27/2202
f 2058/25/1274 2056/26/1274 2055/27/1274
f 2054/25/1275 2056/26/1275 2067/27/1275
f 2069/25/1276 2071/26/1276 2058/27/1276
f 2070/25/1277 2068/26/1277 2067/27/1277
f 2066/25/1278 2068/26/1278 2061/27/1278
f 2063/25/2203 2065/26/2203 2070/27/2203
f 2064/25/1280 2062/26/1280 2061/27/1280
f 2048/25/1281 2060/26/1281 2062/27/1281
f 2063/25/1282 2052/26/1282 2051/27/1282
f 2066/25/1261 2060/26/1261 2048/27/1261
f 2053/25/1259 2059/26/1259 2055/27/1259
f 2064/25/23 2051/26/23 2049/27/23
f 2057/25/1262 2052/26/1262 2063/27/1262
f 2058/25/25 2071/26/25 2067/27/25
f 2070/25/1260 2065/26/1260 2061/27/1260
f 2073/22/1283 2075/23/1283 2074/24/1283
f 2075/22/25 2079/23/25 2078/24/25
f 2079/22/1284 2077/23/1284 2076/24/1284
f 2077/22/23 2073/23/23 2072/24/23
f 2078/22/1285 2076/23/1285 2072/24/1285
f 2075/22/1286 2073/23/1286 2077/24/1286
f 2080/25/1295 2082/26/1295 2087/27/1295
f 2081/25/1296 2083/26/1296 2085/27/1296
f 2089/25/2204 2091/26/2204 2085/27/2204
f 2088/25/1298 2087/26/1298 2091/27/1298
f 2098/25/1299 2086/26/1299 2088/27/1299
f 2089/25/1300 2101/26/1300 2103/27/1300
f 2102/25/1301 2100/26/1301 2099/27/1301
f 2098/25/2205 2100/26/2205 2093/27/2205
f 2095/25/1303 2097/26/1303 2102/27/1303
f 2096/25/1304 2094/26/1304 2093/27/1304
f 2092/25/1305 2094/26/1305 2081/27/1305
f 2095/25/1306 2084/26/1306 2083/27/1306
f 2098/25/1285 2092/26/1285 2080/27/1285
f 2085/25/1283 2091/26/1283 2087/27/1283
f 2096/25/23 2083/26/23 2081/27/23
f 2089/25/1286 2084/26/1286 2095/27/1286
f 2088/25/25 2090/26/25 2103/27/25
f 2102/25/1284 2097/26/1284 2093/27/1284
f 2107/16/21 2108/17/21 2105/18/21
f 2108/16/1286 2109/17/1286 2106/18/1286
f 2109/16/1262 2107/17/1262 2104/18/1262
f 2111/16/22 2113/17/22 2112/18/22
f 2113/16/25 2117/17/25 2116/18/25
f 2117/16/26 2115/17/26 2114/18/26
f 2115/16/23 2111/17/23 2110/18/23
f 2116/16/21 2114/17/21 2110/18/21
f 2113/16/24 2111/17/24 2115/18/24
f 2118/13/9 2120/14/9 2125/15/9
f 2121/13/10 2123/14/10 2120/15/10
f 2127/13/11 2129/14/11 2123/15/11
f 2126/13/12 2125/14/12 2129/15/12
f 2124/13/13 2126/14/13 2137/15/13
f 2139/13/14 2141/14/14 2128/15/14
f 2138/13/15 2137/14/15 2141/15/15
f 2136/13/16 2138/14/16 2131/15/16
f 2133/13/17 2135/14/17 2140/15/17
f 2132/13/18 2131/14/18 2135/15/18
f 2130/13/19 2132/14/19 2119/15/19
f 2122/13/20 2121/14/20 2134/15/20
f 2136/13/21 2130/14/21 2118/15/21
f 2123/13/22 2129/14/22 2125/15/22
f 2134/13/23 2121/14/23 2119/15/23
f 2127/13/24 2122/14/24 2133/15/24
f 2128/13/25 2141/14/25 2137/15/25
f 2140/13/26 2135/14/26 2131/15/26
f 2142/10/9 2143/11/9 2148/12/9
f 2172/10/10 2144/11/10 2146/12/10
f 2150/10/11 2152/11/11 2146/12/11
f 2149/10/12 2148/11/12 2152/12/12
f 2147/10/13 2149/11/13 2159/12/13
f 2161/10/14 2163/11/14 2151/12/14
f 2160/10/15 2159/11/15 2163/12/15
f 2158/10/16 2160/11/16 2154/12/16
f 2155/10/17 2157/11/17 2162/12/17
f 2183/10/18 2154/11/18 2157/12/18
f 2153/10/19 2183/11/19 2172/12/19
f 2145/10/20 2144/11/20 2156/12/20
f 2158/10/21 2153/11/21 2142/12/21
f 2146/10/22 2152/11/22 2148/12/22
f 2156/10/23 2144/11/23 2172/12/23
f 2150/10/24 2145/11/24 2155/12/24
f 2151/10/25 2163/11/25 2159/12/25
f 2162/10/26 2157/11/26 2154/12/26
f 2164/10/9 2166/11/9 2171/12/9
f 2167/10/10 2169/11/10 2166/12/10
f 2173/10/11 2175/11/11 2169/12/11
f 2172/10/12 2171/11/12 2175/12/12
f 2170/10/13 2172/11/13 2183/12/13
f 2185/10/14 2187/11/14 2174/12/14
f 2184/10/15 2183/11/15 2187/12/15
f 2182/10/16 2184/11/16 2177/12/16
f 2179/10/17 2181/11/17 2186/12/17
f 2178/10/18 2177/11/18 2181/12/18
f 2176/10/19 2178/11/19 2165/12/19
f 2168/10/20 2167/11/20 2180/12/20
f 2182/10/21 2176/11/21 2164/12/21
f 2169/10/22 2175/11/22 2171/12/22
f 2180/10/23 2167/11/23 2165/12/23
f 2173/10/24 2168/11/24 2179/12/24
f 2174/10/25 2187/11/25 2183/12/25
f 2186/10/26 2181/11/26 2177/12/26
f 2188/10/9 2190/11/9 2195/12/9
f 2191/10/10 2193/11/10 2190/12/10
f 2196/10/11 2198/11/11 2193/12/11
f 2165/10/12 2195/11/12 2198/12/12
f 2194/10/13 2165/11/13 2178/12/13
f 2207/10/14 2209/11/14 2197/12/14
f 2206/10/15 2178/11/15 2209/12/15
f 2205/10/16 2206/11/16 2200/12/16
f 2202/10/17 2204/11/17 2208/12/17
f 2201/10/18 2200/11/18 2204/12/18
f 2199/10/19 2201/11/19 2189/12/19
f 2192/10/20 2191/11/20 2203/12/20
f 2205/10/21 2199/11/21 2188/12/21
f 2193/10/22 2198/11/22 2195/12/22
f 2203/10/23 2191/11/23 2189/12/23
f 2196/10/24 2192/11/24 2202/12/24
f 2197/10/25 2209/11/25 2178/12/25
f 2208/10/26 2204/11/26 2200/12/26
f 2211/16/22 2213/17/22 2212/18/22
f 2213/16/25 2217/17/25 2216/18/25
f 2217/16/26 2215/17/26 2214/18/26
f 2215/16/23 2211/17/23 2210/18/23
f 2216/16/21 2214/17/21 2210/18/21
f 2213/16/24 2211/17/24 2215/18/24
f 2219/16/22 2221/17/22 2220/18/22
f 2221/16/25 2225/17/25 2224/18/25
f 2225/16/26 2223/17/26 2222/18/26
f 2223/16/23 2219/17/23 2218/18/23
f 2224/16/21 2222/17/21 2218/18/21
f 2221/16/24 2219/17/24 2223/18/24
f 2227/16/22 2229/17/22 2228/18/22
f 2229/16/25 2233/17/25 2232/18/25
f 2233/16/26 2231/17/26 2230/18/26
f 2231/16/23 2227/17/23 2226/18/23
f 2232/16/21 2230/17/21 2226/18/21
f 2229/16/24 2227/17/24 2231/18/24
f 2235/16/22 2237/17/22 2236/18/22
f 2237/16/25 2241/17/25 2240/18/25
f 2241/16/26 2239/17/26 2238/18/26
f 2239/16/23 2235/17/23 2234/18/23
f 2240/16/21 2238/17/21 2234/18/21
f 2237/16/24 2235/17/24 2239/18/24
f 2243/16/22 2245/17/22 2244/18/22
f 2245/16/25 2249/17/25 2248/18/25
f 2249/16/26 2247/17/26 2246/18/26
f 2247/16/23 2243/17/23 2242/18/23
f 2248/16/21 2246/17/21 2242/18/21
f 2245/16/24 2243/17/24 2247/18/24
f 2253/34/2206 2255/35/2206 2254/36/2206
f 2253/34/2207 2257/35/2207 2258/36/2207
f 2256/34/2208 2258/35/2208 2257/36/2208
f 2256/34/2209 2260/35/2209 2261/36/2209
f 2259/34/2210 2261/35/2210 2260/36/2210
f 2254/34/1319 2255/35/1319 2261/36/1319
f 2265/34/2211 2267/35/2211 2266/36/2211
f 2265/34/2212 2269/35/2212 2270/36/2212
f 2268/34/2213 2270/35/2213 2269/36/2213
f 2268/34/1324 2272/35/1324 2273/36/1324
f 2271/34/2214 2273/35/2214 2272/36/2214
f 2271/34/2215 2266/35/2215 2267/36/2215
f 2277/34/2216 2279/35/2216 2278/36/2216
f 2281/34/1329 2282/35/1329 2279/36/1329
f 2280/34/2217 2282/35/2217 2281/36/2217
f 2284/34/2218 2285/35/2218 2282/36/2218
f 2283/34/2219 2285/35/2219 2284/36/2219
f 2283/34/1333 2278/35/1333 2279/36/1333
f 2289/34/2220 2291/35/2220 2290/36/2220
f 2293/34/2221 2294/35/2221 2291/36/2221
f 2292/34/2222 2294/35/2222 2293/36/2222
f 2296/34/2223 2297/35/2223 2294/36/2223
f 2295/34/2224 2297/35/2224 2296/36/2224
f 2290/34/1340 2291/35/1340 2297/36/1340
f 2299/34/2225 2300/35/2225 2253/36/2225
f 2302/34/1343 2303/35/1343 2300/36/1343
f 2301/34/2226 2303/35/2226 2302/36/2226
f 2304/34/2227 2305/35/2227 2303/36/2227
f 2257/34/2228 2305/35/2228 2304/36/2228
f 2253/34/1402 2300/35/1402 2305/36/1402
f 2269/34/2229 2308/35/2229 2307/36/2229
f 2265/34/1406 2310/35/1406 2308/36/1406
f 2309/34/2230 2310/35/2230 2265/36/2230
f 2312/34/2231 2313/35/2231 2310/36/2231
f 2311/34/2232 2313/35/2232 2312/36/2232
f 2311/34/1354 2307/35/1354 2308/36/1354
f 2278/34/2233 2316/35/2233 2315/36/2233
f 2278/34/1357 2283/35/1357 2318/36/1357
f 2317/34/2234 2318/35/2234 2283/36/2234
f 2320/34/2235 2321/35/2235 2318/36/2235
f 2319/34/2236 2321/35/2236 2320/36/2236
f 2315/34/1361 2316/35/1361 2321/36/1361
f 2323/34/2237 2324/35/2237 2289/36/2237
f 2326/34/1364 2327/35/1364 2324/36/1364
f 2325/34/2238 2327/35/2238 2326/36/2238
f 2325/34/1398 2328/35/1398 2329/36/1398
f 2293/34/2239 2329/35/2239 2328/36/2239
f 2289/34/1368 2324/35/1368 2329/36/1368
f 2250/34/1370 2254/35/1370 2277/36/1370
f 2254/34/1371 2259/35/1371 2281/36/1371
f 2259/34/1372 2252/35/1372 2275/36/1372
f 2251/34/1373 2262/35/1373 2266/36/1373
f 2256/34/1374 2266/35/1374 2271/36/1374
f 2260/34/2240 2271/35/2240 2264/36/2240
f 2286/34/1376 2290/35/1376 2268/36/1376
f 2290/34/1377 2295/35/1377 2272/36/1377
f 2295/34/1378 2288/35/1378 2264/36/1378
f 2276/34/1379 2284/35/1379 2292/36/1379
f 2284/34/1380 2280/35/1380 2296/36/1380
f 2280/34/2241 2275/35/2241 2288/36/2241
f 2322/34/2242 2314/35/2242 2320/36/2242
f 2320/34/1383 2317/35/1383 2328/36/1383
f 2317/34/1384 2276/35/1384 2287/36/1384
f 2274/34/1385 2315/35/1385 2299/36/1385
f 2315/34/1386 2319/35/1386 2302/36/1386
f 2319/34/1387 2314/35/1387 2298/36/1387
f 2263/34/1388 2307/35/1388 2323/36/1388
f 2307/34/1389 2311/35/1389 2326/36/1389
f 2311/34/1390 2306/35/1390 2322/36/1390
f 2262/34/1391 2251/35/1391 2304/36/1391
f 2304/34/1392 2301/35/1392 2312/36/1392
f 2312/34/2243 2301/35/2243 2298/36/2243
f 2264/34/1394 2288/35/1394 2275/36/1394
f 2322/34/1395 2306/35/1395 2298/36/1395
f 2333/37/2206 2335/38/2206 2334/39/2206
f 2337/37/1315 2338/38/1315 2335/39/1315
f 2336/37/2208 2338/38/2208 2337/39/2208
f 2336/37/2209 2340/38/2209 2341/39/2209
f 2339/37/2210 2341/38/2210 2340/39/2210
f 2334/37/1319 2335/38/1319 2341/39/1319
f 2345/37/2211 2347/38/2211 2346/39/2211
f 2345/37/2212 2349/38/2212 2350/39/2212
f 2348/37/2213 2350/38/2213 2349/39/2213
f 2352/37/1324 2353/38/1324 2350/39/1324
f 2351/37/2214 2353/38/2214 2352/39/2214
f 2351/37/2215 2346/38/2215 2347/39/2215
f 2357/37/2216 2359/38/2216 2358/39/2216
f 2357/37/1329 2361/38/1329 2362/39/1329
f 2360/37/2217 2362/38/2217 2361/39/2217
f 2364/37/2218 2365/38/2218 2362/39/2218
f 2363/37/2219 2365/38/2219 2364/39/2219
f 2363/37/1333 2358/38/1333 2359/39/1333
f 2369/37/2220 2371/38/2220 2370/39/2220
f 2373/37/2221 2374/38/2221 2371/39/2221
f 2372/37/2222 2374/38/2222 2373/39/2222
f 2376/37/2223 2377/38/2223 2374/39/2223
f 2375/37/2224 2377/38/2224 2376/39/2224
f 2370/37/1340 2371/38/1340 2377/39/1340
f 2379/37/2225 2380/38/2225 2333/39/2225
f 2382/37/1343 2383/38/1343 2380/39/1343
f 2381/37/2226 2383/38/2226 2382/39/2226
f 2384/37/2227 2385/38/2227 2383/39/2227
f 2337/37/2228 2385/38/2228 2384/39/2228
f 2333/37/1402 2380/38/1402 2385/39/1402
f 2349/37/2229 2388/38/2229 2387/39/2229
f 2349/37/1350 2345/38/1350 2390/39/1350
f 2389/37/2230 2390/38/2230 2345/39/2230
f 2392/37/2244 2393/38/2244 2390/39/2244
f 2391/37/2232 2393/38/2232 2392/39/2232
f 2387/37/1354 2388/38/1354 2393/39/1354
f 2358/37/2233 2396/38/2233 2395/39/2233
f 2358/37/1407 2363/38/1407 2398/39/1407
f 2397/37/2234 2398/38/2234 2363/39/2234
f 2397/37/2245 2400/38/2245 2401/39/2245
f 2399/37/2236 2401/38/2236 2400/39/2236
f 2399/37/1361 2395/38/1361 2396/39/1361
f 2403/37/2237 2404/38/2237 2369/39/2237
f 2403/37/1364 2406/38/1364 2407/39/1364
f 2405/37/2238 2407/38/2238 2406/39/2238
f 2408/37/1366 2409/38/1366 2407/39/1366
f 2373/37/2239 2409/38/2239 2408/39/2239
f 2373/37/1368 2369/38/1368 2404/39/1368
f 2330/37/1370 2334/38/1370 2357/39/1370
f 2334/37/1371 2339/38/1371 2361/39/1371
f 2339/37/1372 2332/38/1372 2355/39/1372
f 2331/37/1373 2342/38/1373 2346/39/1373
f 2346/37/1374 2351/38/1374 2340/39/1374
f 2340/37/2240 2351/38/2240 2344/39/2240
f 2366/37/1376 2370/38/1376 2348/39/1376
f 2370/37/1377 2375/38/1377 2352/39/1377
f 2375/37/1378 2368/38/1378 2344/39/1378
f 2367/37/1379 2356/38/1379 2364/39/1379
f 2364/37/1380 2360/38/1380 2376/39/1380
f 2360/37/2241 2355/38/2241 2368/39/2241
f 2394/37/2242 2400/38/2242 2405/39/2242
f 2400/37/1383 2397/38/1383 2408/39/1383
f 2408/37/1384 2397/38/1384 2356/39/1384
f 2354/37/1385 2395/38/1385 2379/39/1385
f 2395/37/1386 2399/38/1386 2382/39/1386
f 2399/37/1387 2394/38/1387 2378/39/1387
f 2343/37/1388 2387/38/1388 2403/39/1388
f 2387/37/1389 2391/38/1389 2406/39/1389
f 2391/37/1390 2386/38/1390 2402/39/1390
f 2342/37/1391 2331/38/1391 2384/39/1391
f 2389/37/1392 2384/38/1392 2381/39/1392
f 2392/37/2243 2381/38/2243 2378/39/2243
f 2344/37/1394 2368/38/1394 2355/39/1394
f 2402/37/1395 2386/38/1395 2378/39/1395
f 2413/40/2206 2415/41/2206 2414/42/2206
f 2417/40/1315 2418/41/1315 2415/42/1315
f 2416/40/2208 2418/41/2208 2417/42/2208
f 2416/40/2209 2420/41/2209 2421/42/2209
f 2419/40/2210 2421/41/2210 2420/42/2210
f 2414/40/1319 2415/41/1319 2421/42/1319
f 2425/40/2211 2427/41/2211 2426/42/2211
f 2425/40/2212 2429/41/2212 2430/42/2212
f 2428/40/2213 2430/41/2213 2429/42/2213
f 2428/40/1324 2432/41/1324 2433/42/1324
f 2431/40/2214 2433/41/2214 2432/42/2214
f 2426/40/2215 2427/41/2215 2433/42/2215
f 2437/40/2216 2439/41/2216 2438/42/2216
f 2437/40/1329 2441/41/1329 2442/42/1329
f 2440/40/2217 2442/41/2217 2441/42/2217
f 2440/40/1331 2444/41/1331 2445/42/1331
f 2443/40/2219 2445/41/2219 2444/42/2219
f 2443/40/1333 2438/41/1333 2439/42/1333
f 2449/40/2220 2451/41/2220 2450/42/2220
f 2449/40/2221 2453/41/2221 2454/42/2221
f 2452/40/2222 2454/41/2222 2453/42/2222
f 2452/40/2246 2456/41/2246 2457/42/2246
f 2455/40/2224 2457/41/2224 2456/42/2224
f 2455/40/1340 2450/41/1340 2451/42/1340
f 2459/40/2225 2460/41/2225 2413/42/2225
f 2462/40/1343 2463/41/1343 2460/42/1343
f 2461/40/2226 2463/41/2226 2462/42/2226
f 2464/40/2227 2465/41/2227 2463/42/2227
f 2417/40/2228 2465/41/2228 2464/42/2228
f 2413/40/1402 2460/41/1402 2465/42/1402
f 2429/40/2229 2468/41/2229 2467/42/2229
f 2425/40/1406 2470/41/1406 2468/42/1406
f 2469/40/2230 2470/41/2230 2425/42/2230
f 2472/40/2244 2473/41/2244 2470/42/2244
f 2471/40/2232 2473/41/2232 2472/42/2232
f 2471/40/1354 2467/41/1354 2468/42/1354
f 2438/40/2233 2476/41/2233 2475/42/2233
f 2438/40/1407 2443/41/1407 2478/42/1407
f 2477/40/2234 2478/41/2234 2443/42/2234
f 2477/40/2245 2480/41/2245 2481/42/2245
f 2479/40/2236 2481/41/2236 2480/42/2236
f 2475/40/1361 2476/41/1361 2481/42/1361
f 2483/40/2237 2484/41/2237 2449/42/2237
f 2483/40/1364 2486/41/1364 2487/42/1364
f 2485/40/2238 2487/41/2238 2486/42/2238
f 2488/40/1366 2489/41/1366 2487/42/1366
f 2453/40/2239 2489/41/2239 2488/42/2239
f 2453/40/1368 2449/41/1368 2484/42/1368
f 2410/40/1370 2414/41/1370 2437/42/1370
f 2414/40/1371 2419/41/1371 2441/42/1371
f 2419/40/1372 2412/41/1372 2435/42/1372
f 2411/40/1373 2422/41/1373 2426/42/1373
f 2416/40/1374 2426/41/1374 2431/42/1374
f 2420/40/2240 2431/41/2240 2424/42/2240
f 2446/40/1376 2450/41/1376 2428/42/1376
f 2450/40/1377 2455/41/1377 2432/42/1377
f 2455/40/1378 2448/41/1378 2424/42/1378
f 2447/40/1379 2436/41/1379 2444/42/1379
f 2452/40/1380 2444/41/1380 2440/42/1380
f 2440/40/2241 2435/41/2241 2448/42/2241
f 2482/40/2242 2474/41/2242 2480/42/2242
f 2480/40/1383 2477/41/1383 2488/42/1383
f 2477/40/1384 2436/41/1384 2447/42/1384
f 2434/40/1385 2475/41/1385 2459/42/1385
f 2475/40/1386 2479/41/1386 2462/42/1386
f 2479/40/1387 2474/41/1387 2458/42/1387
f 2423/40/1388 2467/41/1388 2483/42/1388
f 2467/40/1389 2471/41/1389 2486/42/1389
f 2471/40/1390 2466/41/1390 2482/42/1390
f 2422/40/1391 2411/41/1391 2464/42/1391
f 2464/40/1392 2461/41/1392 2472/42/1392
f 2472/40/2243 2461/41/2243 2458/42/2243
f 2424/40/1394 2448/41/1394 2435/42/1394
f 2482/40/1395 2466/41/1395 2458/42/1395
f 2493/43/2206 2495/44/2206 2494/45/2206
f 2497/43/1315 2498/44/1315 2495/45/1315
f 2496/43/2208 2498/44/2208 2497/45/2208
f 2496/43/2209 2500/44/2209 2501/45/2209
f 2499/43/2210 2501/44/2210 2500/45/2210
f 2494/43/1319 2495/44/1319 2501/45/1319
f 2505/43/2211 2507/44/2211 2506/45/2211
f 2505/43/1322 2509/44/1322 2510/45/1322
f 2508/43/2213 2510/44/2213 2509/45/2213
f 2508/43/1324 2512/44/1324 2513/45/1324
f 2511/43/2214 2513/44/2214 2512/45/2214
f 2511/43/2215 2506/44/2215 2507/45/2215
f 2517/43/2216 2519/44/2216 2518/45/2216
f 2517/43/1329 2521/44/1329 2522/45/1329
f 2520/43/2217 2522/44/2217 2521/45/2217
f 2524/43/2218 2525/44/2218 2522/45/2218
f 2523/43/2219 2525/44/2219 2524/45/2219
f 2518/43/1333 2519/44/1333 2525/45/1333
f 2529/43/2220 2531/44/2220 2530/45/2220
f 2533/43/2221 2534/44/2221 2531/45/2221
f 2532/43/2222 2534/44/2222 2533/45/2222
f 2536/43/2223 2537/44/2223 2534/45/2223
f 2535/43/2224 2537/44/2224 2536/45/2224
f 2530/43/1340 2531/44/1340 2537/45/1340
f 2539/43/2247 2540/44/2247 2493/45/2247
f 2539/43/1343 2542/44/1343 2543/45/1343
f 2541/43/2226 2543/44/2226 2542/45/2226
f 2544/43/2227 2545/44/2227 2543/45/2227
f 2497/43/2228 2545/44/2228 2544/45/2228
f 2493/43/1347 2540/44/1347 2545/45/1347
f 2509/43/2229 2548/44/2229 2547/45/2229
f 2509/43/1350 2505/44/1350 2550/45/1350
f 2549/43/2230 2550/44/2230 2505/45/2230
f 2552/43/2231 2553/44/2231 2550/45/2231
f 2551/43/2232 2553/44/2232 2552/45/2232
f 2551/43/1354 2547/44/1354 2548/45/1354
f 2518/43/2233 2556/44/2233 2555/45/2233
f 2518/43/1407 2523/44/1407 2558/45/1407
f 2557/43/2234 2558/44/2234 2523/45/2234
f 2560/43/2235 2561/44/2235 2558/45/2235
f 2559/43/2236 2561/44/2236 2560/45/2236
f 2559/43/1361 2555/44/1361 2556/45/1361
f 2563/43/2237 2564/44/2237 2529/45/2237
f 2566/43/1364 2567/44/1364 2564/45/1364
f 2565/43/2238 2567/44/2238 2566/45/2238
f 2565/43/1398 2568/44/1398 2569/45/1398
f 2533/43/2239 2569/44/2239 2568/45/2239
f 2529/43/1368 2564/44/1368 2569/45/1368
f 2490/43/1370 2494/44/1370 2517/45/1370
f 2494/43/1371 2499/44/1371 2521/45/1371
f 2499/43/1372 2492/44/1372 2515/45/1372
f 2491/43/1373 2502/44/1373 2506/45/1373
f 2496/43/1374 2506/44/1374 2511/45/1374
f 2500/43/2240 2511/44/2240 2504/45/2240
f 2526/43/1376 2530/44/1376 2508/45/1376
f 2530/43/1377 2535/44/1377 2512/45/1377
f 2535/43/1378 2528/44/1378 2504/45/1378
f 2516/43/1379 2524/44/1379 2532/45/1379
f 2524/43/1380 2520/44/1380 2536/45/1380
f 2520/43/2241 2515/44/2241 2528/45/2241
f 2562/43/2242 2554/44/2242 2560/45/2242
f 2560/43/1383 2557/44/1383 2568/45/1383
f 2557/43/1384 2516/44/1384 2527/45/1384
f 2514/43/1385 2555/44/1385 2539/45/1385
f 2555/43/1386 2559/44/1386 2542/45/1386
f 2559/43/1387 2554/44/1387 2538/45/1387
f 2503/43/1388 2547/44/1388 2563/45/1388
f 2547/43/1389 2551/44/1389 2566/45/1389
f 2551/43/1390 2546/44/1390 2562/45/1390
f 2502/43/1391 2491/44/1391 2544/45/1391
f 2549/43/1392 2544/44/1392 2541/45/1392
f 2541/43/2243 2538/44/2243 2546/45/2243
f 2504/43/1394 2528/44/1394 2515/45/1394
f 2562/43/1395 2546/44/1395 2538/45/1395
f 2573/46/2206 2575/47/2206 2574/48/2206
f 2577/46/1315 2578/47/1315 2575/48/1315
f 2576/46/2208 2578/47/2208 2577/48/2208
f 2576/46/2209 2580/47/2209 2581/48/2209
f 2579/46/2210 2581/47/2210 2580/48/2210
f 2574/46/1319 2575/47/1319 2581/48/1319
f 2585/46/2211 2587/47/2211 2586/48/2211
f 2589/46/2248 2590/47/2248 2587/48/2248
f 2588/46/2213 2590/47/2213 2589/48/2213
f 2588/46/1324 2592/47/1324 2593/48/1324
f 2591/46/2214 2593/47/2214 2592/48/2214
f 2591/46/2215 2586/47/2215 2587/48/2215
f 2597/46/2216 2599/47/2216 2598/48/2216
f 2597/46/1329 2601/47/1329 2602/48/1329
f 2600/46/2217 2602/47/2217 2601/48/2217
f 2604/46/2218 2605/47/2218 2602/48/2218
f 2603/46/2219 2605/47/2219 2604/48/2219
f 2603/46/1333 2598/47/1333 2599/48/1333
f 2609/46/2220 2611/47/2220 2610/48/2220
f 2613/46/2221 2614/47/2221 2611/48/2221
f 2612/46/2222 2614/47/2222 2613/48/2222
f 2616/46/2223 2617/47/2223 2614/48/2223
f 2615/46/2224 2617/47/2224 2616/48/2224
f 2610/46/1340 2611/47/1340 2617/48/1340
f 2619/46/2225 2620/47/2225 2573/48/2225
f 2622/46/2249 2623/47/2249 2620/48/2249
f 2621/46/2226 2623/47/2226 2622/48/2226
f 2621/46/2250 2624/47/2250 2625/48/2250
f 2577/46/2228 2625/47/2228 2624/48/2228
f 2573/46/1402 2620/47/1402 2625/48/1402
f 2589/46/2229 2628/47/2229 2627/48/2229
f 2585/46/1350 2630/47/1350 2628/48/1350
f 2629/46/2230 2630/47/2230 2585/48/2230
f 2632/46/2251 2633/47/2251 2630/48/2251
f 2631/46/2232 2633/47/2232 2632/48/2232
f 2631/46/1354 2627/47/1354 2628/48/1354
f 2598/46/2252 2636/47/2252 2635/48/2252
f 2598/46/1407 2603/47/1407 2638/48/1407
f 2637/46/2234 2638/47/2234 2603/48/2234
f 2637/46/2245 2640/47/2245 2641/48/2245
f 2639/46/2236 2641/47/2236 2640/48/2236
f 2639/46/1361 2635/47/1361 2636/48/1361
f 2643/46/2237 2644/47/2237 2609/48/2237
f 2646/46/1364 2647/47/1364 2644/48/1364
f 2645/46/2238 2647/47/2238 2646/48/2238
f 2645/46/1398 2648/47/1398 2649/48/1398
f 2613/46/2239 2649/47/2239 2648/48/2239
f 2613/46/1368 2609/47/1368 2644/48/1368
f 2570/46/1370 2574/47/1370 2597/48/1370
f 2574/46/1371 2579/47/1371 2601/48/1371
f 2579/46/1372 2572/47/1372 2595/48/1372
f 2571/46/1373 2582/47/1373 2586/48/1373
f 2586/46/1374 2591/47/1374 2580/48/1374
f 2580/46/2240 2591/47/2240 2584/48/2240
f 2606/46/1376 2610/47/1376 2588/48/1376
f 2610/46/1377 2615/47/1377 2592/48/1377
f 2615/46/1378 2608/47/1378 2584/48/1378
f 2596/46/1379 2604/47/1379 2612/48/1379
f 2604/46/1380 2600/47/1380 2616/48/1380
f 2600/46/2241 2595/47/2241 2608/48/2241
f 2642/46/2242 2634/47/2242 2640/48/2242
f 2640/46/1383 2637/47/1383 2648/48/1383
f 2648/46/1384 2637/47/1384 2596/48/1384
f 2594/46/1385 2635/47/1385 2619/48/1385
f 2635/46/1386 2639/47/1386 2622/48/1386
f 2639/46/1387 2634/47/1387 2618/48/1387
f 2583/46/1388 2627/47/1388 2643/48/1388
f 2627/46/1389 2631/47/1389 2646/48/1389
f 2631/46/1390 2626/47/1390 2642/48/1390
f 2582/46/1391 2571/47/1391 2624/48/1391
f 2624/46/1392 2621/47/1392 2632/48/1392
f 2632/46/2243 2621/47/2243 2618/48/2243
f 2584/46/1394 2608/47/1394 2595/48/1394
f 2642/46/1395 2626/47/1395 2618/48/1395
f 2650/16/19 2652/17/19 2657/18/19
f 2653/16/18 2655/17/18 2652/18/18
f 2659/16/20 2661/17/20 2655/18/20
f 2658/16/10 2657/17/10 2661/18/10
f 2656/16/9 2658/17/9 2669/18/9
f 2671/16/11 2673/17/11 2660/18/11
f 2670/16/12 2669/17/12 2673/18/12
f 2668/16/13 2670/17/13 2663/18/13
f 2665/16/14 2667/17/14 2672/18/14
f 2664/16/15 2663/17/15 2667/18/15
f 2662/16/16 2664/17/16 2651/18/16
f 2654/16/17 2653/17/17 2666/18/17
f 2668/16/21 2662/17/21 2650/18/21
f 2655/16/23 2661/17/23 2657/18/23
f 2666/16/26 2653/17/26 2651/18/26
f 2659/16/24 2654/17/24 2665/18/24
f 2660/16/22 2673/17/22 2669/18/22
f 2672/16/25 2667/17/25 2663/18/25
f 2674/16/19 2676/17/19 2681/18/19
f 2677/16/18 2679/17/18 2676/18/18
f 2683/16/20 2685/17/20 2679/18/20
f 2682/16/10 2681/17/10 2685/18/10
f 2680/16/9 2682/17/9 2693/18/9
f 2695/16/11 2697/17/11 2684/18/11
f 2694/16/12 2693/17/12 2697/18/12
f 2692/16/13 2694/17/13 2687/18/13
f 2689/16/14 2691/17/14 2696/18/14
f 2688/16/15 2687/17/15 2691/18/15
f 2686/16/16 2688/17/16 2675/18/16
f 2678/16/17 2677/17/17 2690/18/17
f 2692/16/21 2686/17/21 2674/18/21
f 2679/16/23 2685/17/23 2681/18/23
f 2690/16/26 2677/17/26 2675/18/26
f 2683/16/24 2678/17/24 2689/18/24
f 2684/16/22 2697/17/22 2693/18/22
f 2696/16/25 2691/17/25 2687/18/25
f 2699/16/23 2701/17/23 2700/18/23
f 2701/16/22 2705/17/22 2704/18/22
f 2705/16/25 2703/17/25 2702/18/25
f 2703/16/26 2699/17/26 2698/18/26
f 2704/16/21 2702/17/21 2698/18/21
f 2701/16/24 2699/17/24 2703/18/24
f 2707/16/23 2709/17/23 2708/18/23
f 2709/16/22 2713/17/22 2712/18/22
f 2713/16/25 2711/17/25 2710/18/25
f 2711/16/26 2707/17/26 2706/18/26
f 2712/16/21 2710/17/21 2706/18/21
f 2709/16/24 2707/17/24 2711/18/24
f 2715/16/23 2717/17/23 2716/18/23
f 2717/16/22 2721/17/22 2720/18/22
f 2721/16/25 2719/17/25 2718/18/25
f 2719/16/26 2715/17/26 2714/18/26
f 2720/16/21 2718/17/21 2714/18/21
f 2717/16/24 2715/17/24 2719/18/24
f 2723/16/23 2725/17/23 2724/18/23
f 2725/16/22 2729/17/22 2728/18/22
f 2729/16/25 2727/17/25 2726/18/25
f 2727/16/26 2723/17/26 2722/18/26
f 2728/16/21 2726/17/21 2722/18/21
f 2725/16/24 2723/17/24 2727/18/24
f 2730/34/19 2732/35/19 2737/36/19
f 2733/34/18 2735/35/18 2732/36/18
f 2739/34/20 2741/35/20 2735/36/20
f 2738/34/10 2737/35/10 2741/36/10
f 2736/34/9 2738/35/9 2749/36/9
f 2751/34/11 2753/35/11 2740/36/11
f 2750/34/12 2749/35/12 2753/36/12
f 2748/34/13 2750/35/13 2743/36/13
f 2745/34/14 2747/35/14 2752/36/14
f 2744/34/15 2743/35/15 2747/36/15
f 2742/34/16 2744/35/16 2731/36/16
f 2734/34/17 2733/35/17 2746/36/17
f 2748/34/21 2742/35/21 2730/36/21
f 2735/34/23 2741/35/23 2737/36/23
f 2746/34/26 2733/35/26 2731/36/26
f 2739/34/24 2734/35/24 2745/36/24
f 2740/34/22 2753/35/22 2749/36/22
f 2752/34/25 2747/35/25 2743/36/25
f 2755/16/23 2757/17/23 2756/18/23
f 2757/16/22 2761/17/22 2760/18/22
f 2761/16/25 2759/17/25 2758/18/25
f 2759/16/26 2755/17/26 2754/18/26
f 2760/16/21 2758/17/21 2754/18/21
f 2757/16/24 2755/17/24 2759/18/24
f 2763/16/23 2765/17/23 2764/18/23
f 2765/16/22 2769/17/22 2768/18/22
f 2769/16/25 2767/17/25 2766/18/25
f 2767/16/26 2763/17/26 2762/18/26
f 2768/16/21 2766/17/21 2762/18/21
f 2765/16/24 2763/17/24 2767/18/24
f 2770/34/19 2772/35/19 2777/36/19
f 2773/34/18 2775/35/18 2772/36/18
f 2779/34/20 2781/35/20 2775/36/20
f 2778/34/10 2777/35/10 2781/36/10
f 2776/34/9 2778/35/9 2789/36/9
f 2791/34/11 2793/35/11 2780/36/11
f 2790/34/12 2789/35/12 2793/36/12
f 2788/34/13 2790/35/13 2783/36/13
f 2785/34/14 2787/35/14 2792/36/14
f 2784/34/15 2783/35/15 2787/36/15
f 2782/34/16 2784/35/16 2771/36/16
f 2774/34/17 2773/35/17 2786/36/17
f 2788/34/21 2782/35/21 2770/36/21
f 2775/34/23 2781/35/23 2777/36/23
f 2786/34/26 2773/35/26 2771/36/26
f 2779/34/24 2774/35/24 2785/36/24
f 2780/34/22 2793/35/22 2789/36/22
f 2792/34/25 2787/35/25 2783/36/25
f 2795/16/23 2797/17/23 2796/18/23
f 2797/16/22 2801/17/22 2800/18/22
f 2801/16/25 2799/17/25 2798/18/25
f 2799/16/26 2795/17/26 2794/18/26
f 2800/16/21 2798/17/21 2794/18/21
f 2797/16/24 2795/17/24 2799/18/24
f 2803/16/23 2805/17/23 2804/18/23
f 2805/16/22 2809/17/22 2808/18/22
f 2809/16/25 2807/17/25 2806/18/25
f 2807/16/26 2803/17/26 2802/18/26
f 2808/16/21 2806/17/21 2802/18/21
f 2805/16/24 2803/17/24 2807/18/24
f 2810/25/19 2812/26/19 2817/27/19
f 2813/25/18 2815/26/18 2812/27/18
f 2819/25/20 2821/26/20 2815/27/20
f 2818/25/10 2817/26/10 2821/27/10
f 2816/25/9 2818/26/9 2829/27/9
f 2831/25/11 2833/26/11 2820/27/11
f 2830/25/12 2829/26/12 2833/27/12
f 2828/25/13 2830/26/13 2823/27/13
f 2825/25/14 2827/26/14 2832/27/14
f 2824/25/15 2823/26/15 2827/27/15
f 2822/25/16 2824/26/16 2811/27/16
f 2814/25/17 2813/26/17 2826/27/17
f 2828/25/21 2822/26/21 2810/27/21
f 2815/25/23 2821/26/23 2817/27/23
f 2826/25/26 2813/26/26 2811/27/26
f 2819/25/24 2814/26/24 2825/27/24
f 2820/25/22 2833/26/22 2829/27/22
f 2832/25/25 2827/26/25 2823/27/25
f 2834/25/19 2836/26/19 2841/27/19
f 2837/25/18 2839/26/18 2836/27/18
f 2843/25/20 2845/26/20 2839/27/20
f 2842/25/10 2841/26/10 2845/27/10
f 2840/25/9 2842/26/9 2853/27/9
f 2855/25/11 2857/26/11 2844/27/11
f 2854/25/12 2853/26/12 2857/27/12
f 2852/25/13 2854/26/13 2847/27/13
f 2849/25/14 2851/26/14 2856/27/14
f 2848/25/15 2847/26/15 2851/27/15
f 2846/25/16 2848/26/16 2835/27/16
f 2838/25/17 2837/26/17 2850/27/17
f 2852/25/21 2846/26/21 2834/27/21
f 2839/25/23 2845/26/23 2841/27/23
f 2850/25/26 2837/26/26 2835/27/26
f 2843/25/24 2838/26/24 2849/27/24
f 2844/25/22 2857/26/22 2853/27/22
f 2856/25/25 2851/26/25 2847/27/25
f 2858/16/13 2860/17/13 2865/18/13
f 2861/16/12 2863/17/12 2860/18/12
f 2867/16/14 2869/17/14 2863/18/14
f 2866/16/15 2865/17/15 2869/18/15
f 2864/16/16 2866/17/16 2877/18/16
f 2879/16/17 2881/17/17 2868/18/17
f 2878/16/18 2877/17/18 2881/18/18
f 2876/16/19 2878/17/19 2871/18/19
f 2873/16/20 2875/17/20 2880/18/20
f 2872/16/10 2871/17/10 2875/18/10
f 2870/16/9 2872/17/9 2859/18/9
f 2862/16/11 2861/17/11 2874/18/11
f 2876/16/21 2870/17/21 2858/18/21
f 2863/16/25 2869/17/25 2865/18/25
f 2874/16/22 2861/17/22 2859/18/22
f 2879/16/24 2867/17/24 2862/18/24
f 2868/16/26 2881/17/26 2877/18/26
f 2880/16/23 2875/17/23 2871/18/23
f 2882/16/13 2884/17/13 2889/18/13
f 2885/16/12 2887/17/12 2884/18/12
f 2891/16/14 2893/17/14 2887/18/14
f 2890/16/15 2889/17/15 2893/18/15
f 2888/16/16 2890/17/16 2901/18/16
f 2903/16/17 2905/17/17 2892/18/17
f 2902/16/18 2901/17/18 2905/18/18
f 2900/16/19 2902/17/19 2895/18/19
f 2897/16/20 2899/17/20 2904/18/20
f 2896/16/10 2895/17/10 2899/18/10
f 2894/16/9 2896/17/9 2883/18/9
f 2886/16/11 2885/17/11 2898/18/11
f 2900/16/21 2894/17/21 2882/18/21
f 2887/16/25 2893/17/25 2889/18/25
f 2898/16/22 2885/17/22 2883/18/22
f 2891/16/24 2886/17/24 2897/18/24
f 2892/16/26 2905/17/26 2901/18/26
f 2904/16/23 2899/17/23 2895/18/23
f 2907/16/25 2909/17/25 2908/18/25
f 2909/16/26 2913/17/26 2912/18/26
f 2913/16/23 2911/17/23 2910/18/23
f 2911/16/22 2907/17/22 2906/18/22
f 2912/16/21 2910/17/21 2906/18/21
f 2909/16/24 2907/17/24 2911/18/24
f 2915/16/25 2917/17/25 2916/18/25
f 2917/16/26 2921/17/26 2920/18/26
f 2921/16/23 2919/17/23 2918/18/23
f 2919/16/22 2915/17/22 2914/18/22
f 2920/16/21 2918/17/21 2914/18/21
f 2917/16/24 2915/17/24 2919/18/24
f 2923/16/25 2925/17/25 2924/18/25
f 2925/16/26 2929/17/26 2928/18/26
f 2929/16/23 2927/17/23 2926/18/23
f 2927/16/22 2923/17/22 2922/18/22
f 2928/16/21 2926/17/21 2922/18/21
f 2925/16/24 2923/17/24 2927/18/24
f 2931/16/25 2933/17/25 2932/18/25
f 2933/16/26 2937/17/26 2936/18/26
f 2937/16/23 2935/17/23 2934/18/23
f 2935/16/22 2931/17/22 2930/18/22
f 2936/16/21 2934/17/21 2930/18/21
f 2933/16/24 2931/17/24 2935/18/24
f 2938/34/13 2940/35/13 2945/36/13
f 2941/34/12 2943/35/12 2940/36/12
f 2947/34/14 2949/35/14 2943/36/14
f 2946/34/15 2945/35/15 2949/36/15
f 2944/34/16 2946/35/16 2957/36/16
f 2959/34/17 2961/35/17 2948/36/17
f 2958/34/18 2957/35/18 2961/36/18
f 2956/34/19 2958/35/19 2951/36/19
f 2953/34/20 2955/35/20 2960/36/20
f 2952/34/10 2951/35/10 2955/36/10
f 2950/34/9 2952/35/9 2939/36/9
f 2942/34/11 2941/35/11 2954/36/11
f 2956/34/21 2950/35/21 2938/36/21
f 2943/34/25 2949/35/25 2945/36/25
f 2954/34/22 2941/35/22 2939/36/22
f 2947/34/24 2942/35/24 2953/36/24
f 2948/34/26 2961/35/26 2957/36/26
f 2960/34/23 2955/35/23 2951/36/23
f 2963/16/25 2965/17/25 2964/18/25
f 2965/16/26 2969/17/26 2968/18/26
f 2969/16/23 2967/17/23 2966/18/23
f 2967/16/22 2963/17/22 2962/18/22
f 2968/16/21 2966/17/21 2962/18/21
f 2965/16/24 2963/17/24 2967/18/24
f 2971/16/25 2973/17/25 2972/18/25
f 2973/16/26 2977/17/26 2976/18/26
f 2977/16/23 2975/17/23 2974/18/23
f 2975/16/22 2971/17/22 2970/18/22
f 2976/16/21 2974/17/21 2970/18/21
f 2973/16/24 2971/17/24 2975/18/24
f 2978/34/13 2980/35/13 2985/36/13
f 2981/34/12 2983/35/12 2980/36/12
f 2987/34/14 2989/35/14 2983/36/14
f 2986/34/15 2985/35/15 2989/36/15
f 2984/34/16 2986/35/16 2997/36/16
f 2999/34/17 3001/35/17 2988/36/17
f 2998/34/18 2997/35/18 3001/36/18
f 2996/34/19 2998/35/19 2991/36/19
f 2993/34/20 2995/35/20 3000/36/20
f 2992/34/10 2991/35/10 2995/36/10
f 2990/34/9 2992/35/9 2979/36/9
f 2982/34/11 2981/35/11 2994/36/11
f 2996/34/21 2990/35/21 2978/36/21
f 2983/34/25 2989/35/25 2985/36/25
f 2994/34/22 2981/35/22 2979/36/22
f 2987/34/24 2982/35/24 2993/36/24
f 2988/34/26 3001/35/26 2997/36/26
f 3000/34/23 2995/35/23 2991/36/23
f 3003/16/25 3005/17/25 3004/18/25
f 3005/16/26 3009/17/26 3008/18/26
f 3009/16/23 3007/17/23 3006/18/23
f 3007/16/22 3003/17/22 3002/18/22
f 3008/16/21 3006/17/21 3002/18/21
f 3005/16/24 3003/17/24 3007/18/24
f 3011/16/25 3013/17/25 3012/18/25
f 3013/16/26 3017/17/26 3016/18/26
f 3017/16/23 3015/17/23 3014/18/23
f 3015/16/22 3011/17/22 3010/18/22
f 3016/16/21 3014/17/21 3010/18/21
f 3013/16/24 3011/17/24 3015/18/24
f 3018/25/13 3020/26/13 3025/27/13
f 3021/25/12 3023/26/12 3020/27/12
f 3027/25/14 3029/26/14 3023/27/14
f 3026/25/15 3025/26/15 3029/27/15
f 3024/25/16 3026/26/16 3037/27/16
f 3039/25/17 3041/26/17 3028/27/17
f 3038/25/18 3037/26/18 3041/27/18
f 3036/25/19 3038/26/19 3031/27/19
f 3033/25/20 3035/26/20 3040/27/20
f 3032/25/10 3031/26/10 3035/27/10
f 3030/25/9 3032/26/9 3019/27/9
f 3022/25/11 3021/26/11 3034/27/11
f 3036/25/21 3030/26/21 3018/27/21
f 3023/25/25 3029/26/25 3025/27/25
f 3034/25/22 3021/26/22 3019/27/22
f 3027/25/24 3022/26/24 3033/27/24
f 3028/25/26 3041/26/26 3037/27/26
f 3040/25/23 3035/26/23 3031/27/23
f 3042/25/13 3044/26/13 3049/27/13
f 3045/25/12 3047/26/12 3044/27/12
f 3051/25/14 3053/26/14 3047/27/14
f 3050/25/15 3049/26/15 3053/27/15
f 3048/25/16 3050/26/16 3061/27/16
f 3063/25/17 3065/26/17 3052/27/17
f 3062/25/18 3061/26/18 3065/27/18
f 3060/25/19 3062/26/19 3055/27/19
f 3057/25/20 3059/26/20 3064/27/20
f 3056/25/10 3055/26/10 3059/27/10
f 3054/25/9 3056/26/9 3043/27/9
f 3046/25/11 3045/26/11 3058/27/11
f 3060/25/21 3054/26/21 3042/27/21
f 3047/25/25 3053/26/25 3049/27/25
f 3058/25/22 3045/26/22 3043/27/22
f 3051/25/24 3046/26/24 3057/27/24
f 3052/25/26 3065/26/26 3061/27/26
f 3064/25/23 3059/26/23 3055/27/23
o board_shop_Icicles
v -11.300001 9.274915 7.642500
v -11.128811 9.274915 7.518124
v -11.194200 9.274915 7.316877
v -11.405803 9.274915 7.316877
v -11.471191 9.274915 7.518124
v -11.300001 8.386401 7.462501
v -11.300001 9.274915 6.325768
v -11.128811 9.274915 6.201391
v -11.194200 9.274915 6.000145
v -11.405803 9.274915 6.000145
v -11.471191 9.274915 6.201391
v -11.300001 7.748792 6.145768
v -11.300001 9.274914 4.861365
v -11.128811 9.274914 4.736989
v -11.194200 9.274914 4.535743
v -11.405803 9.274914 4.535743
v -11.471191 9.274914 4.736989
v -11.300001 8.496328 4.681365
v -11.300001 9.274914 3.953863
v -11.128811 9.274914 3.829486
v -11.194200 9.274914 3.628240
v -11.405803 9.274914 3.628240
v -11.471191 9.274914 3.829486
v -11.300001 8.554174 3.773863
v -11.300001 9.274915 3.051217
v -11.128811 9.274915 2.926839
v -11.194200 9.274915 2.725593
v -11.405803 9.274915 2.725593
v -11.471191 9.274915 2.926839
v -11.300001 7.673879 2.871216
v -11.300001 9.274915 2.234025
v -11.128811 9.274915 2.109648
v -11.194200 9.274915 1.908401
v -11.405803 9.274915 1.908401
v -11.471191 9.274915 2.109648
v -11.300001 7.977942 2.054025
v -11.300001 9.274914 1.341507
v -11.128811 9.274914 1.217131
v -11.194200 9.274914 1.015884
v -11.405803 9.274914 1.015884
v -11.471191 9.274914 1.217131
v -11.300001 8.332930 1.161508
v -11.300001 9.274915 0.253086
v -11.128811 9.274915 0.128709
v -11.194200 9.274915 -0.072537
v -11.405803 9.274915 -0.072537
v -11.471191 9.274915 0.128709
v -11.300001 7.518430 0.073086
v -11.300001 9.274915 -0.994476
v -11.128811 9.274915 -1.118854
v -11.194200 9.274915 -1.320100
v -11.405803 9.274915 -1.320100
v -11.471191 9.274915 -1.118854
v -11.300001 8.753266 -1.174477
v -11.300001 9.274915 -1.942729
v -11.128811 9.274915 -2.067106
v -11.194200 9.274915 -2.268353
v -11.405803 9.274915 -2.268353
v -11.471191 9.274915 -2.067106
v -11.300001 8.554849 -2.122729
v -11.300001 9.274915 -3.426886
v -11.128811 9.274915 -3.551263
v -11.194200 9.274915 -3.752509
v -11.405803 9.274915 -3.752509
v -11.471191 9.274915 -3.551263
v -11.300001 7.560306 -3.606886
v -11.300001 9.274915 -4.852328
v -11.128811 9.274915 -4.976706
v -11.194200 9.274915 -5.177952
v -11.405803 9.274915 -5.177952
v -11.471191 9.274915 -4.976706
v -11.300001 7.535367 -5.032329
v -11.300001 9.274914 -6.222603
v -11.128811 9.274914 -6.346980
v -11.194200 9.274914 -6.548226
v -11.405803 9.274914 -6.548226
v -11.471191 9.274914 -6.346980
v -11.300001 7.350929 -6.402603
v -11.300001 9.274914 -7.636996
v -11.128811 9.274914 -7.761374
v -11.194200 9.274914 -7.962620
v -11.405803 9.274914 -7.962620
v -11.471191 9.274914 -7.761374
v -11.300001 8.389853 -7.816997
v -11.300001 9.274915 -9.101941
v -11.128811 9.274915 -9.226317
v -11.194200 9.274915 -9.427564
v -11.405803 9.274915 -9.427564
v -11.471191 9.274915 -9.226317
v -11.300001 8.044736 -9.281941
v -11.300001 9.274915 -10.481446
v -11.128811 9.274915 -10.605823
v -11.194200 9.274915 -10.807069
v -11.405803 9.274915 -10.807069
v -11.471191 9.274915 -10.605823
v -11.300001 7.928707 -10.661447
v -11.300001 9.274915 -11.568065
v -11.128811 9.274915 -11.692441
v -11.194200 9.274915 -11.893687
v -11.405803 9.274915 -11.893687
v -11.471191 9.274915 -11.692441
v -11.300001 8.228610 -11.748065
v 11.299999 9.274915 7.642500
v 11.471189 9.274915 7.518124
v 11.405800 9.274915 7.316877
v 11.194199 9.274915 7.316877
v 11.128809 9.274915 7.518124
v 11.299999 8.304273 7.462501
v 11.299999 9.274915 6.836877
v 11.471189 9.274915 6.712500
v 11.405800 9.274915 6.511253
v 11.194199 9.274915 6.511253
v 11.128809 9.274915 6.712500
v 11.299999 7.545449 6.656877
v 11.299999 9.274915 5.418444
v 11.471189 9.274915 5.294066
v 11.405800 9.274915 5.092820
v 11.194199 9.274915 5.092820
v 11.128809 9.274915 5.294066
v 11.299999 7.296393 5.238443
v 11.299999 9.274914 4.096613
v 11.471189 9.274914 3.972236
v 11.405800 9.274914 3.770990
v 11.194199 9.274914 3.770990
v 11.128809 9.274914 3.972236
v 11.299999 7.943574 3.916613
v 11.299999 9.274914 2.723042
v 11.471189 9.274914 2.598666
v 11.405800 9.274914 2.397419
v 11.194199 9.274914 2.397419
v 11.128809 9.274914 2.598666
v 11.299999 8.572634 2.543043
v 11.299999 9.274915 1.413903
v 11.471189 9.274915 1.289526
v 11.405800 9.274915 1.088280
v 11.194199 9.274915 1.088280
v 11.128809 9.274915 1.289526
v 11.299999 8.109815 1.233903
v 11.299999 9.274915 0.554933
v 11.471189 9.274915 0.430556
v 11.405800 9.274915 0.229310
v 11.194199 9.274915 0.229310
v 11.128809 9.274915 0.430556
v 11.299999 8.470975 0.374933
v 11.299999 9.274914 -0.615491
v 11.471189 9.274914 -0.739868
v 11.405800 9.274914 -0.941114
v 11.194199 9.274914 -0.941114
v 11.128809 9.274914 -0.739868
v 11.299999 8.394947 -0.795491
v 11.299999 9.274915 -1.729004
v 11.471189 9.274915 -1.853381
v 11.405800 9.274915 -2.054627
v 11.194199 9.274915 -2.054627
v 11.128809 9.274915 -1.853381
v 11.299999 7.866666 -1.909004
v 11.299999 9.274914 -2.785186
v 11.471189 9.274914 -2.909563
v 11.405800 9.274914 -3.110809
v 11.194199 9.274914 -3.110809
v 11.128809 9.274914 -2.909563
v 11.299999 8.578743 -2.965186
v 11.299999 9.274915 -3.926957
v 11.471189 9.274915 -4.051334
v 11.405800 9.274915 -4.252581
v 11.194199 9.274915 -4.252581
v 11.128809 9.274915 -4.051334
v 11.299999 8.421744 -4.106957
v 11.299999 9.274915 -4.839067
v 11.471189 9.274915 -4.963445
v 11.405800 9.274915 -5.164691
v 11.194199 9.274915 -5.164691
v 11.128809 9.274915 -4.963445
v 11.299999 8.483211 -5.019068
v 11.299999 9.274914 -5.868863
v 11.471189 9.274914 -5.993240
v 11.405800 9.274914 -6.194487
v 11.194199 9.274914 -6.194487
v 11.128809 9.274914 -5.993240
v 11.299999 8.665001 -6.048863
v 11.299999 9.274914 -7.154971
v 11.471189 9.274914 -7.279348
v 11.405800 9.274914 -7.480595
v 11.194199 9.274914 -7.480595
v 11.128809 9.274914 -7.279348
v 11.299999 7.344415 -7.334971
v 11.299999 9.274915 -8.205691
v 11.471189 9.274915 -8.330069
v 11.405800 9.274915 -8.531315
v 11.194199 9.274915 -8.531315
v 11.128809 9.274915 -8.330069
v 11.299999 7.696591 -8.385692
v 11.299999 9.274915 -9.745372
v 11.471189 9.274915 -9.869748
v 11.405800 9.274915 -10.070994
v 11.194199 9.274915 -10.070994
v 11.128809 9.274915 -9.869748
v 11.299999 8.710101 -9.925372
v 11.299999 9.274915 -10.572942
v 11.471189 9.274915 -10.697318
v 11.405800 9.274915 -10.898564
v 11.194199 9.274915 -10.898564
v 11.128809 9.274915 -10.697318
v 11.299999 7.565772 -10.752942
vn 0.5800 -0.1617 0.7984
vn 0.9385 -0.1617 -0.3049
vn -0.0000 -0.1617 -0.9868
vn -0.0000 1.0000 -0.0000
vn -0.9385 -0.1617 -0.3050
vn -0.5800 -0.1617 0.7984
vn 0.5851 -0.0950 0.8054
vn 0.9468 -0.0950 -0.3076
vn -0.0000 -0.0950 -0.9955
vn -0.9468 -0.0950 -0.3076
vn -0.5851 -0.0950 0.8054
vn 0.5778 -0.1838 0.7952
vn 0.9348 -0.1838 -0.3038
vn -0.0000 -0.1838 -0.9830
vn -0.9348 -0.1838 -0.3038
vn -0.5778 -0.1838 0.7952
vn 0.5761 -0.1980 0.7930
vn 0.9322 -0.1980 -0.3029
vn -0.0000 -0.1980 -0.9802
vn -0.9322 -0.1980 -0.3029
vn -0.5761 -0.1980 0.7930
vn 0.5854 -0.0906 0.8057
vn 0.9471 -0.0906 -0.3078
vn -0.0000 -0.0906 -0.9959
vn -0.9471 -0.0906 -0.3077
vn -0.5854 -0.0906 0.8057
vn 0.5841 -0.1116 0.8040
vn 0.9451 -0.1116 -0.3071
vn -0.0000 -0.1116 -0.9938
vn -0.9451 -0.1116 -0.3071
vn -0.5841 -0.1116 0.8040
vn 0.5809 -0.1528 0.7995
vn 0.9399 -0.1528 -0.3054
vn -0.0000 -0.1528 -0.9883
vn -0.9399 -0.1528 -0.3054
vn -0.5809 -0.1528 0.7995
vn 0.5858 -0.0826 0.8063
vn 0.9478 -0.0826 -0.3080
vn -0.0000 -0.0826 -0.9966
vn -0.9478 -0.0826 -0.3080
vn -0.5858 -0.0826 0.8063
vn 0.5661 -0.2689 0.7792
vn 0.9160 -0.2689 -0.2976
vn -0.0000 -0.2689 -0.9632
vn -0.9160 -0.2689 -0.2976
vn -0.5661 -0.2689 0.7792
vn 0.5761 -0.1982 0.7930
vn 0.9322 -0.1982 -0.3029
vn -0.0000 -0.1982 -0.9802
vn -0.9322 -0.1982 -0.3029
vn -0.5761 -0.1982 0.7930
vn 0.5857 -0.0846 0.8061
vn 0.9476 -0.0846 -0.3079
vn -0.0000 -0.0846 -0.9964
vn -0.9476 -0.0846 -0.3079
vn -0.5857 -0.0846 0.8061
vn 0.5857 -0.0834 0.8062
vn 0.9477 -0.0834 -0.3079
vn -0.0000 -0.0834 -0.9965
vn -0.9477 -0.0834 -0.3079
vn -0.5857 -0.0834 0.8062
vn 0.5861 -0.0755 0.8067
vn 0.9483 -0.0755 -0.3081
vn -0.0000 -0.0755 -0.9971
vn -0.9483 -0.0755 -0.3081
vn -0.5861 -0.0755 0.8067
vn 0.5800 -0.1624 0.7983
vn 0.9384 -0.1624 -0.3049
vn -0.0000 -0.1624 -0.9867
vn -0.9384 -0.1624 -0.3049
vn -0.5800 -0.1624 0.7983
vn 0.5837 -0.1176 0.8034
vn 0.9445 -0.1176 -0.3069
vn -0.0000 -0.1176 -0.9931
vn -0.9445 -0.1176 -0.3069
vn -0.5837 -0.1176 0.8034
vn 0.5844 -0.1075 0.8043
vn 0.9455 -0.1075 -0.3072
vn -0.0000 -0.1075 -0.9942
vn -0.9455 -0.1075 -0.3072
vn -0.5844 -0.1075 0.8043
vn 0.5822 -0.1379 0.8013
vn 0.9420 -0.1379 -0.3061
vn -0.0000 -0.1378 -0.9905
vn -0.9420 -0.1378 -0.3061
vn -0.5822 -0.1379 0.8013
vn 0.5813 -0.1484 0.8001
vn 0.9405 -0.1484 -0.3056
vn -0.0000 -0.1484 -0.9889
vn -0.9405 -0.1484 -0.3056
vn -0.5813 -0.1484 0.8001
vn 0.5857 -0.0839 0.8062
vn 0.9477 -0.0839 -0.3079
vn -0.0000 -0.0839 -0.9965
vn -0.9477 -0.0839 -0.3079
vn -0.5857 -0.0839 0.8062
vn 0.5862 -0.0734 0.8068
vn 0.9485 -0.0734 -0.3082
vn -0.0000 -0.0734 -0.9973
vn -0.9485 -0.0734 -0.3082
vn -0.5862 -0.0734 0.8068
vn 0.5843 -0.1087 0.8042
vn 0.9454 -0.1087 -0.3072
vn -0.0000 -0.1087 -0.9941
vn -0.9454 -0.1087 -0.3072
vn -0.5843 -0.1087 0.8042
vn 0.5755 -0.2030 0.7922
vn 0.9312 -0.2030 -0.3026
vn -0.0000 -0.2030 -0.9792
vn -0.9312 -0.2030 -0.3026
vn -0.5755 -0.2030 0.7922
vn 0.5832 -0.1240 0.8028
vn 0.9437 -0.1240 -0.3066
vn -0.0000 -0.1240 -0.9923
vn -0.9437 -0.1240 -0.3066
vn -0.5832 -0.1240 0.8028
vn 0.5784 -0.1782 0.7961
vn 0.9358 -0.1782 -0.3041
vn -0.0000 -0.1782 -0.9840
vn -0.9358 -0.1782 -0.3041
vn -0.5784 -0.1782 0.7961
vn 0.5799 -0.1633 0.7982
vn 0.9383 -0.1633 -0.3049
vn -0.0000 -0.1633 -0.9866
vn -0.9383 -0.1633 -0.3049
vn -0.5799 -0.1633 0.7982
vn 0.5847 -0.1029 0.8047
vn 0.9460 -0.1029 -0.3074
vn -0.0000 -0.1029 -0.9947
vn -0.9460 -0.1029 -0.3074
vn -0.5847 -0.1029 0.8047
vn 0.5753 -0.2047 0.7919
vn 0.9309 -0.2047 -0.3025
vn -0.0000 -0.2047 -0.9788
vn -0.9309 -0.2047 -0.3025
vn -0.5753 -0.2047 0.7919
vn 0.5794 -0.1683 0.7975
vn 0.9375 -0.1683 -0.3046
vn -0.0000 -0.1683 -0.9857
vn -0.9375 -0.1683 -0.3046
vn -0.5794 -0.1683 0.7975
vn 0.5781 -0.1809 0.7957
vn 0.9354 -0.1809 -0.3039
vn -0.0000 -0.1809 -0.9835
vn -0.9354 -0.1809 -0.3039
vn -0.5781 -0.1809 0.7957
vn 0.5717 -0.2322 0.7869
vn 0.9251 -0.2322 -0.3006
vn -0.0000 -0.2322 -0.9727
vn -0.9251 -0.2322 -0.3006
vn -0.5717 -0.2322 0.7869
vn 0.5861 -0.0752 0.8067
vn 0.9484 -0.0752 -0.3081
vn -0.0000 -0.0752 -0.9972
vn -0.9484 -0.0752 -0.3081
vn -0.5861 -0.0752 0.8067
vn 0.5853 -0.0919 0.8056
vn 0.9470 -0.0919 -0.3077
vn -0.0000 -0.0919 -0.9958
vn -0.9470 -0.0919 -0.3077
vn -0.5853 -0.0919 0.8056
vn 0.5692 -0.2497 0.7834
vn 0.9209 -0.2497 -0.2992
vn -0.0000 -0.2497 -0.9683
vn -0.9209 -0.2497 -0.2992
vn -0.5692 -0.2497 0.7834
vn 0.5857 -0.0849 0.8061
vn 0.9476 -0.0849 -0.3079
vn -0.0000 -0.0849 -0.9964
vn -0.9476 -0.0849 -0.3079
vn -0.5857 -0.0849 0.8061
vt 0.712500 0.500000
vt 0.675000 0.524744
vt 0.675000 0.475256
s 0
usemtl Palette
f 3066/49/2253 3071/50/2253 3067/51/2253
f 3067/49/2254 3071/50/2254 3068/51/2254
f 3068/49/2255 3071/50/2255 3069/51/2255
f 3067/49/2256 3068/50/2256 3069/51/2256
f 3069/49/2257 3071/50/2257 3070/51/2257
f 3070/49/2258 3071/50/2258 3066/51/2258
f 3072/49/2259 3077/50/2259 3073/51/2259
f 3073/49/2260 3077/50/2260 3074/51/2260
f 3074/49/2261 3077/50/2261 3075/51/2261
f 3073/49/2256 3075/50/2256 3076/51/2256
f 3075/49/2262 3077/50/2262 3076/51/2262
f 3076/49/2263 3077/50/2263 3072/51/2263
f 3078/49/2264 3083/50/2264 3079/51/2264
f 3079/49/2265 3083/50/2265 3080/51/2265
f 3080/49/2266 3083/50/2266 3081/51/2266
f 3079/49/2256 3080/50/2256 3081/51/2256
f 3081/49/2267 3083/50/2267 3082/51/2267
f 3082/49/2268 3083/50/2268 3078/51/2268
f 3084/49/2269 3089/50/2269 3085/51/2269
f 3085/49/2270 3089/50/2270 3086/51/2270
f 3086/49/2271 3089/50/2271 3087/51/2271
f 3085/49/2256 3087/50/2256 3088/51/2256
f 3087/49/2272 3089/50/2272 3088/51/2272
f 3088/49/2273 3089/50/2273 3084/51/2273
f 3090/49/2274 3095/50/2274 3091/51/2274
f 3091/49/2275 3095/50/2275 3092/51/2275
f 3092/49/2276 3095/50/2276 3093/51/2276
f 3091/49/2256 3093/50/2256 3094/51/2256
f 3093/49/2277 3095/50/2277 3094/51/2277
f 3094/49/2278 3095/50/2278 3090/51/2278
f 3096/49/2279 3101/50/2279 3097/51/2279
f 3097/49/2280 3101/50/2280 3098/51/2280
f 3098/49/2281 3101/50/2281 3099/51/2281
f 3097/49/2256 3099/50/2256 3100/51/2256
f 3099/49/2282 3101/50/2282 3100/51/2282
f 3100/49/2283 3101/50/2283 3096/51/2283
f 3102/49/2284 3107/50/2284 3103/51/2284
f 3103/49/2285 3107/50/2285 3104/51/2285
f 3104/49/2286 3107/50/2286 3105/51/2286
f 3103/49/2256 3104/50/2256 3105/51/2256
f 3105/49/2287 3107/50/2287 3106/51/2287
f 3106/49/2288 3107/50/2288 3102/51/2288
f 3108/49/2289 3113/50/2289 3109/51/2289
f 3109/49/2290 3113/50/2290 3110/51/2290
f 3110/49/2291 3113/50/2291 3111/51/2291
f 3109/49/2256 3111/50/2256 3112/51/2256
f 3111/49/2292 3113/50/2292 3112/51/2292
f 3112/49/2293 3113/50/2293 3108/51/2293
f 3114/49/2294 3119/50/2294 3115/51/2294
f 3115/49/2295 3119/50/2295 3116/51/2295
f 3116/49/2296 3119/50/2296 3117/51/2296
f 3115/49/2256 3117/50/2256 3118/51/2256
f 3117/49/2297 3119/50/2297 3118/51/2297
f 3118/49/2298 3119/50/2298 3114/51/2298
f 3120/49/2299 3125/50/2299 3121/51/2299
f 3121/49/2300 3125/50/2300 3122/51/2300
f 3122/49/2301 3125/50/2301 3123/51/2301
f 3121/49/2256 3123/50/2256 3124/51/2256
f 3123/49/2302 3125/50/2302 3124/51/2302
f 3124/49/2303 3125/50/2303 3120/51/2303
f 3126/49/2304 3131/50/2304 3127/51/2304
f 3127/49/2305 3131/50/2305 3128/51/2305
f 3128/49/2306 3131/50/2306 3129/51/2306
f 3127/49/2256 3129/50/2256 3130/51/2256
f 3129/49/2307 3131/50/2307 3130/51/2307
f 3130/49/2308 3131/50/2308 3126/51/2308
f 3132/49/2309 3137/50/2309 3133/51/2309
f 3133/49/2310 3137/50/2310 3134/51/2310
f 3134/49/2311 3137/50/2311 3135/51/2311
f 3133/49/2256 3135/50/2256 3136/51/2256
f 3135/49/2312 3137/50/2312 3136/51/2312
f 3136/49/2313 3137/50/2313 3132/51/2313
f 3138/49/2314 3143/50/2314 3139/51/2314
f 3139/49/2315 3143/50/2315 3140/51/2315
f 3140/49/2316 3143/50/2316 3141/51/2316
f 3139/49/2256 3141/50/2256 3142/51/2256
f 3141/49/2317 3143/50/2317 3142/51/2317
f 3142/49/2318 3143/50/2318 3138/51/2318
f 3144/49/2319 3149/50/2319 3145/51/2319
f 3145/49/2320 3149/50/2320 3146/51/2320
f 3146/49/2321 3149/50/2321 3147/51/2321
f 3145/49/2256 3147/50/2256 3148/51/2256
f 3147/49/2322 3149/50/2322 3148/51/2322
f 3148/49/2323 3149/50/2323 3144/51/2323
f 3150/49/2324 3155/50/2324 3151/51/2324
f 3151/49/2325 3155/50/2325 3152/51/2325
f 3152/49/2326 3155/50/2326 3153/51/2326
f 3151/49/2256 3152/50/2256 3153/51/2256
f 3153/49/2327 3155/50/2327 3154/51/2327
f 3154/49/2328 3155/50/2328 3150/51/2328
f 3156/49/2329 3161/50/2329 3157/51/2329
f 3157/49/2330 3161/50/2330 3158/51/2330
f 3158/49/2331 3161/50/2331 3159/51/2331
f 3157/49/2256 3158/50/2256 3159/51/2256
f 3159/49/2332 3161/50/2332 3160/51/2332
f 3160/49/2333 3161/50/2333 3156/51/2333
f 3162/49/2334 3167/50/2334 3163/51/2334
f 3163/49/2335 3167/50/2335 3164/51/2335
f 3164/49/2336 3167/50/2336 3165/51/2336
f 3163/49/2256 3164/50/2256 3165/51/2256
f 3165/49/2337 3167/50/2337 3166/51/2337
f 3166/49/2338 3167/50/2338 3162/51/2338
f 3168/49/2339 3173/50/2339 3169/51/2339
f 3169/49/2340 3173/50/2340 3170/51/2340
f 3170/49/2341 3173/50/2341 3171/51/2341
f 3169/49/2256 3170/50/2256 3171/51/2256
f 3171/49/2342 3173/50/2342 3172/51/2342
f 3172/49/2343 3173/50/2343 3168/51/2343
f 3174/49/2344 3179/50/2344 3175/51/2344
f 3175/49/2345 3179/50/2345 3176/51/2345
f 3176/49/2346 3179/50/2346 3177/51/2346
f 3175/49/2256 3177/50/2256 3178/51/2256
f 3177/49/2347 3179/50/2347 3178/51/2347
f 3178/49/2348 3179/50/2348 3174/51/2348
f 3180/49/2349 3185/50/2349 3181/51/2349
f 3181/49/2350 3185/50/2350 3182/51/2350
f 3182/49/2351 3185/50/2351 3183/51/2351
f 3181/49/2256 3183/50/2256 3184/51/2256
f 3183/49/2352 3185/50/2352 3184/51/2352
f 3184/49/2353 3185/50/2353 3180/51/2353
f 3186/49/2354 3191/50/2354 3187/51/2354
f 3187/49/2355 3191/50/2355 3188/51/2355
f 3188/49/2356 3191/50/2356 3189/51/2356
f 3187/49/2256 3188/50/2256 3189/51/2256
f 3189/49/2357 3191/50/2357 3190/51/2357
f 3190/49/2358 3191/50/2358 3186/51/2358
f 3192/49/2359 3197/50/2359 3193/51/2359
f 3193/49/2360 3197/50/2360 3194/51/2360
f 3194/49/2361 3197/50/2361 3195/51/2361
f 3193/49/2256 3194/50/2256 3195/51/2256
f 3195/49/2362 3197/50/2362 3196/51/2362
f 3196/49/2363 3197/50/2363 3192/51/2363
f 3198/49/2364 3203/50/2364 3199/51/2364
f 3199/49/2365 3203/50/2365 3200/51/2365
f 3200/49/2366 3203/50/2366 3201/51/2366
f 3199/49/2256 3200/50/2256 3201/51/2256
f 3201/49/2367 3203/50/2367 3202/51/2367
f 3202/49/2368 3203/50/2368 3198/51/2368
f 3204/49/2369 3209/50/2369 3205/51/2369
f 3205/49/2370 3209/50/2370 3206/51/2370
f 3206/49/2371 3209/50/2371 3207/51/2371
f 3205/49/2256 3206/50/2256 3207/51/2256
f 3207/49/2372 3209/50/2372 3208/51/2372
f 3208/49/2373 3209/50/2373 3204/51/2373
f 3210/49/2374 3215/50/2374 3211/51/2374
f 3211/49/2375 3215/50/2375 3212/51/2375
f 3212/49/2376 3215/50/2376 3213/51/2376
f 3211/49/2256 3213/50/2256 3214/51/2256
f 3213/49/2377 3215/50/2377 3214/51/2377
f 3214/49/2378 3215/50/2378 3210/51/2378
f 3216/49/2379 3221/50/2379 3217/51/2379
f 3217/49/2380 3221/50/2380 3218/51/2380
f 3218/49/2381 3221/50/2381 3219/51/2381
f 3217/49/2256 3219/50/2256 3220/51/2256
f 3219/49/2382 3221/50/2382 3220/51/2382
f 3220/49/2383 3221/50/2383 3216/51/2383
f 3222/49/2384 3227/50/2384 3223/51/2384
f 3223/49/2385 3227/50/2385 3224/51/2385
f 3224/49/2386 3227/50/2386 3225/51/2386
f 3223/49/2256 3225/50/2256 3226/51/2256
f 3225/49/2387 3227/50/2387 3226/51/2387
f 3226/49/2388 3227/50/2388 3222/51/2388
f 3228/49/2389 3233/50/2389 3229/51/2389
f 3229/49/2390 3233/50/2390 3230/51/2390
f 3230/49/2391 3233/50/2391 3231/51/2391
f 3229/49/2256 3231/50/2256 3232/51/2256
f 3231/49/2392 3233/50/2392 3232/51/2392
f 3232/49/2393 3233/50/2393 3228/51/2393
f 3234/49/2394 3239/50/2394 3235/51/2394
f 3235/49/2395 3239/50/2395 3236/51/2395
f 3236/49/2396 3239/50/2396 3237/51/2396
f 3235/49/2256 3237/50/2256 3238/51/2256
f 3237/49/2397 3239/50/2397 3238/51/2397
f 3238/49/2398 3239/50/2398 3234/51/2398
f 3240/49/2399 3245/50/2399 3241/51/2399
f 3241/49/2400 3245/50/2400 3242/51/2400
f 3242/49/2401 3245/50/2401 3243/51/2401
f 3241/49/2256 3243/50/2256 3244/51/2256
f 3243/49/2402 3245/50/2402 3244/51/2402
f 3244/49/2403 3245/50/2403 3240/51/2403
f 3246/49/2404 3251/50/2404 3247/51/2404
f 3247/49/2405 3251/50/2405 3248/51/2405
f 3248/49/2406 3251/50/2406 3249/51/2406
f 3247/49/2256 3249/50/2256 3250/51/2256
f 3249/49/2407 3251/50/2407 3250/51/2407
f 3250/49/2408 3251/50/2408 3246/51/2408
f 3252/49/2409 3257/50/2409 3253/51/2409
f 3253/49/2410 3257/50/2410 3254/51/2410
f 3254/49/2411 3257/50/2411 3255/51/2411
f 3253/49/2256 3255/50/2256 3256/51/2256
f 3255/49/2412 3257/50/2412 3256/51/2412
f 3256/49/2413 3257/50/2413 3252/51/2413
f 3258/49/2414 3263/50/2414 3259/51/2414
f 3259/49/2415 3263/50/2415 3260/51/2415
f 3260/49/2416 3263/50/2416 3261/51/2416
f 3259/49/2256 3260/50/2256 3261/51/2256
f 3261/49/2417 3263/50/2417 3262/51/2417
f 3262/49/2418 3263/50/2418 3258/51/2418
f 3264/49/2419 3269/50/2419 3265/51/2419
f 3265/49/2420 3269/50/2420 3266/51/2420
f 3266/49/2421 3269/50/2421 3267/51/2421
f 3265/49/2256 3266/50/2256 3267/51/2256
f 3267/49/2422 3269/50/2422 3268/51/2422
f 3268/49/2423 3269/50/2423 3264/51/2423
f 3070/49/2256 3066/50/2256 3069/51/2256
f 3066/49/2256 3067/50/2256 3069/51/2256
f 3076/49/2256 3072/50/2256 3073/51/2256
f 3073/49/2256 3074/50/2256 3075/51/2256
f 3082/49/2256 3078/50/2256 3081/51/2256
f 3078/49/2256 3079/50/2256 3081/51/2256
f 3088/49/2256 3084/50/2256 3085/51/2256
f 3085/49/2256 3086/50/2256 3087/51/2256
f 3094/49/2256 3090/50/2256 3091/51/2256
f 3091/49/2256 3092/50/2256 3093/51/2256
f 3100/49/2256 3096/50/2256 3097/51/2256
f 3097/49/2256 3098/50/2256 3099/51/2256
f 3106/49/2256 3102/50/2256 3105/51/2256
f 3102/49/2256 3103/50/2256 3105/51/2256
f 3112/49/2256 3108/50/2256 3109/51/2256
f 3109/49/2256 3110/50/2256 3111/51/2256
f 3118/49/2256 3114/50/2256 3115/51/2256
f 3115/49/2256 3116/50/2256 3117/51/2256
f 3124/49/2256 3120/50/2256 3121/51/2256
f 3121/49/2256 3122/50/2256 3123/51/2256
f 3130/49/2256 3126/50/2256 3127/51/2256
f 3127/49/2256 3128/50/2256 3129/51/2256
f 3136/49/2256 3132/50/2256 3133/51/2256
f 3133/49/2256 3134/50/2256 3135/51/2256
f 3142/49/2256 3138/50/2256 3139/51/2256
f 3139/49/2256 3140/50/2256 3141/51/2256
f 3148/49/2256 3144/50/2256 3145/51/2256
f 3145/49/2256 3146/50/2256 3147/51/2256
f 3154/49/2256 3150/50/2256 3153/51/2256
f 3150/49/2256 3151/50/2256 3153/51/2256
f 3160/49/2256 3156/50/2256 3159/51/2256
f 3156/49/2256 3157/50/2256 3159/51/2256
f 3166/49/2256 3162/50/2256 3165/51/2256
f 3162/49/2256 3163/50/2256 3165/51/2256
f 3172/49/2256 3168/50/2256 3171/51/2256
f 3168/49/2256 3169/50/2256 3171/51/2256
f 3178/49/2256 3174/50/2256 3175/51/2256
f 3175/49/2256 3176/50/2256 3177/51/2256
f 3184/49/2256 3180/50/2256 3181/51/2256
f 3181/49/2256 3182/50/2256 3183/51/2256
f 3190/49/2256 3186/50/2256 3189/51/2256
f 3186/49/2256 3187/50/2256 3189/51/2256
f 3196/49/2256 3192/50/2256 3195/51/2256
f 3192/49/2256 3193/50/2256 3195/51/2256
f 3202/49/2256 3198/50/2256 3201/51/2256
f 3198/49/2256 3199/50/2256 3201/51/2256
f 3208/49/2256 3204/50/2256 3207/51/2256
f 3204/49/2256 3205/50/2256 3207/51/2256
f 3214/49/2256 3210/50/2256 3211/51/2256
f 3211/49/2256 3212/50/2256 3213/51/2256
f 3220/49/2256 3216/50/2256 3217/51/2256
f 3217/49/2256 3218/50/2256 3219/51/2256
f 3226/49/2256 3222/50/2256 3223/51/2256
f 3223/49/2256 3224/50/2256 3225/51/2256
f 3232/49/2256 3228/50/2256 3229/51/2256
f 3229/49/2256 3230/50/2256 3231/51/2256
f 3238/49/2256 3234/50/2256 3235/51/2256
f 3235/49/2256 3236/50/2256 3237/51/2256
f 3244/49/2256 3240/50/2256 3241/51/2256
f 3241/49/2256 3242/50/2256 3243/51/2256
f 3250/49/2256 3246/50/2256 3247/51/2256
f 3247/49/2256 3248/50/2256 3249/51/2256
f 3256/49/2256 3252/50/2256 3253/51/2256
f 3253/49/2256 3254/50/2256 3255/51/2256
f 3262/49/2256 3258/50/2256 3261/51/2256
f 3258/49/2256 3259/50/2256 3261/51/2256
f 3268/49/2256 3264/50/2256 3267/51/2256
f 3264/49/2256 3265/50/2256 3267/51/2256
o board_shop_Windows
v 4.699999 5.650000 6.382501
v 4.699999 6.850000 6.382501
v 4.699999 5.650000 6.282500
v 4.699999 6.850000 6.282500
v 5.699999 5.650000 6.382501
v 5.699999 6.850000 6.382501
v 5.699999 5.650000 6.282500
v 5.699999 6.850000 6.282500
v -6.950000 3.900000 6.242500
v -6.950000 8.100000 6.242500
v -6.950000 3.900000 6.142501
v -6.950000 8.100000 6.142501
v 0.549999 3.900000 6.242500
v 0.549999 8.100000 6.242500
v 0.549999 3.900000 6.142501
v 0.549999 8.100000 6.142501
v 7.400000 6.970000 6.962501
v 7.400000 7.570000 6.962501
v 7.400000 6.970000 6.562501
v 7.400000 7.570000 6.562501
v 7.799999 6.970000 6.962501
v 7.799999 7.570000 6.962501
v 7.799999 6.970000 6.562501
v 7.799999 7.570000 6.562501
v 9.580000 4.800000 -4.737500
v 9.580000 7.600000 -4.737500
v 9.480000 4.800000 -4.737500
v 9.480000 7.600000 -4.737500
v 9.580000 4.800000 -6.937500
v 9.580000 7.600000 -6.937500
v 9.480000 4.800000 -6.937500
v 9.480000 7.600000 -6.937500
v -9.580000 4.800000 -6.937500
v -9.580000 7.600000 -6.937500
v -9.480001 4.800000 -6.937500
v -9.480001 7.600000 -6.937500
v -9.580000 4.800000 -4.737500
v -9.580000 7.600000 -4.737500
v -9.480001 4.800000 -4.737500
v -9.480001 7.600000 -4.737500
vn -1.0000 -0.0000 -0.0000
vn -0.0000 -0.0000 -1.0000
vn 1.0000 -0.0000 -0.0000
vn -0.0000 -0.0000 1.0000
vn -0.0000 -1.0000 -0.0000
vn -0.0000 1.0000 -0.0000
vt 0.212500 0.214286
vt 0.175000 0.239029
vt 0.175000 0.189542
s 0
usemtl Palette
f 3271/52/2424 3272/53/2424 3270/54/2424
f 3273/52/2425 3276/53/2425 3272/54/2425
f 3277/52/2426 3274/53/2426 3276/54/2426
f 3275/52/2427 3270/53/2427 3274/54/2427
f 3276/52/2428 3270/53/2428 3272/54/2428
f 3273/52/2429 3275/53/2429 3277/54/2429
f 3279/52/2424 3280/53/2424 3278/54/2424
f 3281/52/2425 3284/53/2425 3280/54/2425
f 3285/52/2426 3282/53/2426 3284/54/2426
f 3283/52/2427 3278/53/2427 3282/54/2427
f 3284/52/2428 3278/53/2428 3280/54/2428
f 3281/52/2429 3283/53/2429 3285/54/2429
f 3287/52/2424 3288/53/2424 3286/54/2424
f 3289/52/2425 3292/53/2425 3288/54/2425
f 3293/52/2426 3290/53/2426 3292/54/2426
f 3291/52/2427 3286/53/2427 3290/54/2427
f 3292/52/2428 3286/53/2428 3288/54/2428
f 3289/52/2429 3291/53/2429 3293/54/2429
f 3295/52/2427 3296/53/2427 3294/54/2427
f 3297/52/2424 3300/53/2424 3296/54/2424
f 3301/52/2425 3298/53/2425 3300/54/2425
f 3299/52/2426 3294/53/2426 3298/54/2426
f 3300/52/2428 3294/53/2428 3296/54/2428
f 3297/52/2429 3299/53/2429 3301/54/2429
f 3303/52/2425 3304/53/2425 3302/54/2425
f 3305/52/2426 3308/53/2426 3304/54/2426
f 3309/52/2427 3306/53/2427 3308/54/2427
f 3307/52/2424 3302/53/2424 3306/54/2424
f 3308/52/2428 3302/53/2428 3304/54/2428
f 3305/52/2429 3307/53/2429 3309/54/2429
f 3271/52/2424 3273/53/2424 3272/54/2424
f 3273/52/2425 3277/53/2425 3276/54/2425
f 3277/52/2426 3275/53/2426 3274/54/2426
f 3275/52/2427 3271/53/2427 3270/54/2427
f 3276/52/2428 3274/53/2428 3270/54/2428
f 3273/52/2429 3271/53/2429 3275/54/2429
f 3279/52/2424 3281/53/2424 3280/54/2424
f 3281/52/2425 3285/53/2425 3284/54/2425
f 3285/52/2426 3283/53/2426 3282/54/2426
f 3283/52/2427 3279/53/2427 3278/54/2427
f 3284/52/2428 3282/53/2428 3278/54/2428
f 3281/52/2429 3279/53/2429 3283/54/2429
f 3287/52/2424 3289/53/2424 3288/54/2424
f 3289/52/2425 3293/53/2425 3292/54/2425
f 3293/52/2426 3291/53/2426 3290/54/2426
f 3291/52/2427 3287/53/2427 3286/54/2427
f 3292/52/2428 3290/53/2428 3286/54/2428
f 3289/52/2429 3287/53/2429 3291/54/2429
f 3295/52/2427 3297/53/2427 3296/54/2427
f 3297/52/2424 3301/53/2424 3300/54/2424
f 3301/52/2425 3299/53/2425 3298/54/2425
f 3299/52/2426 3295/53/2426 3294/54/2426
f 3300/52/2428 3298/53/2428 3294/54/2428
f 3297/52/2429 3295/53/2429 3299/54/2429
f 3303/52/2425 3305/53/2425 3304/54/2425
f 3305/52/2426 3309/53/2426 3308/54/2426
f 3309/52/2427 3307/53/2427 3306/54/2427
f 3307/52/2424 3303/53/2424 3302/54/2424
f 3308/52/2428 3306/53/2428 3302/54/2428
f 3305/52/2429 3303/53/2429 3307/54/2429
o board_shop_Sign
v -7.400001 8.599999 6.762500
v -7.400001 10.700000 6.762500
v -7.400001 8.599999 6.462500
v -7.400001 10.700000 6.462500
v 0.999999 8.599999 6.762500
v 0.999999 10.700000 6.762500
v 0.999999 8.599999 6.462500
v 0.999999 10.700000 6.462500
vn -1.0000 -0.0000 -0.0000
vn -0.0000 -0.0000 -1.0000
vn 1.0000 -0.0000 -0.0000
vn -0.0000 -0.0000 1.0000
vn -0.0000 -1.0000 -0.0000
vn -0.0000 1.0000 -0.0000
vt 0.020000 0.500000
vt 1.000000 1.000000
vt 0.000000 0.000000
vt 1.000000 0.000000
vt 1.000000 1.000000
vt 0.000000 0.000000
vt 1.000000 0.000000
vt 0.000000 1.000000
vt 0.000000 1.000000
s 0
usemtl tex_board_shop_sign.png
f 3311/55/2430 3312/55/2430 3310/55/2430
f 3313/56/2431 3316/57/2431 3312/58/2431
f 3317/55/2432 3314/55/2432 3316/55/2432
f 3315/59/2433 3310/60/2433 3314/61/2433
f 3316/55/2434 3310/55/2434 3312/55/2434
f 3313/55/2435 3315/55/2435 3317/55/2435
f 3311/55/2430 3313/55/2430 3312/55/2430
f 3313/56/2431 3317/62/2431 3316/57/2431
f 3317/55/2432 3315/55/2432 3314/55/2432
f 3315/59/2433 3311/63/2433 3310/60/2433
f 3316/55/2434 3314/55/2434 3310/55/2434
f 3313/55/2435 3311/55/2435 3315/55/2435
